sub,sub_name,node,year,venue,title,doi,desc_in_sub,desc_share,spc_out,cited_by,cd,cd5,reach_depth
0,3D Pointing & VR Interaction,642,1990,chi,The design space of input devices,10.1145/97243.97263,472,0.699,163.9,234,0.6567164179104478,0.0,53
0,3D Pointing & VR Interaction,30822,2020,chi,VRSketchIn,10.1145/3313831.3376628,87,0.129,960.1,154,-0.10138248847926268,-0.095,14
0,3D Pointing & VR Interaction,1020,1992,chi,The perceptual structure of multidimensional input device selection,10.1145/142750.142792,468,0.693,272.3,84,0.5882352941176471,0.3333333333333333,51
0,3D Pointing & VR Interaction,4878,2005,uist,"Distant freehand pointing and clicking on very large, high resolution displays",10.1145/1095034.1095041,263,0.39,1023.4,426,-0.00984251968503937,0.0,38
0,3D Pointing & VR Interaction,23024,2017,chi,Experimental Evaluation of Sketching on Surfaces in VR,10.1145/3025453.3025474,158,0.234,1147.6,197,0.08917197452229299,0.043010752688172046,18
0,3D Pointing & VR Interaction,6099,2007,chi,Shallow-depth 3d interaction,10.1145/1240624.1240798,313,0.464,975.5,173,-0.01881720430107527,-0.04807692307692308,36
0,3D Pointing & VR Interaction,1174,1993,uist,Windows on the world,10.1145/168642.168657,489,0.724,319.3,287,0.4065934065934066,-0.1111111111111111,51
0,3D Pointing & VR Interaction,25113,2018,chi,SymbiosisSketch,10.1145/3173574.3173759,142,0.21,1176.4,185,-0.15469613259668508,-0.19827586206896552,17
0,3D Pointing & VR Interaction,700,1990,uist,Toto: a tool for selecting interaction techniques,10.1145/97924.97940,470,0.696,143.7,25,0.04081632653061224,0.75,52
0,3D Pointing & VR Interaction,831,1991,uist,Hybrid user interfaces,10.1145/120782.120783,490,0.726,154.4,132,0.26666666666666666,0.058823529411764705,52
1,RF & Radar Sensing,29028,2019,imwut,FarSense,10.1145/3351279,222,0.338,1576.2,424,-0.20710059171597633,-0.248,13
1,RF & Radar Sensing,18631,2015,chi,Smart Homes that Monitor Breathing and Heart Rate,10.1145/2702123.2702200,418,0.637,1417.5,895,0.3422459893048128,0.32142857142857145,21
1,RF & Radar Sensing,14985,2013,ubicomp,DopLink,10.1145/2493432.2493515,449,0.684,299.2,94,-0.11570247933884298,-0.1111111111111111,26
1,RF & Radar Sensing,8490,2009,ubicomp,Sonar-based measurement of user presence and attention,10.1145/1620545.1620559,482,0.735,144.4,82,0.8888888888888888,1.0,28
1,RF & Radar Sensing,15757,2014,ubicomp,Leveraging directional antenna capabilities for fine-grained gesture recognition,10.1145/2632048.2632095,425,0.648,286.3,135,0.07446808510638298,0.0196078431372549,22
1,RF & Radar Sensing,13454,2012,chi,SoundWave,10.1145/2207676.2208331,481,0.733,601.9,352,0.7846153846153846,0.6153846153846154,27
1,RF & Radar Sensing,20237,2016,chi,FingerIO,10.1145/2858036.2858580,393,0.599,1640.4,401,-0.0171990171990172,-0.05371900826446281,22
1,RF & Radar Sensing,13233,2012,ubicomp,SpiroSmart,10.1145/2370216.2370261,425,0.648,513.6,249,0.4098360655737705,0.2857142857142857,24
1,RF & Radar Sensing,24694,2018,imwut,C-FMCW Based Contactless Respiration Detection Using Acoustic Signal,10.1145/3161188,312,0.476,1176.6,177,0.17094017094017094,0.1111111111111111,15
1,RF & Radar Sensing,21054,2016,ubicomp,Human respiration detection with commodity wifi devices,10.1145/2971648.2971744,382,0.582,1430.1,481,0.09900990099009901,-0.03571428571428571,19
2,Wearable Activity Recognition,4768,2005,iswc,Hands-On RFID: Wireless Wearables for Detecting Use of Objects,10.1109/iswc.2005.25,248,0.464,123.0,110,0.01669449081803005,0.034482758620689655,33
2,Wearable Activity Recognition,39745,2023,chi,"IMUPoser: Full-Body Pose Estimation using IMUs in Phones, Watches, and Earbuds",10.1145/3544548.3581392,32,0.06,737.4,96,0.1206896551724138,0.1206896551724138,7
2,Wearable Activity Recognition,9922,2010,ubicomp,ElectriSense,10.1145/1864349.1864375,226,0.422,655.4,417,-0.08860759493670886,-0.15625,30
2,Wearable Activity Recognition,4840,2005,iswc,Fine-Grained Activity Recognition by Aggregating Abstract Object Usage,10.1109/iswc.2005.22,277,0.518,212.3,452,1.0,1.0,33
2,Wearable Activity Recognition,5577,2006,uist,Sensing from the basement,10.1145/1166253.1166269,306,0.572,466.1,230,0.04697986577181208,-0.011111111111111112,34
2,Wearable Activity Recognition,30154,2019,imwut,Multi-task Self-Supervised Learning for Human Activity Detection,10.1145/3328932,70,0.131,736.8,340,0.19736842105263158,0.23076923076923078,13
2,Wearable Activity Recognition,5618,2006,iswc,Discovering Characteristic Actions from On-Body Sensor Data,10.1109/iswc.2006.286337,232,0.434,228.6,129,0.07801418439716312,0.2727272727272727,32
2,Wearable Activity Recognition,22578,2017,imwut,Ensembles of Deep LSTM Learners for Activity Recognition using Wearables,10.1145/3090076,154,0.288,1128.3,508,0.0045662100456621,-0.03355704697986577,14
2,Wearable Activity Recognition,3479,2002,ubicomp,Proactive Instructions for Furniture Assembly,10.1007/3-540-45809-3_27,231,0.432,46.2,43,1.0,1.0,34
2,Wearable Activity Recognition,26684,2018,uist,Ubicoustics,10.1145/3242587.3242609,144,0.269,773.9,134,0.04697986577181208,0.02727272727272727,16
3,Pointing & Target Selection,6118,2007,chi,A predictive model of menu performance,10.1145/1240624.1240723,253,0.484,1020.3,303,0.023696682464454975,-0.16129032258064516,35
3,Pointing & Target Selection,14793,2013,chi,FFitts law,10.1145/2470654.2466180,153,0.293,1428.3,233,-0.11224489795918367,-0.08264462809917356,26
3,Pointing & Target Selection,4746,2005,chi,The bubble cursor,10.1145/1054972.1055012,348,0.665,1615.3,591,-0.04794520547945205,-0.2916666666666667,39
3,Pointing & Target Selection,13769,2013,chi,How fast is fast enough?,10.1145/2470654.2481317,146,0.279,1067.6,157,-0.12558139534883722,-0.18556701030927836,28
3,Pointing & Target Selection,844,1991,chi,A comparison of input devices in element pointing and dragging tasks,10.1145/108844.108868,433,0.828,563.5,367,0.3805970149253731,0.4,54
3,Pointing & Target Selection,655,1990,chi,How does Fitts' law fit pointing and dragging?,10.1145/97243.97278,436,0.834,240.6,110,1.0,1.0,55
3,Pointing & Target Selection,4242,2004,chi,Semantic pointing,10.1145/985692.985758,378,0.723,1340.9,294,-0.07348242811501597,-0.0847457627118644,40
3,Pointing & Target Selection,1076,1992,chi,Extending Fitts' law to two-dimensional tasks,10.1145/142750.142794,411,0.786,892.2,612,0.30973451327433627,0.2,46
3,Pointing & Target Selection,120,1982,chi,User perceptual mechanisms in the search of computer command menus,10.1145/800049.801779,403,0.771,307.4,177,1.0,1.0,57
3,Pointing & Target Selection,665,1990,chi,A comparison of selection time from walking and pull-down menus,10.1145/97243.97277,403,0.771,92.2,45,1.0,1.0,45
4,Hand Input & Gesture Sensing,1542,1996,cscw,CLUES,10.1145/240080.240230,419,0.836,72.4,49,0.15555555555555556,0.625,45
4,Hand Input & Gesture Sensing,2441,1999,chi,Nomadic radio,10.1145/302979.303005,418,0.834,75.3,89,0.13559322033898305,0.18518518518518517,44
4,Hand Input & Gesture Sensing,8396,2009,uist,Enabling always-available input with muscle-computer interfaces,10.1145/1622176.1622208,356,0.711,2446.8,323,0.15598885793871867,0.18032786885245902,33
4,Hand Input & Gesture Sensing,13008,2012,uist,Digits,10.1145/2380116.2380139,316,0.631,2874.4,426,-0.05454545454545454,-0.1091703056768559,29
4,Hand Input & Gesture Sensing,21501,2016,uist,ViBand,10.1145/2984511.2984582,176,0.351,2030.0,263,-0.14565217391304347,-0.15730337078651685,22
4,Hand Input & Gesture Sensing,2258,1999,chi,Whisper,10.1145/302979.303009,420,0.838,122.0,44,1.0,1.0,40
4,Hand Input & Gesture Sensing,2547,2000,tochi,Nomadic radio,10.1145/355324.355327,416,0.83,325.1,299,0.09929078014184398,0.0784313725490196,39
4,Hand Input & Gesture Sensing,9970,2010,chi,Skinput,10.1145/1753326.1753394,357,0.713,3210.0,686,0.25227272727272726,0.19393939393939394,32
4,Hand Input & Gesture Sensing,2839,2000,chi,Programming and enjoying music with your eyes closed,10.1145/332040.332460,415,0.828,61.1,25,0.0784313725490196,0.14285714285714285,39
4,Hand Input & Gesture Sensing,11357,2011,uist,OmniTouch,10.1145/2047196.2047255,339,0.677,2578.3,556,-0.09028727770177838,-0.13793103448275862,30
5,Fisheye & Scrolling Techniques,740,1991,chi,The perspective wall,10.1145/108844.108870,325,0.702,1498.4,702,0.7721518987341772,0.6071428571428571,56
5,Fisheye & Scrolling Techniques,1286,1994,uist,Pad++,10.1145/192426.192435,245,0.529,1236.6,637,0.2191358024691358,0.41509433962264153,51
5,Fisheye & Scrolling Techniques,499,1988,chi,Grasping reality through illusion---interactive graphics serving science,10.1145/57167.57168,310,0.67,312.9,231,1.0,1.0,57
5,Fisheye & Scrolling Techniques,564,1989,uist,The cognitive coprocessor architecture for interactive user interfaces,10.1145/73660.73662,333,0.719,471.8,120,1.0,1.0,57
5,Fisheye & Scrolling Techniques,342,1986,chi,Generalized fisheye views,10.1145/22627.22342,308,0.665,1524.3,887,1.0,1.0,56
5,Fisheye & Scrolling Techniques,2746,2000,uist,Speed-dependent automatic zooming for browsing large documents,10.1145/354401.354435,155,0.335,965.2,302,-0.014285714285714285,-0.024691358024691357,45
5,Fisheye & Scrolling Techniques,764,1991,chi,"The information visualizer, an information workspace",10.1145/108844.108874,301,0.65,550.1,698,0.2288135593220339,0.16666666666666666,55
5,Fisheye & Scrolling Techniques,1150,1993,uist,The document lens,10.1145/168642.168652,259,0.559,1116.0,296,-0.04827586206896552,0.0,52
6,Gesture Elicitation & Recognition,802,1991,uist,Issues in combining marking and direct manipulation techniques,10.1145/120782.120797,345,0.777,337.3,147,0.3247863247863248,0.0,54
6,Gesture Elicitation & Recognition,8323,2009,chi,Using strokes as command shortcuts,10.1145/1518701.1519052,256,0.577,1680.3,153,-0.10594795539033457,-0.14285714285714285,32
6,Gesture Elicitation & Recognition,11523,2011,chi,User-defined motion gestures for mobile interaction,10.1145/1978942.1978971,175,0.394,1515.7,423,-0.11976911976911978,-0.11191335740072202,31
6,Gesture Elicitation & Recognition,488,1988,chi,An empirical comparison of pie vs. linear menus,10.1145/57167.57182,358,0.806,441.4,461,0.7931034482758621,0.75,55
6,Gesture Elicitation & Recognition,1257,1994,chi,User learning and performance with marking menus,10.1145/191666.191759,352,0.793,669.6,335,0.34574468085106386,0.06666666666666667,50
6,Gesture Elicitation & Recognition,8527,2009,chi,User-defined gestures for surface computing,10.1145/1518701.1518866,285,0.642,3937.3,1293,0.28892215568862273,0.07037037037037037,33
6,Gesture Elicitation & Recognition,7375,2008,uist,OctoPocus,10.1145/1449715.1449724,273,0.615,1832.8,262,0.012170385395537525,-0.05660377358490566,34
6,Gesture Elicitation & Recognition,6034,2007,uist,"Gestures without libraries, toolkits or training: a $1 recognizer for user interface proto",10.1145/1294211.1294238,309,0.696,3116.9,815,0.13441955193482688,0.11267605633802817,35
6,Gesture Elicitation & Recognition,1431,1995,uist,Some design refinements and principles on the appearance and behavior of marking menus,10.1145/215585.215973,344,0.775,189.7,30,0.011904761904761904,0.06896551724137931,49
6,Gesture Elicitation & Recognition,1341,1995,chi,Recognition accuracy and user acceptance of pen interfaces,10.1145/223904.223972,343,0.773,107.3,91,1.0,1.0,51
7,Pen & Sketch Input,4774,2005,chi,Design and analysis of delimiters for selection-action pen gesture phrases in scriboli,10.1145/1054972.1055035,200,0.483,931.3,170,0.006600660066006601,-0.06382978723404255,39
7,Pen & Sketch Input,1095,1992,chi,A “pile” metaphor for supporting casual organization of information,10.1145/142750.143055,320,0.773,336.3,218,0.4457831325301205,0.5555555555555556,56
7,Pen & Sketch Input,3499,2003,uist,Multi-finger and whole hand gestural interaction techniques for multi-user tabletop displa,10.1145/964696.964718,191,0.461,977.6,422,-0.00392156862745098,-0.15,42
7,Pen & Sketch Input,1294,1994,uist,A perceptually-supported sketch editor,10.1145/192426.192494,294,0.71,516.0,97,1.0,1.0,55
7,Pen & Sketch Input,2190,1998,chi,Beyond paper,10.1145/274644.274680,258,0.623,1166.3,322,0.025157232704402517,0.0,49
7,Pen & Sketch Input,4788,2005,chi,Experimental analysis of mode switching techniques in pen-based user interfaces,10.1145/1054972.1055036,191,0.461,1204.6,175,-0.052054794520547946,-0.11458333333333333,37
7,Pen & Sketch Input,9624,2010,uist,Pen + touch = new tools,10.1145/1866029.1866036,125,0.302,1811.6,235,-0.023255813953488372,-0.050724637681159424,32
7,Pen & Sketch Input,1209,1994,chi,The marks are on the knowledge worker,10.1145/191666.191740,294,0.71,166.2,324,0.47191011235955055,0.21428571428571427,55
7,Pen & Sketch Input,1274,1994,uist,Translucent patches---dissolving windows,10.1145/192426.192474,294,0.71,336.0,76,0.3673469387755102,0.5,51
7,Pen & Sketch Input,1183,1994,uist,A mark-based interaction paradigm for free-hand drawing,10.1145/192426.192496,300,0.725,191.8,82,1.0,1.0,50
8,Text Entry,17058,2014,chi,Vulture,10.1145/2556288.2556964,166,0.416,1448.7,156,-0.0603448275862069,-0.07083333333333333,23
8,Text Entry,2437,1999,chi,The design and evaluation of a high-performance soft keyboard,10.1145/302979.302983,348,0.872,1169.6,416,0.536,0.20833333333333334,45
8,Text Entry,13416,2012,chi,WalkType,10.1145/2207676.2208662,225,0.564,1422.8,202,-0.008244994110718492,-0.01932367149758454,28
8,Text Entry,2313,1999,chi,Patterns of entry and correction in large vocabulary continuous speech recognition systems,10.1145/302979.303160,352,0.882,444.0,276,0.2923076923076923,0.22727272727272727,44
8,Text Entry,1771,1997,chi,MedSpeak,10.1145/258549.258829,355,0.89,96.5,61,0.12195121951219512,0.1111111111111111,49
8,Text Entry,3980,2004,uist,SHARK <sup>2</sup>,10.1145/1029632.1029640,301,0.754,1668.8,414,-0.09669211195928754,-0.11475409836065574,39
8,Text Entry,2830,2000,uist,The metropolis keyboard - an exploration of quantitative techniques for virtual keyboard d,10.1145/354401.354424,339,0.85,624.7,288,-0.0670391061452514,-0.16666666666666666,43
8,Text Entry,18770,2015,chi,VelociTap,10.1145/2702123.2702135,172,0.431,1928.0,127,-0.17763157894736842,-0.17575757575757575,22
8,Text Entry,16566,2014,chi,Uncertain text entry on mobile devices,10.1145/2556288.2557412,194,0.486,1316.0,81,-0.08278867102396514,-0.0912863070539419,23
8,Text Entry,1399,1995,dis,Technology-driven design of speech recognition systems,10.1145/225434.225437,356,0.892,76.9,20,0.0,-0.07692307692307693,50
9,Touch & Multi-touch Input,8352,2009,chi,Back-of-device interaction allows creating very small touch devices,10.1145/1518701.1518995,195,0.633,1204.6,303,-0.023054755043227664,-0.0749063670411985,34
9,Touch & Multi-touch Input,6178,2007,uist,Lucid touch,10.1145/1294211.1294259,206,0.669,1134.2,280,0.0,-0.05333333333333334,36
9,Touch & Multi-touch Input,2215,1998,chi,"Squeeze me, hold me, tilt me! An exploration of manipulative user interfaces",10.1145/274644.274647,232,0.753,945.7,319,-0.009183673469387756,-0.07758620689655173,48
9,Touch & Multi-touch Input,4073,2004,icmi,Visual touchpad,10.1145/1027933.1027980,236,0.766,340.3,210,0.02666666666666667,-0.075,41
9,Touch & Multi-touch Input,1578,1996,uist,Tilting operations for small screen interfaces,10.1145/237091.237115,234,0.76,600.4,380,0.5179856115107914,0.5833333333333334,49
9,Touch & Multi-touch Input,9834,2010,chi,The generalized perceived input point model and how to double touch accuracy by extracting,10.1145/1753326.1753413,176,0.571,1593.4,256,-0.11154598825831702,-0.14666666666666667,31
9,Touch & Multi-touch Input,10795,2011,uist,TapSense,10.1145/2047196.2047279,150,0.487,1249.7,210,-0.0189873417721519,-0.03058103975535168,30
9,Touch & Multi-touch Input,4816,2005,uist,Low-cost multi-touch sensing through frustrated total internal reflection,10.1145/1095034.1095054,234,0.76,1067.3,1046,-0.015113350125944584,-0.05384615384615385,39
9,Touch & Multi-touch Input,12402,2012,uist,GripSense,10.1145/2380116.2380184,119,0.386,1188.5,174,-0.0048543689320388345,0.0,27
9,Touch & Multi-touch Input,4375,2004,icmi,TouchLight,10.1145/1027933.1027946,235,0.763,471.7,253,-0.006896551724137931,-0.12149532710280374,41
11,VR Haptics,14947,2013,uist,UltraHaptics,10.1145/2501988.2502018,477,0.697,1692.7,494,0.23674911660777384,0.15384615384615385,24
11,VR Haptics,19364,2015,uist,Impacto,10.1145/2807442.2807443,389,0.569,2461.3,237,0.25146198830409355,0.21176470588235294,21
11,VR Haptics,24838,2018,chi,CLAW,10.1145/3173574.3174228,302,0.442,2353.8,248,-0.17889908256880735,-0.2214765100671141,17
11,VR Haptics,8423,2009,chi,Tactile motion instructions for physical activities,10.1145/1518701.1519044,516,0.754,271.7,142,0.11764705882352941,0.05970149253731343,30
11,VR Haptics,21447,2016,uist,NormalTouch and TextureTouch,10.1145/2984511.2984526,391,0.572,2508.5,286,-0.0441400304414003,-0.06756756756756757,20
11,VR Haptics,11274,2011,chi,Tactile brush,10.1145/1978942.1979235,483,0.706,1052.3,347,0.12875536480686695,0.05,25
11,VR Haptics,23120,2017,chi,Providing Haptics to Walls &amp; Heavy Objects in Virtual Reality by Means of Electrical M,10.1145/3025453.3025600,345,0.504,2462.5,294,-0.1259259259259259,-0.1623931623931624,19
11,VR Haptics,5425,2006,iswc,Augmenting spatial awareness with Haptic Radar,10.1109/iswc.2006.286344,517,0.756,65.4,131,1.0,1.0,31
11,VR Haptics,1301,1994,chi,Passive real-world interface props for neurosurgical visualization,10.1145/191666.191821,453,0.662,380.7,519,0.425,0.21621621621621623,53
11,VR Haptics,20565,2016,chi,Haptic Retargeting,10.1145/2858036.2858226,436,0.637,2930.7,478,0.24761904761904763,0.16447368421052633,22
12,Deformable & Soft Displays,7107,2008,tei,Sprout I/O,10.1145/1347390.1347440,513,0.756,485.8,55,0.14444444444444443,0.16,34
12,Deformable & Soft Displays,2211,1998,cscw,Tangible interfaces for remote collaboration and communication,10.1145/289444.289491,532,0.784,424.0,349,0.02531645569620253,0.020618556701030927,41
12,Deformable & Soft Displays,11972,2012,chi,Shape-changing interfaces,10.1145/2207676.2207781,439,0.647,3710.2,435,-0.025161290322580646,-0.04460093896713615,29
12,Deformable & Soft Displays,15112,2013,uist,PneUI,10.1145/2501988.2502037,346,0.51,3765.1,337,-0.06017699115044248,-0.1504424778761062,27
12,Deformable & Soft Displays,3369,2002,uist,The actuated workbench,10.1145/571985.572011,530,0.781,938.1,200,0.034031413612565446,-0.08333333333333333,38
12,Deformable & Soft Displays,14121,2013,chi,Morphees,10.1145/2470654.2470738,398,0.586,2977.9,226,-0.10211706102117062,-0.12534059945504086,28
12,Deformable & Soft Displays,6029,2007,tei,Actuation and tangible user interfaces,10.1145/1226969.1227012,526,0.775,1643.0,179,0.010465116279069767,-0.007662835249042145,35
12,Deformable & Soft Displays,2894,2001,uist,Haptic techniques for media control,10.1145/502348.502387,536,0.789,178.5,75,0.010218978102189781,0.03614457831325301,42
12,Deformable & Soft Displays,15057,2013,uist,inFORM,10.1145/2501988.2502032,364,0.536,4307.8,625,-0.07699037620297462,-0.11059907834101383,25
12,Deformable & Soft Displays,25208,2018,chi,Grand Challenges in Shape-Changing Interface Research,10.1145/3173574.3173873,217,0.32,2687.7,233,-0.08235294117647059,-0.09663250366032211,18
13,Tangible Interaction,5857,2007,tei,The reacTable,10.1145/1226969.1226998,235,0.349,1623.3,606,0.017259978425026967,-0.01937984496124031,35
13,Tangible Interaction,1956,1997,chi,Tangible bits,10.1145/258549.258715,562,0.834,4461.4,3809,0.5144230769230769,0.2111111111111111,50
13,Tangible Interaction,1452,1995,chi,Bricks,10.1145/223904.223964,568,0.843,2299.6,972,0.4030612244897959,0.12244897959183673,51
13,Tangible Interaction,1965,1997,dis,Triangles,10.1145/263552.263592,446,0.662,105.9,12,0.002902757619738752,-0.013333333333333334,49
13,Tangible Interaction,2196,1998,chi,Triangles,10.1145/274644.274652,444,0.659,769.1,225,0.007237635705669481,-0.03,48
13,Tangible Interaction,8148,2009,chi,SLAP widgets,10.1145/1518701.1518779,173,0.257,1361.7,191,-0.009036144578313253,-0.04854368932038835,34
13,Tangible Interaction,1406,1995,uist,The world through the computer,10.1145/215585.215639,433,0.642,357.6,387,0.25735294117647056,0.3333333333333333,50
13,Tangible Interaction,5759,2007,tei,reacTIVision,10.1145/1226969.1226983,232,0.344,1310.9,430,0.26907630522088355,0.14935064935064934,35
14,Printed Electronics,1400,1995,chi,Applying electric field sensing to human-computer interfaces,10.1145/223904.223940,378,0.73,426.5,250,0.1347305389221557,0.046875,52
14,Printed Electronics,17318,2014,uist,PrintScreen,10.1145/2642918.2647413,300,0.579,2263.8,154,-0.07079646017699115,-0.09059233449477352,26
14,Printed Electronics,237,1985,chi,A multi-touch three dimensional touch-sensitive tablet,10.1145/317456.317461,385,0.743,137.3,84,1.0,1.0,56
14,Printed Electronics,19217,2015,chi,iSkin,10.1145/2702123.2702391,279,0.539,1946.0,363,-0.06260296540362438,-0.12852664576802508,25
14,Printed Electronics,10867,2011,uist,Modular and deformable touch-sensitive surfaces based on time domain reflectometry,10.1145/2047196.2047264,379,0.732,749.3,79,-0.017889087656529516,-0.031088082901554404,30
14,Printed Electronics,14452,2013,ubicomp,Instant inkjet circuits,10.1145/2493432.2493486,355,0.685,2887.7,333,0.011876484560570071,-0.03067484662576687,28
14,Printed Electronics,13047,2012,uist,Midas,10.1145/2380116.2380189,366,0.707,2315.6,176,0.01048951048951049,-0.012048192771084338,29
14,Printed Electronics,9400,2010,tei,FlyEye,10.1145/1709886.1709935,384,0.741,379.2,48,-0.013513513513513514,-0.014285714285714285,31
14,Printed Electronics,19355,2015,uist,Capricate,10.1145/2807442.2807503,252,0.486,1931.6,165,-0.13082039911308205,-0.12173913043478261,24
14,Printed Electronics,1021,1992,chi,One dimensional motion tailoring for the disabled,10.1145/142750.142876,379,0.732,43.1,11,0.08,0.25,54
15,Digital Fabrication,16963,2014,chi,MixFab,10.1145/2556288.2557090,386,0.752,2025.0,170,-0.04559270516717325,-0.0764525993883792,26
15,Digital Fabrication,14948,2013,chi,FreeD,10.1145/2470654.2481361,411,0.801,1959.7,202,-0.014634146341463415,0.0,29
15,Digital Fabrication,5002,2006,uist,ModelCraft,10.1145/1166253.1166258,435,0.848,734.9,77,0.018244013683010263,-0.02252252252252252,35
15,Digital Fabrication,25482,2018,chi,RoMA,10.1145/3173574.3174153,237,0.462,2062.3,171,-0.1513647642679901,-0.15384615384615385,17
15,Digital Fabrication,9548,2010,tei,SketchChair,10.1145/1935701.1935717,441,0.86,1464.8,186,0.3706896551724138,0.05555555555555555,30
15,Digital Fabrication,9261,2010,tei,Spatial sketch,10.1145/1709886.1709890,447,0.871,678.3,63,0.05084745762711865,0.10666666666666667,32
15,Digital Fabrication,9079,2010,tei,Interactive fabrication,10.1145/1935701.1935716,442,0.862,917.4,216,1.0,1.0,30
15,Digital Fabrication,16116,2014,uist,WirePrint,10.1145/2642918.2647359,378,0.737,2733.5,218,-0.0746987951807229,-0.10919540229885058,26
15,Digital Fabrication,12599,2012,uist,Interactive construction,10.1145/2380116.2380191,434,0.846,2141.6,166,-0.07056798623063683,-0.11961722488038277,29
16,E-textiles & Weaving,4480,2005,idc,Spookies,10.1145/1109540.1109543,307,0.644,161.9,30,0.7333333333333333,0.75,34
16,E-textiles & Weaving,24268,2017,uist,SmartSleeve,10.1145/3126594.3126652,200,0.419,1994.7,127,-0.06273062730627306,-0.0781563126252505,18
16,E-textiles & Weaving,4877,2005,idc,Some reflections on designing construction kits for kids,10.1145/1109540.1109556,356,0.746,330.6,433,1.0,1.0,36
16,E-textiles & Weaving,5486,2006,idc,Electronic/computational textiles and children's crafts,10.1145/1139073.1139091,304,0.637,299.4,79,0.6,0.7,33
16,E-textiles & Weaving,20558,2016,chi,Project Jacquard,10.1145/2858036.2858176,234,0.491,3140.6,324,-0.009269988412514484,-0.027777777777777776,23
16,E-textiles & Weaving,20207,2016,chi,"""I don't Want to Wear a Screen""",10.1145/2858036.2858192,214,0.449,2338.3,230,-0.025252525252525252,-0.06528189910979229,21
16,E-textiles & Weaving,5393,2006,iswc,A Construction Kit for Electronic Textiles,10.1109/iswc.2006.286348,343,0.719,291.7,151,0.21333333333333335,0.43478260869565216,34
16,E-textiles & Weaving,26676,2018,uist,RESi,10.1145/3242587.3242664,183,0.384,1797.9,90,-0.1509433962264151,-0.1822429906542056,17
16,E-textiles & Weaving,7349,2008,chi,The LilyPad Arduino,10.1145/1357054.1357123,335,0.702,2197.6,598,0.5098684210526315,0.3287671232876712,33
17,Tactile & Thermal Feedback,6976,2008,chi,Investigating the effectiveness of tactile feedback for mobile touchscreens,10.1145/1357054.1357300,196,0.57,711.7,432,0.07142857142857142,0.060240963855421686,33
17,Tactile & Thermal Feedback,28290,2019,chi,ThermalBracelet,10.1145/3290605.3300400,53,0.154,672.8,96,-0.11914893617021277,-0.13812154696132597,15
17,Tactile & Thermal Feedback,8835,2010,uist,TeslaTouch,10.1145/1866029.1866074,137,0.398,955.5,643,0.02570093457943925,-0.022222222222222223,32
17,Tactile & Thermal Feedback,18919,2015,chi,Skin Drag Displays,10.1145/2702123.2702459,100,0.291,726.0,88,-0.004807692307692308,-0.06923076923076923,22
17,Tactile & Thermal Feedback,2065,1998,chi,HandJive,10.1145/274644.274653,236,0.686,210.6,87,0.0048543689320388345,-0.033707865168539325,44
17,Tactile & Thermal Feedback,3410,2002,dis,ComTouch,10.1145/778712.778755,234,0.68,537.4,274,-0.0033149171270718232,-0.018867924528301886,39
17,Tactile & Thermal Feedback,3284,2002,uist,Ambient touch,10.1145/571985.571993,225,0.654,630.1,329,0.02699896157840083,-0.026845637583892617,42
17,Tactile & Thermal Feedback,9942,2010,chi,BuzzWear,10.1145/1753326.1753392,133,0.387,783.8,138,0.23353293413173654,0.07692307692307693,25
17,Tactile & Thermal Feedback,2585,2000,chi,Putting the feel in ’look and feel‘,10.1145/332040.332467,226,0.657,175.6,225,0.782608695652174,1.0,39
17,Tactile & Thermal Feedback,2139,1998,uist,An insidious Haptic invasion,10.1145/288392.288573,227,0.66,53.0,44,1.0,1.0,40
18,VR Locomotion & Presence,7974,2009,vrst,Camera-based OBDP locomotion system,10.1145/1643928.1643938,101,0.353,14.8,10,-0.030303030303030304,0.0,19
18,VR Locomotion & Presence,28201,2019,chi,Using Presence Questionnaires in Virtual Reality,10.1145/3290605.3300590,47,0.164,653.5,416,0.017204301075268817,0.01910828025477707,12
18,VR Locomotion & Presence,8042,2009,vrst,The magic barrier tape,10.1145/1643928.1643965,102,0.357,206.4,75,0.05102040816326531,-0.14285714285714285,22
18,VR Locomotion & Presence,20652,2016,chi,VR-STEP,10.1145/2858036.2858084,99,0.346,692.0,141,0.0,-0.012345679012345678,20
18,VR Locomotion & Presence,3950,2004,icmi,Walking-pad,10.1145/1027933.1027948,106,0.371,51.0,37,-0.021505376344086023,-0.125,20
18,VR Locomotion & Presence,1966,1997,uist,The omni-directional treadmill,10.1145/263407.263550,141,0.493,261.0,369,1.0,1.0,41
18,VR Locomotion & Presence,28176,2019,chi,Assessing the Accuracy of Point &amp; Teleport Locomotion with Orientation Indication for ,10.1145/3290605.3300377,42,0.147,508.8,81,-0.059233449477351915,-0.0593607305936073,12
18,VR Locomotion & Presence,30707,2020,chi,Breaking The Experience: Effects of Questionnaires in VR User Studies,10.1145/3313831.3376144,21,0.073,477.7,131,-0.055248618784530384,-0.06097560975609756,11
18,VR Locomotion & Presence,22996,2017,chi,"""These are not my hands!""",10.1145/3025453.3025602,59,0.206,508.9,209,-0.004815409309791332,-0.010830324909747292,21
18,VR Locomotion & Presence,1366,1995,tochi,Taking steps,10.1145/210079.210084,165,0.577,412.1,708,1.0,1.0,45
19,Physical Prototyping Toolkits,20644,2016,chi,Crossed Wires,10.1145/2858036.2858533,58,0.293,807.6,79,-0.007858546168958742,-0.040145985401459854,21
19,Physical Prototyping Toolkits,5253,2006,uist,"Reflective physical prototyping through integrated design, test, and analysis",10.1145/1166253.1166300,124,0.626,1248.2,301,-0.041666666666666664,-0.125,37
19,Physical Prototyping Toolkits,1898,1997,vrst,Real-time vision-based camera tracking for augmented reality applications,10.1145/261135.261152,131,0.662,32.3,139,1.0,1.0,43
19,Physical Prototyping Toolkits,2923,2001,uist,Phidgets,10.1145/502348.502388,146,0.737,1559.1,649,0.1547029702970297,0.10309278350515463,42
19,Physical Prototyping Toolkits,3438,2002,uist,Customizable physical interfaces for interacting with conventional applications,10.1145/571985.571991,132,0.667,223.5,55,0.003080082135523614,-0.01282051282051282,39
19,Physical Prototyping Toolkits,24176,2017,uist,Trigger-Action-Circuits,10.1145/3126594.3126637,50,0.253,861.8,63,-0.06696428571428571,-0.09266409266409266,18
19,Physical Prototyping Toolkits,3825,2003,chi,iStuff,10.1145/642611.642705,133,0.672,624.5,212,-0.032719836400818,-0.08771929824561403,41
19,Physical Prototyping Toolkits,21435,2016,uist,The Toastboard,10.1145/2984511.2984566,53,0.268,982.9,66,-0.12315270935960591,-0.19298245614035087,19
19,Physical Prototyping Toolkits,3389,2002,dis,Forming interactivity,10.1145/778712.778735,132,0.667,338.9,101,-0.045936395759717315,-0.061224489795918366,39
20,Making & Makerspaces,20162,2016,chi,Making Community,10.1145/2858036.2858073,57,0.375,1001.1,164,-0.058704453441295545,-0.09259259259259259,21
20,Making & Makerspaces,8452,2009,uist,The rise of the expert amateur,10.1145/1622176.1622211,84,0.553,60.9,15,1.0,1.0,26
20,Making & Makerspaces,18892,2015,cscw,"Hacking Culture, Not Devices",10.1145/2675133.2675223,68,0.447,1080.6,202,-0.028950542822677925,-0.03735632183908046,24
20,Making & Makerspaces,622,1990,chi,User-tailorable systems: pressing the issues with buttons,10.1145/97243.97271,101,0.664,254.1,399,0.8,0.5294117647058824,57
20,Making & Makerspaces,15025,2013,chi,Democratizing technology,10.1145/2470654.2481360,97,0.638,1675.9,400,0.007741935483870968,-0.07017543859649122,27
20,Making & Makerspaces,17176,2014,chi,Emerging sites of HCI innovation,10.1145/2556288.2557132,82,0.539,1323.1,286,-0.03253796095444685,-0.05309734513274336,25
20,Making & Makerspaces,7574,2009,chi,Learning how,10.1145/1518701.1518908,96,0.632,193.0,121,1.0,1.0,32
20,Making & Makerspaces,8152,2009,chi,Learning from IKEA hacking,10.1145/1518701.1518768,104,0.684,727.1,118,0.08031088082901554,0.11702127659574468,32
20,Making & Makerspaces,20413,2016,chi,Reconstituting the Utopian Vision of Making,10.1145/2858036.2858506,57,0.375,1084.4,196,-0.032461677186654644,-0.053784860557768925,23
21,Data Physicalization & Bio-materials,31616,2020,dis,Introducing the Sustainable Prototyping Life Cycle for Digital Fabrication to Designers,10.1145/3357236.3395510,72,0.225,1098.1,74,-0.12297734627831715,-0.14007782101167315,13
21,Data Physicalization & Bio-materials,18977,2015,chi,Opportunities and Challenges for Data Physicalization,10.1145/2702123.2702180,89,0.278,2115.9,558,0.0048814504881450485,0.0,23
21,Data Physicalization & Bio-materials,37730,2022,uist,Prototyping Soft Devices with Interactive Bioplastics,10.1145/3526113.3545623,47,0.147,1232.5,73,-0.12114014251781473,-0.12114014251781473,10
21,Data Physicalization & Bio-materials,33955,2021,chi,"Unmaking: Enabling and Celebrating the Creative Material of Failure, Destruction, Decay, a",10.1145/3411764.3445529,69,0.216,1101.2,108,-0.11180124223602485,-0.11180124223602485,12
21,Data Physicalization & Bio-materials,4618,2005,vrst,Laser scanning for the interactive walk-through fogScreen,10.1145/1101616.1101661,153,0.478,19.8,21,1.0,1.0,27
21,Data Physicalization & Bio-materials,18190,2015,chi,bioLogic,10.1145/2702123.2702611,148,0.463,1013.3,251,0.031055900621118012,-0.03553299492385787,22
21,Data Physicalization & Bio-materials,2254,1999,uist,The information percolator,10.1145/320719.322595,153,0.478,176.2,141,0.16417910447761194,0.0,43
21,Data Physicalization & Bio-materials,9679,2010,tei,"Liquids, smoke, and soap bubbles",10.1145/1709886.1709941,194,0.606,244.9,69,0.896551724137931,0.9,30
21,Data Physicalization & Bio-materials,9811,2010,iss,Cool interaction with calm technologies,10.1145/1936652.1936656,151,0.472,172.9,48,0.18867924528301888,0.16,26
21,Data Physicalization & Bio-materials,29175,2019,ubicomp,Myco-accessories,10.1145/3341163.3346938,74,0.231,1402.4,113,0.3931034482758621,0.27884615384615385,14
22,Gaze-based Interaction,29111,2019,uist,Eye&amp;Head,10.1145/3332165.3347921,90,0.256,1326.6,122,-0.1446280991735537,-0.16853932584269662,15
22,Gaze-based Interaction,2279,1999,chi,Manual and gaze input cascaded (MAGIC) pointing,10.1145/302979.303053,300,0.855,1309.9,672,0.07225433526011561,0.15384615384615385,48
22,Gaze-based Interaction,22152,2017,chi,Toward Everyday Gaze Input,10.1145/3025453.3025599,138,0.393,1183.3,232,-0.04017857142857143,-0.04363636363636364,18
22,Gaze-based Interaction,25481,2018,chi,Pinpointing,10.1145/3173574.3173655,112,0.319,1621.8,286,-0.1293800539083558,-0.1625,17
22,Gaze-based Interaction,139,1982,chi,Eyes at the interface,10.1145/800049.801811,309,0.88,269.9,94,1.0,,56
22,Gaze-based Interaction,270,1986,chi,An evaluation of an eye tracker as a device for computer input2,10.1145/29933.275627,309,0.88,698.8,381,1.0,1.0,56
22,Gaze-based Interaction,719,1990,chi,What you look at is what you get: eye movement-based interaction techniques,10.1145/97243.97246,307,0.875,901.7,702,0.4604651162790698,0.0,49
22,Gaze-based Interaction,2583,2000,chi,Evaluation of eye gaze interaction,10.1145/332040.332445,294,0.838,790.6,538,-0.0663265306122449,-0.02702702702702703,40
22,Gaze-based Interaction,6263,2007,chi,EyePoint,10.1145/1240624.1240692,237,0.675,1155.3,217,-0.06666666666666667,-0.14285714285714285,31
23,Eye Tracker Quality & Gaze Estimation,5089,2006,etra,A single camera eye-gaze tracking system with free head motion,10.1145/1117309.1117349,120,0.462,183.7,218,-0.013574660633484163,0.04878048780487805,28
23,Eye Tracker Quality & Gaze Estimation,22083,2016,etra,Labelled pupils in the wild,10.1145/2857491.2857520,59,0.227,387.0,123,0.0,-0.13636363636363635,16
23,Eye Tracker Quality & Gaze Estimation,7012,2008,etra,Taxonomic study of polynomial regressions applied to the calibration of video-oculographic,10.1145/1344471.1344530,102,0.392,105.3,87,0.18518518518518517,0.2222222222222222,27
23,Eye Tracker Quality & Gaze Estimation,19499,2015,uist,Self-Calibrating Head-Mounted Eye Trackers Using Egocentric Visual Saliency,10.1145/2807442.2807445,74,0.285,438.1,81,0.11403508771929824,0.1323529411764706,20
23,Eye Tracker Quality & Gaze Estimation,2702,2000,etra,Extended tasks elicit complex eye movement patterns,10.1145/355017.355023,106,0.408,58.4,36,1.0,1.0,36
23,Eye Tracker Quality & Gaze Estimation,7123,2008,etra,A software framework for simulating eye trackers,10.1145/1344471.1344529,109,0.419,142.1,45,0.4,0.5,27
23,Eye Tracker Quality & Gaze Estimation,23891,2017,imwut,InvisibleEye,10.1145/3130971,54,0.208,362.7,92,-0.051643192488262914,-0.0625,15
23,Eye Tracker Quality & Gaze Estimation,19739,2016,etra,ElSe,10.1145/2857491.2857505,67,0.258,293.7,175,-0.2,-0.3333333333333333,20
23,Eye Tracker Quality & Gaze Estimation,4060,2004,etra,Building a lightweight eyetracking headgear,10.1145/968363.968386,105,0.404,153.3,140,0.5555555555555556,0.6666666666666666,31
23,Eye Tracker Quality & Gaze Estimation,12222,2012,etra,Robust real-time pupil tracking in highly off-axis images,10.1145/2168556.2168585,77,0.296,385.6,272,0.7142857142857143,0.5384615384615384,22
24,Scanpaths & Visual Search,3329,2002,etra,The act of task difficulty and eye-movement frequency for the 'Oculo-motor indices',10.1145/507072.507080,118,0.463,34.6,77,-0.7142857142857143,-1.0,38
24,Scanpaths & Visual Search,3138,2002,etra,Eye tracking in web search tasks,10.1145/507072.507082,120,0.471,112.5,382,0.03608247422680412,-0.1,31
24,Scanpaths & Visual Search,3361,2002,etra,Visual attention to repeated internet images,10.1145/507072.507081,120,0.471,197.7,124,1.0,1.0,31
24,Scanpaths & Visual Search,11749,2012,etra,Parallel scan-path visualization,10.1145/2168556.2168583,49,0.192,206.0,43,0.16666666666666666,0.125,12
24,Scanpaths & Visual Search,9580,2010,etra,"A vector-based, multidimensional scanpath similarity measure",10.1145/1743666.1743718,71,0.278,294.0,172,0.2765957446808511,-0.058823529411764705,23
24,Scanpaths & Visual Search,3665,2003,chi,Cognitive strategies and eye movements for searching hierarchical computer displays,10.1145/642611.642656,129,0.506,173.8,96,0.5,0.6666666666666666,37
24,Scanpaths & Visual Search,2707,2000,etra,The response of eye-movement and pupil size to audio instruction while viewing a moving ta,10.1145/355017.355043,119,0.467,61.7,30,1.0,1.0,39
24,Scanpaths & Visual Search,5203,2006,etra,eyePatterns,10.1145/1117309.1117360,98,0.384,408.5,119,0.11538461538461539,-0.125,25
24,Scanpaths & Visual Search,9396,2010,etra,Scanpath comparison revisited,10.1145/1743666.1743719,69,0.271,216.1,93,-0.075,-0.11764705882352941,23
24,Scanpaths & Visual Search,8667,2010,etra,Visual scanpath representation,10.1145/1743666.1743717,69,0.271,255.5,83,0.125,0.0,21
25,Pupillometry & Cognitive Load,8384,2009,uist,Using fNIRS brain sensing in realistic HCI settings,10.1145/1622176.1622207,138,0.563,504.2,114,-0.07407407407407407,-0.3333333333333333,28
25,Pupillometry & Cognitive Load,17314,2014,chi,Dynamic difficulty using brain metrics of workload,10.1145/2556288.2557230,90,0.367,498.4,141,0.09803921568627451,0.0,20
25,Pupillometry & Cognitive Load,14667,2013,chi,Using fNIRS brain sensing to evaluate information visualization interfaces,10.1145/2470654.2470723,100,0.408,548.9,112,-0.03982300884955752,-0.1,22
25,Pupillometry & Cognitive Load,7662,2009,chi,Brain measurement for usability testing and adaptive interfaces,10.1145/1518701.1519035,143,0.584,549.0,105,0.06666666666666667,-0.05,33
25,Pupillometry & Cognitive Load,1621,1996,chi,New technological windows into mind,10.1145/238386.238619,162,0.661,99.4,70,0.3333333333333333,0.3,42
25,Pupillometry & Cognitive Load,7097,2008,chi,Feasibility and pragmatics of classifying working memory load with an electroencephalograp,10.1145/1357054.1357187,149,0.608,491.1,191,0.13953488372093023,-0.13333333333333333,34
25,Pupillometry & Cognitive Load,5469,2006,uist,Using a low-cost electroencephalograph for task classification in HCI research,10.1145/1166253.1166268,157,0.641,512.8,167,0.21875,0.34615384615384615,35
25,Pupillometry & Cognitive Load,3679,2003,chi,Things happening in the brain while humans learn to use new tools,10.1145/642611.642684,158,0.645,74.8,16,0.3333333333333333,0.6666666666666666,36
26,Gaze in Conversation & Groups,24643,2018,iui,Detecting Low Rapport During Natural Interactions in Small Groups from Non-Verbal Behaviou,10.1145/3172944.3172969,39,0.179,341.6,76,0.04,0.05555555555555555,16
26,Gaze in Conversation & Groups,28293,2019,chi,Towards Collaboration Translucence,10.1145/3290605.3300269,13,0.06,270.8,91,0.0,-0.004761904761904762,15
26,Gaze in Conversation & Groups,3495,2003,ubicomp,Social Network Computing,10.1007/978-3-540-39653-6_23,85,0.39,20.8,49,1.0,1.0,29
26,Gaze in Conversation & Groups,12559,2012,icmi,"Linking speaking and looking behavior patterns with group composition, perception, and per",10.1145/2388676.2388772,65,0.298,199.9,47,0.15625,-0.13043478260869565,19
26,Gaze in Conversation & Groups,4275,2004,icmi,GroupMedia,10.1145/1027933.1027983,84,0.385,37.7,24,1.0,1.0,28
26,Gaze in Conversation & Groups,5494,2006,icmi,Detection and application of influence rankings in small group meetings,10.1145/1180995.1181047,93,0.427,86.8,92,1.0,1.0,25
26,Gaze in Conversation & Groups,3032,2001,chi,Eye gaze patterns in conversations,10.1145/365024.365119,109,0.5,202.3,411,0.16129032258064516,0.08108108108108109,41
26,Gaze in Conversation & Groups,6137,2007,icmi,Influencing social dynamics in meetings through a peripheral display,10.1145/1322192.1322238,82,0.376,86.5,47,0.08791208791208792,0.043478260869565216,23
26,Gaze in Conversation & Groups,4605,2005,icmi,A probabilistic inference of multiparty-conversation structure based on Markov-switching m,10.1145/1088463.1088497,59,0.271,189.0,103,0.18309859154929578,0.14285714285714285,31
27,Authentication & Passwords,6528,2008,chi,Undercover,10.1145/1357054.1357085,139,0.695,160.4,115,0.16363636363636364,0.25,30
27,Authentication & Passwords,7585,2009,chi,Vibrapass,10.1145/1518701.1518840,138,0.69,301.2,104,0.05,-0.0625,29
27,Authentication & Passwords,22917,2017,chi,Understanding Shoulder Surfing in the Wild,10.1145/3025453.3025636,58,0.29,539.5,161,0.047244094488188976,0.0,17
27,Authentication & Passwords,13886,2013,mobilehci,Patterns in the wild,10.1145/2493190.2493231,108,0.54,614.1,142,0.08163265306122448,0.07272727272727272,23
27,Authentication & Passwords,16008,2014,chi,"Now you see me, now you don't",10.1145/2556288.2557097,94,0.47,512.8,117,-0.14545454545454545,-0.17391304347826086,22
27,Authentication & Passwords,3662,2003,chi,Usability and biometric verification at the ATM interface,10.1145/642611.642639,154,0.77,107.8,119,1.0,1.0,32
27,Authentication & Passwords,30460,2020,chi,The Role of Eye Gaze in Security and Privacy Applications: Survey and Future HCI Research ,10.1145/3313831.3376840,41,0.205,863.9,166,-0.05928853754940711,-0.05333333333333334,12
27,Authentication & Passwords,6109,2007,chi,Pictures at the ATM,10.1145/1240624.1240758,150,0.75,128.6,82,0.5625,0.6666666666666666,31
27,Authentication & Passwords,11836,2012,chi,Touch me once and i know it's you!,10.1145/2207676.2208544,128,0.64,677.0,489,0.26582278481012656,0.2894736842105263,27
27,Authentication & Passwords,9663,2010,chi,Multi-touch authentication on tabletops,10.1145/1753326.1753489,135,0.675,254.6,123,-0.0044444444444444444,0.00909090909090909,28
28,Affect Recognition,21535,2016,icmi,EmotiW 2016: video and group-level emotion recognition challenges,10.1145/2993148.2997638,83,0.461,513.5,148,0.0,0.05,18
28,Affect Recognition,26210,2018,icmi,EmotiW 2018,10.1145/3242969.3264993,45,0.25,362.2,142,0.29411764705882354,0.21428571428571427,12
28,Affect Recognition,24308,2017,icmi,From individual to group-level emotion recognition: EmotiW 5.0,10.1145/3136755.3143004,60,0.333,383.0,225,0.023809523809523808,0.08333333333333333,15
28,Affect Recognition,15061,2013,icmi,Multiple kernel learning for emotion recognition in the wild,10.1145/2522848.2531741,125,0.694,118.7,121,0.2727272727272727,0.4090909090909091,22
28,Affect Recognition,19416,2015,icmi,Video and Image based Emotion Recognition Challenges in the Wild,10.1145/2818346.2829994,106,0.589,252.1,313,-0.16666666666666666,-0.20833333333333334,19
28,Affect Recognition,4312,2004,icmi,"Analysis of emotion recognition using facial expressions, speech and multimodal informatio",10.1145/1027933.1027968,140,0.778,59.0,843,1.0,1.0,34
28,Affect Recognition,21561,2016,icmi,Video-based emotion recognition using CNN-RNN and C3D hybrid networks,10.1145/2993148.2997632,62,0.344,363.1,568,0.045454545454545456,0.027777777777777776,17
28,Affect Recognition,12924,2012,icmi,AVEC 2012,10.1145/2388676.2388776,133,0.739,49.4,229,1.0,1.0,23
28,Affect Recognition,15133,2013,icmi,Emotion recognition in the wild challenge 2013,10.1145/2522848.2531739,125,0.694,189.3,181,0.76,0.7777777777777778,22
28,Affect Recognition,14943,2013,icmi,Partial least squares regression on grassmannian manifold for emotion recognition,10.1145/2522848.2531738,126,0.7,98.5,63,1.0,1.0,22
29,Multimodal Sentiment & Speaking,19328,2015,icmi,"Presentation Trainer, your Public Speaking Multimodal Coach",10.1145/2818346.2830603,36,0.221,565.6,92,-0.07446808510638298,-0.12280701754385964,21
29,Multimodal Sentiment & Speaking,3137,2002,iui,The interactive conversation interface (ICI),10.1145/502716.502718,62,0.38,21.0,5,1.0,1.0,31
29,Multimodal Sentiment & Speaking,19874,2016,iui,AutoManner,10.1145/2856767.2856785,32,0.196,318.4,50,-0.07017543859649122,-0.10810810810810811,17
29,Multimodal Sentiment & Speaking,18278,2015,iui,Rhema,10.1145/2678025.2701386,49,0.301,732.7,113,-0.02040816326530612,-0.16326530612244897,22
29,Multimodal Sentiment & Speaking,4297,2004,chi,Presiding over accidents,10.1145/985692.985751,61,0.374,77.3,18,0.05952380952380952,0.14285714285714285,30
29,Multimodal Sentiment & Speaking,15082,2013,ubicomp,MACH,10.1145/2493432.2493502,81,0.497,217.1,289,1.0,1.0,24
29,Multimodal Sentiment & Speaking,6321,2007,icmi,Presentation sensei,10.1145/1322192.1322256,60,0.368,272.8,62,0.23404255319148937,0.0,26
29,Multimodal Sentiment & Speaking,19225,2015,chi,Augmenting Social Interactions,10.1145/2702123.2702314,46,0.282,677.2,99,0.004405286343612335,0.024793388429752067,22
29,Multimodal Sentiment & Speaking,18139,2015,ubicomp,Exploring feedback strategies to improve public speaking,10.1145/2750858.2806060,41,0.252,379.8,124,-0.0136986301369863,-0.05263157894736842,18
29,Multimodal Sentiment & Speaking,3774,2003,iui,Inferring user goals from personality and behavior in a causal model of user affect,10.1145/604045.604078,55,0.337,18.0,72,1.0,1.0,35
30,Fixation & Saccade Analysis,33891,2021,imwut,MemX,10.1145/3463509,6,0.039,165.2,14,0.08181818181818182,0.08181818181818182,7
30,Fixation & Saccade Analysis,32900,2021,chi,Digital Transformations of Classrooms in Virtual Reality,10.1145/3411764.3445596,10,0.065,167.1,68,0.026829268292682926,0.026829268292682926,7
30,Fixation & Saccade Analysis,39942,2023,etra,pymovements: A Python Package for Eye Movement Data Processing,10.1145/3588015.3590134,15,0.098,2.8,30,1.0,1.0,4
30,Fixation & Saccade Analysis,36743,2022,etra,Inferring Native and Non-Native Human Reading Comprehension and Subjective Text Difficulty,10.1145/3517031.3529639,15,0.098,127.0,30,1.0,1.0,4
30,Fixation & Saccade Analysis,35880,2022,imwut,Do Smart Glasses Dream of Sentimental Visions?,10.1145/3517250,5,0.033,134.7,17,-0.023809523809523808,-0.023809523809523808,6
30,Fixation & Saccade Analysis,25641,2018,etra,Cross-subject workload classification using pupil-related measures,10.1145/3204493.3204531,17,0.111,120.0,55,0.1111111111111111,0.20833333333333334,9
30,Fixation & Saccade Analysis,6896,2008,etra,The incomplete fixation measure,10.1145/1344471.1344500,29,0.19,18.4,97,-0.04242424242424243,-0.038461538461538464,24
30,Fixation & Saccade Analysis,2550,2000,etra,Identifying fixations and saccades in eye-tracking protocols,10.1145/355017.355028,84,0.549,88.2,2218,1.0,1.0,36
30,Fixation & Saccade Analysis,29687,2019,icmi,Predicting Cognitive Load in an Emergency Simulation Based on Behavioral and Physiological,10.1145/3340555.3353735,16,0.105,198.4,54,0.15384615384615385,0.13043478260869565,12
31,Gaze Calibration & Datasets,9376,2010,iui,Workshop,10.1145/1719970.1720058,80,0.571,21.0,3,1.0,1.0,30
31,Gaze Calibration & Datasets,20704,2016,dis,AmbiGaze,10.1145/2901790.2901867,58,0.414,723.1,71,-0.12345679012345678,-0.1926605504587156,21
31,Gaze Calibration & Datasets,3302,2002,etra,FreeGaze,10.1145/507072.507098,85,0.607,84.0,207,0.04659498207885305,0.038461538461538464,33
31,Gaze Calibration & Datasets,3880,2004,etra,"A free-head, simple calibration, gaze tracking system that enables gaze-based interaction",10.1145/968363.968387,82,0.586,128.6,168,0.01607717041800643,0.0,32
31,Gaze Calibration & Datasets,22609,2017,tochi,Motion Correlation,10.1145/3064937,37,0.264,695.1,79,-0.08118081180811808,-0.10989010989010989,19
31,Gaze Calibration & Datasets,13906,2013,uist,Pursuit calibration,10.1145/2501988.2501998,69,0.493,724.2,155,-0.009900990099009901,-0.03571428571428571,25
31,Gaze Calibration & Datasets,13940,2013,ubicomp,Pursuits,10.1145/2493432.2493477,71,0.507,1221.1,275,-0.05189620758483034,-0.07423580786026202,25
31,Gaze Calibration & Datasets,2838,2000,icmi,Gaze and Speech in Attentive User Interfaces,10.1007/3-540-40063-x_1,86,0.614,139.3,117,0.02092050209205021,0.13157894736842105,40
31,Gaze Calibration & Datasets,3995,2004,etra,ECSGlasses and EyePliances,10.1145/968363.968384,80,0.571,151.5,34,0.022727272727272728,-0.09523809523809523,36
31,Gaze Calibration & Datasets,19293,2015,uist,Orbits,10.1145/2807442.2807499,66,0.471,1370.7,261,-0.11450381679389313,-0.167192429022082,23
32,Reading & Implicit Interest,2593,2000,iui,Learning users' interests by unobtrusively observing their normal behavior,10.1145/325737.325806,60,0.195,94.2,184,1.0,1.0,38
32,Reading & Implicit Interest,37319,2022,icmi,The GENEA Challenge 2022: A large evaluation of data-driven co-speech gesture generation,10.1145/3536221.3558058,19,0.062,316.0,87,0.0,0.0,5
32,Reading & Implicit Interest,7624,2009,iui,Behavior-driven visualization recommendation,10.1145/1502650.1502695,51,0.166,252.5,228,0.11650485436893204,0.02702702702702703,23
32,Reading & Implicit Interest,21352,2016,chiplay,The Emergence of EyePlay,10.1145/2967934.2968084,15,0.049,371.5,67,-0.033707865168539325,-0.04926108374384237,17
32,Reading & Implicit Interest,18570,2015,chi,The Royal Corgi,10.1145/2702123.2702163,17,0.055,287.9,41,0.015217391304347827,0.023529411764705882,18
32,Reading & Implicit Interest,13703,2013,iui,User-adaptive information visualization,10.1145/2449396.2449439,50,0.163,275.6,148,0.21818181818181817,0.26666666666666666,22
32,Reading & Implicit Interest,2996,2001,iui,Implicit interest indicators,10.1145/359784.359836,59,0.192,100.9,672,0.03867403314917127,0.0,37
32,Reading & Implicit Interest,30325,2020,icmi,Gesticulator: A framework for semantically-aware speech-driven gesture generation,10.1145/3382507.3418815,32,0.104,354.9,163,0.4482758620689655,0.4642857142857143,13
32,Reading & Implicit Interest,4247,2004,iui,Implicit user profiling for on demand relevance feedback,10.1145/964442.964480,87,0.283,81.9,60,0.15555555555555556,0.09523809523809523,29
32,Reading & Implicit Interest,703,1990,chi,A gaze-responsive self-disclosing display,10.1145/97243.97245,67,0.218,93.4,207,0.14606741573033707,0.0,55
33,Remote Collaboration & Telepresence,836,1991,chi,Disembodied Conduct,10.1145/108844.108859,502,0.769,663.0,304,1.0,1.0,55
33,Remote Collaboration & Telepresence,743,1991,chi,VideoWhiteboard,10.1145/108844.108932,493,0.755,623.6,241,0.7160493827160493,0.47058823529411764,56
33,Remote Collaboration & Telepresence,266,1986,cscw,A performing medium for working group graphics,10.1145/637069.637105,511,0.783,85.8,19,1.0,1.0,61
33,Remote Collaboration & Telepresence,19947,2016,cscw,Room2Room,10.1145/2818048.2819965,160,0.245,1222.8,215,-0.054901960784313725,-0.04195804195804196,21
33,Remote Collaboration & Telepresence,25517,2018,chi,Mini-Me,10.1145/3173574.3173620,127,0.194,1491.7,351,-0.08970099667774087,-0.13089005235602094,16
33,Remote Collaboration & Telepresence,462,1988,cscw,A framework for understanding the workspace activity of design teams,10.1145/62266.62285,499,0.764,98.7,141,0.02702702702702703,-0.3076923076923077,57
33,Remote Collaboration & Telepresence,1041,1992,chi,Using spatial cues to improve videoconferencing,10.1145/142750.143070,494,0.757,605.5,190,1.0,1.0,52
33,Remote Collaboration & Telepresence,29620,2019,uist,Loki,10.1145/3332165.3347872,83,0.127,1358.8,161,-0.07093821510297482,-0.08411214953271028,13
33,Remote Collaboration & Telepresence,21373,2016,uist,Holoportation,10.1145/2984511.2984517,153,0.234,1993.6,651,-0.007662835249042145,0.027210884353741496,18
33,Remote Collaboration & Telepresence,17118,2014,uist,World-stabilized annotations and virtual scene navigation for remote collaboration,10.1145/2642918.2647372,237,0.363,1355.3,192,-0.008403361344537815,-0.03571428571428571,23
34,CSCW Foundations,471,1988,cscw,Design of a multi-media vehicle for social browsing,10.1145/62266.62269,290,0.514,1049.0,274,0.23275862068965517,0.4444444444444444,59
34,CSCW Foundations,962,1992,cscw,Awareness and coordination in shared workspaces,10.1145/143457.143468,229,0.406,998.8,2508,0.506198347107438,0.13953488372093023,51
34,CSCW Foundations,293,1986,cscw,Supporting collaboration in notecards,10.1145/637069.637089,362,0.642,267.6,133,0.6153846153846154,0.6666666666666666,61
34,CSCW Foundations,296,1986,cscw,Semi-structured messages are surprisingly useful for computer-supported coordination,10.1145/637069.637081,307,0.544,130.1,92,0.2222222222222222,0.14285714285714285,60
34,CSCW Foundations,496,1988,cscw,Why CSCW applications fail: problems in the design and evaluationof organizational interfa,10.1145/62266.62273,302,0.535,1001.3,968,0.8633879781420765,0.7272727272727273,59
34,CSCW Foundations,306,1986,cscw,Using a computer-based tool to support collaboration,10.1145/637069.637114,345,0.612,163.8,31,1.0,1.0,61
34,CSCW Foundations,308,1986,cscw,Computer-based systems for cooperative work and group decisionmaking,10.1145/637069.637115,346,0.613,91.5,30,0.4,0.75,61
34,CSCW Foundations,1079,1992,chi,Portholes,10.1145/142750.142982,253,0.449,1462.8,908,0.09420289855072464,-0.16279069767441862,53
34,CSCW Foundations,468,1988,cscw,Patterns of contact and communication in scientific research collaboration,10.1145/62266.62267,294,0.521,888.5,586,0.7956989247311828,0.5,60
34,CSCW Foundations,279,1986,cscw,A framework for studying research collaboration,10.1145/637069.637097,373,0.661,124.2,33,1.0,1.0,62
35,Cross-device & Large Displays,1924,1997,uist,Pick-and-drop,10.1145/263407.263505,392,0.839,1918.1,607,0.16917922948073702,0.05,48
35,Cross-device & Large Displays,1636,1996,chi,Dual device user interface design,10.1145/238386.238408,393,0.842,239.7,119,0.13636363636363635,0.17647058823529413,49
35,Cross-device & Large Displays,2184,1998,cscw,Collaboration using multiple PDAs connected to a PC,10.1145/289444.289503,335,0.717,521.9,361,0.012048192771084338,-0.043478260869565216,46
35,Cross-device & Large Displays,13224,2012,uist,Cross-device interaction via micro-mobility and f-formations,10.1145/2380116.2380121,140,0.3,1671.7,215,-0.058712121212121215,-0.08264462809917356,28
35,Cross-device & Large Displays,2411,1999,chi,i-LAND,10.1145/302979.303010,361,0.773,1487.8,572,0.02959183673469388,-0.00819672131147541,47
35,Cross-device & Large Displays,2062,1998,chi,A multiple device approach for supporting whiteboard-based interactions,10.1145/274644.274692,327,0.7,550.5,228,-0.003188097768331562,-0.02830188679245283,47
35,Cross-device & Large Displays,2294,1999,chi,Augmented surfaces,10.1145/302979.303113,286,0.612,1282.1,682,-0.007383966244725738,-0.06956521739130435,46
35,Cross-device & Large Displays,15869,2014,chi,Conductor,10.1145/2556288.2557170,102,0.218,1593.7,152,-0.07692307692307693,-0.11403508771929824,25
36,UI Toolkits & Automatic Generation,513,1989,uist,Creating graphical interactive application objects by demonstration,10.1145/73660.73672,158,0.418,829.8,124,-0.07462686567164178,-0.12903225806451613,58
36,UI Toolkits & Automatic Generation,546,1989,uist,Graphical specification of flexible user interface displays,10.1145/73660.73673,153,0.405,514.9,32,-0.1,-0.17857142857142858,57
36,UI Toolkits & Automatic Generation,421,1988,uist,Using active data in a UIMS,10.1145/62402.62429,178,0.471,513.8,40,0.5652173913043478,0.3333333333333333,59
36,UI Toolkits & Automatic Generation,136,1982,chi,A test-bed for user interface designs,10.1145/800049.801761,206,0.545,135.6,9,1.0,1.0,61
36,UI Toolkits & Automatic Generation,137,1982,chi,Using formal specifications in the design of a human-computer interface,10.1145/800049.801802,199,0.526,46.6,33,1.0,1.0,62
36,UI Toolkits & Automatic Generation,143,1982,chi,Further developments toward using formal grammar as a design tool,10.1145/800049.801800,199,0.526,46.6,25,1.0,1.0,62
36,UI Toolkits & Automatic Generation,176,1983,chi,A generalized transition network representation for interactive systems,10.1145/800045.801590,197,0.521,93.1,41,0.8333333333333334,1.0,61
36,UI Toolkits & Automatic Generation,464,1988,chi,A knowledge-based user interface management system,10.1145/57167.57178,178,0.471,535.3,103,1.0,1.0,60
36,UI Toolkits & Automatic Generation,504,1988,uist,Building user interfaces by direct manipulation,10.1145/62402.62428,190,0.503,873.4,172,0.7941176470588235,0.7391304347826086,59
36,UI Toolkits & Automatic Generation,25,1981,chi,Automatic construction of explanation networks for a cooperative user interface,10.1145/800276.810954,207,0.548,46.6,1,1.0,1.0,62
37,AR Authoring & Assembly,8164,2009,uist,Relaxed selection techniques for querying time-series graphs,10.1145/1622176.1622217,180,0.516,24.2,45,1.0,1.0,32
37,AR Authoring & Assembly,13192,2012,chi,LightGuide,10.1145/2207676.2207702,170,0.487,531.6,142,-0.010676156583629894,-0.02834008097165992,27
37,AR Authoring & Assembly,25515,2018,chi,ProtoAR,10.1145/3173574.3173927,121,0.347,1156.7,95,0.0,-0.04129793510324484,17
37,AR Authoring & Assembly,15053,2013,uist,YouMove,10.1145/2501988.2502045,169,0.484,1339.8,314,0.07142857142857142,0.004166666666666667,20
37,AR Authoring & Assembly,11154,2011,uist,KinectFusion,10.1145/2047196.2047270,174,0.499,313.4,2118,0.7586206896551724,0.6222222222222222,30
37,AR Authoring & Assembly,30835,2020,chi,Pronto: Rapid Augmented Reality Video Prototyping Using Sketches and Enaction,10.1145/3313831.3376160,100,0.287,1112.8,97,-0.09879518072289156,-0.11590296495956873,14
37,AR Authoring & Assembly,32695,2020,uist,RealitySketch,10.1145/3379337.3415892,89,0.255,991.2,90,-0.054945054945054944,-0.05319148936170213,13
37,AR Authoring & Assembly,11384,2011,chi,Data miming,10.1145/1978942.1979060,179,0.513,199.9,62,0.014285714285714285,-0.01098901098901099,31
37,AR Authoring & Assembly,28057,2019,chi,360proto,10.1145/3290605.3300826,119,0.341,1114.3,91,-0.1889763779527559,-0.2608695652173913,15
38,Tabletop Collaboration,832,1991,uist,MMM,10.1145/120782.120791,247,0.84,339.2,192,0.42028985507246375,0.10344827586206896,56
38,Tabletop Collaboration,2465,1999,chi,Single display groupware,10.1145/302979.303064,244,0.83,1234.4,486,0.039806996381182146,-0.008547008547008548,45
38,Tabletop Collaboration,8420,2009,iss,Actions speak loudly with words,10.1145/1731903.1731939,90,0.306,1141.1,130,-0.025139664804469275,-0.045454545454545456,29
38,Tabletop Collaboration,1515,1996,uist,Local tools,10.1145/237091.237116,248,0.844,250.1,70,0.16831683168316833,0.09090909090909091,47
38,Tabletop Collaboration,1963,1997,chi,KidPad,10.1145/258549.258866,246,0.837,289.5,204,0.5068493150684932,0.25,46
38,Tabletop Collaboration,3981,2004,cscw,Territoriality in collaborative tabletop workspaces,10.1145/1031607.1031655,185,0.629,1930.1,616,0.13123844731977818,-0.11403508771929824,41
38,Tabletop Collaboration,791,1991,chi,Documents as user interfaces,10.1145/108844.108994,249,0.847,56.9,34,1.0,1.0,57
38,Tabletop Collaboration,5565,2006,chi,Collaborative coupling over tabletop displays,10.1145/1124772.1124950,142,0.483,945.9,289,-0.12074303405572756,-0.0963855421686747,36
38,Tabletop Collaboration,4318,2004,cscw,Exploring the effects of group size and table size on interactions with tabletop shared-di,10.1145/1031607.1031654,156,0.531,895.2,175,-0.033647375504710635,-0.05517241379310345,39
39,Public & Ambient Displays,3234,2002,dis,MessyDesk and MessyBoard,10.1145/778712.778754,196,0.681,318.0,73,-0.02258064516129032,-0.0975609756097561,42
39,Public & Ambient Displays,4227,2004,uist,Interactive public ambient displays,10.1145/1029632.1029656,179,0.622,1577.6,651,0.08682328907048008,-0.026143790849673203,40
39,Public & Ambient Displays,7108,2008,chi,"It's Mine, Don't Touch!",10.1145/1357054.1357255,159,0.552,1850.3,455,0.05429864253393665,0.05319148936170213,33
39,Public & Ambient Displays,2030,1998,cscw,Meme tags and community mirrors,10.1145/289444.289490,160,0.556,229.9,181,0.05527638190954774,0.09836065573770492,41
39,Public & Ambient Displays,3831,2003,chi,"Semi-public displays for small, co-located groups",10.1145/642611.642622,195,0.677,609.4,153,-0.01384083044982699,-0.05309734513274336,41
39,Public & Ambient Displays,12152,2012,chi,Looking glass,10.1145/2207676.2207718,103,0.358,1747.8,286,-0.04815864022662889,-0.08415841584158416,28
39,Public & Ambient Displays,3066,2001,chi,The notification collage,10.1145/365024.365339,211,0.733,934.8,300,0.09401709401709402,0.08490566037735849,45
39,Public & Ambient Displays,11933,2012,chi,Chained displays,10.1145/2207676.2207720,86,0.299,935.8,100,-0.0668103448275862,-0.09956709956709957,28
39,Public & Ambient Displays,11838,2012,chi,Urban HCI,10.1145/2207676.2207719,91,0.316,982.2,163,-0.03900709219858156,-0.055793991416309016,27
40,Real-time Groupware,1184,1994,cscw,Real time groupware as a distributed system,10.1145/192844.193011,170,0.588,1153.6,391,0.3225806451612903,0.09433962264150944,51
40,Real-time Groupware,1475,1996,tochi,"Building real-time groupware with GroupKit, a groupware toolkit",10.1145/226159.226162,155,0.536,1031.6,511,-0.007434944237918215,-0.0963855421686747,50
40,Real-time Groupware,709,1990,cscw,Rendezvous: an architecture for synchronous multi-user applications,10.1145/99332.99364,240,0.83,888.1,194,0.5208333333333334,0.40625,56
40,Real-time Groupware,618,1990,uist,A tour of suite user interface software,10.1145/97924.97931,238,0.824,288.8,46,0.12244897959183673,0.0,55
40,Real-time Groupware,815,1991,chi,Flexible user interface coupling in a collaborative system,10.1145/108844.108851,234,0.81,674.0,105,0.03278688524590164,-0.07692307692307693,54
40,Real-time Groupware,304,1986,cscw,An experiment in integrated multimedia conferencing,10.1145/637069.637106,248,0.858,496.8,136,1.0,1.0,59
40,Real-time Groupware,2230,1998,tochi,"Achieving convergence, causality preservation, and intention preservation in real-time coo",10.1145/274444.274447,90,0.311,1042.9,584,-0.1782178217821782,-0.04,42
40,Real-time Groupware,695,1990,cscw,MMConf: an infrastructure for building shared multimedia applications,10.1145/99332.99365,213,0.737,918.9,247,0.07017543859649122,-0.034482758620689655,57
40,Real-time Groupware,2042,1998,cscw,Operational transformation in real-time group editors,10.1145/289444.289469,90,0.311,1123.5,497,-0.13592233009708737,-0.15,43
40,Real-time Groupware,539,1989,uist,Using GELO to visualize software systems,10.1145/73660.73679,239,0.827,43.0,22,1.0,1.0,56
41,Social VR & Presence,32320,2020,pacmhci,"""Talking without a Voice""",10.1145/3415246,98,0.408,1513.5,233,-0.008756567425569177,-0.023060796645702306,12
41,Social VR & Presence,32775,2021,pacmhci,"Body, Avatar, and Me",10.1145/3432938,83,0.346,1651.7,312,-0.049813200498132,-0.049813200498132,10
41,Social VR & Presence,21770,2016,vrst,FakeMi,10.1145/2993369.2993399,137,0.571,24.0,50,1.0,1.0,15
41,Social VR & Presence,10988,2011,chi,Do men heal more when in drag?,10.1145/1978942.1979054,138,0.575,221.5,100,0.0,-0.05555555555555555,23
41,Social VR & Presence,1424,1995,chi,User embodiment in collaborative virtual environments,10.1145/223904.223935,159,0.662,208.0,377,0.8148148148148148,0.6666666666666666,51
41,Social VR & Presence,3760,2003,chi,The impact of avatar realism and eye gaze control on perceived quality of communication in,10.1145/642611.642703,146,0.608,163.7,396,0.15337423312883436,0.06896551724137931,34
41,Social VR & Presence,8306,2009,chi,Body and mind,10.1145/1518701.1518877,149,0.621,659.6,442,0.20588235294117646,0.13636363636363635,28
41,Social VR & Presence,32408,2020,chiplay,Falling Asleep Together: What Makes Activities in Social Virtual Reality Meaningful to Use,10.1145/3410404.3414266,98,0.408,1472.5,161,-0.047244094488188976,-0.056074766355140186,12
41,Social VR & Presence,30045,2019,pacmhci,Harassment in Social Virtual Reality,10.1145/3359202,98,0.408,1417.9,211,0.0810126582278481,0.07473309608540925,15
41,Social VR & Presence,28414,2019,chi,Shaping Pro-Social Interaction in VR,10.1145/3290605.3300794,120,0.5,1641.0,213,0.1206896551724138,0.050955414012738856,14
42,Mixed Reality Rooms & Video,23800,2017,mobilehci,FrontFace,10.1145/3098279.3098548,41,0.208,471.1,65,-0.047244094488188976,-0.10810810810810811,15
42,Mixed Reality Rooms & Video,16830,2014,uist,RoomAlive,10.1145/2642918.2647383,115,0.584,806.3,305,0.05157593123209169,0.02617801047120419,25
42,Mixed Reality Rooms & Video,4077,2004,vrst,Transpost,10.1145/1077534.1077576,120,0.609,20.4,12,1.0,1.0,28
42,Mixed Reality Rooms & Video,12975,2012,chi,Shake'n'sense,10.1145/2207676.2208335,117,0.594,99.8,114,0.0625,0.1,26
42,Mixed Reality Rooms & Video,5174,2006,vrst,The illusionhole with polarization filters,10.1145/1180495.1180546,119,0.604,20.4,16,0.0,0.0,27
42,Mixed Reality Rooms & Video,23031,2017,chi,ShareVR,10.1145/3025453.3025683,70,0.355,1026.6,300,0.01859229747675963,-0.002617801047120419,18
42,Mixed Reality Rooms & Video,28342,2019,chi,RealityCheck,10.1145/3290605.3300577,33,0.168,514.2,131,-0.04610951008645533,-0.06652806652806653,13
42,Mixed Reality Rooms & Video,25593,2018,chi,FaceDisplay,10.1145/3173574.3173628,37,0.188,528.5,104,-0.10104529616724739,-0.1073170731707317,13
42,Mixed Reality Rooms & Video,7996,2009,iss,The effects of changing projection geometry on the interpretation of 3D orientation on tab,10.1145/1731903.1731934,117,0.594,109.4,23,-0.0078125,-0.011904761904761904,26
42,Mixed Reality Rooms & Video,13246,2012,uist,Steerable augmented reality with the beamatron,10.1145/2380116.2380169,118,0.599,300.5,99,-0.03597122302158273,-0.05847953216374269,26
43,Live Streaming,6920,2008,cscw,Empirical evidence of information overload constraining chat channel community interaction,10.1145/1460563.1460616,105,0.625,96.6,38,0.13333333333333333,-0.0625,29
43,Live Streaming,11535,2011,chi,Starcraft from the stands,10.1145/1978942.1979053,107,0.637,546.6,210,0.14163090128755365,0.05,25
43,Live Streaming,5744,2007,chi,Watching together,10.1145/1240624.1240756,114,0.679,484.5,124,0.21138211382113822,0.2,33
43,Live Streaming,5455,2006,chi,Watching the cars go round and round,10.1145/1124772.1124955,115,0.685,186.4,41,0.006535947712418301,-0.07407407407407407,34
43,Live Streaming,16687,2014,chi,Streaming on twitch,10.1145/2556288.2557048,104,0.619,2004.3,659,0.1440162271805274,0.14184397163120568,23
43,Live Streaming,23091,2017,chi,"What Makes Live Events Engaging on Facebook Live, Periscope, and Snapchat",10.1145/3025453.3025642,77,0.458,1084.7,219,-0.09154929577464789,-0.10266159695817491,19
43,Live Streaming,27931,2019,chi,"""I feel it is my responsibility to stream""",10.1145/3290605.3300459,61,0.363,1074.1,151,-0.16042780748663102,-0.1891891891891892,16
43,Live Streaming,14585,2013,cscw,Media technologies and learning in the starcraft esport community,10.1145/2441776.2441821,105,0.625,142.2,50,0.03825136612021858,0.013888888888888888,24
43,Live Streaming,20442,2016,chi,Meerkat and Periscope,10.1145/2858036.2858374,95,0.565,1402.9,188,-0.1237785016286645,-0.1686046511627907,22
43,Live Streaming,27323,2018,chi,"You Watch, You Give, and You Engage",10.1145/3173574.3174040,66,0.393,1265.1,289,-0.12280701754385964,-0.14354066985645933,18
44,Meeting Capture & Reading,994,1992,chi,Wordspotting for voice editing and audio indexing,10.1145/142750.150715,102,0.646,162.6,24,1.0,1.0,54
44,Meeting Capture & Reading,450,1988,cscw,Capturing the capture concepts: a case study in the design of computer-supported meeting e,10.1145/62266.62287,114,0.722,159.9,141,1.0,1.0,58
44,Meeting Capture & Reading,834,1991,chi,Managing a trois,10.1145/108844.108893,111,0.703,197.0,101,0.2465753424657534,0.42857142857142855,56
44,Meeting Capture & Reading,1958,1997,chi,“I'll get that off the audio”,10.1145/258549.258704,78,0.494,774.4,152,-0.07758620689655173,-0.14285714285714285,51
44,Meeting Capture & Reading,778,1991,chi,Expressive richness,10.1145/108844.108848,106,0.671,340.1,118,0.09090909090909091,0.2,56
44,Meeting Capture & Reading,1102,1992,chi,Liveboard,10.1145/142750.143052,98,0.62,469.5,431,0.43795620437956206,0.5,54
44,Meeting Capture & Reading,948,1992,chi,Working with audio,10.1145/142750.142877,104,0.658,431.2,64,0.24324324324324326,0.75,55
44,Meeting Capture & Reading,1208,1994,chi,FILOCHAT,10.1145/191666.191763,99,0.627,809.0,172,0.11538461538461539,-0.058823529411764705,53
44,Meeting Capture & Reading,3359,2002,chi,SCANMail,10.1145/503376.503426,46,0.291,570.1,94,-0.02631578947368421,-0.11475409836065574,39
45,Distributed Cognition & Emergency Coordination,2082,1998,chi,Device design methodology for trauma applications,10.1145/274644.274723,30,0.309,30.5,11,1.0,,35
45,Distributed Cognition & Emergency Coordination,4935,2006,chi,Making action visible in time-critical work,10.1145/1124772.1124804,34,0.351,374.3,64,0.11009174311926606,0.23529411764705882,35
45,Distributed Cognition & Emergency Coordination,5959,2007,chi,A study of emergency response work,10.1145/1240624.1240824,27,0.278,265.0,91,-0.07692307692307693,-0.125,34
45,Distributed Cognition & Emergency Coordination,6473,2008,dis,Handy navigation in ever-changing spaces,10.1145/1394445.1394465,25,0.258,244.8,39,-0.04580152671755725,-0.05263157894736842,33
45,Distributed Cognition & Emergency Coordination,5675,2007,chi,Implicit coordination in firefighting practice,10.1145/1240624.1240734,24,0.247,356.7,75,-0.031578947368421054,-0.030303030303030304,29
45,Distributed Cognition & Emergency Coordination,4399,2004,cscw,"Ambiguities, Awareness and Economy: A Study of Emergency Service Work",10.1023/b:cosu.0000045707.37815.d1,37,0.381,70.3,45,0.16,0.05,36
45,Distributed Cognition & Emergency Coordination,5584,2006,chi,Participatory design in emergency medical service,10.1145/1124772.1124798,30,0.309,194.9,108,0.09722222222222222,0.0,35
45,Distributed Cognition & Emergency Coordination,4252,2004,chi,Ubiquitous computing for firefighters,10.1145/985692.985778,37,0.381,344.5,103,0.22580645161290322,0.25,36
46,Driver Distraction & Take-over,6304,2007,chi,A cognitive constraint model of dual-task trade-offs in a highly dynamic driving task,10.1145/1240624.1240664,81,0.491,105.5,34,0.2,0.125,32
46,Driver Distraction & Take-over,26338,2018,autoui,Let Me Finish before I Take Over,10.1145/3239060.3239085,24,0.145,360.3,69,0.0049382716049382715,0.0,16
46,Driver Distraction & Take-over,22146,2017,chi,Priming Drivers before Handover in Semi-Autonomous Cars,10.1145/3025453.3025507,36,0.218,360.2,102,-0.075,-0.07058823529411765,18
46,Driver Distraction & Take-over,16613,2014,chi,Evaluating multimodal driver displays under varying situational urgency,10.1145/2556288.2556988,65,0.394,428.0,98,0.1590909090909091,0.08,23
46,Driver Distraction & Take-over,21867,2016,autoui,Assisting Drivers with Ambient Take-Over Requests in Highly Automated Driving,10.1145/3003715.3005409,44,0.267,391.6,148,-0.08421052631578947,-0.046875,18
46,Driver Distraction & Take-over,4268,2004,chi,Collision warning design to mitigate driver distraction,10.1145/985692.985701,79,0.479,169.5,214,0.41304347826086957,0.2222222222222222,33
46,Driver Distraction & Take-over,8428,2009,autoui,On timing and modality choice with local danger warnings for drivers,10.1145/1620509.1620524,79,0.479,52.4,26,1.0,1.0,27
46,Driver Distraction & Take-over,7601,2009,chi,Focus on driving,10.1145/1518701.1518950,80,0.485,293.9,78,0.1232876712328767,0.2608695652173913,31
46,Driver Distraction & Take-over,5784,2007,chi,iPod distraction,10.1145/1240624.1240665,83,0.503,210.1,80,0.2222222222222222,0.25,33
46,Driver Distraction & Take-over,19001,2015,autoui,Language-based multimodal displays for the handover of control in autonomous cars,10.1145/2799250.2799262,50,0.303,524.3,193,0.19696969696969696,0.17073170731707318,21
47,In-Car Interfaces,8418,2009,autoui,Driver behaviour during haptic and visual secondary tasks,10.1145/1620509.1620533,64,0.457,118.2,38,0.18181818181818182,0.14285714285714285,27
47,In-Car Interfaces,6724,2008,chi,"You can touch, but you can't look",10.1145/1357054.1357233,86,0.614,286.2,111,0.11666666666666667,0.07936507936507936,34
47,In-Car Interfaces,14879,2013,autoui,Driver queries using wheel-constrained finger pointing and 3-D head-up display visual feed,10.1145/2516540.2516551,35,0.25,385.4,35,0.24390243902439024,0.15384615384615385,23
47,In-Car Interfaces,7566,2009,autoui,Assessing subjective response to haptic feedback in automotive touchscreens,10.1145/1620509.1620512,64,0.457,190.8,43,0.13414634146341464,0.03333333333333333,27
47,In-Car Interfaces,8144,2009,autoui,Toggle strategies for the POI selection via the iDrive controller,10.1145/1620509.1620523,64,0.457,19.6,2,1.0,1.0,27
47,In-Car Interfaces,14739,2013,autoui,Free-hand pointing for identification and interaction with distant objects,10.1145/2516540.2516556,36,0.257,365.2,50,0.2597402597402597,0.14705882352941177,23
47,In-Car Interfaces,26357,2018,autoui,I See Your Point,10.1145/3239060.3239084,20,0.143,392.5,35,0.0,-0.01098901098901099,12
47,In-Car Interfaces,11804,2012,autoui,Multimodal interaction in the car,10.1145/2390256.2390282,39,0.279,367.4,118,0.002638522427440633,-0.006666666666666667,25
47,In-Car Interfaces,9821,2010,autoui,Making use of drivers' glances onto the screen for explicit gaze-based interaction,10.1145/1969773.1969792,63,0.45,233.5,38,0.4,0.4,26
47,In-Car Interfaces,11327,2011,chi,Gestural interaction on the steering wheel,10.1145/1978942.1979010,61,0.436,452.6,103,-0.011444921316165951,-0.007722007722007722,27
48,Automated Driving,21890,2016,autoui,Your Turn or My Turn?,10.1145/3003715.3005463,70,0.547,54.5,49,1.0,1.0,21
48,Automated Driving,18116,2015,autoui,Autonomous driving,10.1145/2799250.2799268,81,0.633,409.7,198,0.3548387096774194,0.28125,22
48,Automated Driving,21865,2016,autoui,Towards Cooperative Driving,10.1145/3003715.3005458,72,0.562,495.8,85,0.14925373134328357,0.15555555555555556,21
48,Automated Driving,22347,2017,iui,SupportingTrust in Autonomous Driving,10.1145/3025171.3025198,52,0.406,473.0,168,0.1875,0.13513513513513514,20
48,Automated Driving,33774,2021,chi,"Effects of Semantic Segmentation Visualization on Trust, Situation Awareness, and Cognitiv",10.1145/3411764.3445351,36,0.281,666.8,95,-0.05555555555555555,-0.05555555555555555,11
48,Automated Driving,37233,2022,imwut,"Effects of Scene Detection, Scene Prediction, and Maneuver Planning Visualizations on Trus",10.1145/3534609,19,0.148,503.5,62,-0.05653710247349823,-0.05653710247349823,9
48,Automated Driving,21883,2016,autoui,Autonomous Driving in the Real World,10.1145/3003715.3005465,72,0.562,43.1,137,1.0,1.0,21
48,Automated Driving,31902,2020,autoui,Effect of Visualization of Pedestrian Intention Recognition on Trust and Cognitive Load,10.1145/3409120.3410648,38,0.297,474.2,65,0.037037037037037035,0.019230769230769232,12
48,Automated Driving,16031,2014,chi,Partially intelligent automobiles and driving experience at the moment of system transitio,10.1145/2556288.2557370,65,0.508,50.9,30,1.0,1.0,18
49,Car Navigation & Driver UIs,7843,2009,autoui,Design space for driver-based automotive user interfaces,10.1145/1620509.1620511,52,0.426,105.6,154,1.0,1.0,28
49,Car Navigation & Driver UIs,10236,2011,autoui,Capture the car!,10.1145/2381416.2381434,39,0.32,265.6,38,-0.08,-0.125,24
49,Car Navigation & Driver UIs,13232,2012,chi,The normal natural troubles of driving with GPS,10.1145/2207676.2208285,39,0.32,272.4,110,0.024630541871921183,0.04081632653061224,26
49,Car Navigation & Driver UIs,2641,2000,chi,The effect of task conditions on the comprehensibility of synthetic speech,10.1145/332040.332451,47,0.385,30.1,38,1.0,1.0,29
49,Car Navigation & Driver UIs,13904,2013,cscw,Come drive with me,10.1145/2441776.2441952,21,0.172,215.3,35,-0.01282051282051282,-0.061224489795918366,23
49,Car Navigation & Driver UIs,5620,2006,uist,Personalizing routes,10.1145/1166253.1166282,60,0.492,176.7,53,0.25,0.3333333333333333,32
49,Car Navigation & Driver UIs,6844,2008,chi,In-car gps navigation,10.1145/1357054.1357316,57,0.467,452.9,162,0.021739130434782608,0.0457516339869281,31
49,Car Navigation & Driver UIs,9245,2010,chi,Where should i turn,10.1145/1753326.1753516,46,0.377,449.7,77,0.03896103896103896,-0.029411764705882353,25
50,Autonomous Vehicles & Pedestrians,29367,2019,autoui,The Case for Implicit External Human-Machine Interfaces for Autonomous Vehicles,10.1145/3342197.3345320,94,0.195,1003.5,141,-0.2153846153846154,-0.18181818181818182,14
50,Autonomous Vehicles & Pedestrians,810,1991,chi,PICTIVE---an exploration in participatory design,10.1145/108844.108896,151,0.313,72.2,234,0.04878048780487805,0.024390243902439025,56
50,Autonomous Vehicles & Pedestrians,23920,2017,autoui,Eyes on a Car,10.1145/3122986.3122989,153,0.317,218.0,222,1.0,1.0,18
50,Autonomous Vehicles & Pedestrians,15635,2014,autoui,Towards Autonomous Cars,10.1145/2667317.2667330,150,0.311,526.6,334,0.13095238095238096,0.21052631578947367,22
50,Autonomous Vehicles & Pedestrians,25142,2018,chi,Communicating Awareness and Intent in Autonomous Vehicle-Pedestrian Interaction,10.1145/3173574.3174003,148,0.307,1775.3,356,0.4957983193277311,0.4125,18
50,Autonomous Vehicles & Pedestrians,30903,2020,chi,Towards Inclusive External Communication of Autonomous Vehicles for Pedestrians with Visio,10.1145/3313831.3376472,82,0.17,1113.3,91,-0.10138248847926268,-0.10824742268041238,14
50,Autonomous Vehicles & Pedestrians,2680,2000,chi,Developing a context-aware electronic tourist guide,10.1145/332040.332047,160,0.332,194.7,962,0.9384615384615385,0.9565217391304348,44
50,Autonomous Vehicles & Pedestrians,33816,2021,chi,A Taxonomy of Vulnerable Road Users for HCI Based On A Systematic Literature Review,10.1145/3411764.3445480,60,0.124,1046.2,93,-0.18110236220472442,-0.18110236220472442,11
50,Autonomous Vehicles & Pedestrians,29372,2019,autoui,How Should Automated Vehicles Interact with Pedestrians?,10.1145/3342197.3344544,108,0.224,1097.0,137,-0.2777777777777778,-0.26666666666666666,15
50,Autonomous Vehicles & Pedestrians,11999,2012,autoui,Predicting information technology usage in the car,10.1145/2390256.2390264,152,0.315,317.1,259,0.5428571428571428,0.21428571428571427,23
51,Cognitive Modeling & Mixed Small Topics,326,1986,chi,A model of mental model construction,10.1145/22627.22388,91,0.135,105.8,16,1.0,1.0,58
51,Cognitive Modeling & Mixed Small Topics,583,1989,chi,Cumulating the science of HCI: from s-R compatibility to transcription typing,10.1145/67449.67472,95,0.141,105.7,57,0.36363636363636365,1.0,57
51,Cognitive Modeling & Mixed Small Topics,263,1986,chi,Predicting the time to recall computer command abbreviations,10.1145/29933.30857,99,0.147,135.3,56,0.2857142857142857,0.0,58
51,Cognitive Modeling & Mixed Small Topics,652,1990,chi,Extensions of GOMS analyses to expert performance requiring perception of dynamic visual a,10.1145/97243.97262,93,0.138,207.6,126,0.7058823529411765,1.0,56
51,Cognitive Modeling & Mixed Small Topics,31407,2020,tochi,Supporting the Analysis of Safety Critical User Interfaces,10.1145/3404199,9,0.013,235.6,27,-0.04054054054054054,-0.041666666666666664,2
51,Cognitive Modeling & Mixed Small Topics,242,1985,chi,A theory of stimulus-response compatibility applied to human-computer interaction,10.1145/317456.317495,100,0.149,76.2,18,1.0,1.0,59
51,Cognitive Modeling & Mixed Small Topics,8056,2009,tochi,ICOs,10.1145/1614390.1614393,54,0.08,384.0,161,0.11206896551724138,0.11764705882352941,27
51,Cognitive Modeling & Mixed Small Topics,9109,2010,eics,Beyond modelling,10.1145/1822018.1822043,46,0.068,341.4,86,0.11764705882352941,0.0,26
51,Cognitive Modeling & Mixed Small Topics,1656,1996,tochi,The GOMS family of user interface analysis techniques,10.1145/235833.236054,80,0.119,428.3,685,0.6481481481481481,0.1111111111111111,51
51,Cognitive Modeling & Mixed Small Topics,1663,1996,tochi,Using GOMS for user interface design and evaluation,10.1145/235833.236050,76,0.113,298.4,392,-0.12,-0.13333333333333333,50
52,Non-visual Navigation,5696,2007,iswc,SWAN: System for Wearable Audio Navigation,10.1109/iswc.2007.4373786,116,0.763,158.1,195,0.9583333333333334,1.0,30
52,Non-visual Navigation,27928,2019,chi,BBeep,10.1145/3290605.3300282,56,0.368,538.2,116,0.023529411764705882,0.014705882352941176,13
52,Non-visual Navigation,21441,2016,uist,VizLens,10.1145/2984511.2984518,43,0.283,454.2,98,-0.05405405405405406,-0.05649717514124294,22
52,Non-visual Navigation,28392,2019,chi,Airport Accessibility and Navigation Assistance for People with Visual Impairments,10.1145/3290605.3300246,47,0.309,408.9,99,-0.10743801652892562,-0.13186813186813187,14
52,Non-visual Navigation,16042,2014,chi,The last meter,10.1145/2556288.2557328,73,0.48,208.5,42,0.03225806451612903,0.047619047619047616,23
52,Non-visual Navigation,13167,2012,chi,The user as a sensor,10.1145/2207676.2207735,92,0.605,190.3,116,1.0,1.0,22
52,Non-visual Navigation,21073,2016,mobilehci,NavCog,10.1145/2935334.2935361,80,0.526,176.1,239,0.375,0.20833333333333334,18
52,Non-visual Navigation,12056,2012,chi,CrossingGuard,10.1145/2207676.2207733,95,0.625,290.8,68,0.15315315315315314,0.1111111111111111,29
52,Non-visual Navigation,21181,2016,ubicomp,"Finding a store, searching for a product",10.1145/2971648.2971723,71,0.467,479.7,87,0.03571428571428571,0.007407407407407408,18
52,Non-visual Navigation,21278,2016,ubicomp,CueSee,10.1145/2971648.2971730,50,0.329,404.7,110,0.02857142857142857,-0.031914893617021274,17
53,Accessibility Research Practice,23144,2017,dis,Enabling Collaboration in Learning Computer Programing Inclusive of Children with Vision I,10.1145/3064663.3064689,103,0.678,951.7,148,-0.02226027397260274,-0.03257328990228013,20
53,Accessibility Research Practice,4078,2004,cscw,Assembling the senses,10.1145/1031607.1031662,109,0.717,175.1,67,0.045714285714285714,0.0,22
53,Accessibility Research Practice,26831,2018,pacmhci,Accessibility in Action,10.1145/3274449,63,0.414,819.2,62,-0.027820710973724884,-0.03535353535353535,15
53,Accessibility Research Practice,6901,2008,chi,Multimodal collaborative handwriting training for visually-impaired people,10.1145/1357054.1357119,109,0.717,101.7,80,0.4864864864864865,0.25,26
53,Accessibility Research Practice,18774,2015,chi,Collaborative Accessibility,10.1145/2702123.2702511,107,0.704,1157.9,153,-0.0099601593625498,-0.04205607476635514,21
53,Accessibility Research Practice,31062,2020,chi,The Care Work of Access,10.1145/3313831.3376568,43,0.283,684.6,102,-0.005154639175257732,-0.010309278350515464,13
53,Accessibility Research Practice,1339,1995,chi,Developing dual user interfaces for integrating blind and sighted users,10.1145/223904.223918,108,0.711,53.4,88,0.061224489795918366,0.09090909090909091,22
53,Accessibility Research Practice,7261,2008,cscw,Supporting medical conversations between deaf and hearing individuals with tabletop displa,10.1145/1460563.1460587,111,0.73,211.8,74,0.07228915662650602,0.02158273381294964,33
53,Accessibility Research Practice,29758,2019,pacmhci,"""It doesn't win you friends""",10.1145/3359293,60,0.395,894.1,99,-0.04331450094161959,-0.047493403693931395,13
54,Visual Accessibility,14306,2013,chi,Accessible photo album,10.1145/2470654.2481292,102,0.81,262.7,49,-0.029411764705882353,-0.06329113924050633,21
54,Visual Accessibility,30850,2020,chi,Twitter A11y: A Browser Extension to Make Twitter Images Accessible,10.1145/3313831.3376728,67,0.532,929.7,123,-0.1885245901639344,-0.21100917431192662,13
54,Visual Accessibility,30279,2020,chi,"""Person, Shoes, Tree. Is the Person Naked?"" What People with Vision Impairments Want in Im",10.1145/3313831.3376404,67,0.532,910.1,132,-0.12371134020618557,-0.15204678362573099,13
54,Visual Accessibility,14190,2013,chi,Visual challenges in the everyday lives of blind people,10.1145/2470654.2481291,109,0.865,582.9,228,-0.015763546798029555,-0.02711864406779661,25
54,Visual Accessibility,15824,2014,chi,Visually impaired users on an online social network,10.1145/2556288.2557415,106,0.841,675.3,120,-0.01824817518248175,-0.030534351145038167,24
54,Visual Accessibility,13716,2013,cscw,Investigating the appropriateness of social network question asking as a resource for blin,10.1145/2441776.2441915,110,0.873,693.0,148,-0.04466019417475728,-0.09433962264150944,27
54,Visual Accessibility,9462,2010,uist,VizWiz,10.1145/1866029.1866080,113,0.897,1053.3,588,0.395,0.3253968253968254,34
54,Visual Accessibility,22138,2017,chi,Understanding Blind People's Experiences with Computer-Generated Captions of Social Media ,10.1145/3025453.3025814,87,0.69,847.8,195,-0.016736401673640166,-0.03951367781155015,18
54,Visual Accessibility,22298,2017,cscw,Automatic Alt-text,10.1145/2998181.2998364,89,0.706,1117.2,250,-0.06837606837606838,-0.10294117647058823,18
55,Disability Studies in HCI,25545,2018,chi,Accessible Maps for the Blind,10.1145/3173574.3173772,81,0.147,806.0,145,0.04950495049504951,0.0,13
55,Disability Studies in HCI,8939,2010,chi,Clutching at straws,10.1145/1753326.1753583,171,0.31,386.5,108,0.21100917431192662,0.1282051282051282,28
55,Disability Studies in HCI,22094,2016,chi,MapSense,10.1145/2858036.2858375,126,0.229,551.6,115,0.018556701030927835,-0.013043478260869565,20
55,Disability Studies in HCI,11407,2011,chi,In the shadow of misperception,10.1145/1978942.1979044,221,0.401,969.5,479,0.8979591836734694,0.7391304347826086,28
55,Disability Studies in HCI,28048,2019,chi,Deaf and Hard-of-hearing Individuals' Preferences for Wearable and Mobile Sound Awareness ,10.1145/3290605.3300276,52,0.094,637.2,84,-0.023931623931623933,-0.01278772378516624,14
55,Disability Studies in HCI,28343,2019,chi,The Promise of Empathy,10.1145/3290605.3300528,126,0.229,843.0,392,0.1930835734870317,0.18222222222222223,18
55,Disability Studies in HCI,11387,2011,chi,Usable gestures for blind people,10.1145/1978942.1979001,170,0.309,267.4,309,0.008880994671403197,-0.01834862385321101,30
55,Disability Studies in HCI,4349,2004,chi,The participatory design of a sound and image enhanced daily planner for people with aphas,10.1145/985692.985744,163,0.296,81.0,145,0.9615384615384616,1.0,41
55,Disability Studies in HCI,383,1986,chi,Human interface design and the handicapped user,10.1145/22627.22386,217,0.394,96.2,19,1.0,,51
56,Esports & Player Communities,4996,2006,cscw,Strangers and friends,10.1145/1180875.1180898,127,0.882,956.3,416,0.23225806451612904,0.15625,35
56,Esports & Player Communities,5450,2006,chi,"""Alone together?""",10.1145/1124772.1124834,128,0.889,865.4,757,0.08064516129032258,-0.06,35
56,Esports & Player Communities,32492,2020,chiplay,Toxic Behaviors in Team-Based Competitive Gaming: The Case of League of Legends,10.1145/3410404.3414243,31,0.215,774.5,129,-0.07058823529411765,-0.05787781350482315,10
56,Esports & Player Communities,3888,2004,cscw,CSCW at play,10.1145/1031607.1031666,133,0.924,447.5,154,0.034482758620689655,-0.017241379310344827,36
56,Esports & Player Communities,4208,2004,chi,The usability of massively multiplayer online roleplaying games,10.1145/985692.985781,129,0.896,28.7,59,1.0,1.0,36
56,Esports & Player Communities,4080,2004,cscw,Hiding and revealing in online poker games,10.1145/1031607.1031668,128,0.889,62.9,26,0.5,0.5,36
56,Esports & Player Communities,18775,2015,chi,Exploring Cyberbullying and Other Toxic Behavior in Team Competition Online Games,10.1145/2702123.2702529,66,0.458,650.7,263,0.19148936170212766,0.05128205128205128,22
56,Esports & Player Communities,30776,2020,chi,"See No Evil, Hear No Evil, Speak No Evil: How Collegiate Players Define, Experience and Co",10.1145/3313831.3376191,38,0.264,691.9,118,-0.022222222222222223,-0.016666666666666666,11
56,Esports & Player Communities,4158,2004,cscw,The social side of gaming,10.1145/1031607.1031667,131,0.91,373.9,353,0.0636182902584493,0.046875,36
57,Player Experience & Immersion,21354,2016,chiplay,The Motivational Push of Games,10.1145/2967934.2968091,31,0.235,313.0,65,-0.017857142857142856,-0.04081632653061224,17
57,Player Experience & Immersion,31213,2020,chi,Self-Determination Theory in HCI Games Research: Current Uses and Open Questions,10.1145/3313831.3376723,19,0.144,441.8,257,-0.03140495867768595,-0.03925233644859813,11
57,Player Experience & Immersion,18543,2015,chiplay,How Self-Esteem Shapes our Interactions with Play Technologies,10.1145/2793107.2793111,49,0.371,314.9,47,0.0,-0.02142857142857143,23
57,Player Experience & Immersion,14003,2013,chi,Control your game-self,10.1145/2470654.2470752,68,0.515,475.5,108,0.26851851851851855,0.2982456140350877,25
57,Player Experience & Immersion,20531,2016,chi,Fostering Intrinsic Motivation through Avatar Identification in Digital Games,10.1145/2858036.2858062,41,0.311,561.3,262,0.006944444444444444,-0.07058823529411765,20
57,Player Experience & Immersion,5497,2006,chi,A continuous and objective evaluation of emotional experience with interactive play enviro,10.1145/1124772.1124926,76,0.576,139.6,265,0.5737704918032787,0.4,35
57,Player Experience & Immersion,15995,2014,cscw,How players value their characters in world of warcraft,10.1145/2531602.2531661,43,0.326,210.3,46,0.05181347150259067,0.012195121951219513,21
57,Player Experience & Immersion,17663,2015,chiplay,Manipulating Leaderboards to Induce Player Experience,10.1145/2793107.2793138,51,0.386,283.0,58,0.013215859030837005,0.0,23
58,Gamification & Engagement,2592,2000,chi,Hedonic and <i>ergonomic quality aspects determine a software's appeal</i>,10.1145/332040.332432,319,0.461,159.7,417,0.45454545454545453,,33
58,Gamification & Engagement,2659,2000,dis,The building blocks of experience,10.1145/347642.347800,328,0.474,87.9,413,1.0,1.0,34
58,Gamification & Engagement,25253,2018,chi,“An Odd Kind of Pleasure”,10.1145/3173574.3173615,127,0.184,864.2,99,-0.07796610169491526,-0.0736196319018405,15
58,Gamification & Engagement,10617,2011,chi,Old wine in new bottles or novel challenges,10.1145/1978942.1979336,301,0.435,673.2,647,0.02631578947368421,-0.11904761904761904,30
58,Gamification & Engagement,5418,2006,dis,"Interaction, usability and aesthetics",10.1145/1142405.1142446,311,0.449,122.6,247,1.0,1.0,33
58,Gamification & Engagement,16275,2014,chi,A systematic review of quantitative studies on the enjoyment of digital entertainment game,10.1145/2556288.2557078,262,0.379,841.0,210,0.1643835616438356,0.1095890410958904,23
58,Gamification & Engagement,26709,2018,chiplay,"""A Game that Makes You Question...""",10.1145/3242671.3242691,119,0.172,834.8,89,-0.04395604395604396,-0.046153846153846156,14
58,Gamification & Engagement,4374,2004,dis,Understanding experience in interactive systems,10.1145/1013115.1013152,323,0.467,351.6,913,0.16560509554140126,0.078125,33
58,Gamification & Engagement,20281,2016,chi,"Negative Emotion, Positive Experience?",10.1145/2858036.2858227,171,0.247,1155.4,179,0.0,0.0,19
58,Gamification & Engagement,8477,2009,chi,User experience over time,10.1145/1518701.1518814,312,0.451,414.8,549,0.15849056603773584,0.21176470588235294,31
59,Social Robots in the Field,22337,2017,hri,The Robotic Social Attributes Scale (RoSAS),10.1145/2909824.3020208,359,0.207,1086.9,549,0.7010309278350515,0.5555555555555556,18
59,Social Robots in the Field,5507,2006,hri,Service robots in the domestic environment,10.1145/1121241.1121286,913,0.527,1111.5,511,0.1614457831325301,0.14606741573033707,34
59,Social Robots in the Field,1541,1996,cscw,Extending CSCW into domestic environments (workshop session) (abstract only),10.1145/240080.318345,914,0.528,53.7,5,1.0,1.0,42
59,Social Robots in the Field,4071,2004,iui,Where to look,10.1145/964442.964458,916,0.529,252.1,325,1.0,1.0,35
59,Social Robots in the Field,1647,1996,cscw,My partner is a real dog,10.1145/240080.240351,891,0.514,60.4,64,0.36,0.3333333333333333,42
59,Social Robots in the Field,18287,2015,ubicomp,Drone &amp; me,10.1145/2750858.2805823,92,0.053,1122.2,295,-0.03067484662576687,-0.06134969325153374,21
59,Social Robots in the Field,7091,2008,hri,Robots in organizations,10.1145/1349822.1349860,806,0.465,1209.4,361,0.0706713780918728,0.0625,28
59,Social Robots in the Field,8409,2009,hri,Footing in human-robot conversations,10.1145/1514095.1514109,802,0.463,1296.0,389,0.24858757062146894,0.30952380952380953,28
59,Social Robots in the Field,5213,2006,hri,Effects of adaptive robot dialogue on information exchange and social relations,10.1145/1121241.1121264,939,0.542,218.5,94,1.0,1.0,32
60,Generative AI & Writing,27368,2019,chi,Mapping the Landscape of Creativity Support Tools in HCI,10.1145/3290605.3300619,732,0.631,4037.0,389,-0.05060422960725076,-0.056043956043956046,16
60,Generative AI & Writing,2825,2000,tochi,Transcending the individual human mind—creating shared understanding through collaborative,10.1145/344949.345015,824,0.71,226.9,503,0.013958125623130608,0.0,41
60,Generative AI & Writing,6281,2007,cc,Designing for collaborative creative problem solving,10.1145/1254960.1254980,823,0.709,389.0,167,0.006711409395973154,-0.017857142857142856,31
60,Generative AI & Writing,35625,2022,chi,AI Chains: Transparent and Controllable Human-AI Interaction by Chaining Large Language Mo,10.1145/3491102.3517582,586,0.505,3744.2,449,0.04755784061696658,0.04755784061696658,12
60,Generative AI & Writing,39436,2023,chi,Why Johnny Can’t Prompt: How Non-AI Experts Try (and Fail) to Design LLM Prompts,10.1145/3544548.3581388,458,0.395,4767.6,839,0.09401709401709402,0.09401709401709402,8
60,Generative AI & Writing,8238,2009,cc,Creativity factor evaluation,10.1145/1640233.1640255,819,0.706,402.5,132,0.7857142857142857,0.5625,29
60,Generative AI & Writing,1326,1995,dis,Designing in a design community,10.1145/225434.225463,825,0.711,33.2,12,1.0,1.0,43
60,Generative AI & Writing,2837,2000,tochi,Creating creativity,10.1145/344949.345077,843,0.727,437.5,430,0.43636363636363634,0.6363636363636364,41
60,Generative AI & Writing,35926,2022,iui,Wordcraft: Story Writing With Large Language Models,10.1145/3490099.3511105,521,0.449,4303.7,365,0.35555555555555557,0.35555555555555557,10
60,Generative AI & Writing,35835,2022,chi,CoAuthor: Designing a Human-AI Collaborative Writing Dataset for Exploring Language Model ,10.1145/3491102.3502030,563,0.485,3909.6,329,-0.03070175438596491,-0.03070175438596491,12
61,Voice & Conversational Agents,1185,1994,chi,Using a human face in an interface,10.1145/191666.191708,809,0.737,130.5,224,0.5483870967741935,0.3,45
61,Voice & Conversational Agents,2818,2000,chi,Does computer-generated speech manifest personality? an experimental test of similarity-at,10.1145/332040.332452,807,0.735,228.5,234,1.0,1.0,37
61,Voice & Conversational Agents,20548,2016,chi,"""Like Having a Really Bad PA""",10.1145/2858036.2858288,762,0.694,5899.0,1108,0.6909090909090909,0.6804733727810651,23
61,Voice & Conversational Agents,28452,2019,tochi,"Music, Search, and IoT",10.1145/3311956,487,0.444,1974.3,350,-0.058682634730538925,-0.06935483870967742,16
61,Voice & Conversational Agents,2598,2000,chi,"The effects of animated characters on anxiety, task performance, and evaluations of user i",10.1145/332040.332406,804,0.732,163.0,219,0.0502092050209205,0.3,38
61,Voice & Conversational Agents,30223,2019,chi,What Makes a Good Conversation?,10.1145/3290605.3300705,533,0.485,3313.7,450,-0.08048289738430583,-0.12299465240641712,15
61,Voice & Conversational Agents,1296,1994,chi,Computers are social actors,10.1145/191666.191703,835,0.76,655.4,1884,1.0,1.0,46
61,Voice & Conversational Agents,23728,2017,mobilehci,"""What can i help you with?""",10.1145/3098279.3098539,651,0.593,2735.3,352,-0.18384401114206128,-0.22857142857142856,17
61,Voice & Conversational Agents,24728,2018,chi,Voice Interfaces in Everyday Life,10.1145/3173574.3174214,670,0.61,4955.3,700,-0.03696098562628337,-0.05952380952380952,20
61,Voice & Conversational Agents,2426,1999,chi,Embodiment in conversational interfaces,10.1145/302979.303150,825,0.751,490.6,563,0.8823529411764706,0.9230769230769231,44
62,End-user Programming & UI Design Tools,8385,2009,uist,Sikuli,10.1145/1622176.1622213,272,0.439,1131.9,345,0.018867924528301886,-0.13043478260869565,34
62,End-user Programming & UI Design Tools,2658,2000,dis,"Sitemaps, storyboards, and specifications",10.1145/347642.347758,418,0.675,478.1,217,0.11650485436893204,0.047619047619047616,43
62,End-user Programming & UI Design Tools,6086,2007,chi,Koala,10.1145/1240624.1240767,347,0.561,944.4,162,0.005025125628140704,-0.05357142857142857,36
62,End-user Programming & UI Design Tools,3239,2002,uist,Side views,10.1145/571985.571996,401,0.648,440.0,109,0.17415730337078653,0.08,41
62,End-user Programming & UI Design Tools,1037,1992,chi,Rough and ready prototypes,10.1145/1125021.1125094,423,0.683,101.9,119,0.8333333333333334,0.75,51
62,End-user Programming & UI Design Tools,6541,2008,chi,CoScripter,10.1145/1357054.1357323,297,0.48,983.7,312,0.2826086956521739,0.18518518518518517,35
62,End-user Programming & UI Design Tools,722,1990,cscw,Animating interfaces,10.1145/99332.99358,425,0.687,74.2,25,1.0,1.0,52
62,End-user Programming & UI Design Tools,730,1991,chi,EAGER,10.1145/108844.108850,428,0.691,335.3,279,0.6956521739130435,0.625,52
62,End-user Programming & UI Design Tools,4603,2005,uist,Automation and customization of rendered web pages,10.1145/1095034.1095062,360,0.582,1152.0,224,0.2857142857142857,-0.03125,38
62,End-user Programming & UI Design Tools,24190,2017,uist,Rico,10.1145/3126594.3126651,127,0.205,1964.1,466,0.01015228426395939,-0.1651376146788991,18
63,Robots & Agents in Education,35872,2022,chi,StoryBuddy: A Human-AI Collaborative Chatbot for Parent-Child Interactive Storytelling wit,10.1145/3491102.3517479,85,0.179,1069.4,160,0.0,0.0,7
63,Robots & Agents in Education,1697,1997,chi,The persona effect,10.1145/258549.258797,266,0.56,130.3,800,0.9230769230769231,0.7,44
63,Robots & Agents in Education,41861,2024,chi,Mathemyths: Leveraging Large Language Models to Teach Mathematical Language through Child-,10.1145/3613904.3642647,44,0.093,1022.4,86,-0.03110047846889952,-0.03110047846889952,3
63,Robots & Agents in Education,28583,2019,idc,"Hey Google, Do Unicorns Exist?",10.1145/3311927.3323150,158,0.333,768.9,138,-0.09205020920502092,-0.11049723756906077,16
63,Robots & Agents in Education,12299,2012,hri,Learning verbs by teaching a care-receiving robot by children,10.1145/2157689.2157781,242,0.509,69.1,24,1.0,1.0,23
63,Robots & Agents in Education,36267,2022,chi,StoryDrawer,10.1145/3491102.3501914,78,0.164,1040.0,109,-0.029850746268656716,-0.029850746268656716,11
63,Robots & Agents in Education,40155,2023,idc,Design implications of generative AI systems for visual storytelling for young learners,10.1145/3585088.3593867,59,0.124,812.9,124,0.059322033898305086,0.059322033898305086,7
63,Robots & Agents in Education,8890,2010,chi,Expressive robots in education,10.1145/1753326.1753567,244,0.514,303.6,319,0.24489795918367346,0.21052631578947367,22
63,Robots & Agents in Education,1979,1997,iui,Intelligent software,10.1145/238218.238283,247,0.52,28.8,23,1.0,1.0,37
63,Robots & Agents in Education,2429,1999,chi,Emotional interfaces for interactive aardvarks,10.1145/302979.303152,245,0.516,50.8,38,-0.007042253521126761,0.0,36
64,Video Interfaces & Editing,16288,2014,chi,Crowdsourcing step-by-step information extraction to enhance existing how-to videos,10.1145/2556288.2556986,141,0.33,1169.2,129,-0.05895196506550218,-0.046511627906976744,26
64,Video Interfaces & Editing,355,1986,chi,Advising roles of a computer consultant,10.1145/22627.22345,237,0.555,78.7,15,0.25,0.5,59
64,Video Interfaces & Editing,12326,2012,uist,MixT,10.1145/2380116.2380130,159,0.372,1310.5,108,-0.12040133779264214,-0.21428571428571427,28
64,Video Interfaces & Editing,9768,2010,uist,Chronicle,10.1145/1866029.1866054,187,0.438,1334.0,151,-0.03740648379052369,-0.1510791366906475,30
64,Video Interfaces & Editing,10323,2011,uist,Pause-and-play,10.1145/2047196.2047213,164,0.384,1303.8,145,-0.11693548387096774,-0.26582278481012656,29
64,Video Interfaces & Editing,247,1985,chi,Information sought and information provided,10.1145/317456.317486,239,0.56,77.4,20,1.0,1.0,60
64,Video Interfaces & Editing,251,1985,chi,Knowledge-based help systems,10.1145/317456.317487,238,0.557,43.6,68,1.0,1.0,60
64,Video Interfaces & Editing,9788,2010,chi,ToolClips,10.1145/1753326.1753552,188,0.44,1039.1,126,-0.0893854748603352,-0.2727272727272727,30
64,Video Interfaces & Editing,126,1982,chi,Composing letters with a simulated listening typewriter,10.1145/800049.801813,236,0.553,43.6,46,1.0,,59
64,Video Interfaces & Editing,447,1988,chi,Justified advice: a semi-naturalistic study of advisory strategies,10.1145/57167.57198,235,0.55,131.1,26,0.8333333333333334,0.75,58
65,Meeting Support & Group Displays,705,1990,cscw,Collaborative technology and group process feedback: their impact on interactive sequences,10.1145/99332.99341,87,0.475,87.4,63,0.1724137931034483,0.0,36
65,Meeting Support & Group Displays,290,1986,cscw,A group decision support system for idea generation and issue analysis in organization pla,10.1145/637069.637073,88,0.481,41.6,98,1.0,1.0,62
65,Meeting Support & Group Displays,39268,2023,chi,Visual Captions: Augmenting Verbal Communication with On-the-fly Visuals,10.1145/3544548.3581566,31,0.169,477.6,45,-0.017064846416382253,-0.017064846416382253,8
65,Meeting Support & Group Displays,4171,2004,iui,Second messenger,10.1145/964442.964489,88,0.481,45.5,17,1.0,1.0,36
65,Meeting Support & Group Displays,4236,2004,cscw,Influencing group participation with a shared display,10.1145/1031607.1031713,86,0.47,394.2,220,0.5142857142857142,0.3125,35
65,Meeting Support & Group Displays,7021,2008,cscw,Meeting mediator,10.1145/1460563.1460636,79,0.432,331.4,222,0.28440366972477066,0.0,27
65,Meeting Support & Group Displays,8213,2009,chi,Visualizing real-time language-based feedback on teamwork behavior in computer-mediated gr,10.1145/1518701.1518784,67,0.366,370.6,86,0.006402048655569782,0.0,29
65,Meeting Support & Group Displays,42843,2024,chi,GazePointAR: A Context-Aware Multimodal Voice Assistant for Pronoun Disambiguation in Wear,10.1145/3613904.3642230,13,0.071,454.5,81,0.005333333333333333,0.005333333333333333,5
65,Meeting Support & Group Displays,43039,2024,chi,LLMR: Real-time Prompting of Interactive Worlds using Large Language Models,10.1145/3613904.3642579,18,0.098,569.3,110,0.208,0.208,4
66,Usability Methods & Personas,864,1992,chi,Comparison of empirical testing and walkthrough methods in user interface evaluation,10.1145/142750.142873,79,0.5,334.4,303,-0.05,-0.1,56
66,Usability Methods & Personas,868,1992,chi,Finding usability problems through heuristic evaluation,10.1145/142750.142834,65,0.411,205.7,1062,0.09950248756218906,0.17647058823529413,55
66,Usability Methods & Personas,13222,2012,chi,How do designers and user experience professionals actually perceive and use personas?,10.1145/2207676.2208573,34,0.215,436.0,234,0.056074766355140186,-0.06,24
66,Usability Methods & Personas,839,1991,chi,User interface evaluation in the real world,10.1145/108844.108862,89,0.563,414.7,621,-0.04938271604938271,-0.5714285714285714,57
66,Usability Methods & Personas,715,1990,chi,Testing a walkthrough methodology for theory-based design of walk-up-and-use interfaces,10.1145/97243.97279,92,0.582,382.4,561,0.6122448979591837,0.9166666666666666,58
66,Usability Methods & Personas,31342,2020,chi,A Literature Review of Quantitative Persona Creation,10.1145/3313831.3376502,18,0.114,383.7,114,-0.04516129032258064,-0.03787878787878788,10
66,Usability Methods & Personas,720,1990,chi,Heuristic evaluation of user interfaces,10.1145/97243.97281,97,0.614,388.4,3455,1.0,1.0,58
67,Multimodal Speech Interfaces,1346,1995,chi,GeoSpace,10.1145/223904.223959,67,0.549,45.6,56,0.5,0.5,48
67,Multimodal Speech Interfaces,1764,1997,chi,Integration and synchronization of input modes during multimodal human-computer interactio,10.1145/258549.258821,59,0.484,278.5,365,0.4032258064516129,0.2,42
67,Multimodal Speech Interfaces,1477,1996,chi,Multimodal interfaces for dynamic interactive maps,10.1145/238386.238438,65,0.533,135.5,179,0.4,0.3333333333333333,44
67,Multimodal Speech Interfaces,529,1989,chi,Synergistic use of direct manipulation and natural language,10.1145/67449.67494,68,0.557,131.0,145,0.9166666666666666,0.6666666666666666,55
67,Multimodal Speech Interfaces,2646,2000,uist,Multimodal system processing in mobile environments,10.1145/354401.354408,31,0.254,143.6,92,-0.16279069767441862,-0.3333333333333333,40
67,Multimodal Speech Interfaces,4313,2004,chi,A study of digital ink in lecture presentation,10.1145/985692.985764,7,0.057,139.5,98,0.047619047619047616,0.09090909090909091,39
67,Multimodal Speech Interfaces,4315,2004,icmi,Identifying the addressee in human-human-robot interactions based on head pose and speech,10.1145/1027933.1027959,15,0.123,149.4,123,0.029411764705882353,0.09090909090909091,38
67,Multimodal Speech Interfaces,2270,1999,chi,Mutual disambiguation of recognition errors in a multimodel architecture,10.1145/302979.303163,39,0.32,281.2,315,0.3764705882352941,0.2608695652173913,41
68,Natural Language Interfaces & Human-AI Teams,37659,2022,uist,Threddy: An Interactive System for Personalized Thread-based Exploration and Organization ,10.1145/3526113.3545660,35,0.111,963.8,47,-0.15730337078651685,-0.15730337078651685,8
68,Natural Language Interfaces & Human-AI Teams,21411,2016,uist,Eviza,10.1145/2984511.2984588,38,0.12,670.8,228,-0.5945945945945946,-0.6,20
68,Natural Language Interfaces & Human-AI Teams,9348,2010,chi,A study of tabbed browsing among mozilla firefox users,10.1145/1753326.1753426,60,0.19,127.0,65,0.018518518518518517,0.058823529411764705,23
68,Natural Language Interfaces & Human-AI Teams,10699,2011,chi,Role of available and provided resources in sensemaking,10.1145/1978942.1979204,60,0.19,52.4,11,0.029411764705882353,0.08333333333333333,26
68,Natural Language Interfaces & Human-AI Teams,40715,2023,uist,Synergi: A Mixed-Initiative System for Scholarly Synthesis and Sensemaking,10.1145/3586183.3606759,25,0.079,794.1,44,-0.175,-0.175,5
68,Natural Language Interfaces & Human-AI Teams,38765,2023,chi,CiteSee: Augmenting Citations in Scientific Papers with Persistent and Personalized Histor,10.1145/3544548.3580847,27,0.085,570.0,45,-0.04265402843601896,-0.04265402843601896,6
68,Natural Language Interfaces & Human-AI Teams,7251,2008,chi,SearchBar,10.1145/1357054.1357242,63,0.199,234.3,143,-0.007142857142857143,-0.04819277108433735,34
68,Natural Language Interfaces & Human-AI Teams,19508,2015,uist,DataTone,10.1145/2807442.2807478,39,0.123,769.9,246,0.5979381443298969,0.2857142857142857,22
68,Natural Language Interfaces & Human-AI Teams,7832,2009,chi,With a little help from my friends,10.1145/1518701.1518977,61,0.193,59.4,72,0.056451612903225805,0.07317073170731707,27
68,Natural Language Interfaces & Human-AI Teams,14331,2013,chi,Costs and benefits of structured information foraging,10.1145/2470654.2481415,61,0.193,413.8,40,-0.017964071856287425,0.0,26
69,Urban Mobility Data,5536,2006,ubicomp,Predestination: Inferring Destinations from Partial Trajectories,10.1007/11853565_15,139,0.629,356.4,455,0.8823529411764706,0.7647058823529411,32
69,Urban Mobility Data,11173,2011,ubicomp,Urban computing with taxicabs,10.1145/2030112.2030126,103,0.466,244.3,525,0.25,0.23809523809523808,24
69,Urban Mobility Data,7245,2008,ubicomp,Understanding mobility based on GPS data,10.1145/1409635.1409677,128,0.579,365.2,1110,0.22033898305084745,0.10714285714285714,31
69,Urban Mobility Data,18685,2015,ubicomp,Revisitation analysis of smartphone app use,10.1145/2750858.2807542,40,0.181,363.3,93,-0.052941176470588235,-0.08247422680412371,21
69,Urban Mobility Data,27187,2018,imwut,Your Apps Give You Away,10.1145/3264948,26,0.118,317.3,77,-0.046153846153846156,-0.061224489795918366,11
69,Urban Mobility Data,7161,2008,ubicomp,Navigate like a cabbie,10.1145/1409635.1409678,112,0.507,249.3,274,-0.007936507936507936,-0.02702702702702703,27
69,Urban Mobility Data,9693,2010,ubicomp,Bridging the gap between physical location and online social networks,10.1145/1864349.1864380,107,0.484,136.5,436,0.08695652173913043,0.0392156862745098,28
69,Urban Mobility Data,12126,2012,ubicomp,Understanding and prediction of mobile application usage for smart phones,10.1145/2370216.2370243,61,0.276,529.3,274,0.5588235294117647,0.5714285714285714,28
70,Email & Web Revisitation,420,1988,cscw,More than just a communication system: diversity in the use of electronic mail,10.1145/62266.62293,159,0.719,356.3,180,0.9285714285714286,1.0,53
70,Email & Web Revisitation,2924,2001,uist,Support for multitasking and background awareness using interactive peripheral displays,10.1145/502348.502355,143,0.647,593.5,174,-0.005847953216374269,-0.03680981595092025,43
70,Email & Web Revisitation,1649,1996,chi,Email overload,10.1145/238386.238530,164,0.742,1272.3,973,0.5950920245398773,0.35714285714285715,48
70,Email & Web Revisitation,2738,2000,dis,Informing the design of an information management system with iterative fieldwork,10.1145/347642.347728,156,0.706,204.9,100,0.027972027972027972,0.023255813953488372,42
70,Email & Web Revisitation,307,1986,cscw,Constraints on communication and electronic mail,10.1145/637069.637079,160,0.724,59.9,21,1.0,1.0,54
70,Email & Web Revisitation,3829,2003,chi,Taking email to task,10.1145/642611.642672,150,0.679,1361.3,367,-0.0661764705882353,-0.03636363636363636,40
70,Email & Web Revisitation,2262,1999,tochi,Presto,10.1145/319091.319099,160,0.724,549.9,208,0.04,0.08695652173913043,44
70,Email & Web Revisitation,4826,2005,iui,TaskTracer,10.1145/1040830.1040855,85,0.385,777.8,239,-0.058823529411764705,-0.15217391304347827,37
70,Email & Web Revisitation,3775,2003,chi,UMEA,10.1145/642611.642673,123,0.557,924.6,212,0.050724637681159424,0.03571428571428571,39
71,Notifications & Interruptibility,16450,2014,mobilehci,An in-situ study of mobile phone notifications,10.1145/2628363.2628364,97,0.497,1384.5,346,-0.09009009009009009,-0.11904761904761904,23
71,Notifications & Interruptibility,3399,2002,chi,"""I'd be overwhelmed, but it's just one more thing to do""",10.1145/503376.503394,179,0.918,755.0,236,0.11272727272727273,0.1724137931034483,42
71,Notifications & Interruptibility,15885,2014,chi,Large-scale assessment of mobile notifications,10.1145/2556288.2557189,110,0.564,1504.0,342,0.0219435736677116,-0.026490066225165563,25
71,Notifications & Interruptibility,3598,2003,uist,"Rhythm modeling, visualizations and applications",10.1145/964696.964698,161,0.826,257.9,105,0.017241379310344827,-0.02247191011235955,40
71,Notifications & Interruptibility,3726,2003,chi,Predicting human interruptibility with sensors,10.1145/642611.642657,170,0.872,1240.5,295,0.3883495145631068,0.07142857142857142,41
71,Notifications & Interruptibility,20591,2016,chi,My Phone and Me,10.1145/2858036.2858566,79,0.405,1454.4,258,-0.17993079584775087,-0.21568627450980393,20
71,Notifications & Interruptibility,3185,2002,dis,Mediator and medium,10.1145/778712.778767,158,0.81,70.6,20,1.0,1.0,40
71,Notifications & Interruptibility,4082,2004,chi,"If not now, when?",10.1145/985692.985727,148,0.759,1400.5,522,0.19856459330143542,-0.017543859649122806,38
71,Notifications & Interruptibility,17142,2014,ubicomp,InterruptMe,10.1145/2632048.2632062,96,0.492,1487.3,283,-0.14035087719298245,-0.14685314685314685,24
71,Notifications & Interruptibility,3771,2003,icmi,Learning and reasoning about interruption,10.1145/958432.958440,164,0.841,1093.3,267,0.03755868544600939,0.027777777777777776,40
72,Instant Messaging,2789,2000,cscw,Interaction and outeraction,10.1145/358916.358975,139,0.803,1944.6,1076,0.23846153846153847,0.1348314606741573,46
72,Instant Messaging,1234,1994,cscw,Life and death of new technology,10.1145/192844.192858,145,0.838,154.1,42,0.42857142857142855,0.375,48
72,Instant Messaging,2419,1999,chi,Socially translucent systems,10.1145/302979.302997,153,0.884,770.9,334,0.11070110701107011,0.1388888888888889,48
72,Instant Messaging,2452,1999,group,It's all in the words,10.1145/320297.320302,140,0.809,200.4,89,0.08333333333333333,0.12195121951219512,47
72,Instant Messaging,17428,2014,cscw,Everyday dwelling with WhatsApp,10.1145/2531602.2531679,48,0.277,798.0,299,0.03361344537815126,-0.08064516129032258,23
72,Instant Messaging,3030,2001,chi,ConNexus to awarenex,10.1145/365024.365105,133,0.769,715.3,268,-0.07868852459016394,-0.23958333333333334,44
72,Instant Messaging,3353,2002,cscw,"The character, functions, and styles of instant messaging in the workplace",10.1145/587078.587081,107,0.618,1029.5,369,-0.10212765957446808,-0.18072289156626506,42
72,Instant Messaging,2237,1998,chi,The first noble truth of CyberSpace,10.1145/274644.274693,141,0.815,36.6,58,1.0,1.0,48
73,Digital Self-control,14179,2013,ubicomp,Automatically detecting problematic use of smartphones,10.1145/2493432.2493443,100,0.82,134.9,101,1.0,1.0,25
73,Digital Self-control,18148,2015,cscw,NUGU,10.1145/2675133.2675244,96,0.787,1514.0,176,-0.03773584905660377,-0.06222222222222222,21
73,Digital Self-control,25004,2018,imwut,What Makes Smartphone Use Meaningful or Meaningless?,10.1145/3191754,77,0.631,1393.6,207,-0.0756578947368421,-0.0913978494623656,16
73,Digital Self-control,16974,2014,chi,Hooked on smartphones,10.1145/2556288.2557366,101,0.828,865.7,195,0.13043478260869565,0.12087912087912088,25
73,Digital Self-control,15055,2013,cscw,Managing mobile multitasking,10.1145/2441776.2441945,104,0.852,652.3,115,0.12455516014234876,0.11864406779661017,26
73,Digital Self-control,20334,2016,chi,Lock n' LoL,10.1145/2858036.2858568,91,0.746,1407.3,109,-0.0859375,-0.08712121212121213,19
73,Digital Self-control,30229,2019,chi,Self-Control in Cyberspace,10.1145/3290605.3300361,69,0.566,1386.5,211,-0.05922165820642978,-0.0688836104513064,14
73,Digital Self-control,20408,2016,chi,MyTime,10.1145/2858036.2858403,91,0.746,1436.4,141,-0.05740181268882175,-0.056818181818181816,19
73,Digital Self-control,13848,2013,chi,Stories of the Smartphone in everyday discourse,10.1145/2470654.2466134,106,0.869,629.6,144,0.012450851900393184,0.005025125628140704,26
74,Location Sharing & Privacy,4356,2004,dis,Privacy risk models for designing privacy-sensitive ubiquitous computing systems,10.1145/1013115.1013129,84,0.7,121.4,248,-0.0031847133757961785,-0.11864406779661017,40
74,Location Sharing & Privacy,8102,2009,chi,Who's viewed you?,10.1145/1518701.1519005,59,0.492,658.7,165,-0.03857566765578635,-0.14,31
74,Location Sharing & Privacy,7372,2008,chi,From awareness to repartee: sharing location within social groups,10.1145/1357054.1357134,63,0.525,672.5,185,-0.021148036253776436,-0.05555555555555555,32
74,Location Sharing & Privacy,3727,2003,ubicomp,RightSPOT: A Novel Sense of Location for a Smart Personal Object,10.1007/978-3-540-39653-6_3,88,0.733,208.7,134,1.0,1.0,39
74,Location Sharing & Privacy,4754,2005,ubicomp,Self-Mapping in 802.11 Location Systems,10.1007/11551201_6,70,0.583,108.8,101,0.18181818181818182,0.42857142857142855,33
74,Location Sharing & Privacy,7444,2008,chi,From awareness to repartee,10.1145/1357054.1357134,63,0.525,672.5,141,-0.02108433734939759,-0.05555555555555555,32
74,Location Sharing & Privacy,4855,2005,chi,Location disclosure to social relations,10.1145/1054972.1054985,83,0.692,1687.1,551,0.11634349030470914,-0.027777777777777776,39
74,Location Sharing & Privacy,4895,2005,ubicomp,"Control, Deception, and Communication: Evaluating the Deployment of a Location-Enhanced Me",10.1007/11551201_13,71,0.592,746.9,102,-0.02909090909090909,-0.08333333333333333,38
75,Task Switching at Work,7041,2008,chi,The cost of interrupted work,10.1145/1357054.1357072,69,0.57,792.1,650,-0.06876790830945559,0.0,29
75,Task Switching at Work,4260,2004,chi,"""Constant, constant, multi-tasking craziness""",10.1145/985692.985707,95,0.785,1177.7,705,0.3444976076555024,-0.12121212121212122,39
75,Task Switching at Work,6027,2007,chi,Disruption and recovery of computing tasks,10.1145/1240624.1240730,86,0.711,861.4,294,-0.12654320987654322,-0.16853932584269662,35
75,Task Switching at Work,4049,2004,chi,A diary study of task switching and interruptions,10.1145/985692.985715,94,0.777,1282.0,817,0.4472573839662447,0.06666666666666667,39
75,Task Switching at Work,954,1992,chi,The utility of various windowing capabilities for single-task and multi-task environments,10.1145/1125021.1125070,95,0.785,31.1,2,1.0,,40
75,Task Switching at Work,2685,2000,chi,Tradeoffs in displaying peripheral information,10.1145/332040.332438,97,0.802,98.9,168,0.041116005873715125,0.05747126436781609,43
75,Task Switching at Work,4798,2005,chi,No task left behind?,10.1145/1054972.1055017,91,0.752,784.6,489,-0.1347305389221557,-0.23655913978494625,37
76,Mobile Information Needs & Translation,10370,2011,chi,Augmenting the web for second language vocabulary learning,10.1145/1978942.1979414,70,0.255,90.4,36,1.0,1.0,26
76,Mobile Information Needs & Translation,15813,2014,chi,Effects of public vs. private automated transcripts on multiparty communication between na,10.1145/2556288.2557303,26,0.095,416.2,43,-0.2222222222222222,-0.35294117647058826,22
76,Mobile Information Needs & Translation,12907,2012,chi,Evaluating the implicit acquisition of second language vocabulary using a live wallpaper,10.1145/2207676.2208598,69,0.251,469.6,53,-0.23255813953488372,-0.35294117647058826,25
76,Mobile Information Needs & Translation,6861,2008,chi,Activity-based serendipitous recommendations with the Magitti mobile leisure guide,10.1145/1357054.1357237,71,0.258,161.1,183,0.0782608695652174,0.08695652173913043,30
76,Mobile Information Needs & Translation,4141,2004,cscw,Taking it out of context,10.1145/1031607.1031712,51,0.185,434.0,135,0.011560693641618497,-0.022988505747126436,34
76,Mobile Information Needs & Translation,17007,2014,mobilehci,Contextual experience sampling of mobile application micro-usage,10.1145/2628363.2628367,38,0.138,464.8,161,0.09941520467836257,0.16778523489932887,24
76,Mobile Information Needs & Translation,3483,2003,ubicomp,Tools for Studying Behavior and Technology in Natural Settings,10.1007/978-3-540-39653-6_13,84,0.305,242.7,124,0.15254237288135594,0.11764705882352941,39
76,Mobile Information Needs & Translation,11518,2011,chi,MicroMandarin,10.1145/1978942.1979413,71,0.258,571.7,140,0.6875,0.6363636363636364,26
77,Recommender Explanations & User-centric Evaluation,1056,1992,uist,An explanatory and “argumentative” interface for a model-based diagnostic system,10.1145/142621.142627,238,0.748,31.8,16,1.0,,42
77,Recommender Explanations & User-centric Evaluation,12608,2012,recsys,TasteWeights,10.1145/2365952.2365964,181,0.569,673.5,275,-0.0335195530726257,-0.04,25
77,Recommender Explanations & User-centric Evaluation,3362,2002,cscw,On the recommending of citations for research papers,10.1145/587078.587096,203,0.638,252.4,410,0.17721518987341772,0.05555555555555555,37
77,Recommender Explanations & User-centric Evaluation,8198,2009,iui,Tagsplanations,10.1145/1502650.1502661,174,0.547,681.2,303,-0.1111111111111111,-0.08955223880597014,27
77,Recommender Explanations & User-centric Evaluation,4458,2005,iui,Experiments in dynamic critiquing,10.1145/1040830.1040871,206,0.648,141.6,85,1.0,1.0,36
77,Recommender Explanations & User-centric Evaluation,2832,2000,cscw,Explaining collaborative filtering recommendations,10.1145/358916.358995,237,0.745,939.1,1705,0.6131687242798354,-0.047619047619047616,41
77,Recommender Explanations & User-centric Evaluation,13489,2012,recsys,Inspectability and control in social recommenders,10.1145/2365952.2365966,149,0.469,702.9,135,-0.1134453781512605,-0.14492753623188406,24
77,Recommender Explanations & User-centric Evaluation,15059,2013,iui,"Visualizing recommendations to support exploration, transparency and controllability",10.1145/2449396.2449442,132,0.415,776.9,162,-0.08,-0.12643678160919541,23
77,Recommender Explanations & User-centric Evaluation,4342,2004,iui,Designing example-critiquing interaction,10.1145/964442.964449,207,0.651,109.5,63,0.3684210526315789,0.16666666666666666,34
78,Sequential & Session-based Recommendation,29025,2019,recsys,Are we really making much progress? A worrying analysis of recent neural recommendation ap,10.1145/3298689.3347058,89,0.365,741.8,412,0.2074074074074074,0.1875,8
78,Sequential & Session-based Recommendation,10786,2011,recsys,Item popularity and recommendation accuracy,10.1145/2043932.2043957,102,0.418,33.9,340,0.09649122807017543,-0.044444444444444446,23
78,Sequential & Session-based Recommendation,34821,2021,recsys,Transformers4Rec: Bridging the Gap between NLP and Sequential / Session-Based Recommendati,10.1145/3460231.3474255,62,0.254,355.1,183,0.24444444444444444,0.24444444444444444,6
78,Sequential & Session-based Recommendation,37605,2022,recsys,A Systematic Review and Replicability Study of BERT4Rec for Sequential Recommendation,10.1145/3523227.3548487,39,0.16,310.1,61,-0.17777777777777778,-0.17777777777777778,4
78,Sequential & Session-based Recommendation,40712,2023,recsys,gSASRec: Reducing Overconfidence in Sequential Recommendation Trained with Negative Sampli,10.1145/3604915.3608783,18,0.074,283.7,46,0.3181818181818182,0.3181818181818182,2
78,Sequential & Session-based Recommendation,16617,2014,recsys,Rival,10.1145/2645710.2645712,105,0.43,28.8,59,1.0,1.0,18
78,Sequential & Session-based Recommendation,7756,2009,recsys,Collaborative prediction and ranking with non-random missing data,10.1145/1639714.1639717,104,0.426,92.8,324,0.1024390243902439,0.19047619047619047,24
78,Sequential & Session-based Recommendation,31987,2020,recsys,Are We Evaluating Rigorously? Benchmarking Recommendation for Reproducible Evaluation and ,10.1145/3383313.3412489,54,0.221,587.5,156,0.05714285714285714,0.04854368932038835,7
78,Sequential & Session-based Recommendation,9846,2010,recsys,Performance of recommender algorithms on top-n recommendation tasks,10.1145/1864708.1864721,140,0.574,146.0,1443,0.9056603773584906,0.8695652173913043,26
78,Sequential & Session-based Recommendation,12123,2012,recsys,Ranking with non-random missing ratings,10.1145/2365952.2365982,94,0.385,31.8,46,-0.05084745762711865,-0.0625,16
79,Neural Session Recommendation,10560,2011,recsys,Collaborative temporal order modeling,10.1145/2043932.2043991,78,0.345,19.8,15,1.0,1.0,18
79,Neural Session Recommendation,7906,2009,recsys,Maximum margin matrix factorization for code recommendation,10.1145/1639714.1639775,79,0.35,12.4,22,1.0,1.0,25
79,Neural Session Recommendation,17924,2015,recsys,Making Meaningful Restaurant Recommendations At OpenTable,10.1145/2792838.2799501,84,0.372,10.8,5,1.0,1.0,16
79,Neural Session Recommendation,40872,2023,recsys,Integrating the ACT-R Framework with Collaborative Filtering for Explainable Sequential Mu,10.1145/3604915.3608838,9,0.04,173.3,17,-0.03076923076923077,-0.03076923076923077,3
79,Neural Session Recommendation,22090,2016,recsys,Meta-Prod2Vec,10.1145/2959100.2959160,83,0.367,67.5,174,0.48717948717948717,0.45714285714285713,15
79,Neural Session Recommendation,21166,2016,recsys,Parallel Recurrent Neural Network Architectures for Feature-rich Session-based Recommendat,10.1145/2959100.2959167,76,0.336,78.3,541,0.55,0.6086956521739131,15
79,Neural Session Recommendation,26159,2018,umap,Sequence-Aware Recommender Systems,10.1145/3190616,49,0.217,468.8,502,0.014778325123152709,0.0064516129032258064,13
79,Neural Session Recommendation,23630,2017,recsys,When Recurrent Neural Networks meet the Neighborhood for Session-Based Recommendation,10.1145/3109859.3109872,53,0.235,198.9,506,0.009478672985781991,-0.017094017094017096,14
79,Neural Session Recommendation,34547,2021,recsys,Predicting Music Relistening Behavior Using the ACT-R Framework,10.1145/3460231.3478846,15,0.066,237.7,28,0.08823529411764706,0.08823529411764706,5
79,Neural Session Recommendation,11859,2012,recsys,Context-aware music recommendation based on latenttopic sequential patterns,10.1145/2365952.2365979,67,0.296,184.0,288,0.5,0.45454545454545453,19
80,"Diversity, Novelty & Bias in Recommendation",33089,2021,umap,User-centered Evaluation of Popularity Bias in Recommender Systems,10.1145/3450613.3456821,31,0.142,219.9,150,-0.08163265306122448,-0.08163265306122448,6
80,"Diversity, Novelty & Bias in Recommendation",12803,2012,recsys,Alternating least squares for personalized ranking,10.1145/2365952.2365972,93,0.425,33.1,220,0.5172413793103449,0.4,21
80,"Diversity, Novelty & Bias in Recommendation",7972,2009,recsys,Enhancing diversity in Top-N recommendation,10.1145/1639714.1639798,99,0.452,34.7,35,0.0,-0.1,27
80,"Diversity, Novelty & Bias in Recommendation",11430,2011,recsys,Rank and relevance in novelty and diversity metrics for recommender systems,10.1145/2043932.2043955,120,0.548,140.3,717,0.36666666666666664,-0.04,22
80,"Diversity, Novelty & Bias in Recommendation",24615,2018,recsys,How algorithmic confounding in recommendation systems increases homogeneity and decreases ,10.1145/3240323.3240370,27,0.123,250.4,335,0.23931623931623933,0.17582417582417584,11
80,"Diversity, Novelty & Bias in Recommendation",23664,2017,recsys,Controlling Popularity Bias in Learning-to-Rank Recommendation,10.1145/3109859.3109912,60,0.274,368.6,430,0.2727272727272727,0.3023255813953488,16
80,"Diversity, Novelty & Bias in Recommendation",7057,2008,recsys,Avoiding monotony,10.1145/1454008.1454030,134,0.612,142.9,459,0.8888888888888888,0.75,28
80,"Diversity, Novelty & Bias in Recommendation",27157,2018,recsys,Calibrated recommendations,10.1145/3240323.3240372,47,0.215,372.9,296,0.5102040816326531,0.30434782608695654,8
80,"Diversity, Novelty & Bias in Recommendation",6716,2008,recsys,The long tail of recommender systems and how to leverage it,10.1145/1454008.1454012,123,0.562,90.0,446,1.0,1.0,27
80,"Diversity, Novelty & Bias in Recommendation",37567,2022,recsys,RADio – Rank-Aware Divergence Metrics to Measure Normative Diversity in News Recommendatio,10.1145/3523227.3546780,12,0.055,235.7,49,0.08333333333333333,0.08333333333333333,4
81,Collaborative Filtering & Trust,5280,2006,iui,Detecting noise in recommender system databases,10.1145/1111449.1111477,43,0.204,161.3,133,0.25925925925925924,0.38095238095238093,30
81,Collaborative Filtering & Trust,3746,2003,chi,Is seeing believing?,10.1145/642611.642713,38,0.18,337.2,465,0.15862068965517243,0.058823529411764705,40
81,Collaborative Filtering & Trust,3363,2002,iui,Getting to know you,10.1145/502716.502737,56,0.265,153.6,540,0.9210526315789473,0.8181818181818182,39
81,Collaborative Filtering & Trust,4462,2005,iui,Trust in recommender systems,10.1145/1040830.1040870,95,0.45,113.0,861,1.0,1.0,38
81,Collaborative Filtering & Trust,2128,1998,iui,Collecting user access patterns for building user profiles and collaborative filtering,10.1145/291080.291091,58,0.275,42.4,108,0.08064516129032258,0.11764705882352941,40
81,Collaborative Filtering & Trust,1364,1995,chi,Recommending and evaluating choices in a virtual community of use,10.1145/223904.223929,56,0.265,200.8,1134,0.1702127659574468,0.0,49
81,Collaborative Filtering & Trust,1436,1995,chi,Social information filtering,10.1145/223904.223931,117,0.555,234.8,2809,1.0,1.0,50
82,Knowledge-aware & LLM Recommendation,11136,2011,recsys,Precision-oriented evaluation of recommender systems,10.1145/2043932.2043996,56,0.296,81.3,208,0.08,0.0,25
82,Knowledge-aware & LLM Recommendation,40962,2023,recsys,Leveraging Large Language Models for Sequential Recommendation,10.1145/3604915.3610639,11,0.058,192.6,127,-0.0547945205479452,-0.0547945205479452,3
82,Knowledge-aware & LLM Recommendation,12135,2012,recsys,CLiMF,10.1145/2365952.2365981,17,0.09,173.0,311,0.01098901098901099,0.03571428571428571,19
82,Knowledge-aware & LLM Recommendation,10216,2011,recsys,MyMediaLite,10.1145/2043932.2043989,59,0.312,116.1,372,0.28448275862068967,0.3220338983050847,23
82,Knowledge-aware & LLM Recommendation,37546,2022,recsys,"Recommendation as Language Processing (RLP): A Unified Pretrain, Personalized Prompt & Pre",10.1145/3523227.3546767,49,0.259,597.2,506,0.5833333333333334,0.5833333333333334,5
82,Knowledge-aware & LLM Recommendation,40857,2023,recsys,TALLRec: An Effective and Efficient Tuning Framework to Align Large Language Model with Re,10.1145/3604915.3608857,26,0.138,406.6,431,0.09523809523809523,0.09523809523809523,4
82,Knowledge-aware & LLM Recommendation,34623,2021,recsys,Together is Better: Hybrid Recommendations Combining Graph Embeddings and Contextualized W,10.1145/3460231.3474272,27,0.143,172.3,28,0.23809523809523808,0.23809523809523808,6
83,Industrial Recommendation & CTR Prediction,17472,2014,recsys,Beyond clicks,10.1145/2645710.2645724,97,0.545,18.9,229,1.0,1.0,16
83,Industrial Recommendation & CTR Prediction,12070,2012,recsys,Building industrial-scale real-world recommender systems,10.1145/2365952.2365958,97,0.545,13.0,31,1.0,1.0,16
83,Industrial Recommendation & CTR Prediction,26406,2018,recsys,Judging similarity,10.1145/3240323.3240351,6,0.034,116.9,62,0.032679738562091505,0.03125,12
83,Industrial Recommendation & CTR Prediction,29324,2019,recsys,Recommending what video to watch next,10.1145/3298689.3346997,28,0.157,236.8,320,-0.018633540372670808,-0.03278688524590164,10
83,Industrial Recommendation & CTR Prediction,21167,2016,recsys,Deep Neural Networks for YouTube Recommendations,10.1145/2959100.2959190,94,0.528,107.6,3535,0.6166666666666667,0.5571428571428572,15
83,Industrial Recommendation & CTR Prediction,29267,2019,recsys,Sampling-bias-corrected neural modeling for large corpus item recommendations,10.1145/3298689.3346996,11,0.062,216.0,221,0.043795620437956206,0.02040816326530612,5
83,Industrial Recommendation & CTR Prediction,31930,2020,recsys,Progressive Layered Extraction (PLE): A Novel Multi-Task Learning (MTL) Model for Personal,10.1145/3383313.3412236,16,0.09,282.5,620,0.2558139534883721,0.2682926829268293,9
83,Industrial Recommendation & CTR Prediction,21083,2016,recsys,Field-aware Factorization Machines for CTR Prediction,10.1145/2959100.2959134,36,0.202,30.6,735,1.0,1.0,15
83,Industrial Recommendation & CTR Prediction,9148,2010,recsys,The YouTube video recommendation system,10.1145/1864708.1864770,114,0.64,49.9,1217,1.0,1.0,21
84,Web Search & Navigation,1660,1996,chi,Scatter/gather browsing communicates the topic structure of a very large text collection,10.1145/238386.238489,104,0.601,247.0,196,0.17307692307692307,0.09090909090909091,44
84,Web Search & Navigation,2855,2000,chi,The scent of a site,10.1145/332040.332423,49,0.283,344.3,185,0.07317073170731707,-0.1111111111111111,40
84,Web Search & Navigation,1518,1996,chi,The WebBook and the Web Forager,10.1145/238386.238446,84,0.486,407.4,342,0.15748031496062992,0.23076923076923078,50
84,Web Search & Navigation,1553,1996,chi,Silk from a sow's ear,10.1145/238386.238450,80,0.462,396.8,382,-0.025,-0.03125,44
84,Web Search & Navigation,1362,1995,chi,Information foraging in information access environments,10.1145/223904.223911,115,0.665,461.9,462,0.5466666666666666,0.4444444444444444,51
84,Web Search & Navigation,1428,1995,chi,Articulating a metaphor through user-centered design,10.1145/223904.223981,85,0.491,40.0,17,0.02702702702702703,0.1,51
84,Web Search & Navigation,1404,1995,chi,Visualizing complex hypermedia networks through multiple hierarchical views,10.1145/223904.223947,81,0.468,141.8,110,0.045454545454545456,0.13333333333333333,45
84,Web Search & Navigation,1085,1992,chi,Edit wear and read wear,10.1145/142750.142751,79,0.457,387.3,505,0.9906542056074766,1.0,52
85,Context-aware & Cold-start Recommendation,8032,2009,recsys,Experimental comparison of pre- vs. post-filtering approaches in context-aware recommender,10.1145/1639714.1639764,62,0.411,53.7,184,1.0,1.0,25
85,Context-aware & Cold-start Recommendation,17734,2015,recsys,Context-Aware Event Recommendation in Event-based Social Networks,10.1145/2792838.2800187,16,0.106,103.1,213,0.2857142857142857,0.3333333333333333,14
85,Context-aware & Cold-start Recommendation,23146,2017,umap,A Multi-Armed Bandit Model Selection for Cold-Start User Recommendation,10.1145/3079628.3079681,10,0.066,102.1,44,0.011363636363636364,0.0,6
85,Context-aware & Cold-start Recommendation,7611,2009,recsys,Recommending new movies,10.1145/1639714.1639731,57,0.377,18.3,127,1.0,1.0,25
85,Context-aware & Cold-start Recommendation,10454,2011,recsys,Matrix factorization techniques for context aware recommendation,10.1145/2043932.2043988,31,0.205,95.6,387,-0.08333333333333333,-0.10714285714285714,23
85,Context-aware & Cold-start Recommendation,8411,2009,recsys,Context-based splitting of item ratings in collaborative filtering,10.1145/1639714.1639759,67,0.444,96.7,161,1.0,1.0,25
85,Context-aware & Cold-start Recommendation,29276,2019,recsys,Multi-armed recommender system bandit ensembles,10.1145/3298689.3346984,6,0.04,99.7,27,0.23529411764705882,0.16666666666666666,4
85,Context-aware & Cold-start Recommendation,9533,2010,recsys,Multiverse recommendation,10.1145/1864708.1864727,49,0.325,131.8,739,0.4909090909090909,0.2916666666666667,24
85,Context-aware & Cold-start Recommendation,16829,2014,recsys,Item cold-start recommendations,10.1145/2645710.2645751,22,0.146,165.5,182,0.9333333333333333,0.8888888888888888,14
86,News Recommendation & Offline Evaluation,9089,2010,recsys,Do clicks measure recommendation relevancy?,10.1145/1864708.1864759,49,0.36,29.2,35,0.030303030303030304,0.06818181818181818,23
86,News Recommendation & Offline Evaluation,9860,2010,iui,Personalized news recommendation based on click behavior,10.1145/1719970.1719976,60,0.441,103.6,766,0.9024390243902439,0.9285714285714286,25
86,News Recommendation & Offline Evaluation,15140,2013,recsys,Personalized news recommendation with context trees,10.1145/2507157.2507166,46,0.338,36.4,130,0.0625,-0.09523809523809523,23
86,News Recommendation & Offline Evaluation,8969,2010,recsys,Online evolutionary collaborative filtering,10.1145/1864708.1864729,49,0.36,26.8,119,1.0,1.0,24
86,News Recommendation & Offline Evaluation,34825,2021,recsys,"Counterfactual Learning and Evaluation for Recommender Systems: Foundations, Implementatio",10.1145/3460231.3473320,17,0.125,208.4,51,0.8571428571428571,0.8571428571428571,5
86,News Recommendation & Offline Evaluation,4140,2004,iui,Evaluating adaptive user profiles for news classification,10.1145/964442.964481,63,0.463,29.6,89,0.35714285714285715,0.0,26
86,News Recommendation & Offline Evaluation,26414,2018,recsys,"Explore, exploit, and explain",10.1145/3240323.3240354,36,0.265,302.9,150,0.08743169398907104,0.06956521739130435,10
86,News Recommendation & Offline Evaluation,37585,2022,recsys,"CONSEQUENCES — Causality, Counterfactuals and Sequential Decision-Making for Recommender S",10.1145/3523227.3547409,12,0.088,222.4,14,-0.2,-0.2,4
86,News Recommendation & Offline Evaluation,34877,2021,recsys,Pessimistic Reward Models for Off-Policy Learning in Recommendation,10.1145/3460231.3474247,18,0.132,302.8,36,0.009708737864077669,0.009708737864077669,8
86,News Recommendation & Offline Evaluation,29215,2019,recsys,Revisiting offline evaluation for implicit-feedback recommender systems,10.1145/3298689.3347069,25,0.184,212.1,48,-0.00847457627118644,-0.021052631578947368,10
87,Social Tagging & Group Recommendation,2945,2001,iui,XLibris,10.1145/359784.360100,49,0.119,47.8,12,0.004672897196261682,0.038461538461538464,40
87,Social Tagging & Group Recommendation,2691,2000,chi,Bringing order to the Web,10.1145/332040.332418,53,0.129,19.9,361,1.0,1.0,39
87,Social Tagging & Group Recommendation,8901,2010,recsys,Group recommendations with rank aggregation and collaborative filtering,10.1145/1864708.1864733,38,0.092,203.5,496,0.3055555555555556,0.125,22
87,Social Tagging & Group Recommendation,3241,2002,iui,Flytrap,10.1145/502716.502748,46,0.112,121.6,167,-0.09375,0.0,39
87,Social Tagging & Group Recommendation,14511,2013,recsys,Hidden factors and hidden topics,10.1145/2507157.2507163,39,0.095,366.3,1609,0.92,0.90625,23
87,Social Tagging & Group Recommendation,26447,2018,recsys,2nd FATREC workshop,10.1145/3240323.3240335,9,0.022,215.1,13,-0.75,-0.6666666666666666,10
87,Social Tagging & Group Recommendation,2067,1998,cscw,MusicFX,10.1145/289444.289511,53,0.129,138.0,378,0.2696629213483146,0.1,45
87,Social Tagging & Group Recommendation,8691,2010,recsys,RECON,10.1145/1864708.1864747,33,0.08,240.1,186,0.08125,0.018867924528301886,20
87,Social Tagging & Group Recommendation,23638,2017,recsys,FATREC Workshop on Responsible Recommendation,10.1145/3109859.3109960,10,0.024,219.8,18,0.09195402298850575,0.08333333333333333,11
87,Social Tagging & Group Recommendation,6910,2008,recsys,Personalized recommendation in social tagging systems using hierarchical clustering,10.1145/1454008.1454048,50,0.122,105.5,530,0.21052631578947367,0.20689655172413793,27
88,Co-design with Children,2147,1998,chi,The progress portfolio,10.1145/274644.274728,249,0.746,71.7,40,0.29411764705882354,0.3333333333333333,44
88,Co-design with Children,1576,1996,chi,Interaction design and human factors support in the development of a personal communicator,10.1145/238386.238603,252,0.754,175.5,58,1.0,1.0,45
88,Co-design with Children,1929,1997,chi,Designing for or designing with? Informant design for interactive learning environments,10.1145/258549.258789,250,0.749,885.3,385,0.5242718446601942,-0.1,44
88,Co-design with Children,4366,2004,idc,Mixing ideas,10.1145/1017833.1017838,181,0.542,1020.5,240,-0.08741258741258741,-0.125,36
88,Co-design with Children,1455,1995,chi,KidSim,10.1145/223904.223908,259,0.775,125.4,39,0.29545454545454547,0.25,45
88,Co-design with Children,793,1991,chi,New graphical reasoning models for understanding graphical interfaces,10.1145/108844.108855,261,0.781,34.6,114,1.0,1.0,46
88,Co-design with Children,14297,2013,chi,FACIT PD,10.1145/2470654.2481400,77,0.231,675.9,170,-0.09230769230769231,-0.15384615384615385,22
88,Co-design with Children,23102,2017,chi,Examining Adult-Child Interactions in Intergenerational Participatory Design,10.1145/3025453.3025787,49,0.147,643.7,167,-0.1423728813559322,-0.14285714285714285,18
88,Co-design with Children,2431,1999,chi,Cooperative inquiry,10.1145/302979.303166,247,0.74,2125.5,854,0.5480769230769231,0.28,43
89,Tangibles for Learning,6368,2007,tei,Do tangible interfaces enhance learning?,10.1145/1226969.1227004,177,0.59,1624.8,530,-0.006683375104427736,-0.04918032786885246,35
89,Tangibles for Learning,4738,2005,chi,Extending tangible interfaces for education,10.1145/1054972.1055093,208,0.693,1057.8,462,0.0547945205479452,-0.052083333333333336,37
89,Tangibles for Learning,5701,2007,tei,The CTI framework,10.1145/1226969.1227010,166,0.553,687.5,178,0.001876172607879925,-0.033210332103321034,34
89,Tangibles for Learning,7400,2008,tei,Are tangibles more fun?,10.1145/1347390.1347433,138,0.46,564.3,278,-0.014771048744460856,-0.061224489795918366,33
89,Tangibles for Learning,3758,2003,idc,Using developmental theories to inform the design of technology for children,10.1145/953536.953550,189,0.63,97.4,64,1.0,1.0,37
89,Tangibles for Learning,3694,2003,idc,Conceptualising tangibles to support learning,10.1145/953536.953551,194,0.647,238.1,118,0.00723589001447178,-0.03636363636363636,36
89,Tangibles for Learning,3151,2002,chi,Physical programming,10.1145/503376.503430,216,0.72,361.4,89,-0.001759014951627089,-0.05673758865248227,38
89,Tangibles for Learning,8244,2009,chi,Comparing the use of tangible and graphical programming languages for informal science edu,10.1145/1518701.1518851,124,0.413,775.2,280,-0.02088167053364269,-0.024509803921568627,32
89,Tangibles for Learning,4599,2005,idc,Child's play,10.1145/1109540.1109547,182,0.607,263.6,93,0.007827788649706457,0.00904977375565611,36
90,Autistic Children & Technology,7816,2009,idc,"Increasing children's social competence through games, an exploratory study",10.1145/1551788.1551823,123,0.506,110.6,48,0.02666666666666667,-0.03333333333333333,27
90,Autistic Children & Technology,30026,2019,tochi,Agency of Autistic Children in Technology Research—A Critical Literature Review,10.1145/3344919,49,0.202,902.4,277,0.05228758169934641,0.0,15
90,Autistic Children & Technology,9867,2010,chi,vSked,10.1145/1753326.1753569,137,0.564,380.0,133,0.2111111111111111,0.2972972972972973,30
90,Autistic Children & Technology,3856,2004,ubicomp,Designing Capture Applications to Support the Education of Children with Autism,10.1007/978-3-540-30119-6_10,154,0.634,245.7,78,0.6451612903225806,0.5294117647058824,36
90,Autistic Children & Technology,9712,2010,ubicomp,Designing for interaction immediacy to enhance social skills of children with autism,10.1145/1864349.1864359,136,0.56,268.4,107,0.09219858156028368,0.11627906976744186,28
90,Autistic Children & Technology,33264,2021,tochi,The Purpose of Play,10.1145/3432245,29,0.119,695.6,177,-0.06299212598425197,-0.06299212598425197,10
90,Autistic Children & Technology,14291,2013,chi,Evaluation of tablet apps to encourage social interaction in children with autism spectrum,10.1145/2470654.2466438,109,0.449,492.5,169,-0.05982905982905983,0.0,24
90,Autistic Children & Technology,11064,2011,idc,A method for involving children with autism in design,10.1145/1999030.1999057,132,0.543,195.1,48,0.0975609756097561,0.09375,28
90,Autistic Children & Technology,20569,2016,chi,Designing Smart Objects with Autistic Children,10.1145/2858036.2858050,78,0.321,421.0,98,-0.002325581395348837,-0.005681818181818182,23
90,Autistic Children & Technology,20957,2016,idc,Lands of Fog,10.1145/2930674.2930695,62,0.255,415.7,65,0.040983606557377046,-0.014925373134328358,18
91,Youth Online Safety,16999,2014,chi,Involving children in content control,10.1145/2556288.2557128,180,0.8,888.0,69,0.29591836734693877,0.18604651162790697,25
91,Youth Online Safety,19978,2016,cscw,Managing Expectations,10.1145/2818048.2819928,164,0.729,1163.3,141,0.033003300330033,-0.023668639053254437,20
91,Youth Online Safety,12107,2012,chi,"Income, race, and class",10.1145/2207676.2208716,183,0.813,354.7,121,-0.005235602094240838,-0.0410958904109589,26
91,Youth Online Safety,25582,2018,chi,Safety vs. Surveillance,10.1145/3173574.3173698,128,0.569,1347.2,159,-0.08387096774193549,-0.0880281690140845,16
91,Youth Online Safety,11311,2011,chi,Social and technical challenges in parenting teens' social media use,10.1145/1978942.1979422,188,0.836,578.5,139,0.0457516339869281,0.033112582781456956,27
91,Youth Online Safety,19886,2016,cscw,Not at the Dinner Table,10.1145/2818048.2819940,168,0.747,1028.1,281,-0.013157894736842105,-0.041474654377880185,23
91,Youth Online Safety,22289,2017,cscw,Parental Control vs. Teen Self-Regulation,10.1145/2998181.2998352,146,0.649,1827.2,199,-0.11009174311926606,-0.13218390804597702,18
91,Youth Online Safety,10387,2011,cscw,Understanding technology choices and values through social class,10.1145/1958824.1958834,184,0.818,342.2,102,0.028132992327365727,0.0,28
91,Youth Online Safety,24444,2017,pacmhci,'No Telling Passcodes Out Because They're Private',10.1145/3134699,130,0.578,1302.1,154,-0.01694915254237288,-0.03404255319148936,18
91,Youth Online Safety,17278,2014,cscw,Adolescent online safety,10.1145/2531602.2531696,179,0.796,179.7,58,1.0,1.0,24
92,Children's Agency & Research Ethics,43584,2024,idc,Transformative agency – the next step towards children's computational empowerment,10.1145/3628516.3655806,24,0.113,455.9,40,-0.032432432432432434,-0.032432432432432434,4
92,Children's Agency & Research Ethics,4007,2004,idc,Designing sound tools and toys for blind and visually impaired children,10.1145/1017833.1017842,62,0.291,59.3,69,1.0,1.0,36
92,Children's Agency & Research Ethics,31468,2020,idc,Another decade of IDC research,10.1145/3392063.3394436,41,0.192,380.3,58,-0.0594059405940594,-0.05421686746987952,9
92,Children's Agency & Research Ethics,20786,2016,idc,Legitimate Participation in the Classroom Context,10.1145/2930674.2930686,92,0.432,319.9,37,0.06504065040650407,0.0,22
92,Children's Agency & Research Ethics,10291,2011,idc,Examining values,10.1145/1999030.1999046,77,0.362,346.2,132,0.3644859813084112,0.2631578947368421,27
92,Children's Agency & Research Ethics,23412,2017,idc,Child as Protagonist,10.1145/3078072.3079725,88,0.413,1240.9,304,0.04076433121019108,0.023054755043227664,20
92,Children's Agency & Research Ethics,5499,2006,idc,Network force-feedback applications for hospitalized children in sterile room,10.1145/1139073.1139112,62,0.291,22.3,9,1.0,1.0,29
92,Children's Agency & Research Ethics,31487,2020,idc,18 Years of ethics in child-computer interaction research,10.1145/3392063.3394407,40,0.188,354.2,76,-0.015337423312883436,-0.016100178890876567,9
93,AI Literacy & K-12,35106,2021,pacmhci,Co-Designing AI Literacy Exhibits for Informal Learning Spaces,10.1145/3476034,40,0.24,592.6,118,-0.012264150943396227,-0.012264150943396227,12
93,AI Literacy & K-12,25893,2018,idc,How smart are the smart toys?,10.1145/3202185.3202741,110,0.659,376.3,94,-0.06321839080459771,-0.10084033613445378,16
93,AI Literacy & K-12,24584,2017,chi,Scratch Community Blocks,10.1145/3025453.3025847,112,0.671,177.9,55,0.11458333333333333,0.2,19
93,AI Literacy & K-12,28277,2019,chi,Can Children Understand Machine Learning Concepts?,10.1145/3290605.3300645,107,0.641,642.2,136,0.00872093023255814,0.004048582995951417,14
93,AI Literacy & K-12,28598,2019,idc,Youth Learning Machine Learning through Building Models of Athletic Moves,10.1145/3311927.3323139,111,0.665,855.1,132,0.3924050632911392,0.4090909090909091,14
93,AI Literacy & K-12,30838,2020,chi,What is AI Literacy? Competencies and Design Considerations,10.1145/3313831.3376727,102,0.611,2418.2,2454,0.1157495256166983,0.05188679245283019,13
93,AI Literacy & K-12,36185,2022,chi,Family as a Third Space for AI Literacies: How do children and parents learn about AI toge,10.1145/3491102.3502031,52,0.311,753.0,107,-0.04020100502512563,-0.04020100502512563,8
93,AI Literacy & K-12,23034,2017,chi,Youth Perspectives on Critical Data Literacies,10.1145/3025453.3025823,109,0.653,195.3,73,0.20270270270270271,0.16666666666666666,14
93,AI Literacy & K-12,25759,2018,idc,Introducing children to machine learning concepts through hands-on experience,10.1145/3202185.3210776,108,0.647,250.7,56,0.125,0.08888888888888889,15
94,Children's Play & Learning Environments,6275,2007,tei,Image schemas and their metaphorical extensions,10.1145/1226969.1226996,91,0.213,274.3,214,0.0011723329425556857,-0.022935779816513763,35
94,Children's Play & Learning Environments,4292,2004,idc,Ambient wood,10.1145/1017833.1017834,57,0.133,437.7,324,0.05858854860186418,0.006134969325153374,37
94,Children's Play & Learning Environments,7144,2008,idc,Playing with the sound maker,10.1145/1463689.1463754,88,0.206,413.2,121,0.005747126436781609,0.0,32
94,Children's Play & Learning Environments,12620,2012,iss,Interaction and recognition challenges in interpreting children's touch and gesture input ,10.1145/2396636.2396671,39,0.091,544.5,118,0.020761245674740483,-0.02040816326530612,26
94,Children's Play & Learning Environments,20398,2016,chi,Characterizing How Interface Complexity Affects Children's Touchscreen Interactions,10.1145/2858036.2858200,25,0.059,401.7,30,-0.06315789473684211,-0.061068702290076333,19
94,Children's Play & Learning Environments,8150,2009,cc,Designing to support reasoned imagination through embodied metaphor,10.1145/1640233.1640275,60,0.141,179.8,35,-0.0018484288354898336,0.0,31
94,Children's Play & Learning Environments,2967,2001,chi,GeneyTM,10.1145/365024.365303,71,0.166,113.9,129,0.028112449799196786,0.20689655172413793,38
94,Children's Play & Learning Environments,22814,2017,chi,It wasn't really about the Pokémon,10.1145/3025453.3025761,37,0.087,531.3,119,-0.021568627450980392,-0.036,18
95,Usable Security & Phishing,28304,2019,chi,"""If It's Important It Will Be A Headline""",10.1145/3290605.3300579,39,0.277,457.5,81,0.014285714285714285,-0.02040816326530612,12
95,Usable Security & Phishing,5490,2006,chi,Why phishing works,10.1145/1124772.1124861,105,0.745,428.8,1312,0.07692307692307693,-0.1111111111111111,31
95,Usable Security & Phishing,5141,2006,chi,Do security toolbars actually prevent phishing attacks?,10.1145/1124772.1124863,107,0.759,328.8,555,0.38095238095238093,0.23076923076923078,32
95,Usable Security & Phishing,28248,2019,chi,What.Hack,10.1145/3290605.3300338,20,0.142,317.8,98,-0.02666666666666667,0.0,5
95,Usable Security & Phishing,3065,2001,chi,What makes Web sites credible?,10.1145/365024.365037,110,0.78,149.5,682,0.3148148148148148,0.375,33
95,Usable Security & Phishing,5691,2007,chi,Protecting people from phishing,10.1145/1240624.1240760,99,0.702,209.8,280,-0.01818181818181818,-0.25,29
95,Usable Security & Phishing,7070,2008,chi,You've been warned,10.1145/1357054.1357219,90,0.638,341.5,611,0.10204081632653061,-0.058823529411764705,28
96,Smart-home Privacy,11488,2011,ubicomp,Living in a glass house,10.1145/2030112.2030118,101,0.754,346.7,107,0.07758620689655173,0.08108108108108109,28
96,Smart-home Privacy,6987,2008,ubicomp,An empirical investigation of concerns of everyday tracking and recording technologies,10.1145/1409635.1409661,100,0.746,179.0,70,0.018518518518518517,-0.009174311926605505,31
96,Smart-home Privacy,26636,2018,pacmhci,User Perceptions of Smart Home IoT Privacy,10.1145/3274469,84,0.627,1203.1,417,-0.02702702702702703,-0.03286384976525822,15
96,Smart-home Privacy,26862,2018,pacmhci,"Alexa, Are You Listening?",10.1145/3274371,93,0.694,1598.8,561,-0.015915119363395226,-0.03909465020576132,17
96,Smart-home Privacy,28303,2019,chi,Defending My Castle,10.1145/3290605.3300428,84,0.627,1090.1,129,-0.06465517241379311,-0.06666666666666667,14
96,Smart-home Privacy,13074,2012,ubicomp,Long-term effects of ubiquitous surveillance in the home,10.1145/2370216.2370224,98,0.731,456.6,126,0.006369426751592357,-0.02564102564102564,25
96,Smart-home Privacy,30068,2019,pacmhci,Privacy Perceptions and Designs of Bystanders in Smart Homes,10.1145/3359161,71,0.53,1325.3,151,-0.09907120743034056,-0.0794979079497908,13
96,Smart-home Privacy,13462,2012,ubicomp,Investigating receptiveness to sensing and inference in the home using sensor proxies,10.1145/2370216.2370226,98,0.731,497.8,67,0.004246284501061571,-0.007874015748031496,25
96,Smart-home Privacy,6839,2008,ubicomp,Protecting your daily in-home activity information from a wireless snooping attack,10.1145/1409635.1409663,103,0.769,37.1,142,1.0,1.0,29
96,Smart-home Privacy,28127,2019,chi,Who's In Control?,10.1145/3290605.3300498,79,0.59,1280.4,189,-0.030694668820678513,-0.03881278538812785,14
97,Deceptive Advertising Patterns,28163,2019,chi,Impulse Buying,10.1145/3290605.3300472,95,0.766,537.8,80,-0.02040816326530612,-0.03088803088803089,15
97,Deceptive Advertising Patterns,30213,2019,pacmhci,Dark Patterns at Scale,10.1145/3359183,91,0.734,1928.3,647,-0.2297734627831715,-0.23943661971830985,14
97,Deceptive Advertising Patterns,17416,2014,dis,Dark patterns in proxemic interactions,10.1145/2598510.2598541,104,0.839,808.6,168,0.1274787535410765,0.0,21
97,Deceptive Advertising Patterns,33391,2021,dis,"”I am Definitely Manipulated, Even When I am Aware of it. It’s Ridiculous!” - Dark Pattern",10.1145/3461778.3462086,50,0.403,962.5,162,-0.124,-0.124,9
97,Deceptive Advertising Patterns,25138,2018,chi,The Dark (Patterns) Side of UX Design,10.1145/3173574.3174108,103,0.831,2360.6,803,0.06216505894962487,0.011904761904761904,16
97,Deceptive Advertising Patterns,27314,2018,pacmhci,Endorsements on Social Media,10.1145/3274388,92,0.742,144.5,72,0.21818181818181817,0.21052631578947367,15
97,Deceptive Advertising Patterns,18906,2015,ubicomp,Mining consumer impulsivity from offline and online behavior,10.1145/2750858.2805828,96,0.774,54.1,12,0.4444444444444444,0.3333333333333333,16
97,Deceptive Advertising Patterns,31132,2020,chi,UI Dark Patterns and Where to Find Them,10.1145/3313831.3376600,76,0.613,1381.8,252,-0.12387387387387387,-0.138328530259366,12
97,Deceptive Advertising Patterns,30301,2020,chi,Dark Patterns after the GDPR: Scraping Consent Pop-ups and Demonstrating their Influence,10.1145/3313831.3376321,75,0.605,1170.3,476,-0.04932735426008968,-0.03932584269662921,13
98,Ubicomp Privacy & Home Automation,16865,2014,chi,Practical trigger-action programming in the smart home,10.1145/2556288.2557420,42,0.134,673.7,385,0.08917197452229299,0.05970149253731343,24
98,Ubicomp Privacy & Home Automation,17187,2014,chi,In situ with bystanders of augmented reality glasses,10.1145/2556288.2557352,46,0.147,674.7,224,0.15151515151515152,0.05343511450381679,21
98,Ubicomp Privacy & Home Automation,17062,2014,ubicomp,Privacy behaviors of lifeloggers using wearable cameras,10.1145/2632048.2632079,63,0.201,625.0,194,0.1659919028340081,0.10434782608695652,23
98,Ubicomp Privacy & Home Automation,14056,2013,chi,Privacy as part of the app decision-making process,10.1145/2470654.2466466,120,0.383,604.3,310,0.02197802197802198,-0.26666666666666666,24
98,Ubicomp Privacy & Home Automation,13325,2012,ubicomp,Expectation and purpose,10.1145/2370216.2370290,123,0.393,913.6,453,0.12176165803108809,0.06756756756756757,26
98,Ubicomp Privacy & Home Automation,5360,2006,chi,Evaluating interfaces for privacy policy rule authoring,10.1145/1124772.1124787,133,0.425,120.7,63,0.01702127659574468,0.0,28
98,Ubicomp Privacy & Home Automation,3096,2001,ubicomp,Privacy by Design — Principles of Privacy-Aware Ubiquitous Systems,10.1007/3-540-45427-6_23,194,0.62,129.0,538,0.18518518518518517,0.1282051282051282,35
98,Ubicomp Privacy & Home Automation,4382,2004,chi,Privacy policies as decision-making tools,10.1145/985692.985752,173,0.553,443.2,400,0.06420233463035019,-0.014925373134328358,32
99,Movement & Somaesthetics,13344,2012,chi,What should we expect from research through design?,10.1145/2207676.2208538,406,0.628,1806.9,1094,-0.10458015267175573,-0.10424710424710425,26
99,Movement & Somaesthetics,2594,2000,dis,Interaction relabelling and extreme characters,10.1145/347642.347664,475,0.734,267.7,266,1.0,1.0,39
99,Movement & Somaesthetics,4327,2004,dis,Aesthetic interaction,10.1145/1013115.1013153,449,0.694,619.9,336,0.03202328966521106,-0.07142857142857142,35
99,Movement & Somaesthetics,6474,2008,chi,Empathy and experience in HCI,10.1145/1357054.1357156,439,0.679,450.6,464,0.02377521613832853,0.0136986301369863,32
99,Movement & Somaesthetics,14348,2013,tochi,Moving and making strange,10.1145/2442106.2442113,376,0.581,1536.0,259,0.03327495621716287,-0.0223463687150838,23
99,Movement & Somaesthetics,3789,2003,chi,Ambiguity as a resource for design,10.1145/642611.642653,481,0.743,1255.3,1326,0.7114093959731543,0.26666666666666666,41
99,Movement & Somaesthetics,22869,2017,chi,Embodied Design Ideation Methods,10.1145/3025453.3025873,323,0.499,1983.2,188,-0.0453781512605042,-0.047619047619047616,20
99,Movement & Somaesthetics,30074,2019,tochi,Entanglement HCI The Next Wave?,10.1145/3364998,244,0.377,2137.9,530,0.01282051282051282,-0.02952029520295203,15
99,Movement & Somaesthetics,20540,2016,chi,Somaesthetic Appreciation Design,10.1145/2858036.2858583,351,0.543,2277.4,287,-0.057291666666666664,-0.07169117647058823,21
99,Movement & Somaesthetics,3391,2002,tochi,From use to presence,10.1145/513665.513668,457,0.706,214.8,243,0.016222479721900347,0.009259259259259259,36
100,Bodily Play & Spectator Experience,3232,2002,chi,Sotto voce,10.1145/503376.503454,436,0.764,682.6,211,0.2736842105263158,0.23333333333333334,42
100,Bodily Play & Spectator Experience,4737,2005,chi,Designing the spectator experience,10.1145/1054972.1055074,365,0.639,1425.3,434,0.11320754716981132,0.05357142857142857,38
100,Bodily Play & Spectator Experience,13605,2012,chi,Uncomfortable interactions,10.1145/2207676.2208347,246,0.431,1288.2,293,0.01684717208182912,-0.037037037037037035,27
100,Bodily Play & Spectator Experience,2859,2000,chi,Traversable interfaces between real and virtual worlds,10.1145/332040.332437,429,0.751,262.9,67,0.012145748987854251,0.054945054945054944,43
100,Bodily Play & Spectator Experience,10225,2011,chi,Designing sports,10.1145/1978942.1979330,275,0.482,1593.5,280,0.007207207207207207,-0.01818181818181818,28
100,Bodily Play & Spectator Experience,8533,2009,chi,From interaction to trajectories,10.1145/1518701.1518812,301,0.527,1302.4,310,0.03260869565217391,0.007575757575757576,29
100,Bodily Play & Spectator Experience,3031,2001,chi,Orchestrating a mixed reality performance,10.1145/365024.365033,423,0.741,686.3,106,0.5625,0.38461538461538464,42
100,Bodily Play & Spectator Experience,2170,1998,chi,Simplifying the controls of an interactive movie game,10.1145/274644.274655,405,0.709,30.9,8,1.0,1.0,41
100,Bodily Play & Spectator Experience,16892,2014,chi,Movement-based game guidelines,10.1145/2556288.2557163,166,0.291,1213.4,169,-0.011327879169288861,-0.008016032064128256,23
100,Bodily Play & Spectator Experience,3390,2002,chi,Making sense of sensing systems,10.1145/503376.503450,418,0.732,446.5,403,0.04878048780487805,0.08088235294117647,41
101,Speculative & Critical Design,14276,2013,chi,"What is ""critical"" about critical design?",10.1145/2470654.2466451,244,0.433,1115.6,480,0.047045951859956234,0.03664921465968586,26
101,Speculative & Critical Design,1221,1994,chi,Scandinavian design,10.1145/191666.191673,390,0.693,61.2,89,0.04205607476635514,0.09523809523809523,46
101,Speculative & Critical Design,5606,2006,chi,Implications for design,10.1145/1124772.1124855,320,0.568,936.8,835,0.23216601815823606,0.20930232558139536,36
101,Speculative & Critical Design,22667,2017,chi,On Speculative Enactments,10.1145/3025453.3025503,142,0.252,1479.4,241,-0.03934871099050204,-0.06259097525473072,20
101,Speculative & Critical Design,717,1990,chi,The computer reaches out: the historical continuity of interface design,10.1145/97243.97284,388,0.689,174.9,334,0.4666666666666667,0.07692307692307693,51
101,Speculative & Critical Design,339,1986,chi,Seven plus or minus two central issues in human-computer interaction,10.1145/22627.22394,389,0.691,38.3,22,1.0,1.0,52
101,Speculative & Critical Design,17463,2014,chi,Research through design fiction,10.1145/2556288.2557098,229,0.407,2101.2,414,0.07255936675461741,0.06222222222222222,24
101,Speculative & Critical Design,122,1982,chi,Patterned prose for automatic specification generation,10.1145/800049.801807,389,0.691,38.3,4,1.0,,52
101,Speculative & Critical Design,123,1982,chi,An analysis of line numbering strategies in text editors,10.1145/800049.801772,389,0.691,38.3,4,1.0,,52
101,Speculative & Critical Design,20543,2016,chi,Anti-Solutionist Strategies,10.1145/2858036.2858482,198,0.352,1047.0,216,-0.008988764044943821,-0.06153846153846154,21
102,Sustainable HCI,9697,2010,chi,The design of eco-feedback technology,10.1145/1753326.1753629,363,0.712,3541.9,786,-0.021505376344086023,-0.07253886010362694,31
102,Sustainable HCI,9542,2010,chi,Mapping the landscape of sustainable HCI,10.1145/1753326.1753625,370,0.725,4422.1,775,-0.049266247379454925,-0.12605042016806722,30
102,Sustainable HCI,11208,2011,chi,Designing eco-feedback systems for everyday life,10.1145/1978942.1979252,331,0.649,2711.4,314,-0.15676959619952494,-0.3383458646616541,29
102,Sustainable HCI,7402,2008,chi,A bright green perspective on sustainable choices,10.1145/1357054.1357109,416,0.816,1736.0,174,0.0,-0.10810810810810811,33
102,Sustainable HCI,13098,2012,chi,Sustainably unpersuaded,10.1145/2207676.2208539,295,0.578,3354.2,474,-0.10105448154657294,-0.15294117647058825,28
102,Sustainable HCI,6353,2007,chi,Sustainable interaction design,10.1145/1240624.1240705,429,0.841,2949.8,755,0.42463235294117646,0.345679012345679,35
102,Sustainable HCI,2225,1998,chi,Persuasive computers,10.1145/274644.274677,418,0.82,84.7,434,1.0,1.0,38
102,Sustainable HCI,4819,2005,group,Design decisions in the RideNow project,10.1145/1099203.1099228,420,0.824,84.6,33,1.0,1.0,34
102,Sustainable HCI,4475,2005,chi,Waterbot,10.1145/1054972.1055059,414,0.812,363.7,176,0.4473684210526316,0.7272727272727273,35
103,Family Video Communication,2915,2001,chi,Casablanca,10.1145/365024.383749,324,0.755,937.3,287,0.6233766233766234,0.42857142857142855,41
103,Family Video Communication,9607,2010,chi,Family story play,10.1145/1753326.1753563,185,0.431,1324.1,197,-0.0017543859649122807,-0.09009009009009009,30
103,Family Video Communication,2986,2001,chi,Digital family portraits,10.1145/365024.365126,308,0.718,964.1,582,0.08680947012401354,0.030534351145038167,42
103,Family Video Communication,1739,1997,dis,Interactive systems in domestic environments,10.1145/263552.263617,307,0.716,247.5,85,1.0,1.0,45
103,Family Video Communication,1996,1998,chi,Communication and information,10.1145/274644.274695,318,0.741,87.2,119,1.0,1.0,45
103,Family Video Communication,2806,2000,chi,Unleashed,10.1145/332040.332042,317,0.739,113.7,29,0.0,0.0,44
103,Family Video Communication,9814,2010,cscw,Making love in the network closet,10.1145/1718918.1718946,185,0.431,1725.9,300,0.004333694474539545,0.018018018018018018,30
103,Family Video Communication,3800,2003,chi,Technology probes,10.1145/642611.642616,292,0.681,1823.7,1425,0.5718232044198895,0.13,39
103,Family Video Communication,9689,2010,cscw,Home video communication,10.1145/1718918.1718945,172,0.401,1138.9,164,0.020114942528735632,0.03571428571428571,30
103,Family Video Communication,13213,2012,chi,Intimacy in long-distance relationships over video chat,10.1145/2207676.2207785,121,0.282,1080.8,210,0.006493506493506494,0.042105263157894736,27
104,Memory & Reminiscence,16578,2014,chi,"Designing for slowness, anticipation and re-visitation",10.1145/2556288.2557178,136,0.38,1308.3,208,-0.042953020134228186,-0.0824295010845987,25
104,Memory & Reminiscence,13480,2012,chi,Technology heirlooms?,10.1145/2207676.2207723,157,0.439,1496.1,156,-0.06056701030927835,-0.09859154929577464,27
104,Memory & Reminiscence,2826,2000,chi,Storytelling with digital photographs,10.1145/332040.332505,283,0.791,748.7,206,0.6739130434782609,0.3,44
104,Memory & Reminiscence,2890,2001,uist,PhotoMesa,10.1145/502348.502359,269,0.751,219.0,342,0.05025125628140704,0.046875,42
104,Memory & Reminiscence,7085,2008,chi,AutoTopography,10.1145/1357054.1357065,224,0.626,1163.0,168,0.04560810810810811,0.06422018348623854,33
104,Memory & Reminiscence,8976,2010,tochi,On human remains,10.1145/1806923.1806924,200,0.559,1563.8,207,-0.02702702702702703,-0.14049586776859505,31
104,Memory & Reminiscence,2425,1999,chi,FotoFile,10.1145/302979.303143,284,0.793,233.5,202,0.3783783783783784,0.5384615384615384,45
104,Memory & Reminiscence,3357,2002,cscw,Requirements for photoware,10.1145/587078.587102,271,0.757,1187.9,378,0.24444444444444444,-0.15789473684210525,39
104,Memory & Reminiscence,2591,2000,chi,"Joking, storytelling, artsharing, expressing affection",10.1145/332040.332499,275,0.768,441.0,130,0.2988505747126437,0.34782608695652173,39
105,Interpretation & Critique in Design Research,23237,2017,dis,Morse Things,10.1145/3064663.3064734,126,0.371,963.3,117,-0.02785923753665689,-0.03048780487804878,20
105,Interpretation & Critique in Design Research,2694,2000,chi,Alternatives,10.1145/332040.332433,278,0.818,456.7,279,0.506578947368421,0.3333333333333333,42
105,Interpretation & Critique in Design Research,9641,2010,dis,An analysis and critique of<i>Research through Design</i>,10.1145/1858171.1858228,232,0.682,1098.1,485,-0.010672358591248666,-0.011111111111111112,30
105,Interpretation & Critique in Design Research,3312,2002,dis,Notes towards an ethnography of domestic technology,10.1145/778712.778750,255,0.75,233.7,63,0.09345794392523364,0.04,39
105,Interpretation & Critique in Design Research,561,1989,chi,Artifact as theory-nexus: hermeneutics meets theory-based design,10.1145/67449.67452,283,0.832,204.9,185,0.5609756097560976,0.625,59
105,Interpretation & Critique in Design Research,12149,2012,dis,The logic of annotated portfolios,10.1145/2317956.2317968,195,0.574,1211.6,222,-0.013314646110721794,-0.03618421052631579,26
105,Interpretation & Critique in Design Research,20535,2016,chi,From Research Prototype to Research Product,10.1145/2858036.2858447,149,0.438,1586.3,254,-0.0009970089730807576,0.0022471910112359553,23
105,Interpretation & Critique in Design Research,5467,2006,dis,Staying open to interpretation,10.1145/1142405.1142422,263,0.774,1213.7,585,-0.014218009478672985,0.0,35
105,Interpretation & Critique in Design Research,5406,2006,dis,The history tablecloth,10.1145/1142405.1142437,273,0.803,559.6,138,0.045171339563862926,0.02631578947368421,36
106,More-than-human Design,10948,2011,chi,Communication technology for human-dog interaction,10.1145/1978942.1979329,171,0.559,231.2,49,-0.013245033112582781,-0.04411764705882353,23
106,More-than-human Design,1829,1997,uist,"A finger-mounted, direct pointing device for mobile computing",10.1145/263407.263506,174,0.569,19.3,8,1.0,,25
106,More-than-human Design,10662,2011,chi,Cat cat revolution,10.1145/1978942.1979331,173,0.565,229.5,56,0.2545454545454545,0.15384615384615385,23
106,More-than-human Design,33673,2021,chi,Watching Myself Watching Birds,10.1145/3411764.3445329,109,0.356,1675.2,136,-0.07512315270935961,-0.07512315270935961,12
106,More-than-human Design,11180,2011,chi,Understanding people and animals,10.1145/1978942.1979328,171,0.559,313.6,62,0.00390625,-0.05714285714285714,23
106,More-than-human Design,36012,2022,chi,Weaving Stories: Toward Repertoires for Designing Things,10.1145/3491102.3501901,80,0.261,1000.8,110,-0.05792349726775956,-0.05792349726775956,10
106,More-than-human Design,22926,2017,chi,Designing for Cohabitation,10.1145/3025453.3025948,135,0.441,1399.4,186,0.007211538461538462,0.0,21
106,More-than-human Design,4688,2005,uist,Supporting interspecies social awareness,10.1145/1095034.1095076,173,0.565,253.4,43,0.0262582056892779,0.0,24
106,More-than-human Design,39538,2023,chi,Feminist Posthumanist Design of Menstrual Care for More-than-Human Bodies,10.1145/3544548.3581083,66,0.216,955.8,89,-0.06746031746031746,-0.06746031746031746,9
106,More-than-human Design,25207,2018,chi,Design for Collaborative Survival,10.1145/3173574.3173614,130,0.425,1989.0,236,-0.06482281763180639,-0.0796875,17
107,VR Meditation & Breathing,10947,2011,uist,Peripheral paced respiration,10.1145/2047196.2047250,135,0.6,72.3,85,1.0,1.0,26
107,VR Meditation & Breathing,20102,2016,iui,RelaWorld,10.1145/2856767.2856796,128,0.569,644.9,157,0.1232876712328767,0.15,21
107,VR Meditation & Breathing,20681,2016,dis,Biosignals as Social Cues,10.1145/2901790.2901850,91,0.404,878.9,117,-0.037786774628879895,-0.049689440993788817,20
107,VR Meditation & Breathing,25802,2018,dis,Attending to Breath,10.1145/3196709.3196765,89,0.396,695.3,97,-0.01832460732984293,-0.030690537084398978,16
107,VR Meditation & Breathing,22507,2017,chi,Inner Garden,10.1145/3025453.3025743,119,0.529,1030.3,145,-0.012131715771230503,-0.043343653250773995,20
107,VR Meditation & Breathing,17648,2015,chi,The Virtual Meditative Walk,10.1145/2702123.2702344,129,0.573,91.8,189,1.0,1.0,22
107,VR Meditation & Breathing,8785,2010,chi,The influence of implicit and explicit biofeedback in first-person shooter games,10.1145/1753326.1753453,144,0.64,84.2,101,1.0,1.0,29
107,VR Meditation & Breathing,23985,2017,chiplay,Life Tree,10.1145/3116595.3116621,107,0.476,810.7,149,0.008097165991902834,-0.0975609756097561,19
107,VR Meditation & Breathing,24721,2018,chi,Breeze,10.1145/3173574.3174219,70,0.311,802.6,114,-0.06320541760722348,-0.05338078291814947,15
107,VR Meditation & Breathing,11998,2012,dis,<i>Sonic Cradle</i>,10.1145/2317956.2318017,131,0.582,625.0,136,0.08012820512820513,0.10101010101010101,25
108,Playful Food Experiences,21510,2016,uist,Digital Gastronomy,10.1145/2984511.2984528,77,0.443,672.1,77,0.0,0.0,20
108,Playful Food Experiences,26728,2018,chiplay,Arm-A-Dine,10.1145/3242671.3242710,68,0.391,644.8,54,-0.02569832402234637,-0.03909465020576132,17
108,Playful Food Experiences,12912,2012,chi,Laying the table for HCI,10.1145/2207676.2207694,103,0.592,375.8,43,-0.011410788381742738,-0.025089605734767026,25
108,Playful Food Experiences,7153,2008,chi,Celebratory technology,10.1145/1357054.1357130,120,0.69,1243.6,285,0.37735849056603776,0.23529411764705882,33
108,Playful Food Experiences,10260,2011,ubicomp,CoDine,10.1145/2030112.2030116,101,0.58,546.7,96,0.1524390243902439,0.12,25
108,Playful Food Experiences,23063,2017,chi,<i>EdiPulse</i>,10.1145/3025453.3025980,85,0.489,979.9,105,-0.018691588785046728,-0.03125,19
108,Playful Food Experiences,10394,2011,chi,Augmented reality flavors,10.1145/1978942.1978957,100,0.575,115.1,200,1.0,1.0,30
108,Playful Food Experiences,28316,2019,chi,Making Sense of Human-Food Interaction,10.1145/3290605.3300908,67,0.385,1068.4,152,0.0,-0.034482758620689655,15
108,Playful Food Experiences,8799,2010,tei,The presence table,10.1145/1935701.1935800,102,0.586,49.1,4,0.012658227848101266,0.0625,26
109,Calendars & Scheduling,11046,2011,cscw,Collaborative rhythm,10.1145/1958824.1958861,9,0.225,192.7,91,0.03359173126614987,0.06542056074766354,27
109,Calendars & Scheduling,623,1990,cscw,A visual calendar for scheduling group meetings,10.1145/99332.99361,22,0.55,125.0,77,0.03389830508474576,0.08695652173913043,51
109,Calendars & Scheduling,3027,2001,tochi,Dealing with mobility,10.1145/504704.504707,20,0.5,212.8,534,0.03937007874015748,-0.05084745762711865,40
109,Calendars & Scheduling,2421,1999,chi,"Social, individual and technological issues for groupware calendar systems",10.1145/302979.302982,21,0.525,222.4,221,0.10869565217391304,0.13793103448275862,44
109,Calendars & Scheduling,280,1986,chi,Social and psychological factors influencing the design of office communications systems,10.1145/29933.275651,22,0.55,108.0,39,0.6875,0.5,60
109,Calendars & Scheduling,4473,2005,group,Negotiated rhythms of mobile work,10.1145/1099203.1099233,15,0.375,165.9,43,-0.015873015873015872,-0.0273972602739726,35
109,Calendars & Scheduling,16605,2014,cscw,Reconciling rhythms,10.1145/2531602.2531736,5,0.125,133.9,41,-0.0736196319018405,-0.04477611940298507,25
110,Self-tracking & Reflection,7337,2008,chi,Activity sensing in the wild,10.1145/1357054.1357335,437,0.842,2442.1,1128,0.08280254777070063,0.03669724770642202,34
110,Self-tracking & Reflection,5482,2006,chi,Design requirements for technologies that encourage physical activity,10.1145/1124772.1124840,460,0.886,2644.2,800,0.5486381322957199,0.3968253968253968,35
110,Self-tracking & Reflection,4911,2006,ubicomp,Embedding Behavior Modification Strategies into a Consumer Electronic Device: A Case Study,10.1007/11853565_18,423,0.815,170.8,70,1.0,1.0,34
110,Self-tracking & Reflection,7184,2008,ubicomp,Flowers or a robot army?,10.1145/1409635.1409644,419,0.807,1270.8,400,0.006514657980456026,0.02857142857142857,32
110,Self-tracking & Reflection,18806,2015,chi,Reflective Informatics,10.1145/2702123.2702234,246,0.474,2062.0,248,-0.03553299492385787,-0.03940886699507389,22
110,Self-tracking & Reflection,4922,2006,ubicomp,Fish’n’Steps: Encouraging Physical Activity with an Interactive Computer Game,10.1007/11853565_16,457,0.881,1540.8,850,1.0,1.0,35
110,Self-tracking & Reflection,32572,2020,imwut,Mapping and Taking Stock of the Personal Informatics Literature,10.1145/3432231,133,0.256,1779.5,217,-0.05130641330166271,-0.05089485458612975,11
110,Self-tracking & Reflection,16477,2014,dis,Reviewing reflection,10.1145/2598510.2598598,278,0.536,1902.3,264,-0.017948717948717947,-0.029411764705882353,24
111,Chronic Care & Caregiving,20003,2016,cscw,Designing for Those who are Overlooked,10.1145/2818048.2819999,182,0.542,1334.9,135,-0.0706401766004415,-0.0593607305936073,22
111,Chronic Care & Caregiving,20421,2016,chi,"""Counting on the Group""",10.1145/2858036.2858477,157,0.467,958.7,67,-0.08,-0.08372093023255814,21
111,Chronic Care & Caregiving,7112,2008,chi,Healthcare in everyday life,10.1145/1357054.1357336,251,0.747,441.3,165,0.08597285067873303,0.10606060606060606,33
111,Chronic Care & Caregiving,5133,2006,chi,Desperately seeking simplicity,10.1145/1124772.1124943,252,0.75,90.4,240,1.0,1.0,36
111,Chronic Care & Caregiving,13683,2013,cscw,Caring for caregivers,10.1145/2441776.2441789,201,0.598,1655.4,172,0.10726643598615918,-0.061855670103092786,23
111,Chronic Care & Caregiving,19892,2016,cscw,Partners in Care,10.1145/2818048.2819983,174,0.518,1459.0,121,-0.08656716417910448,-0.08888888888888889,21
111,Chronic Care & Caregiving,6232,2007,chi,Grow and know,10.1145/1240624.1240830,242,0.72,404.6,77,0.04611650485436893,0.02830188679245283,33
111,Chronic Care & Caregiving,22234,2017,cscw,From Personal Informatics to Family Informatics,10.1145/2998181.2998362,133,0.396,1276.2,202,-0.0891089108910891,-0.07792207792207792,19
111,Chronic Care & Caregiving,5306,2006,cscw,Of pill boxes and piano benches,10.1145/1180875.1180888,257,0.765,304.9,121,0.056338028169014086,-0.030303030303030304,34
111,Chronic Care & Caregiving,5245,2006,chi,Tensions in designing capture technologies for an evidence-based care community,10.1145/1124772.1124911,249,0.741,239.4,49,-0.0034129692832764505,0.0,34
112,Behavior Sensing,38592,2022,imwut,GLOBEM,10.1145/3569485,46,0.14,953.1,87,-0.0898876404494382,-0.0898876404494382,8
112,Behavior Sensing,13379,2012,ubicomp,StressSense,10.1145/2370216.2370270,248,0.754,717.8,517,0.38271604938271603,0.32432432432432434,25
112,Behavior Sensing,17412,2014,ubicomp,StudentLife,10.1145/2632048.2632054,210,0.638,1921.0,1130,0.15450643776824036,0.010416666666666666,23
112,Behavior Sensing,25028,2018,imwut,Tracking Depression Dynamics in College Students Using Mobile Phone and Wearable Sensing,10.1145/3191775,156,0.474,1257.7,353,-0.20238095238095238,-0.2711864406779661,16
112,Behavior Sensing,11123,2011,chi,PAM,10.1145/1978942.1979047,240,0.729,131.7,146,1.0,1.0,30
112,Behavior Sensing,18646,2015,ubicomp,Trajectories of depression,10.1145/2750858.2805845,196,0.596,1264.5,505,-0.13100436681222707,-0.12149532710280374,20
112,Behavior Sensing,21242,2016,ubicomp,CrossCheck,10.1145/2971648.2971740,181,0.55,859.0,273,-0.072,-0.08088235294117647,17
112,Behavior Sensing,9978,2010,ubicomp,Social sensing for epidemiological behavior change,10.1145/1864349.1864394,223,0.678,130.4,227,1.0,1.0,27
112,Behavior Sensing,9790,2010,ubicomp,EmotionSense,10.1145/1864349.1864393,254,0.772,368.7,517,0.9523809523809523,0.8823529411764706,31
112,Behavior Sensing,6687,2008,ubicomp,Towards the automated social analysis of situated speech data,10.1145/1409635.1409658,257,0.781,84.5,35,0.057971014492753624,0.21052631578947367,32
113,Stress & Mood Technology,24932,2018,chi,Pocket Skills,10.1145/3173574.3173972,123,0.411,754.7,168,-0.0026595744680851063,0.0,16
113,Stress & Mood Technology,11595,2011,chi,In the mood,10.1145/1978942.1979379,208,0.696,637.9,139,0.04864864864864865,-0.0070921985815602835,29
113,Stress & Mood Technology,30795,2020,chi,Designing Mental Health Technologies that Support the Social Ecosystem of College Students,10.1145/3313831.3376362,63,0.211,759.7,86,-0.060941828254847646,-0.061764705882352944,11
113,Stress & Mood Technology,27471,2019,chi,HCI and Affective Health,10.1145/3290605.3300475,110,0.368,1184.1,223,-0.019896193771626297,-0.03508771929824561,18
113,Stress & Mood Technology,13207,2012,dis,Magic land,10.1145/2317956.2317978,182,0.609,181.6,33,0.0,-0.029411764705882353,25
113,Stress & Mood Technology,11257,2011,chi,Exploratory evaluations of a computer game supporting cognitive behavioural therapy for ad,10.1145/1978942.1979378,206,0.689,522.4,117,0.16793893129770993,0.07407407407407407,26
113,Stress & Mood Technology,8091,2009,chi,Clinical evaluations and collaborative design,10.1145/1518701.1519013,213,0.712,202.3,83,0.4523809523809524,0.45454545454545453,29
113,Stress & Mood Technology,25213,2018,chi,"“Suddenly, we got to become therapists for each other”",10.1145/3173574.3173905,93,0.311,900.8,133,-0.038834951456310676,-0.08133971291866028,18
113,Stress & Mood Technology,13118,2012,chi,Engagement with online mental health interventions,10.1145/2207676.2208602,205,0.686,851.5,213,0.040229885057471264,-0.06666666666666667,28
114,Aging & Dementia Care,4834,2005,chi,Participatory design of an orientation aid for amnesics,10.1145/1054972.1055043,187,0.652,49.4,66,0.4444444444444444,0.6666666666666666,41
114,Aging & Dementia Care,25477,2018,chi,Exploring the Design of Tailored Virtual Reality Experiences for People with Dementia,10.1145/3173574.3174088,83,0.289,1042.6,142,-0.10256410256410256,-0.14465408805031446,16
114,Aging & Dementia Care,15238,2013,chi,Older adults as digital content producers,10.1145/2470654.2470662,175,0.61,1180.9,185,0.05895691609977324,0.05421686746987952,24
114,Aging & Dementia Care,8392,2009,chi,Desiring to be in touch in a changing communications landscape,10.1145/1518701.1518962,190,0.662,541.9,179,0.11983471074380166,0.011111111111111112,32
114,Aging & Dementia Care,9932,2010,chi,Towards customizable games for stroke rehabilitation,10.1145/1753326.1753649,202,0.704,186.1,385,0.975609756097561,0.9375,28
114,Aging & Dementia Care,22638,2017,chi,A Critical Lens on Dementia and Design in HCI,10.1145/3025453.3025522,106,0.369,1495.6,199,-0.06533575317604355,-0.12027491408934708,19
114,Aging & Dementia Care,9776,2010,dis,Age and experience,10.1145/1858171.1858200,189,0.659,453.1,56,0.07075471698113207,0.06451612903225806,29
114,Aging & Dementia Care,12759,2012,chi,Senior designers,10.1145/2207676.2208568,193,0.672,368.7,91,0.03065134099616858,0.029411764705882353,26
114,Aging & Dementia Care,16698,2014,chi,Never too old,10.1145/2556288.2557184,160,0.557,1169.5,215,-0.03915171288743882,-0.0502283105022831,23
114,Aging & Dementia Care,18941,2015,tochi,An Age-Old Problem,10.1145/2696867,155,0.54,1362.8,456,-0.015558698727015558,-0.01487603305785124,22
115,Personal Informatics Models,17379,2014,chi,Understanding quantified-selfers' practices in collecting and exploring personal data,10.1145/2556288.2557372,214,0.811,2170.5,774,-0.12086513994910941,-0.1485148514851485,24
115,Personal Informatics Models,9805,2010,chi,A stage-based model of personal informatics systems,10.1145/1753326.1753409,222,0.841,2796.8,1123,0.23087248322147652,-0.005917159763313609,29
115,Personal Informatics Models,5585,2006,chi,Investigating health management practices of individuals with diabetes,10.1145/1124772.1124910,232,0.879,526.3,177,0.051094890510948905,0.023622047244094488,35
115,Personal Informatics Models,7282,2008,chi,MAHI,10.1145/1357054.1357131,225,0.852,1309.5,358,0.007655502392344498,-0.024390243902439025,32
115,Personal Informatics Models,16919,2014,chi,Personal tracking as lived informatics,10.1145/2556288.2557039,214,0.811,2097.7,659,-0.13517665130568357,-0.18532818532818532,24
115,Personal Informatics Models,19933,2016,cscw,Boundary Negotiating Artifacts in Personal Informatics,10.1145/2818048.2819926,170,0.644,1700.2,234,-0.03638644918444166,-0.07455012853470437,22
115,Personal Informatics Models,18111,2015,ubicomp,A lived informatics model of personal informatics,10.1145/2750858.2804250,200,0.758,2475.7,503,-0.18514851485148515,-0.14382022471910114,23
116,Clinical Information Work,6212,2007,chi,An observational study on information flow during nurses' shift change,10.1145/1240624.1240661,82,0.582,412.2,95,0.016666666666666666,-0.058823529411764705,34
116,Clinical Information Work,3206,2002,cscw,The parameters of common information spaces:,10.1145/587078.587104,102,0.723,365.9,164,1.0,1.0,40
116,Clinical Information Work,5318,2006,cscw,AwareMedia,10.1145/1180875.1180892,62,0.44,565.3,164,0.03618421052631579,0.0,32
116,Clinical Information Work,3372,2002,cscw,A finger on the pulse,10.1145/587078.587126,96,0.681,690.2,280,0.33678756476683935,0.2619047619047619,41
116,Clinical Information Work,1646,1996,cscw,Documents and professional practice,10.1145/240080.240342,114,0.809,588.5,252,0.28846153846153844,0.06896551724137931,46
116,Clinical Information Work,8373,2009,chi,<i>I just don't know why it's gone</i>,10.1145/1518701.1519014,71,0.504,419.6,69,0.0,0.030303030303030304,29
116,Clinical Information Work,2138,1998,cscw,Designing for the dynamics of cooperative work activities,10.1145/289444.289483,97,0.688,178.1,186,0.23529411764705882,0.4444444444444444,40
116,Clinical Information Work,1819,1997,group,“I love the system---I just don't use it!”,10.1145/266838.266922,106,0.752,168.4,68,0.030303030303030304,0.0,42
116,Clinical Information Work,991,1992,cscw,Time-management,10.1145/143457.143517,97,0.688,60.4,55,0.47368421052631576,1.0,51
117,"Sleep, ADHD & Lifelogging",7169,2008,cscw,Are you sleeping?,10.1145/1460563.1460660,75,0.352,234.7,42,0.0021929824561403508,0.0,32
117,"Sleep, ADHD & Lifelogging",11851,2012,ubicomp,Lullaby,10.1145/2370216.2370253,72,0.338,701.3,219,-0.05335628227194492,-0.14583333333333334,26
117,"Sleep, ADHD & Lifelogging",11211,2011,chi,Opportunities for computing technologies to support healthy sleep behaviors,10.1145/1978942.1979395,74,0.347,590.4,116,0.0625,0.0136986301369863,27
117,"Sleep, ADHD & Lifelogging",20492,2016,chi,Changing Family Practices with Assistive Technology,10.1145/2858036.2858157,40,0.188,652.2,87,-0.0076045627376425855,0.0,21
117,"Sleep, ADHD & Lifelogging",5520,2006,ubicomp,SenseCam: A Retrospective Memory Aid,10.1007/11853565_11,100,0.469,198.8,768,1.0,1.0,35
117,"Sleep, ADHD & Lifelogging",13392,2012,chi,ShutEye,10.1145/2207676.2208600,72,0.338,615.5,125,-0.010121457489878543,-0.041884816753926704,25
117,"Sleep, ADHD & Lifelogging",16987,2014,chi,Toss 'n' turn,10.1145/2556288.2557220,70,0.329,491.7,212,0.06956521739130435,0.0425531914893617,23
118,Crowdsourcing & Human Computation,11646,2011,uist,CrowdForge,10.1145/2047196.2047202,294,0.695,2167.1,307,0.008988764044943821,-0.04597701149425287,31
118,Crowdsourcing & Human Computation,9829,2010,uist,TurKit,10.1145/1866029.1866040,308,0.728,1357.4,313,-0.03968253968253968,-0.08333333333333333,32
118,Crowdsourcing & Human Computation,5039,2006,chi,Verbosity,10.1145/1124772.1124784,329,0.778,158.2,299,1.0,1.0,38
118,Crowdsourcing & Human Computation,7953,2009,chi,Input-agreement,10.1145/1518701.1518881,322,0.761,118.1,251,1.0,1.0,33
118,Crowdsourcing & Human Computation,7315,2008,chi,Crowdsourcing user studies with Mechanical Turk,10.1145/1357054.1357127,351,0.83,1977.8,1970,0.6554878048780488,0.6222222222222222,35
118,Crowdsourcing & Human Computation,13561,2012,cscw,Shepherding the crowd yields better work,10.1145/2145204.2145355,236,0.558,1764.3,337,-0.001447178002894356,-0.03663003663003663,29
118,Crowdsourcing & Human Computation,15964,2014,cscw,Being a turker,10.1145/2531602.2531663,205,0.485,1630.4,281,-0.12101910828025478,-0.18316831683168316,25
118,Crowdsourcing & Human Computation,9694,2010,uist,Soylent,10.1145/1866029.1866078,340,0.804,2849.3,706,0.043478260869565216,-0.0603448275862069,33
119,Explainable Machine Learning,8481,2009,chi,<i>Why and why not</i> explanations improve the intelligibility of context-aware intellige,10.1145/1518701.1519023,349,0.841,1751.9,547,0.1394736842105263,-0.014925373134328358,30
119,Explainable Machine Learning,1159,1993,iui,Explanation facilities and interactive systems,10.1145/169891.169951,358,0.863,84.2,71,0.9166666666666666,,42
119,Explainable Machine Learning,28423,2019,chi,Designing Theory-Driven User-Centric Explainable AI,10.1145/3290605.3300831,282,0.68,3134.5,859,-0.010050251256281407,-0.05045871559633028,17
119,Explainable Machine Learning,33260,2021,iui,Are Explanations Helpful? A Comparative Study of the Effects of Explanations in AI-Assiste,10.1145/3397481.3450650,181,0.436,2747.2,298,-0.13793103448275862,-0.13793103448275862,12
119,Explainable Machine Learning,6000,2007,chi,How it works,10.1145/1240624.1240630,353,0.851,600.1,136,0.05504587155963303,0.03636363636363636,31
119,Explainable Machine Learning,8307,2009,ubicomp,Assessing demand for intelligibility in context-aware applications,10.1145/1620545.1620576,341,0.822,969.8,235,0.03636363636363636,0.015748031496062992,29
119,Explainable Machine Learning,28339,2019,chi,Understanding the Effect of Accuracy on Trust in Machine Learning Models,10.1145/3290605.3300509,284,0.684,2087.7,508,0.3062015503875969,0.27225130890052357,17
119,Explainable Machine Learning,30293,2020,chi,Questioning the AI: Informing Design Practices for Explainable AI User Experiences,10.1145/3313831.3376590,256,0.617,2453.8,697,-0.09344262295081968,-0.09664694280078895,16
119,Explainable Machine Learning,33402,2021,pacmhci,To Trust or to Think,10.1145/3449287,190,0.458,3876.7,821,0.13005780346820808,0.13005780346820808,11
119,Explainable Machine Learning,6719,2008,iui,Toward establishing trust in adaptive agents,10.1145/1378773.1378804,363,0.875,527.9,209,0.29545454545454547,0.25,30
120,Data Visualization,25190,2018,chi,Frames and Slants in Titles of Visualizations on Controversial Topics,10.1145/3173574.3174012,113,0.283,648.0,130,-0.018518518518518517,0.014285714285714285,13
120,Data Visualization,27626,2019,chi,Increasing the Transparency of Research Papers with Explorable Multiverse Analyses,10.1145/3290605.3300295,94,0.236,673.7,131,-0.004672897196261682,-0.011312217194570135,14
120,Data Visualization,843,1991,chi,A cognitive model for the perception and understanding of graphs,10.1145/108844.108865,257,0.644,36.6,68,1.0,,44
120,Data Visualization,20349,2016,chi,When (ish) is My Bus?,10.1145/2858036.2858558,115,0.288,588.3,251,0.4158415841584158,0.2962962962962963,21
120,Data Visualization,5713,2007,chi,White rooms and morphing don't mix,10.1145/1240624.1240640,228,0.571,27.5,19,0.42857142857142855,0.6666666666666666,35
120,Data Visualization,1526,1996,tochi,High-speed visual estimation using preattentive processing,10.1145/230562.230563,229,0.574,30.4,212,1.0,,37
120,Data Visualization,29049,2019,chi,Data is Personal,10.1145/3290605.3300474,81,0.203,653.8,161,-0.04430379746835443,-0.06666666666666667,12
120,Data Visualization,6204,2007,chi,Voyagers and voyeurs,10.1145/1240624.1240781,285,0.714,349.9,265,0.3125,0.23809523809523808,36
120,Data Visualization,8413,2009,chi,Sizing the horizon,10.1145/1518701.1518897,256,0.642,496.9,298,0.16216216216216217,0.19047619047619047,35
120,Data Visualization,9630,2010,chi,Crowdsourcing graphical perception,10.1145/1753326.1753357,227,0.569,781.4,817,0.103125,0.02654867256637168,34
121,Fairness & Clinical AI,22627,2017,chi,A Human-Centered Approach to Algorithmic Services,10.1145/3025453.3025884,232,0.776,366.2,88,-0.029876977152899824,-0.05329153605015674,20
121,Fairness & Clinical AI,23079,2017,chi,UX Design Innovation,10.1145/3025453.3025739,208,0.696,1548.5,388,0.06076854334226988,0.043209876543209874,22
121,Fairness & Clinical AI,29119,2019,pacmhci,"""Hello AI"": Uncovering the Onboarding Needs of Medical Practitioners for Human-AI Collabor",10.1145/3359206,174,0.582,2109.4,583,-0.03648269410664172,-0.054570259208731244,15
121,Fairness & Clinical AI,31405,2020,chi,"Re-examining Whether, Why, and How Human-AI Interaction Is Uniquely Difficult to Design",10.1145/3313831.3376301,175,0.585,2164.7,589,-0.07585703865791393,-0.08333333333333333,14
121,Fairness & Clinical AI,22225,2017,cscw,Algorithmic Mediation in Group Decisions,10.1145/2998181.2998230,234,0.783,595.0,180,0.048638132295719845,0.035211267605633804,21
121,Fairness & Clinical AI,30226,2019,chi,Improving Fairness in Machine Learning Systems,10.1145/3290605.3300830,165,0.552,2335.7,715,-0.028469750889679714,-0.052884615384615384,17
121,Fairness & Clinical AI,20309,2016,chi,Investigating the Heart Pump Implant Decision Process,10.1145/2858036.2858373,246,0.823,660.1,108,0.6233766233766234,0.5925925925925926,19
121,Fairness & Clinical AI,30679,2020,chi,Co-Designing Checklists to Understand Organizational Challenges and Opportunities around F,10.1145/3313831.3376445,144,0.482,1740.8,416,-0.062034739454094295,-0.06576980568011959,13
121,Fairness & Clinical AI,20767,2016,dis,Planning Adaptive Mobile Experiences When Wireframing,10.1145/2901790.2901858,212,0.709,443.8,62,0.023255813953488372,0.014492753623188406,23
122,Data Work & Infrastructure,27303,2018,pacmhci,Trust in Data Science,10.1145/3274405,113,0.386,1271.1,187,0.015189873417721518,-0.02608695652173913,18
122,Data Work & Infrastructure,6765,2008,chi,Accountabilities of presence,10.1145/1357054.1357133,198,0.676,151.1,77,0.03631961259079903,0.03409090909090909,32
122,Data Work & Infrastructure,32783,2021,chi,"“Everyone wants to do the model work, not the data work”: Data Cascades in High-Stakes AI",10.1145/3411764.3445518,64,0.218,1184.5,675,-0.027135678391959798,-0.027135678391959798,12
122,Data Work & Infrastructure,5168,2006,cscw,The human infrastructure of cyberinfrastructure,10.1145/1180875.1180950,229,0.782,987.1,354,0.8366013071895425,0.48,33
122,Data Work & Infrastructure,28240,2019,chi,How Data Science Workers Work with Data,10.1145/3290605.3300356,109,0.372,1622.6,261,-0.03888888888888889,-0.05822784810126582,19
122,Data Work & Infrastructure,2197,1998,cscw,Cooperative knowledge work and practices of trust,10.1145/289444.289508,196,0.669,56.4,97,1.0,1.0,38
122,Data Work & Infrastructure,1270,1994,cscw,Steps towards an ecology of infrastructure,10.1145/192844.193021,204,0.696,115.9,391,0.5695364238410596,0.05555555555555555,45
122,Data Work & Infrastructure,6775,2008,cscw,Representing community,10.1145/1460563.1460581,197,0.672,95.7,33,0.02,0.1111111111111111,32
122,Data Work & Infrastructure,30908,2020,pacmhci,"How do Data Science Workers Collaborate? Roles, Workflows, and Tools",10.1145/3392826,97,0.331,1342.2,253,-0.06755373592630501,-0.07785888077858881,15
122,Data Work & Infrastructure,22654,2017,chi,Disempowered by Data,10.1145/3025453.3025694,150,0.512,1440.6,141,-0.14427860696517414,-0.05084745762711865,20
123,Interactive Machine Learning,7201,2008,chi,CueFlik,10.1145/1357054.1357061,116,0.671,676.4,182,-0.08125,-0.15789473684210525,33
123,Interactive Machine Learning,19110,2015,chi,ModelTracker,10.1145/2702123.2702509,74,0.428,667.6,272,-0.034482758620689655,0.0,21
123,Interactive Machine Learning,25772,2018,dis,Grounding Interactive Machine Learning Tool Design in How Non-Experts Actually Build Model,10.1145/3196709.3196729,52,0.301,578.4,154,0.007853403141361256,-0.020242914979757085,20
123,Interactive Machine Learning,3565,2003,iui,Interactive machine learning,10.1145/604045.604056,130,0.751,1213.7,609,0.5529953917050692,0.11764705882352941,34
123,Interactive Machine Learning,8272,2009,chi,EnsembleMatrix,10.1145/1518701.1518895,101,0.584,607.0,227,0.0041841004184100415,0.0,33
123,Interactive Machine Learning,8120,2009,iui,Learning to generalize for complex selection tasks,10.1145/1502650.1502676,101,0.584,39.1,18,-0.01948051948051948,-0.07142857142857142,30
123,Interactive Machine Learning,8442,2009,uist,Overview based example selection in end user interactive concept learning,10.1145/1622176.1622222,100,0.578,239.2,43,-0.007168458781362007,-0.014492753623188406,29
124,Peer & Crowd Feedback,7617,2009,iui,A multimedia interface for facilitating comparisons of opinions,10.1145/1502650.1502696,83,0.659,93.0,32,0.08,-0.07142857142857142,31
124,Peer & Crowd Feedback,17735,2015,cc,Critiki,10.1145/2757226.2757249,64,0.508,873.1,52,-0.06726457399103139,-0.07984790874524715,24
124,Peer & Crowd Feedback,6089,2007,chi,Getting our head in the clouds,10.1145/1240624.1240775,84,0.667,153.9,342,0.24489795918367346,0.14705882352941177,32
124,Peer & Crowd Feedback,8201,2009,chi,Semantically structured tag clouds,10.1145/1518701.1519010,83,0.659,43.9,102,0.0,-0.1,31
124,Peer & Crowd Feedback,16793,2014,cscw,Voyant,10.1145/2531602.2531604,72,0.571,1421.0,158,-0.05597579425113464,-0.09198813056379822,27
124,Peer & Crowd Feedback,5292,2006,chi,Getting the right design and the design right,10.1145/1124772.1124960,88,0.698,376.5,208,0.9315068493150684,0.7692307692307693,34
124,Peer & Crowd Feedback,19961,2016,cscw,Almost an Expert,10.1145/2818048.2819953,61,0.484,1353.1,97,-0.09368635437881874,-0.10566037735849057,23
124,Peer & Crowd Feedback,18742,2015,cscw,"Structuring, Aggregating, and Evaluating Crowdsourced Design Critique",10.1145/2675133.2675283,65,0.516,1340.4,163,-0.08641975308641975,-0.09595959595959595,24
124,Peer & Crowd Feedback,5145,2006,iui,Interactive multimedia summaries of evaluative text,10.1145/1111449.1111480,84,0.667,86.0,63,1.0,1.0,32
124,Peer & Crowd Feedback,18655,2015,cscw,A Classroom Study of Using Crowd Feedback in the Iterative Design Process,10.1145/2675133.2675140,67,0.532,758.3,66,-0.056511056511056514,-0.09134615384615384,24
125,Computational Notebooks,24704,2018,chi,Exploration and Explanation in Computational Notebooks,10.1145/3173574.3173606,60,0.377,1019.2,333,0.11643835616438356,0.14150943396226415,20
125,Computational Notebooks,7226,2008,cscw,From individual to collaborative,10.1145/1460563.1460653,66,0.415,271.6,68,-0.012718600953895072,-0.07518796992481203,30
125,Computational Notebooks,28071,2019,chi,Managing Messes in Computational Notebooks,10.1145/3290605.3300500,53,0.333,1173.5,158,-0.2875,-0.3089430894308943,18
125,Computational Notebooks,25389,2018,chi,The Story in the Notebook,10.1145/3173574.3173748,60,0.377,888.1,210,0.024793388429752067,0.04878048780487805,20
125,Computational Notebooks,7118,2008,chi,Investigating statistical machine learning as a tool for software development,10.1145/1357054.1357160,70,0.44,183.0,131,0.026525198938992044,0.0,30
125,Computational Notebooks,30648,2020,chi,"What's Wrong with Computational Notebooks? Pain Points, Needs, and Design Opportunities",10.1145/3313831.3376729,46,0.289,939.3,154,-0.1145374449339207,-0.1291866028708134,13
125,Computational Notebooks,4282,2004,chi,Breaking the book,10.1145/985692.985696,67,0.421,58.9,66,-0.03225806451612903,0.0,31
125,Computational Notebooks,22715,2017,chi,Variolite,10.1145/3025453.3025626,67,0.421,850.7,140,0.17829457364341086,0.171875,21
125,Computational Notebooks,5791,2007,chi,PageLinker,10.1145/1240624.1240680,67,0.421,56.3,20,0.0,-0.015384615384615385,31
126,Social Media & Mental Health,20385,2016,chi,Understanding Social Media Disclosures of Sexual Abuse Through the Lenses of Support Seeki,10.1145/2858036.2858096,303,0.44,2322.3,382,0.13212435233160622,-0.024390243902439025,23
126,Social Media & Mental Health,16261,2014,cscw,"""You can't block people offline""",10.1145/2531602.2531672,399,0.579,1648.8,157,0.0410958904109589,0.009708737864077669,25
126,Social Media & Mental Health,6315,2007,chi,A familiar face(book),10.1145/1240624.1240695,606,0.88,540.5,628,0.3113207547169811,-0.027777777777777776,36
126,Social Media & Mental Health,7371,2008,cscw,Changes in use and perception of facebook,10.1145/1460563.1460675,599,0.869,1083.3,508,-0.02613240418118467,-0.05806451612903226,33
126,Social Media & Mental Health,5047,2006,cscw,A face(book) in the crowd,10.1145/1180875.1180901,619,0.898,1064.0,1002,0.6842105263157895,0.6857142857142857,37
126,Social Media & Mental Health,3770,2003,chi,"Unpacking ""privacy"" for a networked world",10.1145/642611.642635,515,0.747,1478.9,967,0.6118012422360248,0.3684210526315789,41
126,Social Media & Mental Health,22201,2017,cscw,"Sensitive Self-disclosures, Responses, and Social Support on Instagram",10.1145/2998181.2998243,264,0.383,2204.3,331,-0.11368421052631579,-0.17753623188405798,20
126,Social Media & Mental Health,6266,2007,group,Identity management,10.1145/1316624.1316682,609,0.884,900.0,342,0.3577981651376147,0.175,35
126,Social Media & Mental Health,7262,2008,chi,"Looking at, looking up or keeping up with people?",10.1145/1357054.1357213,603,0.875,1193.3,1396,0.3192771084337349,0.2413793103448276,34
126,Social Media & Mental Health,10615,2011,chi,We're in it together,10.1145/1978942.1979420,470,0.682,1474.6,249,-0.042105263157894736,-0.1276595744680851,29
127,ICTD & Rural Communities,6211,2007,chi,Localized iterative design for language learning in underdeveloped regions,10.1145/1240624.1240791,458,0.775,269.8,56,0.22641509433962265,0.16666666666666666,34
127,ICTD & Rural Communities,1795,1997,chi,Designing a graphical user interface for healthcare workers in rural India,10.1145/258549.258869,496,0.839,277.6,89,1.0,,36
127,ICTD & Rural Communities,25387,2018,chi,Design Within a Patriarchal Society,10.1145/3173574.3174110,235,0.398,2035.6,198,-0.05240549828178694,-0.053811659192825115,20
127,ICTD & Rural Communities,5613,2006,chi,Mobile phones and paper documents,10.1145/1124772.1124857,492,0.832,781.7,153,0.08024691358024691,0.0784313725490196,35
127,ICTD & Rural Communities,6990,2008,dis,Designing e-learning games for rural children in India,10.1145/1394445.1394452,456,0.772,315.0,94,-0.0410958904109589,-0.038461538461538464,33
127,ICTD & Rural Communities,24495,2017,pacmhci,Digital Privacy Challenges with Shared Mobile Phone Use in Bangladesh,10.1145/3134652,212,0.359,1588.7,143,-0.03273040482342808,-0.0436241610738255,20
127,ICTD & Rural Communities,6225,2007,chi,Multiple mice for retention tasks in disadvantaged schools,10.1145/1240624.1240864,461,0.78,394.4,93,0.11570247933884298,0.06557377049180328,35
127,ICTD & Rural Communities,9746,2010,chi,Intermediated technology use in developing communities,10.1145/1753326.1753718,416,0.704,2123.1,228,0.6257668711656442,0.25806451612903225,30
127,ICTD & Rural Communities,9718,2010,chi,Postcolonial computing,10.1145/1753326.1753522,385,0.651,2299.9,763,0.8538961038961039,0.7631578947368421,30
127,ICTD & Rural Communities,20571,2016,chi,The Ins and Outs of HCI for Development,10.1145/2858036.2858081,292,0.494,1636.2,252,-0.04005722460658083,-0.07941176470588235,22
128,Wikipedia & Open Source,7745,2009,group,"Wikipedians are born, not made",10.1145/1531674.1531682,277,0.489,1548.1,281,-0.06224899598393574,-0.07518796992481203,30
128,Wikipedia & Open Source,2626,2000,tochi,Social translucence,10.1145/344949.345004,485,0.855,506.4,997,0.15502793296089384,0.0,43
128,Wikipedia & Open Source,6020,2007,chi,"He says, she says",10.1145/1240624.1240698,405,0.714,1481.5,573,0.0948905109489051,0.057692307692307696,36
128,Wikipedia & Open Source,4240,2004,chi,Studying cooperation and conflict between authors with <i>history flow</i> visualizations,10.1145/985692.985765,476,0.84,1311.4,773,0.9743589743589743,1.0,39
128,Wikipedia & Open Source,6037,2007,iui,SuggestBot,10.1145/1216295.1216309,387,0.683,1578.4,246,0.016736401673640166,-0.015503875968992248,36
128,Wikipedia & Open Source,3382,2002,cscw,Stimulating social engagement in a community network,10.1145/587078.587121,475,0.838,136.7,99,0.028132992327365727,0.012658227848101266,40
128,Wikipedia & Open Source,4793,2005,group,Becoming Wikipedian,10.1145/1099203.1099205,444,0.783,1865.2,759,0.44017094017094016,0.07547169811320754,37
128,Wikipedia & Open Source,2045,1998,chi,Are newsgroups virtual communities?,10.1145/274644.274694,489,0.862,93.3,89,1.0,1.0,41
128,Wikipedia & Open Source,2239,1998,cscw,The dynamics of mass interaction,10.1145/289444.289500,498,0.878,501.9,278,0.1360544217687075,0.08333333333333333,41
129,Crisis Informatics,6688,2008,cscw,The emergence of online widescale interaction in unexpected events,10.1145/1460563.1460583,447,0.837,435.1,123,0.008426966292134831,0.018518518518518517,33
129,Crisis Informatics,9216,2010,cscw,Chatter on the red,10.1145/1718918.1718965,443,0.83,1071.9,444,0.12992125984251968,0.17777777777777778,32
129,Crisis Informatics,7267,2008,cscw,Finding community through information and communication technology in disaster response,10.1145/1460563.1460584,448,0.839,784.3,331,0.10179640718562874,0.046511627906976744,32
129,Crisis Informatics,9413,2010,chi,Microblogging during two natural hazards events,10.1145/1753326.1753486,440,0.824,1723.0,1419,0.04240282685512368,-0.017543859649122806,31
129,Crisis Informatics,11143,2011,chi,"""Voluntweeters""",10.1145/1978942.1979102,391,0.732,1658.4,537,0.005494505494505495,0.0,28
129,Crisis Informatics,29994,2019,pacmhci,Disinformation as Collaborative Work,10.1145/3359229,161,0.301,1468.4,357,-0.005780346820809248,-0.002680965147453083,13
129,Crisis Informatics,12049,2012,cscw,(How) will the revolution be retweeted?,10.1145/2145204.2145212,374,0.7,1356.4,416,0.10576923076923077,0.058823529411764705,27
129,Crisis Informatics,6198,2007,chi,Citizen communications in crisis,10.1145/1240624.1240736,455,0.852,1192.3,491,0.5,0.48,34
130,Gender & Algorithmic Bias,26784,2018,pacmhci,Safe Spaces and Safe Places,10.1145/3274424,229,0.524,1949.9,236,-0.0718232044198895,-0.081374321880651,17
130,Gender & Algorithmic Bias,18881,2015,cscw,"Disclosure, Stress, and Support During Gender Transition on Facebook",10.1145/2675133.2675152,291,0.666,1512.9,215,0.07608695652173914,0.05309734513274336,25
130,Gender & Algorithmic Bias,22916,2017,chi,"""Algorithms ruin everything""",10.1145/3025453.3025659,259,0.593,1677.5,273,-0.13183279742765272,-0.1554054054054054,20
130,Gender & Algorithmic Bias,17901,2015,chi,"""I always assumed that I wasn't really that close to [her]""",10.1145/2702123.2702556,303,0.693,1750.9,607,0.5321888412017167,0.46551724137931033,22
130,Gender & Algorithmic Bias,19123,2015,chi,Understanding User Beliefs About Algorithmic Curation in the Facebook News Feed,10.1145/2702123.2702174,284,0.65,875.4,368,0.4329268292682927,0.36470588235294116,22
130,Gender & Algorithmic Bias,35319,2021,pacmhci,Algorithmic Folk Theories and Identity: How TikTok Users Co-Produce Knowledge of Identity ,10.1145/3476046,131,0.3,1931.1,318,-0.0779467680608365,-0.0779467680608365,11
130,Gender & Algorithmic Bias,12571,2012,group,Qualitative data collection technologies,10.1145/2389176.2389218,284,0.65,131.0,51,0.40625,0.5,23
130,Gender & Algorithmic Bias,9661,2010,uist,Eddi,10.1145/1866029.1866077,285,0.652,74.1,162,0.1875,0.27906976744186046,31
130,Gender & Algorithmic Bias,26846,2018,pacmhci,The Misgendering Machines,10.1145/3274357,221,0.506,1720.2,501,-0.03404255319148936,-0.03761061946902655,18
131,Civic Participation,11456,2011,chi,Improving the safety of homeless young people with mobile phones,10.1145/1978942.1979191,320,0.782,395.5,112,0.07874015748031496,0.029411764705882353,29
131,Civic Participation,18212,2015,cscw,Strangers at the Gate,10.1145/2675133.2675147,269,0.658,1745.8,252,-0.00684931506849315,-0.03003003003003003,23
131,Civic Participation,6505,2008,chi,Designs on dignity,10.1145/1357054.1357155,325,0.795,526.4,187,0.3047619047619048,0.2894736842105263,33
131,Civic Participation,20779,2016,dis,Social Justice-Oriented Interaction Design,10.1145/2901790.2901861,253,0.619,1995.7,389,-0.05461102524471922,-0.07092198581560284,22
131,Civic Participation,9132,2010,dis,A tale of two publics,10.1145/1858171.1858174,323,0.79,269.4,49,0.03939393939393939,0.019801980198019802,31
131,Civic Participation,6093,2007,group,Value tensions in design,10.1145/1316624.1316668,323,0.79,252.0,181,0.0708215297450425,-0.0125,32
131,Civic Participation,22992,2017,chi,Creating a Sociotechnical API,10.1145/3025453.3025963,245,0.599,1375.7,86,-0.039619651347068144,-0.07540983606557378,19
131,Civic Participation,30901,2020,chi,Critical Race Theory for HCI,10.1145/3313831.3376392,147,0.359,2349.2,388,-0.04940530649588289,-0.04945054945054945,16
131,Civic Participation,8794,2010,chi,"Patients, pacemakers, and implantable defibrillators",10.1145/1753326.1753462,321,0.785,114.5,121,0.03365384615384615,0.015384615384615385,30
131,Civic Participation,29855,2019,pacmhci,Deconstructing Community-Based Collaborative Design,10.1145/3359318,164,0.401,2972.8,584,-0.06446776611694154,-0.057971014492753624,16
132,Moderation & Online Harassment,6018,2007,group,Arkose,10.1145/1316624.1316644,290,0.853,121.9,25,-0.015,-0.046511627906976744,31
132,Moderation & Online Harassment,24485,2017,pacmhci,Classification and Its Consequences for Online Harassment,10.1145/3134659,253,0.744,2171.9,242,-0.052781740370898715,-0.08378378378378379,20
132,Moderation & Online Harassment,29065,2019,tochi,Human-Machine Collaboration for Content Regulation,10.1145/3338243,230,0.676,2922.0,286,-0.12790697674418605,-0.1307901907356948,16
132,Moderation & Online Harassment,28107,2019,chi,Moderation Practices as Emotional Labor in Sustaining Online Communities,10.1145/3290605.3300372,240,0.706,2349.3,175,-0.05708245243128964,-0.05397727272727273,17
132,Moderation & Online Harassment,30061,2019,pacmhci,Does Transparency in Moderation Really Matter?,10.1145/3359252,219,0.644,2545.6,202,-0.09130434782608696,-0.10317460317460317,15
132,Moderation & Online Harassment,10735,2011,chi,Normative influences on thoughtful online participation,10.1145/1978942.1979450,291,0.856,257.3,105,0.03908794788273615,0.07692307692307693,29
132,Moderation & Online Harassment,14168,2013,cscw,Widespread underprovision on Reddit,10.1145/2441776.2441866,289,0.85,459.6,176,0.027972027972027972,-0.0392156862745098,27
132,Moderation & Online Harassment,24467,2017,pacmhci,You Can't Stay Here,10.1145/3134666,262,0.771,2170.2,378,-0.0106951871657754,-0.04830917874396135,19
132,Moderation & Online Harassment,4088,2004,chi,Slash(dot) and burn,10.1145/985692.985761,307,0.903,1018.9,405,0.6256410256410256,0.1956521739130435,39
132,Moderation & Online Harassment,7581,2009,group,A view from Mount Olympus,10.1145/1531674.1531727,290,0.853,84.9,7,-0.012711864406779662,0.0,31
133,Gig Work & Labor,17957,2015,chi,Working with Machines,10.1145/2702123.2702548,245,0.729,2580.8,757,0.016455696202531647,0.016556291390728478,24
133,Gig Work & Labor,20069,2016,cscw,Standing Out from the Crowd,10.1145/2818048.2820026,235,0.699,2181.3,225,-0.07350689127105667,-0.0875,22
133,Gig Work & Labor,17415,2014,chi,Digitally driven,10.1145/2556288.2557156,247,0.735,350.0,39,0.12931034482758622,0.13114754098360656,25
133,Gig Work & Labor,36456,2022,chi,Algorithmic Management Reimagined For Workers and By Workers: Centering Worker Well-Being ,10.1145/3491102.3501866,70,0.208,1759.9,154,-0.07102272727272728,-0.07102272727272728,10
133,Gig Work & Labor,18985,2015,cscw,Avoiding the South Side and the Suburbs,10.1145/2675133.2675278,251,0.747,859.5,122,-0.007575757575757576,-0.01593625498007968,23
133,Gig Work & Labor,19013,2015,chi,The Promise of the Sharing Economy among Disadvantaged Communities,10.1145/2702123.2702189,246,0.732,1757.9,329,0.017632241813602016,0.03614457831325301,23
133,Gig Work & Labor,15789,2014,chi,Fostering social capital in economically distressed communities,10.1145/2556288.2557123,248,0.738,883.3,101,0.1564245810055866,0.11363636363636363,24
133,Gig Work & Labor,15099,2013,chi,Turkopticon,10.1145/2470654.2470742,266,0.792,2531.2,799,0.13542526837324526,0.16382252559726962,26
133,Gig Work & Labor,8767,2010,cscw,Survival needs and social inclusion,10.1145/1718918.1718993,249,0.741,134.7,70,0.01282051282051282,-0.1111111111111111,30
134,"Gender, Intimacy & Safety",18499,2015,chi,FeedFinder,10.1145/2702123.2702328,234,0.713,1214.9,132,-0.010158013544018058,-0.030136986301369864,23
134,"Gender, Intimacy & Safety",20294,2016,chi,HCI and Intimate Care as an Agenda for Change in Women's Health,10.1145/2858036.2858187,222,0.677,1632.4,162,-0.06265060240963856,-0.08,22
134,"Gender, Intimacy & Safety",25158,2018,chi,“A Stalker's Paradise”,10.1145/3173574.3174241,184,0.561,1452.2,291,-0.08630952380952381,-0.08333333333333333,19
134,"Gender, Intimacy & Safety",10446,2011,chi,Towards a feminist HCI methodology,10.1145/1978942.1979041,266,0.811,988.4,502,-0.0334865397242285,-0.012605042016806723,29
134,"Gender, Intimacy & Safety",22673,2017,chi,Examining Menstrual Tracking to Inform the Design of Personal Informatics Tools,10.1145/3025453.3025635,178,0.543,1816.1,344,-0.07142857142857142,-0.07389937106918239,20
134,"Gender, Intimacy & Safety",10578,2011,chi,How HCI talks about sexuality,10.1145/1978942.1979043,232,0.707,816.1,94,0.020435967302452316,-0.006535947712418301,27
134,"Gender, Intimacy & Safety",20468,2016,chi,On Looking at the Vagina through Labella,10.1145/2858036.2858119,221,0.674,1537.9,119,-0.06976744186046512,-0.1148936170212766,21
134,"Gender, Intimacy & Safety",9782,2010,chi,Feminist HCI,10.1145/1753326.1753521,279,0.851,2314.5,1098,0.3239051094890511,0.031446540880503145,30
134,"Gender, Intimacy & Safety",15166,2013,chi,Digital portraits,10.1145/2470654.2481348,248,0.756,505.3,111,-0.0166270783847981,-0.04721030042918455,27
135,Enterprise Social Media & Crowdfunding,6529,2008,cscw,Motivations for social networking at work,10.1145/1460563.1460674,106,0.461,947.5,751,0.07009345794392523,0.0,34
135,Enterprise Social Media & Crowdfunding,5155,2006,chi,Dogear,10.1145/1124772.1124792,143,0.622,653.1,297,0.3619047619047619,0.5625,37
135,Enterprise Social Media & Crowdfunding,17059,2014,cscw,Understanding the role of community in crowdfunding work,10.1145/2531602.2531715,32,0.139,672.8,244,-0.0273972602739726,-0.05625,26
135,Enterprise Social Media & Crowdfunding,3878,2004,cscw,"Blogging as social activity, or, would you let 900 million people read your diary?",10.1145/1031607.1031643,125,0.543,218.3,516,0.1079136690647482,0.057692307692307696,35
135,Enterprise Social Media & Crowdfunding,2760,2000,cscw,Expertise recommender,10.1145/358916.358994,119,0.517,521.8,428,0.17218543046357615,0.07142857142857142,41
135,Enterprise Social Media & Crowdfunding,6352,2007,uist,Socially augmenting employee profiles with people-tagging,10.1145/1294211.1294228,129,0.561,385.2,88,0.01293103448275862,0.015151515151515152,36
135,Enterprise Social Media & Crowdfunding,2193,1998,cscw,Just talk to me,10.1145/289444.289506,121,0.526,416.8,271,0.12087912087912088,-0.08333333333333333,44
135,Enterprise Social Media & Crowdfunding,17339,2014,chi,Show me the money!,10.1145/2556288.2557045,25,0.109,638.4,184,-0.12,-0.17142857142857143,25
135,Enterprise Social Media & Crowdfunding,15708,2014,cscw,The language that gets people to give,10.1145/2531602.2531656,29,0.126,666.9,253,0.19047619047619047,0.16279069767441862,26
136,"Refugees, Hackathons & Crypto",35904,2022,tochi,"A Decade of International Migration Research in HCI: Overview, Challenges, Ethics, Impact,",10.1145/3490555,29,0.207,709.0,48,-0.038391224862888484,-0.038391224862888484,6
136,"Refugees, Hackathons & Crypto",19205,2015,chi,Computer-Enabled Project Spaces,10.1145/2702123.2702283,70,0.5,489.3,57,0.05976095617529881,0.07291666666666667,22
136,"Refugees, Hackathons & Crypto",17160,2014,idc,Action!,10.1145/2593968.2610488,65,0.464,338.1,33,0.12244897959183673,0.11363636363636363,22
136,"Refugees, Hackathons & Crypto",14318,2013,idc,Behaviour change interventions,10.1145/2485760.2485894,66,0.471,18.8,6,1.0,1.0,23
136,"Refugees, Hackathons & Crypto",8497,2009,idc,Voices beyond walls,10.1145/1551788.1551866,71,0.507,61.1,82,1.0,1.0,30
136,"Refugees, Hackathons & Crypto",20594,2016,chi,Syrian Refugees and Digital Health in Lebanon,10.1145/2858036.2858331,64,0.457,714.3,157,-0.014218009478672985,-0.03508771929824561,20
136,"Refugees, Hackathons & Crypto",29044,2019,compass,Moving into a technology land,10.1145/3314344.3332481,45,0.321,649.2,51,-0.10119047619047619,-0.07627118644067797,14
136,"Refugees, Hackathons & Crypto",20508,2016,chi,Designing for Transient Use,10.1145/2858036.2858230,58,0.414,655.0,85,0.02459016393442623,0.029914529914529916,21
136,"Refugees, Hackathons & Crypto",25310,2018,chi,In a New Land,10.1145/3173574.3174158,55,0.393,676.1,52,-0.020512820512820513,-0.05263157894736842,16
