sub,name,band,year,papers,cites_received
0,3D Pointing & VR Interaction,Input & Interaction Techniques,1990,3,1
0,3D Pointing & VR Interaction,Input & Interaction Techniques,1991,2,1
0,3D Pointing & VR Interaction,Input & Interaction Techniques,1992,2,6
0,3D Pointing & VR Interaction,Input & Interaction Techniques,1993,1,3
0,3D Pointing & VR Interaction,Input & Interaction Techniques,1994,6,7
0,3D Pointing & VR Interaction,Input & Interaction Techniques,1995,3,9
0,3D Pointing & VR Interaction,Input & Interaction Techniques,1996,10,14
0,3D Pointing & VR Interaction,Input & Interaction Techniques,1997,10,25
0,3D Pointing & VR Interaction,Input & Interaction Techniques,1998,11,29
0,3D Pointing & VR Interaction,Input & Interaction Techniques,1999,11,40
0,3D Pointing & VR Interaction,Input & Interaction Techniques,2000,9,46
0,3D Pointing & VR Interaction,Input & Interaction Techniques,2001,6,23
0,3D Pointing & VR Interaction,Input & Interaction Techniques,2002,6,27
0,3D Pointing & VR Interaction,Input & Interaction Techniques,2003,11,31
0,3D Pointing & VR Interaction,Input & Interaction Techniques,2004,8,31
0,3D Pointing & VR Interaction,Input & Interaction Techniques,2005,14,67
0,3D Pointing & VR Interaction,Input & Interaction Techniques,2006,14,73
0,3D Pointing & VR Interaction,Input & Interaction Techniques,2007,14,72
0,3D Pointing & VR Interaction,Input & Interaction Techniques,2008,20,74
0,3D Pointing & VR Interaction,Input & Interaction Techniques,2009,22,110
0,3D Pointing & VR Interaction,Input & Interaction Techniques,2010,21,131
0,3D Pointing & VR Interaction,Input & Interaction Techniques,2011,21,199
0,3D Pointing & VR Interaction,Input & Interaction Techniques,2012,23,181
0,3D Pointing & VR Interaction,Input & Interaction Techniques,2013,26,191
0,3D Pointing & VR Interaction,Input & Interaction Techniques,2014,26,250
0,3D Pointing & VR Interaction,Input & Interaction Techniques,2015,22,196
0,3D Pointing & VR Interaction,Input & Interaction Techniques,2016,30,200
0,3D Pointing & VR Interaction,Input & Interaction Techniques,2017,28,265
0,3D Pointing & VR Interaction,Input & Interaction Techniques,2018,23,273
0,3D Pointing & VR Interaction,Input & Interaction Techniques,2019,38,348
0,3D Pointing & VR Interaction,Input & Interaction Techniques,2020,25,309
0,3D Pointing & VR Interaction,Input & Interaction Techniques,2021,41,447
0,3D Pointing & VR Interaction,Input & Interaction Techniques,2022,26,420
0,3D Pointing & VR Interaction,Input & Interaction Techniques,2023,38,635
0,3D Pointing & VR Interaction,Input & Interaction Techniques,2024,33,688
0,3D Pointing & VR Interaction,Input & Interaction Techniques,2025,48,799
0,3D Pointing & VR Interaction,Input & Interaction Techniques,2026,23,427
1,RF & Radar Sensing,Input & Interaction Techniques,1995,1,0
1,RF & Radar Sensing,Input & Interaction Techniques,1997,1,0
1,RF & Radar Sensing,Input & Interaction Techniques,1998,0,1
1,RF & Radar Sensing,Input & Interaction Techniques,1999,0,1
1,RF & Radar Sensing,Input & Interaction Techniques,2001,2,1
1,RF & Radar Sensing,Input & Interaction Techniques,2003,1,2
1,RF & Radar Sensing,Input & Interaction Techniques,2005,1,2
1,RF & Radar Sensing,Input & Interaction Techniques,2006,0,1
1,RF & Radar Sensing,Input & Interaction Techniques,2007,1,1
1,RF & Radar Sensing,Input & Interaction Techniques,2008,0,2
1,RF & Radar Sensing,Input & Interaction Techniques,2009,3,1
1,RF & Radar Sensing,Input & Interaction Techniques,2010,2,0
1,RF & Radar Sensing,Input & Interaction Techniques,2011,3,6
1,RF & Radar Sensing,Input & Interaction Techniques,2012,3,4
1,RF & Radar Sensing,Input & Interaction Techniques,2013,3,7
1,RF & Radar Sensing,Input & Interaction Techniques,2014,7,20
1,RF & Radar Sensing,Input & Interaction Techniques,2015,5,19
1,RF & Radar Sensing,Input & Interaction Techniques,2016,18,39
1,RF & Radar Sensing,Input & Interaction Techniques,2017,24,96
1,RF & Radar Sensing,Input & Interaction Techniques,2018,52,174
1,RF & Radar Sensing,Input & Interaction Techniques,2019,41,243
1,RF & Radar Sensing,Input & Interaction Techniques,2020,50,282
1,RF & Radar Sensing,Input & Interaction Techniques,2021,71,460
1,RF & Radar Sensing,Input & Interaction Techniques,2022,72,525
1,RF & Radar Sensing,Input & Interaction Techniques,2023,80,714
1,RF & Radar Sensing,Input & Interaction Techniques,2024,78,707
1,RF & Radar Sensing,Input & Interaction Techniques,2025,97,860
1,RF & Radar Sensing,Input & Interaction Techniques,2026,40,317
2,Wearable Activity Recognition,Input & Interaction Techniques,2001,1,0
2,Wearable Activity Recognition,Input & Interaction Techniques,2002,3,0
2,Wearable Activity Recognition,Input & Interaction Techniques,2003,1,1
2,Wearable Activity Recognition,Input & Interaction Techniques,2004,1,1
2,Wearable Activity Recognition,Input & Interaction Techniques,2005,7,1
2,Wearable Activity Recognition,Input & Interaction Techniques,2006,8,8
2,Wearable Activity Recognition,Input & Interaction Techniques,2007,10,15
2,Wearable Activity Recognition,Input & Interaction Techniques,2008,19,21
2,Wearable Activity Recognition,Input & Interaction Techniques,2009,17,27
2,Wearable Activity Recognition,Input & Interaction Techniques,2010,14,43
2,Wearable Activity Recognition,Input & Interaction Techniques,2011,9,27
2,Wearable Activity Recognition,Input & Interaction Techniques,2012,30,62
2,Wearable Activity Recognition,Input & Interaction Techniques,2013,24,55
2,Wearable Activity Recognition,Input & Interaction Techniques,2014,15,41
2,Wearable Activity Recognition,Input & Interaction Techniques,2015,27,103
2,Wearable Activity Recognition,Input & Interaction Techniques,2016,22,98
2,Wearable Activity Recognition,Input & Interaction Techniques,2017,18,121
2,Wearable Activity Recognition,Input & Interaction Techniques,2018,47,208
2,Wearable Activity Recognition,Input & Interaction Techniques,2019,30,199
2,Wearable Activity Recognition,Input & Interaction Techniques,2020,28,225
2,Wearable Activity Recognition,Input & Interaction Techniques,2021,28,255
2,Wearable Activity Recognition,Input & Interaction Techniques,2022,38,305
2,Wearable Activity Recognition,Input & Interaction Techniques,2023,41,398
2,Wearable Activity Recognition,Input & Interaction Techniques,2024,40,431
2,Wearable Activity Recognition,Input & Interaction Techniques,2025,43,465
2,Wearable Activity Recognition,Input & Interaction Techniques,2026,14,156
3,Pointing & Target Selection,Input & Interaction Techniques,1982,2,0
3,Pointing & Target Selection,Input & Interaction Techniques,1983,2,1
3,Pointing & Target Selection,Input & Interaction Techniques,1985,2,1
3,Pointing & Target Selection,Input & Interaction Techniques,1986,1,1
3,Pointing & Target Selection,Input & Interaction Techniques,1988,4,4
3,Pointing & Target Selection,Input & Interaction Techniques,1989,1,1
3,Pointing & Target Selection,Input & Interaction Techniques,1990,2,1
3,Pointing & Target Selection,Input & Interaction Techniques,1991,2,1
3,Pointing & Target Selection,Input & Interaction Techniques,1992,3,7
3,Pointing & Target Selection,Input & Interaction Techniques,1993,0,1
3,Pointing & Target Selection,Input & Interaction Techniques,1994,3,15
3,Pointing & Target Selection,Input & Interaction Techniques,1995,3,10
3,Pointing & Target Selection,Input & Interaction Techniques,1996,2,4
3,Pointing & Target Selection,Input & Interaction Techniques,1997,4,8
3,Pointing & Target Selection,Input & Interaction Techniques,1998,4,16
3,Pointing & Target Selection,Input & Interaction Techniques,1999,6,16
3,Pointing & Target Selection,Input & Interaction Techniques,2000,3,23
3,Pointing & Target Selection,Input & Interaction Techniques,2001,4,20
3,Pointing & Target Selection,Input & Interaction Techniques,2002,4,16
3,Pointing & Target Selection,Input & Interaction Techniques,2003,6,40
3,Pointing & Target Selection,Input & Interaction Techniques,2004,9,41
3,Pointing & Target Selection,Input & Interaction Techniques,2005,14,74
3,Pointing & Target Selection,Input & Interaction Techniques,2006,9,75
3,Pointing & Target Selection,Input & Interaction Techniques,2007,16,121
3,Pointing & Target Selection,Input & Interaction Techniques,2008,22,141
3,Pointing & Target Selection,Input & Interaction Techniques,2009,13,143
3,Pointing & Target Selection,Input & Interaction Techniques,2010,14,172
3,Pointing & Target Selection,Input & Interaction Techniques,2011,17,220
3,Pointing & Target Selection,Input & Interaction Techniques,2012,14,167
3,Pointing & Target Selection,Input & Interaction Techniques,2013,21,198
3,Pointing & Target Selection,Input & Interaction Techniques,2014,20,216
3,Pointing & Target Selection,Input & Interaction Techniques,2015,13,186
3,Pointing & Target Selection,Input & Interaction Techniques,2016,20,217
3,Pointing & Target Selection,Input & Interaction Techniques,2017,21,264
3,Pointing & Target Selection,Input & Interaction Techniques,2018,26,311
3,Pointing & Target Selection,Input & Interaction Techniques,2019,31,389
3,Pointing & Target Selection,Input & Interaction Techniques,2020,22,381
3,Pointing & Target Selection,Input & Interaction Techniques,2021,29,442
3,Pointing & Target Selection,Input & Interaction Techniques,2022,28,508
3,Pointing & Target Selection,Input & Interaction Techniques,2023,30,512
3,Pointing & Target Selection,Input & Interaction Techniques,2024,28,598
3,Pointing & Target Selection,Input & Interaction Techniques,2025,27,531
3,Pointing & Target Selection,Input & Interaction Techniques,2026,21,413
4,Hand Input & Gesture Sensing,Input & Interaction Techniques,1982,1,0
4,Hand Input & Gesture Sensing,Input & Interaction Techniques,1985,1,1
4,Hand Input & Gesture Sensing,Input & Interaction Techniques,1986,1,0
4,Hand Input & Gesture Sensing,Input & Interaction Techniques,1988,1,0
4,Hand Input & Gesture Sensing,Input & Interaction Techniques,1990,1,2
4,Hand Input & Gesture Sensing,Input & Interaction Techniques,1991,1,1
4,Hand Input & Gesture Sensing,Input & Interaction Techniques,1992,1,1
4,Hand Input & Gesture Sensing,Input & Interaction Techniques,1994,0,1
4,Hand Input & Gesture Sensing,Input & Interaction Techniques,1995,0,1
4,Hand Input & Gesture Sensing,Input & Interaction Techniques,1996,1,0
4,Hand Input & Gesture Sensing,Input & Interaction Techniques,1997,2,1
4,Hand Input & Gesture Sensing,Input & Interaction Techniques,1998,2,2
4,Hand Input & Gesture Sensing,Input & Interaction Techniques,1999,3,2
4,Hand Input & Gesture Sensing,Input & Interaction Techniques,2000,3,7
4,Hand Input & Gesture Sensing,Input & Interaction Techniques,2001,1,8
4,Hand Input & Gesture Sensing,Input & Interaction Techniques,2002,1,8
4,Hand Input & Gesture Sensing,Input & Interaction Techniques,2003,1,6
4,Hand Input & Gesture Sensing,Input & Interaction Techniques,2004,3,9
4,Hand Input & Gesture Sensing,Input & Interaction Techniques,2005,4,17
4,Hand Input & Gesture Sensing,Input & Interaction Techniques,2006,9,18
4,Hand Input & Gesture Sensing,Input & Interaction Techniques,2007,8,25
4,Hand Input & Gesture Sensing,Input & Interaction Techniques,2008,7,23
4,Hand Input & Gesture Sensing,Input & Interaction Techniques,2009,9,25
4,Hand Input & Gesture Sensing,Input & Interaction Techniques,2010,10,52
4,Hand Input & Gesture Sensing,Input & Interaction Techniques,2011,12,94
4,Hand Input & Gesture Sensing,Input & Interaction Techniques,2012,22,123
4,Hand Input & Gesture Sensing,Input & Interaction Techniques,2013,21,196
4,Hand Input & Gesture Sensing,Input & Interaction Techniques,2014,24,238
4,Hand Input & Gesture Sensing,Input & Interaction Techniques,2015,33,380
4,Hand Input & Gesture Sensing,Input & Interaction Techniques,2016,37,466
4,Hand Input & Gesture Sensing,Input & Interaction Techniques,2017,33,491
4,Hand Input & Gesture Sensing,Input & Interaction Techniques,2018,37,608
4,Hand Input & Gesture Sensing,Input & Interaction Techniques,2019,24,595
4,Hand Input & Gesture Sensing,Input & Interaction Techniques,2020,24,561
4,Hand Input & Gesture Sensing,Input & Interaction Techniques,2021,25,629
4,Hand Input & Gesture Sensing,Input & Interaction Techniques,2022,28,701
4,Hand Input & Gesture Sensing,Input & Interaction Techniques,2023,29,841
4,Hand Input & Gesture Sensing,Input & Interaction Techniques,2024,31,683
4,Hand Input & Gesture Sensing,Input & Interaction Techniques,2025,34,903
4,Hand Input & Gesture Sensing,Input & Interaction Techniques,2026,16,375
5,Fisheye & Scrolling Techniques,Input & Interaction Techniques,1983,2,0
5,Fisheye & Scrolling Techniques,Input & Interaction Techniques,1985,2,0
5,Fisheye & Scrolling Techniques,Input & Interaction Techniques,1986,3,2
5,Fisheye & Scrolling Techniques,Input & Interaction Techniques,1988,5,1
5,Fisheye & Scrolling Techniques,Input & Interaction Techniques,1989,7,7
5,Fisheye & Scrolling Techniques,Input & Interaction Techniques,1990,5,7
5,Fisheye & Scrolling Techniques,Input & Interaction Techniques,1991,15,31
5,Fisheye & Scrolling Techniques,Input & Interaction Techniques,1992,16,40
5,Fisheye & Scrolling Techniques,Input & Interaction Techniques,1993,11,27
5,Fisheye & Scrolling Techniques,Input & Interaction Techniques,1994,15,51
5,Fisheye & Scrolling Techniques,Input & Interaction Techniques,1995,19,101
5,Fisheye & Scrolling Techniques,Input & Interaction Techniques,1996,18,61
5,Fisheye & Scrolling Techniques,Input & Interaction Techniques,1997,13,44
5,Fisheye & Scrolling Techniques,Input & Interaction Techniques,1998,17,73
5,Fisheye & Scrolling Techniques,Input & Interaction Techniques,1999,13,71
5,Fisheye & Scrolling Techniques,Input & Interaction Techniques,2000,12,69
5,Fisheye & Scrolling Techniques,Input & Interaction Techniques,2001,16,93
5,Fisheye & Scrolling Techniques,Input & Interaction Techniques,2002,11,110
5,Fisheye & Scrolling Techniques,Input & Interaction Techniques,2003,11,72
5,Fisheye & Scrolling Techniques,Input & Interaction Techniques,2004,17,100
5,Fisheye & Scrolling Techniques,Input & Interaction Techniques,2005,19,135
5,Fisheye & Scrolling Techniques,Input & Interaction Techniques,2006,17,172
5,Fisheye & Scrolling Techniques,Input & Interaction Techniques,2007,15,133
5,Fisheye & Scrolling Techniques,Input & Interaction Techniques,2008,19,175
5,Fisheye & Scrolling Techniques,Input & Interaction Techniques,2009,20,127
5,Fisheye & Scrolling Techniques,Input & Interaction Techniques,2010,13,103
5,Fisheye & Scrolling Techniques,Input & Interaction Techniques,2011,16,155
5,Fisheye & Scrolling Techniques,Input & Interaction Techniques,2012,12,130
5,Fisheye & Scrolling Techniques,Input & Interaction Techniques,2013,15,141
5,Fisheye & Scrolling Techniques,Input & Interaction Techniques,2014,16,196
5,Fisheye & Scrolling Techniques,Input & Interaction Techniques,2015,11,127
5,Fisheye & Scrolling Techniques,Input & Interaction Techniques,2016,10,140
5,Fisheye & Scrolling Techniques,Input & Interaction Techniques,2017,11,139
5,Fisheye & Scrolling Techniques,Input & Interaction Techniques,2018,10,152
5,Fisheye & Scrolling Techniques,Input & Interaction Techniques,2019,4,105
5,Fisheye & Scrolling Techniques,Input & Interaction Techniques,2020,0,94
5,Fisheye & Scrolling Techniques,Input & Interaction Techniques,2021,4,103
5,Fisheye & Scrolling Techniques,Input & Interaction Techniques,2022,3,104
5,Fisheye & Scrolling Techniques,Input & Interaction Techniques,2023,8,134
5,Fisheye & Scrolling Techniques,Input & Interaction Techniques,2024,3,61
5,Fisheye & Scrolling Techniques,Input & Interaction Techniques,2025,5,85
5,Fisheye & Scrolling Techniques,Input & Interaction Techniques,2026,4,57
6,Gesture Elicitation & Recognition,Input & Interaction Techniques,1982,1,0
6,Gesture Elicitation & Recognition,Input & Interaction Techniques,1988,1,0
6,Gesture Elicitation & Recognition,Input & Interaction Techniques,1990,0,1
6,Gesture Elicitation & Recognition,Input & Interaction Techniques,1991,2,1
6,Gesture Elicitation & Recognition,Input & Interaction Techniques,1992,2,2
6,Gesture Elicitation & Recognition,Input & Interaction Techniques,1993,0,1
6,Gesture Elicitation & Recognition,Input & Interaction Techniques,1994,1,5
6,Gesture Elicitation & Recognition,Input & Interaction Techniques,1995,2,4
6,Gesture Elicitation & Recognition,Input & Interaction Techniques,1996,1,6
6,Gesture Elicitation & Recognition,Input & Interaction Techniques,1997,0,2
6,Gesture Elicitation & Recognition,Input & Interaction Techniques,1998,2,2
6,Gesture Elicitation & Recognition,Input & Interaction Techniques,1999,2,8
6,Gesture Elicitation & Recognition,Input & Interaction Techniques,2000,4,29
6,Gesture Elicitation & Recognition,Input & Interaction Techniques,2001,3,6
6,Gesture Elicitation & Recognition,Input & Interaction Techniques,2002,3,13
6,Gesture Elicitation & Recognition,Input & Interaction Techniques,2003,4,16
6,Gesture Elicitation & Recognition,Input & Interaction Techniques,2004,7,32
6,Gesture Elicitation & Recognition,Input & Interaction Techniques,2005,5,25
6,Gesture Elicitation & Recognition,Input & Interaction Techniques,2006,2,26
6,Gesture Elicitation & Recognition,Input & Interaction Techniques,2007,6,39
6,Gesture Elicitation & Recognition,Input & Interaction Techniques,2008,2,45
6,Gesture Elicitation & Recognition,Input & Interaction Techniques,2009,12,66
6,Gesture Elicitation & Recognition,Input & Interaction Techniques,2010,24,103
6,Gesture Elicitation & Recognition,Input & Interaction Techniques,2011,22,142
6,Gesture Elicitation & Recognition,Input & Interaction Techniques,2012,34,200
6,Gesture Elicitation & Recognition,Input & Interaction Techniques,2013,38,319
6,Gesture Elicitation & Recognition,Input & Interaction Techniques,2014,36,299
6,Gesture Elicitation & Recognition,Input & Interaction Techniques,2015,29,246
6,Gesture Elicitation & Recognition,Input & Interaction Techniques,2016,21,313
6,Gesture Elicitation & Recognition,Input & Interaction Techniques,2017,26,366
6,Gesture Elicitation & Recognition,Input & Interaction Techniques,2018,30,464
6,Gesture Elicitation & Recognition,Input & Interaction Techniques,2019,22,419
6,Gesture Elicitation & Recognition,Input & Interaction Techniques,2020,25,418
6,Gesture Elicitation & Recognition,Input & Interaction Techniques,2021,13,330
6,Gesture Elicitation & Recognition,Input & Interaction Techniques,2022,22,546
6,Gesture Elicitation & Recognition,Input & Interaction Techniques,2023,11,342
6,Gesture Elicitation & Recognition,Input & Interaction Techniques,2024,13,271
6,Gesture Elicitation & Recognition,Input & Interaction Techniques,2025,11,298
6,Gesture Elicitation & Recognition,Input & Interaction Techniques,2026,5,189
7,Pen & Sketch Input,Input & Interaction Techniques,1985,1,0
7,Pen & Sketch Input,Input & Interaction Techniques,1986,1,2
7,Pen & Sketch Input,Input & Interaction Techniques,1988,1,0
7,Pen & Sketch Input,Input & Interaction Techniques,1990,2,0
7,Pen & Sketch Input,Input & Interaction Techniques,1991,2,1
7,Pen & Sketch Input,Input & Interaction Techniques,1992,3,4
7,Pen & Sketch Input,Input & Interaction Techniques,1993,3,1
7,Pen & Sketch Input,Input & Interaction Techniques,1994,6,5
7,Pen & Sketch Input,Input & Interaction Techniques,1995,3,18
7,Pen & Sketch Input,Input & Interaction Techniques,1996,3,16
7,Pen & Sketch Input,Input & Interaction Techniques,1997,9,24
7,Pen & Sketch Input,Input & Interaction Techniques,1998,9,55
7,Pen & Sketch Input,Input & Interaction Techniques,1999,12,59
7,Pen & Sketch Input,Input & Interaction Techniques,2000,13,85
7,Pen & Sketch Input,Input & Interaction Techniques,2001,5,45
7,Pen & Sketch Input,Input & Interaction Techniques,2002,3,48
7,Pen & Sketch Input,Input & Interaction Techniques,2003,10,66
7,Pen & Sketch Input,Input & Interaction Techniques,2004,10,97
7,Pen & Sketch Input,Input & Interaction Techniques,2005,10,80
7,Pen & Sketch Input,Input & Interaction Techniques,2006,19,117
7,Pen & Sketch Input,Input & Interaction Techniques,2007,13,146
7,Pen & Sketch Input,Input & Interaction Techniques,2008,17,198
7,Pen & Sketch Input,Input & Interaction Techniques,2009,15,198
7,Pen & Sketch Input,Input & Interaction Techniques,2010,16,213
7,Pen & Sketch Input,Input & Interaction Techniques,2011,30,291
7,Pen & Sketch Input,Input & Interaction Techniques,2012,31,296
7,Pen & Sketch Input,Input & Interaction Techniques,2013,25,228
7,Pen & Sketch Input,Input & Interaction Techniques,2014,25,266
7,Pen & Sketch Input,Input & Interaction Techniques,2015,17,216
7,Pen & Sketch Input,Input & Interaction Techniques,2016,14,245
7,Pen & Sketch Input,Input & Interaction Techniques,2017,12,254
7,Pen & Sketch Input,Input & Interaction Techniques,2018,7,227
7,Pen & Sketch Input,Input & Interaction Techniques,2019,16,297
7,Pen & Sketch Input,Input & Interaction Techniques,2020,12,254
7,Pen & Sketch Input,Input & Interaction Techniques,2021,7,243
7,Pen & Sketch Input,Input & Interaction Techniques,2022,12,286
7,Pen & Sketch Input,Input & Interaction Techniques,2023,5,215
7,Pen & Sketch Input,Input & Interaction Techniques,2024,7,200
7,Pen & Sketch Input,Input & Interaction Techniques,2025,7,270
7,Pen & Sketch Input,Input & Interaction Techniques,2026,1,119
8,Text Entry,Input & Interaction Techniques,1982,1,0
8,Text Entry,Input & Interaction Techniques,1991,1,0
8,Text Entry,Input & Interaction Techniques,1994,1,0
8,Text Entry,Input & Interaction Techniques,1995,1,0
8,Text Entry,Input & Interaction Techniques,1997,2,2
8,Text Entry,Input & Interaction Techniques,1998,4,0
8,Text Entry,Input & Interaction Techniques,1999,4,3
8,Text Entry,Input & Interaction Techniques,2000,5,20
8,Text Entry,Input & Interaction Techniques,2001,4,14
8,Text Entry,Input & Interaction Techniques,2002,2,10
8,Text Entry,Input & Interaction Techniques,2003,7,23
8,Text Entry,Input & Interaction Techniques,2004,7,39
8,Text Entry,Input & Interaction Techniques,2005,6,28
8,Text Entry,Input & Interaction Techniques,2006,11,40
8,Text Entry,Input & Interaction Techniques,2007,7,43
8,Text Entry,Input & Interaction Techniques,2008,12,59
8,Text Entry,Input & Interaction Techniques,2009,6,39
8,Text Entry,Input & Interaction Techniques,2010,12,78
8,Text Entry,Input & Interaction Techniques,2011,8,75
8,Text Entry,Input & Interaction Techniques,2012,17,116
8,Text Entry,Input & Interaction Techniques,2013,16,132
8,Text Entry,Input & Interaction Techniques,2014,22,172
8,Text Entry,Input & Interaction Techniques,2015,20,223
8,Text Entry,Input & Interaction Techniques,2016,20,257
8,Text Entry,Input & Interaction Techniques,2017,17,278
8,Text Entry,Input & Interaction Techniques,2018,28,422
8,Text Entry,Input & Interaction Techniques,2019,26,446
8,Text Entry,Input & Interaction Techniques,2020,22,458
8,Text Entry,Input & Interaction Techniques,2021,18,416
8,Text Entry,Input & Interaction Techniques,2022,16,494
8,Text Entry,Input & Interaction Techniques,2023,27,508
8,Text Entry,Input & Interaction Techniques,2024,17,373
8,Text Entry,Input & Interaction Techniques,2025,25,589
8,Text Entry,Input & Interaction Techniques,2026,7,198
9,Touch & Multi-touch Input,Input & Interaction Techniques,1986,1,0
9,Touch & Multi-touch Input,Input & Interaction Techniques,1996,1,0
9,Touch & Multi-touch Input,Input & Interaction Techniques,1998,2,2
9,Touch & Multi-touch Input,Input & Interaction Techniques,1999,1,4
9,Touch & Multi-touch Input,Input & Interaction Techniques,2000,2,12
9,Touch & Multi-touch Input,Input & Interaction Techniques,2001,1,3
9,Touch & Multi-touch Input,Input & Interaction Techniques,2002,2,15
9,Touch & Multi-touch Input,Input & Interaction Techniques,2003,3,26
9,Touch & Multi-touch Input,Input & Interaction Techniques,2004,5,13
9,Touch & Multi-touch Input,Input & Interaction Techniques,2005,5,38
9,Touch & Multi-touch Input,Input & Interaction Techniques,2006,5,25
9,Touch & Multi-touch Input,Input & Interaction Techniques,2007,6,30
9,Touch & Multi-touch Input,Input & Interaction Techniques,2008,3,57
9,Touch & Multi-touch Input,Input & Interaction Techniques,2009,10,91
9,Touch & Multi-touch Input,Input & Interaction Techniques,2010,14,107
9,Touch & Multi-touch Input,Input & Interaction Techniques,2011,20,176
9,Touch & Multi-touch Input,Input & Interaction Techniques,2012,20,182
9,Touch & Multi-touch Input,Input & Interaction Techniques,2013,21,198
9,Touch & Multi-touch Input,Input & Interaction Techniques,2014,24,251
9,Touch & Multi-touch Input,Input & Interaction Techniques,2015,17,212
9,Touch & Multi-touch Input,Input & Interaction Techniques,2016,20,291
9,Touch & Multi-touch Input,Input & Interaction Techniques,2017,28,371
9,Touch & Multi-touch Input,Input & Interaction Techniques,2018,20,434
9,Touch & Multi-touch Input,Input & Interaction Techniques,2019,16,362
9,Touch & Multi-touch Input,Input & Interaction Techniques,2020,11,287
9,Touch & Multi-touch Input,Input & Interaction Techniques,2021,10,307
9,Touch & Multi-touch Input,Input & Interaction Techniques,2022,11,218
9,Touch & Multi-touch Input,Input & Interaction Techniques,2023,11,274
9,Touch & Multi-touch Input,Input & Interaction Techniques,2024,9,232
9,Touch & Multi-touch Input,Input & Interaction Techniques,2025,6,223
9,Touch & Multi-touch Input,Input & Interaction Techniques,2026,3,78
10,IoT Security (small),Input & Interaction Techniques,2019,3,0
10,IoT Security (small),Input & Interaction Techniques,2020,1,1
10,IoT Security (small),Input & Interaction Techniques,2022,1,4
10,IoT Security (small),Input & Interaction Techniques,2023,1,2
10,IoT Security (small),Input & Interaction Techniques,2024,0,3
10,IoT Security (small),Input & Interaction Techniques,2025,2,3
11,VR Haptics,"Tangible, VR & Fabrication",1994,1,0
11,VR Haptics,"Tangible, VR & Fabrication",1995,0,4
11,VR Haptics,"Tangible, VR & Fabrication",1996,0,4
11,VR Haptics,"Tangible, VR & Fabrication",1997,0,5
11,VR Haptics,"Tangible, VR & Fabrication",1998,0,5
11,VR Haptics,"Tangible, VR & Fabrication",1999,2,6
11,VR Haptics,"Tangible, VR & Fabrication",2000,2,1
11,VR Haptics,"Tangible, VR & Fabrication",2001,1,0
11,VR Haptics,"Tangible, VR & Fabrication",2002,0,5
11,VR Haptics,"Tangible, VR & Fabrication",2003,2,2
11,VR Haptics,"Tangible, VR & Fabrication",2004,3,4
11,VR Haptics,"Tangible, VR & Fabrication",2005,0,2
11,VR Haptics,"Tangible, VR & Fabrication",2006,5,9
11,VR Haptics,"Tangible, VR & Fabrication",2007,1,5
11,VR Haptics,"Tangible, VR & Fabrication",2008,4,9
11,VR Haptics,"Tangible, VR & Fabrication",2009,5,5
11,VR Haptics,"Tangible, VR & Fabrication",2010,6,11
11,VR Haptics,"Tangible, VR & Fabrication",2011,7,13
11,VR Haptics,"Tangible, VR & Fabrication",2012,8,14
11,VR Haptics,"Tangible, VR & Fabrication",2013,10,16
11,VR Haptics,"Tangible, VR & Fabrication",2014,10,48
11,VR Haptics,"Tangible, VR & Fabrication",2015,18,64
11,VR Haptics,"Tangible, VR & Fabrication",2016,35,139
11,VR Haptics,"Tangible, VR & Fabrication",2017,40,219
11,VR Haptics,"Tangible, VR & Fabrication",2018,64,413
11,VR Haptics,"Tangible, VR & Fabrication",2019,54,575
11,VR Haptics,"Tangible, VR & Fabrication",2020,50,688
11,VR Haptics,"Tangible, VR & Fabrication",2021,57,744
11,VR Haptics,"Tangible, VR & Fabrication",2022,39,694
11,VR Haptics,"Tangible, VR & Fabrication",2023,61,943
11,VR Haptics,"Tangible, VR & Fabrication",2024,74,1144
11,VR Haptics,"Tangible, VR & Fabrication",2025,79,1327
11,VR Haptics,"Tangible, VR & Fabrication",2026,46,782
12,Deformable & Soft Displays,"Tangible, VR & Fabrication",1991,1,0
12,Deformable & Soft Displays,"Tangible, VR & Fabrication",1992,2,0
12,Deformable & Soft Displays,"Tangible, VR & Fabrication",1994,0,1
12,Deformable & Soft Displays,"Tangible, VR & Fabrication",1995,1,2
12,Deformable & Soft Displays,"Tangible, VR & Fabrication",1996,1,0
12,Deformable & Soft Displays,"Tangible, VR & Fabrication",1997,1,3
12,Deformable & Soft Displays,"Tangible, VR & Fabrication",1998,1,2
12,Deformable & Soft Displays,"Tangible, VR & Fabrication",2000,0,2
12,Deformable & Soft Displays,"Tangible, VR & Fabrication",2001,1,1
12,Deformable & Soft Displays,"Tangible, VR & Fabrication",2002,3,4
12,Deformable & Soft Displays,"Tangible, VR & Fabrication",2003,1,3
12,Deformable & Soft Displays,"Tangible, VR & Fabrication",2004,5,5
12,Deformable & Soft Displays,"Tangible, VR & Fabrication",2005,2,5
12,Deformable & Soft Displays,"Tangible, VR & Fabrication",2006,2,6
12,Deformable & Soft Displays,"Tangible, VR & Fabrication",2007,8,14
12,Deformable & Soft Displays,"Tangible, VR & Fabrication",2008,13,31
12,Deformable & Soft Displays,"Tangible, VR & Fabrication",2009,17,37
12,Deformable & Soft Displays,"Tangible, VR & Fabrication",2010,27,93
12,Deformable & Soft Displays,"Tangible, VR & Fabrication",2011,17,110
12,Deformable & Soft Displays,"Tangible, VR & Fabrication",2012,22,137
12,Deformable & Soft Displays,"Tangible, VR & Fabrication",2013,27,228
12,Deformable & Soft Displays,"Tangible, VR & Fabrication",2014,34,244
12,Deformable & Soft Displays,"Tangible, VR & Fabrication",2015,30,282
12,Deformable & Soft Displays,"Tangible, VR & Fabrication",2016,58,481
12,Deformable & Soft Displays,"Tangible, VR & Fabrication",2017,55,569
12,Deformable & Soft Displays,"Tangible, VR & Fabrication",2018,45,577
12,Deformable & Soft Displays,"Tangible, VR & Fabrication",2019,45,632
12,Deformable & Soft Displays,"Tangible, VR & Fabrication",2020,27,486
12,Deformable & Soft Displays,"Tangible, VR & Fabrication",2021,29,630
12,Deformable & Soft Displays,"Tangible, VR & Fabrication",2022,39,791
12,Deformable & Soft Displays,"Tangible, VR & Fabrication",2023,32,742
12,Deformable & Soft Displays,"Tangible, VR & Fabrication",2024,45,844
12,Deformable & Soft Displays,"Tangible, VR & Fabrication",2025,56,966
12,Deformable & Soft Displays,"Tangible, VR & Fabrication",2026,32,638
13,Tangible Interaction,"Tangible, VR & Fabrication",1991,1,0
13,Tangible Interaction,"Tangible, VR & Fabrication",1992,1,2
13,Tangible Interaction,"Tangible, VR & Fabrication",1994,0,1
13,Tangible Interaction,"Tangible, VR & Fabrication",1995,3,3
13,Tangible Interaction,"Tangible, VR & Fabrication",1996,0,3
13,Tangible Interaction,"Tangible, VR & Fabrication",1997,11,26
13,Tangible Interaction,"Tangible, VR & Fabrication",1998,8,37
13,Tangible Interaction,"Tangible, VR & Fabrication",1999,14,62
13,Tangible Interaction,"Tangible, VR & Fabrication",2000,7,45
13,Tangible Interaction,"Tangible, VR & Fabrication",2001,4,53
13,Tangible Interaction,"Tangible, VR & Fabrication",2002,11,82
13,Tangible Interaction,"Tangible, VR & Fabrication",2003,10,57
13,Tangible Interaction,"Tangible, VR & Fabrication",2004,17,98
13,Tangible Interaction,"Tangible, VR & Fabrication",2005,13,98
13,Tangible Interaction,"Tangible, VR & Fabrication",2006,8,79
13,Tangible Interaction,"Tangible, VR & Fabrication",2007,24,127
13,Tangible Interaction,"Tangible, VR & Fabrication",2008,32,203
13,Tangible Interaction,"Tangible, VR & Fabrication",2009,55,302
13,Tangible Interaction,"Tangible, VR & Fabrication",2010,63,370
13,Tangible Interaction,"Tangible, VR & Fabrication",2011,36,310
13,Tangible Interaction,"Tangible, VR & Fabrication",2012,41,388
13,Tangible Interaction,"Tangible, VR & Fabrication",2013,33,295
13,Tangible Interaction,"Tangible, VR & Fabrication",2014,34,319
13,Tangible Interaction,"Tangible, VR & Fabrication",2015,39,343
13,Tangible Interaction,"Tangible, VR & Fabrication",2016,28,325
13,Tangible Interaction,"Tangible, VR & Fabrication",2017,30,357
13,Tangible Interaction,"Tangible, VR & Fabrication",2018,25,412
13,Tangible Interaction,"Tangible, VR & Fabrication",2019,18,350
13,Tangible Interaction,"Tangible, VR & Fabrication",2020,19,341
13,Tangible Interaction,"Tangible, VR & Fabrication",2021,16,366
13,Tangible Interaction,"Tangible, VR & Fabrication",2022,17,430
13,Tangible Interaction,"Tangible, VR & Fabrication",2023,10,334
13,Tangible Interaction,"Tangible, VR & Fabrication",2024,16,357
13,Tangible Interaction,"Tangible, VR & Fabrication",2025,17,382
13,Tangible Interaction,"Tangible, VR & Fabrication",2026,13,260
14,Printed Electronics,"Tangible, VR & Fabrication",1985,1,0
14,Printed Electronics,"Tangible, VR & Fabrication",1989,0,1
14,Printed Electronics,"Tangible, VR & Fabrication",1992,1,0
14,Printed Electronics,"Tangible, VR & Fabrication",1994,0,1
14,Printed Electronics,"Tangible, VR & Fabrication",1995,1,2
14,Printed Electronics,"Tangible, VR & Fabrication",1996,0,1
14,Printed Electronics,"Tangible, VR & Fabrication",1997,0,2
14,Printed Electronics,"Tangible, VR & Fabrication",1998,0,1
14,Printed Electronics,"Tangible, VR & Fabrication",1999,1,3
14,Printed Electronics,"Tangible, VR & Fabrication",2000,1,0
14,Printed Electronics,"Tangible, VR & Fabrication",2001,3,3
14,Printed Electronics,"Tangible, VR & Fabrication",2002,2,8
14,Printed Electronics,"Tangible, VR & Fabrication",2003,0,2
14,Printed Electronics,"Tangible, VR & Fabrication",2004,1,2
14,Printed Electronics,"Tangible, VR & Fabrication",2005,3,5
14,Printed Electronics,"Tangible, VR & Fabrication",2006,3,6
14,Printed Electronics,"Tangible, VR & Fabrication",2007,1,6
14,Printed Electronics,"Tangible, VR & Fabrication",2008,6,8
14,Printed Electronics,"Tangible, VR & Fabrication",2009,5,11
14,Printed Electronics,"Tangible, VR & Fabrication",2010,14,22
14,Printed Electronics,"Tangible, VR & Fabrication",2011,8,37
14,Printed Electronics,"Tangible, VR & Fabrication",2012,22,64
14,Printed Electronics,"Tangible, VR & Fabrication",2013,24,117
14,Printed Electronics,"Tangible, VR & Fabrication",2014,20,150
14,Printed Electronics,"Tangible, VR & Fabrication",2015,28,203
14,Printed Electronics,"Tangible, VR & Fabrication",2016,30,271
14,Printed Electronics,"Tangible, VR & Fabrication",2017,32,383
14,Printed Electronics,"Tangible, VR & Fabrication",2018,51,540
14,Printed Electronics,"Tangible, VR & Fabrication",2019,34,526
14,Printed Electronics,"Tangible, VR & Fabrication",2020,38,539
14,Printed Electronics,"Tangible, VR & Fabrication",2021,34,692
14,Printed Electronics,"Tangible, VR & Fabrication",2022,39,675
14,Printed Electronics,"Tangible, VR & Fabrication",2023,31,758
14,Printed Electronics,"Tangible, VR & Fabrication",2024,41,771
14,Printed Electronics,"Tangible, VR & Fabrication",2025,28,752
14,Printed Electronics,"Tangible, VR & Fabrication",2026,15,376
15,Digital Fabrication,"Tangible, VR & Fabrication",1997,1,0
15,Digital Fabrication,"Tangible, VR & Fabrication",1998,0,1
15,Digital Fabrication,"Tangible, VR & Fabrication",2000,1,0
15,Digital Fabrication,"Tangible, VR & Fabrication",2002,1,0
15,Digital Fabrication,"Tangible, VR & Fabrication",2003,1,0
15,Digital Fabrication,"Tangible, VR & Fabrication",2004,0,2
15,Digital Fabrication,"Tangible, VR & Fabrication",2005,2,1
15,Digital Fabrication,"Tangible, VR & Fabrication",2006,2,0
15,Digital Fabrication,"Tangible, VR & Fabrication",2007,1,1
15,Digital Fabrication,"Tangible, VR & Fabrication",2008,0,2
15,Digital Fabrication,"Tangible, VR & Fabrication",2009,0,4
15,Digital Fabrication,"Tangible, VR & Fabrication",2010,6,6
15,Digital Fabrication,"Tangible, VR & Fabrication",2011,2,4
15,Digital Fabrication,"Tangible, VR & Fabrication",2012,7,22
15,Digital Fabrication,"Tangible, VR & Fabrication",2013,8,36
15,Digital Fabrication,"Tangible, VR & Fabrication",2014,11,64
15,Digital Fabrication,"Tangible, VR & Fabrication",2015,24,134
15,Digital Fabrication,"Tangible, VR & Fabrication",2016,35,216
15,Digital Fabrication,"Tangible, VR & Fabrication",2017,35,280
15,Digital Fabrication,"Tangible, VR & Fabrication",2018,30,323
15,Digital Fabrication,"Tangible, VR & Fabrication",2019,34,483
15,Digital Fabrication,"Tangible, VR & Fabrication",2020,31,398
15,Digital Fabrication,"Tangible, VR & Fabrication",2021,39,633
15,Digital Fabrication,"Tangible, VR & Fabrication",2022,49,689
15,Digital Fabrication,"Tangible, VR & Fabrication",2023,44,970
15,Digital Fabrication,"Tangible, VR & Fabrication",2024,58,1039
15,Digital Fabrication,"Tangible, VR & Fabrication",2025,54,1087
15,Digital Fabrication,"Tangible, VR & Fabrication",2026,37,903
16,E-textiles & Weaving,"Tangible, VR & Fabrication",2005,6,1
16,E-textiles & Weaving,"Tangible, VR & Fabrication",2006,5,4
16,E-textiles & Weaving,"Tangible, VR & Fabrication",2007,7,7
16,E-textiles & Weaving,"Tangible, VR & Fabrication",2008,1,7
16,E-textiles & Weaving,"Tangible, VR & Fabrication",2009,13,21
16,E-textiles & Weaving,"Tangible, VR & Fabrication",2010,21,43
16,E-textiles & Weaving,"Tangible, VR & Fabrication",2011,8,34
16,E-textiles & Weaving,"Tangible, VR & Fabrication",2012,18,60
16,E-textiles & Weaving,"Tangible, VR & Fabrication",2013,20,97
16,E-textiles & Weaving,"Tangible, VR & Fabrication",2014,10,84
16,E-textiles & Weaving,"Tangible, VR & Fabrication",2015,20,110
16,E-textiles & Weaving,"Tangible, VR & Fabrication",2016,21,128
16,E-textiles & Weaving,"Tangible, VR & Fabrication",2017,17,204
16,E-textiles & Weaving,"Tangible, VR & Fabrication",2018,29,234
16,E-textiles & Weaving,"Tangible, VR & Fabrication",2019,32,281
16,E-textiles & Weaving,"Tangible, VR & Fabrication",2020,28,369
16,E-textiles & Weaving,"Tangible, VR & Fabrication",2021,48,602
16,E-textiles & Weaving,"Tangible, VR & Fabrication",2022,35,672
16,E-textiles & Weaving,"Tangible, VR & Fabrication",2023,33,698
16,E-textiles & Weaving,"Tangible, VR & Fabrication",2024,51,949
16,E-textiles & Weaving,"Tangible, VR & Fabrication",2025,32,872
16,E-textiles & Weaving,"Tangible, VR & Fabrication",2026,22,530
17,Tactile & Thermal Feedback,"Tangible, VR & Fabrication",1998,2,1
17,Tactile & Thermal Feedback,"Tangible, VR & Fabrication",1999,0,1
17,Tactile & Thermal Feedback,"Tangible, VR & Fabrication",2000,1,2
17,Tactile & Thermal Feedback,"Tangible, VR & Fabrication",2002,2,1
17,Tactile & Thermal Feedback,"Tangible, VR & Fabrication",2003,2,3
17,Tactile & Thermal Feedback,"Tangible, VR & Fabrication",2004,1,8
17,Tactile & Thermal Feedback,"Tangible, VR & Fabrication",2005,4,4
17,Tactile & Thermal Feedback,"Tangible, VR & Fabrication",2006,8,15
17,Tactile & Thermal Feedback,"Tangible, VR & Fabrication",2007,4,15
17,Tactile & Thermal Feedback,"Tangible, VR & Fabrication",2008,11,38
17,Tactile & Thermal Feedback,"Tangible, VR & Fabrication",2009,11,42
17,Tactile & Thermal Feedback,"Tangible, VR & Fabrication",2010,11,50
17,Tactile & Thermal Feedback,"Tangible, VR & Fabrication",2011,19,62
17,Tactile & Thermal Feedback,"Tangible, VR & Fabrication",2012,18,76
17,Tactile & Thermal Feedback,"Tangible, VR & Fabrication",2013,18,94
17,Tactile & Thermal Feedback,"Tangible, VR & Fabrication",2014,13,88
17,Tactile & Thermal Feedback,"Tangible, VR & Fabrication",2015,26,174
17,Tactile & Thermal Feedback,"Tangible, VR & Fabrication",2016,21,199
17,Tactile & Thermal Feedback,"Tangible, VR & Fabrication",2017,23,246
17,Tactile & Thermal Feedback,"Tangible, VR & Fabrication",2018,20,191
17,Tactile & Thermal Feedback,"Tangible, VR & Fabrication",2019,21,236
17,Tactile & Thermal Feedback,"Tangible, VR & Fabrication",2020,16,234
17,Tactile & Thermal Feedback,"Tangible, VR & Fabrication",2021,17,272
17,Tactile & Thermal Feedback,"Tangible, VR & Fabrication",2022,15,229
17,Tactile & Thermal Feedback,"Tangible, VR & Fabrication",2023,9,231
17,Tactile & Thermal Feedback,"Tangible, VR & Fabrication",2024,19,326
17,Tactile & Thermal Feedback,"Tangible, VR & Fabrication",2025,15,312
17,Tactile & Thermal Feedback,"Tangible, VR & Fabrication",2026,17,260
18,VR Locomotion & Presence,"Tangible, VR & Fabrication",1995,1,0
18,VR Locomotion & Presence,"Tangible, VR & Fabrication",1996,1,1
18,VR Locomotion & Presence,"Tangible, VR & Fabrication",1997,2,1
18,VR Locomotion & Presence,"Tangible, VR & Fabrication",1998,1,2
18,VR Locomotion & Presence,"Tangible, VR & Fabrication",2000,4,3
18,VR Locomotion & Presence,"Tangible, VR & Fabrication",2001,1,0
18,VR Locomotion & Presence,"Tangible, VR & Fabrication",2002,4,2
18,VR Locomotion & Presence,"Tangible, VR & Fabrication",2003,1,0
18,VR Locomotion & Presence,"Tangible, VR & Fabrication",2004,5,10
18,VR Locomotion & Presence,"Tangible, VR & Fabrication",2005,2,1
18,VR Locomotion & Presence,"Tangible, VR & Fabrication",2006,4,2
18,VR Locomotion & Presence,"Tangible, VR & Fabrication",2007,4,9
18,VR Locomotion & Presence,"Tangible, VR & Fabrication",2008,4,6
18,VR Locomotion & Presence,"Tangible, VR & Fabrication",2009,9,6
18,VR Locomotion & Presence,"Tangible, VR & Fabrication",2010,2,5
18,VR Locomotion & Presence,"Tangible, VR & Fabrication",2011,2,8
18,VR Locomotion & Presence,"Tangible, VR & Fabrication",2012,2,5
18,VR Locomotion & Presence,"Tangible, VR & Fabrication",2013,2,5
18,VR Locomotion & Presence,"Tangible, VR & Fabrication",2014,8,7
18,VR Locomotion & Presence,"Tangible, VR & Fabrication",2015,6,14
18,VR Locomotion & Presence,"Tangible, VR & Fabrication",2016,15,16
18,VR Locomotion & Presence,"Tangible, VR & Fabrication",2017,20,45
18,VR Locomotion & Presence,"Tangible, VR & Fabrication",2018,22,101
18,VR Locomotion & Presence,"Tangible, VR & Fabrication",2019,25,102
18,VR Locomotion & Presence,"Tangible, VR & Fabrication",2020,21,177
18,VR Locomotion & Presence,"Tangible, VR & Fabrication",2021,18,110
18,VR Locomotion & Presence,"Tangible, VR & Fabrication",2022,12,168
18,VR Locomotion & Presence,"Tangible, VR & Fabrication",2023,19,161
18,VR Locomotion & Presence,"Tangible, VR & Fabrication",2024,27,217
18,VR Locomotion & Presence,"Tangible, VR & Fabrication",2025,33,282
18,VR Locomotion & Presence,"Tangible, VR & Fabrication",2026,9,131
19,Physical Prototyping Toolkits,"Tangible, VR & Fabrication",1986,1,0
19,Physical Prototyping Toolkits,"Tangible, VR & Fabrication",1997,1,0
19,Physical Prototyping Toolkits,"Tangible, VR & Fabrication",1999,1,0
19,Physical Prototyping Toolkits,"Tangible, VR & Fabrication",2000,2,1
19,Physical Prototyping Toolkits,"Tangible, VR & Fabrication",2001,3,1
19,Physical Prototyping Toolkits,"Tangible, VR & Fabrication",2002,3,3
19,Physical Prototyping Toolkits,"Tangible, VR & Fabrication",2003,2,5
19,Physical Prototyping Toolkits,"Tangible, VR & Fabrication",2004,3,23
19,Physical Prototyping Toolkits,"Tangible, VR & Fabrication",2005,2,8
19,Physical Prototyping Toolkits,"Tangible, VR & Fabrication",2006,4,23
19,Physical Prototyping Toolkits,"Tangible, VR & Fabrication",2007,8,41
19,Physical Prototyping Toolkits,"Tangible, VR & Fabrication",2008,11,52
19,Physical Prototyping Toolkits,"Tangible, VR & Fabrication",2009,15,56
19,Physical Prototyping Toolkits,"Tangible, VR & Fabrication",2010,15,61
19,Physical Prototyping Toolkits,"Tangible, VR & Fabrication",2011,7,42
19,Physical Prototyping Toolkits,"Tangible, VR & Fabrication",2012,6,61
19,Physical Prototyping Toolkits,"Tangible, VR & Fabrication",2013,9,74
19,Physical Prototyping Toolkits,"Tangible, VR & Fabrication",2014,8,61
19,Physical Prototyping Toolkits,"Tangible, VR & Fabrication",2015,8,80
19,Physical Prototyping Toolkits,"Tangible, VR & Fabrication",2016,14,122
19,Physical Prototyping Toolkits,"Tangible, VR & Fabrication",2017,12,141
19,Physical Prototyping Toolkits,"Tangible, VR & Fabrication",2018,5,94
19,Physical Prototyping Toolkits,"Tangible, VR & Fabrication",2019,13,186
19,Physical Prototyping Toolkits,"Tangible, VR & Fabrication",2020,7,132
19,Physical Prototyping Toolkits,"Tangible, VR & Fabrication",2021,10,189
19,Physical Prototyping Toolkits,"Tangible, VR & Fabrication",2022,8,149
19,Physical Prototyping Toolkits,"Tangible, VR & Fabrication",2023,5,111
19,Physical Prototyping Toolkits,"Tangible, VR & Fabrication",2024,5,108
19,Physical Prototyping Toolkits,"Tangible, VR & Fabrication",2025,6,117
19,Physical Prototyping Toolkits,"Tangible, VR & Fabrication",2026,4,76
20,Making & Makerspaces,"Tangible, VR & Fabrication",1990,2,1
20,Making & Makerspaces,"Tangible, VR & Fabrication",1991,0,7
20,Making & Makerspaces,"Tangible, VR & Fabrication",1992,1,6
20,Making & Makerspaces,"Tangible, VR & Fabrication",1994,1,4
20,Making & Makerspaces,"Tangible, VR & Fabrication",1995,0,4
20,Making & Makerspaces,"Tangible, VR & Fabrication",1996,1,6
20,Making & Makerspaces,"Tangible, VR & Fabrication",1997,0,1
20,Making & Makerspaces,"Tangible, VR & Fabrication",1998,0,2
20,Making & Makerspaces,"Tangible, VR & Fabrication",1999,1,8
20,Making & Makerspaces,"Tangible, VR & Fabrication",2000,1,2
20,Making & Makerspaces,"Tangible, VR & Fabrication",2001,1,5
20,Making & Makerspaces,"Tangible, VR & Fabrication",2002,0,2
20,Making & Makerspaces,"Tangible, VR & Fabrication",2003,0,1
20,Making & Makerspaces,"Tangible, VR & Fabrication",2004,0,3
20,Making & Makerspaces,"Tangible, VR & Fabrication",2005,0,2
20,Making & Makerspaces,"Tangible, VR & Fabrication",2006,2,6
20,Making & Makerspaces,"Tangible, VR & Fabrication",2007,2,10
20,Making & Makerspaces,"Tangible, VR & Fabrication",2008,0,3
20,Making & Makerspaces,"Tangible, VR & Fabrication",2009,7,12
20,Making & Makerspaces,"Tangible, VR & Fabrication",2010,2,11
20,Making & Makerspaces,"Tangible, VR & Fabrication",2011,5,18
20,Making & Makerspaces,"Tangible, VR & Fabrication",2012,7,27
20,Making & Makerspaces,"Tangible, VR & Fabrication",2013,4,25
20,Making & Makerspaces,"Tangible, VR & Fabrication",2014,10,51
20,Making & Makerspaces,"Tangible, VR & Fabrication",2015,14,78
20,Making & Makerspaces,"Tangible, VR & Fabrication",2016,9,140
20,Making & Makerspaces,"Tangible, VR & Fabrication",2017,12,152
20,Making & Makerspaces,"Tangible, VR & Fabrication",2018,11,125
20,Making & Makerspaces,"Tangible, VR & Fabrication",2019,14,213
20,Making & Makerspaces,"Tangible, VR & Fabrication",2020,6,124
20,Making & Makerspaces,"Tangible, VR & Fabrication",2021,11,218
20,Making & Makerspaces,"Tangible, VR & Fabrication",2022,10,242
20,Making & Makerspaces,"Tangible, VR & Fabrication",2023,6,192
20,Making & Makerspaces,"Tangible, VR & Fabrication",2024,4,186
20,Making & Makerspaces,"Tangible, VR & Fabrication",2025,4,185
20,Making & Makerspaces,"Tangible, VR & Fabrication",2026,4,173
21,Data Physicalization & Bio-materials,"Tangible, VR & Fabrication",1999,1,0
21,Data Physicalization & Bio-materials,"Tangible, VR & Fabrication",2001,0,2
21,Data Physicalization & Bio-materials,"Tangible, VR & Fabrication",2002,0,2
21,Data Physicalization & Bio-materials,"Tangible, VR & Fabrication",2003,1,2
21,Data Physicalization & Bio-materials,"Tangible, VR & Fabrication",2004,1,4
21,Data Physicalization & Bio-materials,"Tangible, VR & Fabrication",2005,1,1
21,Data Physicalization & Bio-materials,"Tangible, VR & Fabrication",2006,1,1
21,Data Physicalization & Bio-materials,"Tangible, VR & Fabrication",2007,1,1
21,Data Physicalization & Bio-materials,"Tangible, VR & Fabrication",2008,1,0
21,Data Physicalization & Bio-materials,"Tangible, VR & Fabrication",2009,1,3
21,Data Physicalization & Bio-materials,"Tangible, VR & Fabrication",2010,5,2
21,Data Physicalization & Bio-materials,"Tangible, VR & Fabrication",2011,3,11
21,Data Physicalization & Bio-materials,"Tangible, VR & Fabrication",2012,3,4
21,Data Physicalization & Bio-materials,"Tangible, VR & Fabrication",2013,9,11
21,Data Physicalization & Bio-materials,"Tangible, VR & Fabrication",2014,8,22
21,Data Physicalization & Bio-materials,"Tangible, VR & Fabrication",2015,16,48
21,Data Physicalization & Bio-materials,"Tangible, VR & Fabrication",2016,11,62
21,Data Physicalization & Bio-materials,"Tangible, VR & Fabrication",2017,23,80
21,Data Physicalization & Bio-materials,"Tangible, VR & Fabrication",2018,13,118
21,Data Physicalization & Bio-materials,"Tangible, VR & Fabrication",2019,17,140
21,Data Physicalization & Bio-materials,"Tangible, VR & Fabrication",2020,16,184
21,Data Physicalization & Bio-materials,"Tangible, VR & Fabrication",2021,20,175
21,Data Physicalization & Bio-materials,"Tangible, VR & Fabrication",2022,24,265
21,Data Physicalization & Bio-materials,"Tangible, VR & Fabrication",2023,26,386
21,Data Physicalization & Bio-materials,"Tangible, VR & Fabrication",2024,40,622
21,Data Physicalization & Bio-materials,"Tangible, VR & Fabrication",2025,46,718
21,Data Physicalization & Bio-materials,"Tangible, VR & Fabrication",2026,32,524
22,Gaze-based Interaction,"Gaze, Eye Tracking & Multimodal Sensing",1982,1,0
22,Gaze-based Interaction,"Gaze, Eye Tracking & Multimodal Sensing",1986,1,0
22,Gaze-based Interaction,"Gaze, Eye Tracking & Multimodal Sensing",1990,1,6
22,Gaze-based Interaction,"Gaze, Eye Tracking & Multimodal Sensing",1991,0,1
22,Gaze-based Interaction,"Gaze, Eye Tracking & Multimodal Sensing",1992,0,2
22,Gaze-based Interaction,"Gaze, Eye Tracking & Multimodal Sensing",1995,0,1
22,Gaze-based Interaction,"Gaze, Eye Tracking & Multimodal Sensing",1998,3,1
22,Gaze-based Interaction,"Gaze, Eye Tracking & Multimodal Sensing",1999,2,6
22,Gaze-based Interaction,"Gaze, Eye Tracking & Multimodal Sensing",2000,12,28
22,Gaze-based Interaction,"Gaze, Eye Tracking & Multimodal Sensing",2001,1,10
22,Gaze-based Interaction,"Gaze, Eye Tracking & Multimodal Sensing",2002,2,15
22,Gaze-based Interaction,"Gaze, Eye Tracking & Multimodal Sensing",2003,1,7
22,Gaze-based Interaction,"Gaze, Eye Tracking & Multimodal Sensing",2004,6,16
22,Gaze-based Interaction,"Gaze, Eye Tracking & Multimodal Sensing",2005,4,30
22,Gaze-based Interaction,"Gaze, Eye Tracking & Multimodal Sensing",2006,7,30
22,Gaze-based Interaction,"Gaze, Eye Tracking & Multimodal Sensing",2007,2,15
22,Gaze-based Interaction,"Gaze, Eye Tracking & Multimodal Sensing",2008,19,91
22,Gaze-based Interaction,"Gaze, Eye Tracking & Multimodal Sensing",2009,4,17
22,Gaze-based Interaction,"Gaze, Eye Tracking & Multimodal Sensing",2010,18,85
22,Gaze-based Interaction,"Gaze, Eye Tracking & Multimodal Sensing",2011,2,20
22,Gaze-based Interaction,"Gaze, Eye Tracking & Multimodal Sensing",2012,23,138
22,Gaze-based Interaction,"Gaze, Eye Tracking & Multimodal Sensing",2013,3,46
22,Gaze-based Interaction,"Gaze, Eye Tracking & Multimodal Sensing",2014,15,91
22,Gaze-based Interaction,"Gaze, Eye Tracking & Multimodal Sensing",2015,8,91
22,Gaze-based Interaction,"Gaze, Eye Tracking & Multimodal Sensing",2016,17,158
22,Gaze-based Interaction,"Gaze, Eye Tracking & Multimodal Sensing",2017,9,150
22,Gaze-based Interaction,"Gaze, Eye Tracking & Multimodal Sensing",2018,18,193
22,Gaze-based Interaction,"Gaze, Eye Tracking & Multimodal Sensing",2019,26,288
22,Gaze-based Interaction,"Gaze, Eye Tracking & Multimodal Sensing",2020,17,268
22,Gaze-based Interaction,"Gaze, Eye Tracking & Multimodal Sensing",2021,8,185
22,Gaze-based Interaction,"Gaze, Eye Tracking & Multimodal Sensing",2022,27,382
22,Gaze-based Interaction,"Gaze, Eye Tracking & Multimodal Sensing",2023,17,317
22,Gaze-based Interaction,"Gaze, Eye Tracking & Multimodal Sensing",2024,30,411
22,Gaze-based Interaction,"Gaze, Eye Tracking & Multimodal Sensing",2025,29,414
22,Gaze-based Interaction,"Gaze, Eye Tracking & Multimodal Sensing",2026,18,267
23,Eye Tracker Quality & Gaze Estimation,"Gaze, Eye Tracking & Multimodal Sensing",1985,1,0
23,Eye Tracker Quality & Gaze Estimation,"Gaze, Eye Tracking & Multimodal Sensing",1997,1,1
23,Eye Tracker Quality & Gaze Estimation,"Gaze, Eye Tracking & Multimodal Sensing",2000,1,0
23,Eye Tracker Quality & Gaze Estimation,"Gaze, Eye Tracking & Multimodal Sensing",2001,1,1
23,Eye Tracker Quality & Gaze Estimation,"Gaze, Eye Tracking & Multimodal Sensing",2002,1,2
23,Eye Tracker Quality & Gaze Estimation,"Gaze, Eye Tracking & Multimodal Sensing",2003,0,1
23,Eye Tracker Quality & Gaze Estimation,"Gaze, Eye Tracking & Multimodal Sensing",2004,1,3
23,Eye Tracker Quality & Gaze Estimation,"Gaze, Eye Tracking & Multimodal Sensing",2005,0,2
23,Eye Tracker Quality & Gaze Estimation,"Gaze, Eye Tracking & Multimodal Sensing",2006,6,4
23,Eye Tracker Quality & Gaze Estimation,"Gaze, Eye Tracking & Multimodal Sensing",2007,0,1
23,Eye Tracker Quality & Gaze Estimation,"Gaze, Eye Tracking & Multimodal Sensing",2008,13,19
23,Eye Tracker Quality & Gaze Estimation,"Gaze, Eye Tracking & Multimodal Sensing",2009,1,1
23,Eye Tracker Quality & Gaze Estimation,"Gaze, Eye Tracking & Multimodal Sensing",2010,14,28
23,Eye Tracker Quality & Gaze Estimation,"Gaze, Eye Tracking & Multimodal Sensing",2011,0,1
23,Eye Tracker Quality & Gaze Estimation,"Gaze, Eye Tracking & Multimodal Sensing",2012,27,45
23,Eye Tracker Quality & Gaze Estimation,"Gaze, Eye Tracking & Multimodal Sensing",2013,6,9
23,Eye Tracker Quality & Gaze Estimation,"Gaze, Eye Tracking & Multimodal Sensing",2014,19,51
23,Eye Tracker Quality & Gaze Estimation,"Gaze, Eye Tracking & Multimodal Sensing",2015,3,14
23,Eye Tracker Quality & Gaze Estimation,"Gaze, Eye Tracking & Multimodal Sensing",2016,27,65
23,Eye Tracker Quality & Gaze Estimation,"Gaze, Eye Tracking & Multimodal Sensing",2017,3,50
23,Eye Tracker Quality & Gaze Estimation,"Gaze, Eye Tracking & Multimodal Sensing",2018,29,119
23,Eye Tracker Quality & Gaze Estimation,"Gaze, Eye Tracking & Multimodal Sensing",2019,20,161
23,Eye Tracker Quality & Gaze Estimation,"Gaze, Eye Tracking & Multimodal Sensing",2020,7,37
23,Eye Tracker Quality & Gaze Estimation,"Gaze, Eye Tracking & Multimodal Sensing",2021,1,21
23,Eye Tracker Quality & Gaze Estimation,"Gaze, Eye Tracking & Multimodal Sensing",2022,10,56
23,Eye Tracker Quality & Gaze Estimation,"Gaze, Eye Tracking & Multimodal Sensing",2023,14,43
23,Eye Tracker Quality & Gaze Estimation,"Gaze, Eye Tracking & Multimodal Sensing",2024,15,74
23,Eye Tracker Quality & Gaze Estimation,"Gaze, Eye Tracking & Multimodal Sensing",2025,17,90
23,Eye Tracker Quality & Gaze Estimation,"Gaze, Eye Tracking & Multimodal Sensing",2026,22,97
24,Scanpaths & Visual Search,"Gaze, Eye Tracking & Multimodal Sensing",2000,1,0
24,Scanpaths & Visual Search,"Gaze, Eye Tracking & Multimodal Sensing",2002,5,1
24,Scanpaths & Visual Search,"Gaze, Eye Tracking & Multimodal Sensing",2003,2,2
24,Scanpaths & Visual Search,"Gaze, Eye Tracking & Multimodal Sensing",2004,5,9
24,Scanpaths & Visual Search,"Gaze, Eye Tracking & Multimodal Sensing",2005,2,5
24,Scanpaths & Visual Search,"Gaze, Eye Tracking & Multimodal Sensing",2006,11,14
24,Scanpaths & Visual Search,"Gaze, Eye Tracking & Multimodal Sensing",2007,4,7
24,Scanpaths & Visual Search,"Gaze, Eye Tracking & Multimodal Sensing",2008,6,22
24,Scanpaths & Visual Search,"Gaze, Eye Tracking & Multimodal Sensing",2009,4,12
24,Scanpaths & Visual Search,"Gaze, Eye Tracking & Multimodal Sensing",2010,13,53
24,Scanpaths & Visual Search,"Gaze, Eye Tracking & Multimodal Sensing",2011,3,10
24,Scanpaths & Visual Search,"Gaze, Eye Tracking & Multimodal Sensing",2012,18,59
24,Scanpaths & Visual Search,"Gaze, Eye Tracking & Multimodal Sensing",2013,3,15
24,Scanpaths & Visual Search,"Gaze, Eye Tracking & Multimodal Sensing",2014,14,52
24,Scanpaths & Visual Search,"Gaze, Eye Tracking & Multimodal Sensing",2015,3,12
24,Scanpaths & Visual Search,"Gaze, Eye Tracking & Multimodal Sensing",2016,14,39
24,Scanpaths & Visual Search,"Gaze, Eye Tracking & Multimodal Sensing",2017,2,30
24,Scanpaths & Visual Search,"Gaze, Eye Tracking & Multimodal Sensing",2018,15,64
24,Scanpaths & Visual Search,"Gaze, Eye Tracking & Multimodal Sensing",2019,22,74
24,Scanpaths & Visual Search,"Gaze, Eye Tracking & Multimodal Sensing",2020,9,38
24,Scanpaths & Visual Search,"Gaze, Eye Tracking & Multimodal Sensing",2021,1,20
24,Scanpaths & Visual Search,"Gaze, Eye Tracking & Multimodal Sensing",2022,17,46
24,Scanpaths & Visual Search,"Gaze, Eye Tracking & Multimodal Sensing",2023,22,62
24,Scanpaths & Visual Search,"Gaze, Eye Tracking & Multimodal Sensing",2024,20,98
24,Scanpaths & Visual Search,"Gaze, Eye Tracking & Multimodal Sensing",2025,22,91
24,Scanpaths & Visual Search,"Gaze, Eye Tracking & Multimodal Sensing",2026,17,74
25,Pupillometry & Cognitive Load,"Gaze, Eye Tracking & Multimodal Sensing",1983,1,0
25,Pupillometry & Cognitive Load,"Gaze, Eye Tracking & Multimodal Sensing",1986,1,1
25,Pupillometry & Cognitive Load,"Gaze, Eye Tracking & Multimodal Sensing",1996,1,0
25,Pupillometry & Cognitive Load,"Gaze, Eye Tracking & Multimodal Sensing",1998,1,1
25,Pupillometry & Cognitive Load,"Gaze, Eye Tracking & Multimodal Sensing",2000,0,1
25,Pupillometry & Cognitive Load,"Gaze, Eye Tracking & Multimodal Sensing",2001,0,1
25,Pupillometry & Cognitive Load,"Gaze, Eye Tracking & Multimodal Sensing",2002,0,1
25,Pupillometry & Cognitive Load,"Gaze, Eye Tracking & Multimodal Sensing",2003,2,1
25,Pupillometry & Cognitive Load,"Gaze, Eye Tracking & Multimodal Sensing",2004,1,2
25,Pupillometry & Cognitive Load,"Gaze, Eye Tracking & Multimodal Sensing",2005,1,2
25,Pupillometry & Cognitive Load,"Gaze, Eye Tracking & Multimodal Sensing",2006,2,6
25,Pupillometry & Cognitive Load,"Gaze, Eye Tracking & Multimodal Sensing",2007,0,1
25,Pupillometry & Cognitive Load,"Gaze, Eye Tracking & Multimodal Sensing",2008,4,9
25,Pupillometry & Cognitive Load,"Gaze, Eye Tracking & Multimodal Sensing",2009,5,7
25,Pupillometry & Cognitive Load,"Gaze, Eye Tracking & Multimodal Sensing",2010,7,14
25,Pupillometry & Cognitive Load,"Gaze, Eye Tracking & Multimodal Sensing",2011,9,17
25,Pupillometry & Cognitive Load,"Gaze, Eye Tracking & Multimodal Sensing",2012,14,31
25,Pupillometry & Cognitive Load,"Gaze, Eye Tracking & Multimodal Sensing",2013,9,19
25,Pupillometry & Cognitive Load,"Gaze, Eye Tracking & Multimodal Sensing",2014,11,35
25,Pupillometry & Cognitive Load,"Gaze, Eye Tracking & Multimodal Sensing",2015,17,63
25,Pupillometry & Cognitive Load,"Gaze, Eye Tracking & Multimodal Sensing",2016,11,63
25,Pupillometry & Cognitive Load,"Gaze, Eye Tracking & Multimodal Sensing",2017,14,55
25,Pupillometry & Cognitive Load,"Gaze, Eye Tracking & Multimodal Sensing",2018,18,91
25,Pupillometry & Cognitive Load,"Gaze, Eye Tracking & Multimodal Sensing",2019,15,70
25,Pupillometry & Cognitive Load,"Gaze, Eye Tracking & Multimodal Sensing",2020,12,72
25,Pupillometry & Cognitive Load,"Gaze, Eye Tracking & Multimodal Sensing",2021,9,60
25,Pupillometry & Cognitive Load,"Gaze, Eye Tracking & Multimodal Sensing",2022,20,151
25,Pupillometry & Cognitive Load,"Gaze, Eye Tracking & Multimodal Sensing",2023,16,122
25,Pupillometry & Cognitive Load,"Gaze, Eye Tracking & Multimodal Sensing",2024,15,129
25,Pupillometry & Cognitive Load,"Gaze, Eye Tracking & Multimodal Sensing",2025,13,129
25,Pupillometry & Cognitive Load,"Gaze, Eye Tracking & Multimodal Sensing",2026,16,87
26,Gaze in Conversation & Groups,"Gaze, Eye Tracking & Multimodal Sensing",2000,1,0
26,Gaze in Conversation & Groups,"Gaze, Eye Tracking & Multimodal Sensing",2001,1,0
26,Gaze in Conversation & Groups,"Gaze, Eye Tracking & Multimodal Sensing",2002,2,4
26,Gaze in Conversation & Groups,"Gaze, Eye Tracking & Multimodal Sensing",2003,2,4
26,Gaze in Conversation & Groups,"Gaze, Eye Tracking & Multimodal Sensing",2004,4,4
26,Gaze in Conversation & Groups,"Gaze, Eye Tracking & Multimodal Sensing",2005,7,7
26,Gaze in Conversation & Groups,"Gaze, Eye Tracking & Multimodal Sensing",2006,9,18
26,Gaze in Conversation & Groups,"Gaze, Eye Tracking & Multimodal Sensing",2007,5,15
26,Gaze in Conversation & Groups,"Gaze, Eye Tracking & Multimodal Sensing",2008,10,23
26,Gaze in Conversation & Groups,"Gaze, Eye Tracking & Multimodal Sensing",2009,2,3
26,Gaze in Conversation & Groups,"Gaze, Eye Tracking & Multimodal Sensing",2010,1,3
26,Gaze in Conversation & Groups,"Gaze, Eye Tracking & Multimodal Sensing",2011,4,8
26,Gaze in Conversation & Groups,"Gaze, Eye Tracking & Multimodal Sensing",2012,13,19
26,Gaze in Conversation & Groups,"Gaze, Eye Tracking & Multimodal Sensing",2013,19,49
26,Gaze in Conversation & Groups,"Gaze, Eye Tracking & Multimodal Sensing",2014,10,23
26,Gaze in Conversation & Groups,"Gaze, Eye Tracking & Multimodal Sensing",2015,9,45
26,Gaze in Conversation & Groups,"Gaze, Eye Tracking & Multimodal Sensing",2016,9,31
26,Gaze in Conversation & Groups,"Gaze, Eye Tracking & Multimodal Sensing",2017,10,26
26,Gaze in Conversation & Groups,"Gaze, Eye Tracking & Multimodal Sensing",2018,17,56
26,Gaze in Conversation & Groups,"Gaze, Eye Tracking & Multimodal Sensing",2019,13,59
26,Gaze in Conversation & Groups,"Gaze, Eye Tracking & Multimodal Sensing",2020,10,52
26,Gaze in Conversation & Groups,"Gaze, Eye Tracking & Multimodal Sensing",2021,12,57
26,Gaze in Conversation & Groups,"Gaze, Eye Tracking & Multimodal Sensing",2022,10,47
26,Gaze in Conversation & Groups,"Gaze, Eye Tracking & Multimodal Sensing",2023,16,55
26,Gaze in Conversation & Groups,"Gaze, Eye Tracking & Multimodal Sensing",2024,13,64
26,Gaze in Conversation & Groups,"Gaze, Eye Tracking & Multimodal Sensing",2025,8,60
26,Gaze in Conversation & Groups,"Gaze, Eye Tracking & Multimodal Sensing",2026,1,34
27,Authentication & Passwords,"Gaze, Eye Tracking & Multimodal Sensing",2003,1,0
27,Authentication & Passwords,"Gaze, Eye Tracking & Multimodal Sensing",2006,1,0
27,Authentication & Passwords,"Gaze, Eye Tracking & Multimodal Sensing",2007,1,1
27,Authentication & Passwords,"Gaze, Eye Tracking & Multimodal Sensing",2008,2,1
27,Authentication & Passwords,"Gaze, Eye Tracking & Multimodal Sensing",2009,3,3
27,Authentication & Passwords,"Gaze, Eye Tracking & Multimodal Sensing",2010,7,7
27,Authentication & Passwords,"Gaze, Eye Tracking & Multimodal Sensing",2011,5,4
27,Authentication & Passwords,"Gaze, Eye Tracking & Multimodal Sensing",2012,6,16
27,Authentication & Passwords,"Gaze, Eye Tracking & Multimodal Sensing",2013,11,32
27,Authentication & Passwords,"Gaze, Eye Tracking & Multimodal Sensing",2014,15,52
27,Authentication & Passwords,"Gaze, Eye Tracking & Multimodal Sensing",2015,15,63
27,Authentication & Passwords,"Gaze, Eye Tracking & Multimodal Sensing",2016,14,79
27,Authentication & Passwords,"Gaze, Eye Tracking & Multimodal Sensing",2017,9,95
27,Authentication & Passwords,"Gaze, Eye Tracking & Multimodal Sensing",2018,13,96
27,Authentication & Passwords,"Gaze, Eye Tracking & Multimodal Sensing",2019,16,122
27,Authentication & Passwords,"Gaze, Eye Tracking & Multimodal Sensing",2020,8,95
27,Authentication & Passwords,"Gaze, Eye Tracking & Multimodal Sensing",2021,13,175
27,Authentication & Passwords,"Gaze, Eye Tracking & Multimodal Sensing",2022,8,75
27,Authentication & Passwords,"Gaze, Eye Tracking & Multimodal Sensing",2023,9,81
27,Authentication & Passwords,"Gaze, Eye Tracking & Multimodal Sensing",2024,17,105
27,Authentication & Passwords,"Gaze, Eye Tracking & Multimodal Sensing",2025,13,103
27,Authentication & Passwords,"Gaze, Eye Tracking & Multimodal Sensing",2026,13,101
28,Affect Recognition,"Gaze, Eye Tracking & Multimodal Sensing",2004,1,0
28,Affect Recognition,"Gaze, Eye Tracking & Multimodal Sensing",2006,0,1
28,Affect Recognition,"Gaze, Eye Tracking & Multimodal Sensing",2008,1,0
28,Affect Recognition,"Gaze, Eye Tracking & Multimodal Sensing",2009,1,1
28,Affect Recognition,"Gaze, Eye Tracking & Multimodal Sensing",2011,1,1
28,Affect Recognition,"Gaze, Eye Tracking & Multimodal Sensing",2012,10,9
28,Affect Recognition,"Gaze, Eye Tracking & Multimodal Sensing",2013,9,13
28,Affect Recognition,"Gaze, Eye Tracking & Multimodal Sensing",2014,10,37
28,Affect Recognition,"Gaze, Eye Tracking & Multimodal Sensing",2015,18,85
28,Affect Recognition,"Gaze, Eye Tracking & Multimodal Sensing",2016,22,84
28,Affect Recognition,"Gaze, Eye Tracking & Multimodal Sensing",2017,19,95
28,Affect Recognition,"Gaze, Eye Tracking & Multimodal Sensing",2018,21,74
28,Affect Recognition,"Gaze, Eye Tracking & Multimodal Sensing",2019,16,79
28,Affect Recognition,"Gaze, Eye Tracking & Multimodal Sensing",2020,23,98
28,Affect Recognition,"Gaze, Eye Tracking & Multimodal Sensing",2021,7,27
28,Affect Recognition,"Gaze, Eye Tracking & Multimodal Sensing",2022,8,42
28,Affect Recognition,"Gaze, Eye Tracking & Multimodal Sensing",2023,9,49
28,Affect Recognition,"Gaze, Eye Tracking & Multimodal Sensing",2024,2,18
28,Affect Recognition,"Gaze, Eye Tracking & Multimodal Sensing",2025,1,12
28,Affect Recognition,"Gaze, Eye Tracking & Multimodal Sensing",2026,1,8
29,Multimodal Sentiment & Speaking,"Gaze, Eye Tracking & Multimodal Sensing",2000,1,0
29,Multimodal Sentiment & Speaking,"Gaze, Eye Tracking & Multimodal Sensing",2002,1,0
29,Multimodal Sentiment & Speaking,"Gaze, Eye Tracking & Multimodal Sensing",2003,2,0
29,Multimodal Sentiment & Speaking,"Gaze, Eye Tracking & Multimodal Sensing",2004,2,2
29,Multimodal Sentiment & Speaking,"Gaze, Eye Tracking & Multimodal Sensing",2005,0,2
29,Multimodal Sentiment & Speaking,"Gaze, Eye Tracking & Multimodal Sensing",2006,0,1
29,Multimodal Sentiment & Speaking,"Gaze, Eye Tracking & Multimodal Sensing",2007,3,4
29,Multimodal Sentiment & Speaking,"Gaze, Eye Tracking & Multimodal Sensing",2008,1,1
29,Multimodal Sentiment & Speaking,"Gaze, Eye Tracking & Multimodal Sensing",2010,0,1
29,Multimodal Sentiment & Speaking,"Gaze, Eye Tracking & Multimodal Sensing",2011,5,3
29,Multimodal Sentiment & Speaking,"Gaze, Eye Tracking & Multimodal Sensing",2012,5,10
29,Multimodal Sentiment & Speaking,"Gaze, Eye Tracking & Multimodal Sensing",2013,8,18
29,Multimodal Sentiment & Speaking,"Gaze, Eye Tracking & Multimodal Sensing",2014,7,12
29,Multimodal Sentiment & Speaking,"Gaze, Eye Tracking & Multimodal Sensing",2015,22,42
29,Multimodal Sentiment & Speaking,"Gaze, Eye Tracking & Multimodal Sensing",2016,19,80
29,Multimodal Sentiment & Speaking,"Gaze, Eye Tracking & Multimodal Sensing",2017,13,62
29,Multimodal Sentiment & Speaking,"Gaze, Eye Tracking & Multimodal Sensing",2018,10,41
29,Multimodal Sentiment & Speaking,"Gaze, Eye Tracking & Multimodal Sensing",2019,7,35
29,Multimodal Sentiment & Speaking,"Gaze, Eye Tracking & Multimodal Sensing",2020,13,73
29,Multimodal Sentiment & Speaking,"Gaze, Eye Tracking & Multimodal Sensing",2021,14,66
29,Multimodal Sentiment & Speaking,"Gaze, Eye Tracking & Multimodal Sensing",2022,8,45
29,Multimodal Sentiment & Speaking,"Gaze, Eye Tracking & Multimodal Sensing",2023,7,40
29,Multimodal Sentiment & Speaking,"Gaze, Eye Tracking & Multimodal Sensing",2024,4,29
29,Multimodal Sentiment & Speaking,"Gaze, Eye Tracking & Multimodal Sensing",2025,10,67
29,Multimodal Sentiment & Speaking,"Gaze, Eye Tracking & Multimodal Sensing",2026,1,29
30,Fixation & Saccade Analysis,"Gaze, Eye Tracking & Multimodal Sensing",2000,2,1
30,Fixation & Saccade Analysis,"Gaze, Eye Tracking & Multimodal Sensing",2001,0,1
30,Fixation & Saccade Analysis,"Gaze, Eye Tracking & Multimodal Sensing",2002,0,2
30,Fixation & Saccade Analysis,"Gaze, Eye Tracking & Multimodal Sensing",2003,0,1
30,Fixation & Saccade Analysis,"Gaze, Eye Tracking & Multimodal Sensing",2004,0,1
30,Fixation & Saccade Analysis,"Gaze, Eye Tracking & Multimodal Sensing",2007,0,1
30,Fixation & Saccade Analysis,"Gaze, Eye Tracking & Multimodal Sensing",2008,2,4
30,Fixation & Saccade Analysis,"Gaze, Eye Tracking & Multimodal Sensing",2009,0,2
30,Fixation & Saccade Analysis,"Gaze, Eye Tracking & Multimodal Sensing",2010,2,8
30,Fixation & Saccade Analysis,"Gaze, Eye Tracking & Multimodal Sensing",2011,1,2
30,Fixation & Saccade Analysis,"Gaze, Eye Tracking & Multimodal Sensing",2012,3,9
30,Fixation & Saccade Analysis,"Gaze, Eye Tracking & Multimodal Sensing",2013,1,3
30,Fixation & Saccade Analysis,"Gaze, Eye Tracking & Multimodal Sensing",2014,12,17
30,Fixation & Saccade Analysis,"Gaze, Eye Tracking & Multimodal Sensing",2015,1,1
30,Fixation & Saccade Analysis,"Gaze, Eye Tracking & Multimodal Sensing",2016,9,22
30,Fixation & Saccade Analysis,"Gaze, Eye Tracking & Multimodal Sensing",2017,2,9
30,Fixation & Saccade Analysis,"Gaze, Eye Tracking & Multimodal Sensing",2018,12,20
30,Fixation & Saccade Analysis,"Gaze, Eye Tracking & Multimodal Sensing",2019,11,31
30,Fixation & Saccade Analysis,"Gaze, Eye Tracking & Multimodal Sensing",2020,4,16
30,Fixation & Saccade Analysis,"Gaze, Eye Tracking & Multimodal Sensing",2021,7,21
30,Fixation & Saccade Analysis,"Gaze, Eye Tracking & Multimodal Sensing",2022,16,41
30,Fixation & Saccade Analysis,"Gaze, Eye Tracking & Multimodal Sensing",2023,14,47
30,Fixation & Saccade Analysis,"Gaze, Eye Tracking & Multimodal Sensing",2024,13,61
30,Fixation & Saccade Analysis,"Gaze, Eye Tracking & Multimodal Sensing",2025,30,120
30,Fixation & Saccade Analysis,"Gaze, Eye Tracking & Multimodal Sensing",2026,11,52
31,Gaze Calibration & Datasets,"Gaze, Eye Tracking & Multimodal Sensing",2000,2,0
31,Gaze Calibration & Datasets,"Gaze, Eye Tracking & Multimodal Sensing",2002,1,1
31,Gaze Calibration & Datasets,"Gaze, Eye Tracking & Multimodal Sensing",2003,1,4
31,Gaze Calibration & Datasets,"Gaze, Eye Tracking & Multimodal Sensing",2004,4,5
31,Gaze Calibration & Datasets,"Gaze, Eye Tracking & Multimodal Sensing",2005,3,7
31,Gaze Calibration & Datasets,"Gaze, Eye Tracking & Multimodal Sensing",2006,2,7
31,Gaze Calibration & Datasets,"Gaze, Eye Tracking & Multimodal Sensing",2007,0,1
31,Gaze Calibration & Datasets,"Gaze, Eye Tracking & Multimodal Sensing",2008,3,10
31,Gaze Calibration & Datasets,"Gaze, Eye Tracking & Multimodal Sensing",2009,2,2
31,Gaze Calibration & Datasets,"Gaze, Eye Tracking & Multimodal Sensing",2010,2,11
31,Gaze Calibration & Datasets,"Gaze, Eye Tracking & Multimodal Sensing",2011,4,9
31,Gaze Calibration & Datasets,"Gaze, Eye Tracking & Multimodal Sensing",2012,11,24
31,Gaze Calibration & Datasets,"Gaze, Eye Tracking & Multimodal Sensing",2013,5,23
31,Gaze Calibration & Datasets,"Gaze, Eye Tracking & Multimodal Sensing",2014,8,23
31,Gaze Calibration & Datasets,"Gaze, Eye Tracking & Multimodal Sensing",2015,7,33
31,Gaze Calibration & Datasets,"Gaze, Eye Tracking & Multimodal Sensing",2016,9,90
31,Gaze Calibration & Datasets,"Gaze, Eye Tracking & Multimodal Sensing",2017,13,131
31,Gaze Calibration & Datasets,"Gaze, Eye Tracking & Multimodal Sensing",2018,18,223
31,Gaze Calibration & Datasets,"Gaze, Eye Tracking & Multimodal Sensing",2019,10,179
31,Gaze Calibration & Datasets,"Gaze, Eye Tracking & Multimodal Sensing",2020,4,121
31,Gaze Calibration & Datasets,"Gaze, Eye Tracking & Multimodal Sensing",2021,5,83
31,Gaze Calibration & Datasets,"Gaze, Eye Tracking & Multimodal Sensing",2022,8,125
31,Gaze Calibration & Datasets,"Gaze, Eye Tracking & Multimodal Sensing",2023,4,97
31,Gaze Calibration & Datasets,"Gaze, Eye Tracking & Multimodal Sensing",2024,6,88
31,Gaze Calibration & Datasets,"Gaze, Eye Tracking & Multimodal Sensing",2025,3,86
31,Gaze Calibration & Datasets,"Gaze, Eye Tracking & Multimodal Sensing",2026,5,46
32,Reading & Implicit Interest,"Gaze, Eye Tracking & Multimodal Sensing",1990,1,0
32,Reading & Implicit Interest,"Gaze, Eye Tracking & Multimodal Sensing",1992,0,1
32,Reading & Implicit Interest,"Gaze, Eye Tracking & Multimodal Sensing",1994,0,1
32,Reading & Implicit Interest,"Gaze, Eye Tracking & Multimodal Sensing",1996,0,1
32,Reading & Implicit Interest,"Gaze, Eye Tracking & Multimodal Sensing",1997,1,0
32,Reading & Implicit Interest,"Gaze, Eye Tracking & Multimodal Sensing",2000,8,9
32,Reading & Implicit Interest,"Gaze, Eye Tracking & Multimodal Sensing",2001,2,3
32,Reading & Implicit Interest,"Gaze, Eye Tracking & Multimodal Sensing",2002,6,10
32,Reading & Implicit Interest,"Gaze, Eye Tracking & Multimodal Sensing",2003,3,6
32,Reading & Implicit Interest,"Gaze, Eye Tracking & Multimodal Sensing",2004,4,13
32,Reading & Implicit Interest,"Gaze, Eye Tracking & Multimodal Sensing",2005,1,5
32,Reading & Implicit Interest,"Gaze, Eye Tracking & Multimodal Sensing",2006,14,18
32,Reading & Implicit Interest,"Gaze, Eye Tracking & Multimodal Sensing",2007,7,13
32,Reading & Implicit Interest,"Gaze, Eye Tracking & Multimodal Sensing",2008,5,12
32,Reading & Implicit Interest,"Gaze, Eye Tracking & Multimodal Sensing",2009,4,8
32,Reading & Implicit Interest,"Gaze, Eye Tracking & Multimodal Sensing",2010,6,17
32,Reading & Implicit Interest,"Gaze, Eye Tracking & Multimodal Sensing",2011,8,11
32,Reading & Implicit Interest,"Gaze, Eye Tracking & Multimodal Sensing",2012,16,38
32,Reading & Implicit Interest,"Gaze, Eye Tracking & Multimodal Sensing",2013,7,15
32,Reading & Implicit Interest,"Gaze, Eye Tracking & Multimodal Sensing",2014,18,35
32,Reading & Implicit Interest,"Gaze, Eye Tracking & Multimodal Sensing",2015,17,43
32,Reading & Implicit Interest,"Gaze, Eye Tracking & Multimodal Sensing",2016,11,57
32,Reading & Implicit Interest,"Gaze, Eye Tracking & Multimodal Sensing",2017,9,44
32,Reading & Implicit Interest,"Gaze, Eye Tracking & Multimodal Sensing",2018,22,84
32,Reading & Implicit Interest,"Gaze, Eye Tracking & Multimodal Sensing",2019,19,104
32,Reading & Implicit Interest,"Gaze, Eye Tracking & Multimodal Sensing",2020,12,89
32,Reading & Implicit Interest,"Gaze, Eye Tracking & Multimodal Sensing",2021,15,92
32,Reading & Implicit Interest,"Gaze, Eye Tracking & Multimodal Sensing",2022,21,104
32,Reading & Implicit Interest,"Gaze, Eye Tracking & Multimodal Sensing",2023,27,110
32,Reading & Implicit Interest,"Gaze, Eye Tracking & Multimodal Sensing",2024,11,78
32,Reading & Implicit Interest,"Gaze, Eye Tracking & Multimodal Sensing",2025,22,82
32,Reading & Implicit Interest,"Gaze, Eye Tracking & Multimodal Sensing",2026,10,55
33,Remote Collaboration & Telepresence,"Collaboration, Displays & Mixed Reality",1982,1,0
33,Remote Collaboration & Telepresence,"Collaboration, Displays & Mixed Reality",1983,1,1
33,Remote Collaboration & Telepresence,"Collaboration, Displays & Mixed Reality",1985,1,0
33,Remote Collaboration & Telepresence,"Collaboration, Displays & Mixed Reality",1986,3,2
33,Remote Collaboration & Telepresence,"Collaboration, Displays & Mixed Reality",1988,2,2
33,Remote Collaboration & Telepresence,"Collaboration, Displays & Mixed Reality",1989,0,2
33,Remote Collaboration & Telepresence,"Collaboration, Displays & Mixed Reality",1990,1,5
33,Remote Collaboration & Telepresence,"Collaboration, Displays & Mixed Reality",1991,3,3
33,Remote Collaboration & Telepresence,"Collaboration, Displays & Mixed Reality",1992,5,22
33,Remote Collaboration & Telepresence,"Collaboration, Displays & Mixed Reality",1994,2,11
33,Remote Collaboration & Telepresence,"Collaboration, Displays & Mixed Reality",1995,5,9
33,Remote Collaboration & Telepresence,"Collaboration, Displays & Mixed Reality",1996,8,19
33,Remote Collaboration & Telepresence,"Collaboration, Displays & Mixed Reality",1997,6,28
33,Remote Collaboration & Telepresence,"Collaboration, Displays & Mixed Reality",1998,10,41
33,Remote Collaboration & Telepresence,"Collaboration, Displays & Mixed Reality",1999,6,25
33,Remote Collaboration & Telepresence,"Collaboration, Displays & Mixed Reality",2000,8,49
33,Remote Collaboration & Telepresence,"Collaboration, Displays & Mixed Reality",2001,3,17
33,Remote Collaboration & Telepresence,"Collaboration, Displays & Mixed Reality",2002,13,37
33,Remote Collaboration & Telepresence,"Collaboration, Displays & Mixed Reality",2003,6,44
33,Remote Collaboration & Telepresence,"Collaboration, Displays & Mixed Reality",2004,11,80
33,Remote Collaboration & Telepresence,"Collaboration, Displays & Mixed Reality",2005,8,51
33,Remote Collaboration & Telepresence,"Collaboration, Displays & Mixed Reality",2006,10,73
33,Remote Collaboration & Telepresence,"Collaboration, Displays & Mixed Reality",2007,13,88
33,Remote Collaboration & Telepresence,"Collaboration, Displays & Mixed Reality",2008,15,60
33,Remote Collaboration & Telepresence,"Collaboration, Displays & Mixed Reality",2009,13,44
33,Remote Collaboration & Telepresence,"Collaboration, Displays & Mixed Reality",2010,13,95
33,Remote Collaboration & Telepresence,"Collaboration, Displays & Mixed Reality",2011,23,126
33,Remote Collaboration & Telepresence,"Collaboration, Displays & Mixed Reality",2012,26,144
33,Remote Collaboration & Telepresence,"Collaboration, Displays & Mixed Reality",2013,22,150
33,Remote Collaboration & Telepresence,"Collaboration, Displays & Mixed Reality",2014,24,182
33,Remote Collaboration & Telepresence,"Collaboration, Displays & Mixed Reality",2015,17,157
33,Remote Collaboration & Telepresence,"Collaboration, Displays & Mixed Reality",2016,34,233
33,Remote Collaboration & Telepresence,"Collaboration, Displays & Mixed Reality",2017,34,344
33,Remote Collaboration & Telepresence,"Collaboration, Displays & Mixed Reality",2018,39,367
33,Remote Collaboration & Telepresence,"Collaboration, Displays & Mixed Reality",2019,39,345
33,Remote Collaboration & Telepresence,"Collaboration, Displays & Mixed Reality",2020,18,231
33,Remote Collaboration & Telepresence,"Collaboration, Displays & Mixed Reality",2021,31,443
33,Remote Collaboration & Telepresence,"Collaboration, Displays & Mixed Reality",2022,29,489
33,Remote Collaboration & Telepresence,"Collaboration, Displays & Mixed Reality",2023,40,658
33,Remote Collaboration & Telepresence,"Collaboration, Displays & Mixed Reality",2024,38,619
33,Remote Collaboration & Telepresence,"Collaboration, Displays & Mixed Reality",2025,48,736
33,Remote Collaboration & Telepresence,"Collaboration, Displays & Mixed Reality",2026,24,364
34,CSCW Foundations,"Collaboration, Displays & Mixed Reality",1982,2,0
34,CSCW Foundations,"Collaboration, Displays & Mixed Reality",1983,1,0
34,CSCW Foundations,"Collaboration, Displays & Mixed Reality",1985,2,1
34,CSCW Foundations,"Collaboration, Displays & Mixed Reality",1986,24,11
34,CSCW Foundations,"Collaboration, Displays & Mixed Reality",1988,21,30
34,CSCW Foundations,"Collaboration, Displays & Mixed Reality",1989,9,18
34,CSCW Foundations,"Collaboration, Displays & Mixed Reality",1990,24,64
34,CSCW Foundations,"Collaboration, Displays & Mixed Reality",1991,12,40
34,CSCW Foundations,"Collaboration, Displays & Mixed Reality",1992,38,124
34,CSCW Foundations,"Collaboration, Displays & Mixed Reality",1993,2,11
34,CSCW Foundations,"Collaboration, Displays & Mixed Reality",1994,27,97
34,CSCW Foundations,"Collaboration, Displays & Mixed Reality",1995,21,71
34,CSCW Foundations,"Collaboration, Displays & Mixed Reality",1996,21,160
34,CSCW Foundations,"Collaboration, Displays & Mixed Reality",1997,38,159
34,CSCW Foundations,"Collaboration, Displays & Mixed Reality",1998,17,122
34,CSCW Foundations,"Collaboration, Displays & Mixed Reality",1999,28,137
34,CSCW Foundations,"Collaboration, Displays & Mixed Reality",2000,26,131
34,CSCW Foundations,"Collaboration, Displays & Mixed Reality",2001,21,89
34,CSCW Foundations,"Collaboration, Displays & Mixed Reality",2002,15,111
34,CSCW Foundations,"Collaboration, Displays & Mixed Reality",2003,14,140
34,CSCW Foundations,"Collaboration, Displays & Mixed Reality",2004,13,163
34,CSCW Foundations,"Collaboration, Displays & Mixed Reality",2005,16,121
34,CSCW Foundations,"Collaboration, Displays & Mixed Reality",2006,16,142
34,CSCW Foundations,"Collaboration, Displays & Mixed Reality",2007,19,134
34,CSCW Foundations,"Collaboration, Displays & Mixed Reality",2008,9,133
34,CSCW Foundations,"Collaboration, Displays & Mixed Reality",2009,10,99
34,CSCW Foundations,"Collaboration, Displays & Mixed Reality",2010,13,106
34,CSCW Foundations,"Collaboration, Displays & Mixed Reality",2011,15,129
34,CSCW Foundations,"Collaboration, Displays & Mixed Reality",2012,11,127
34,CSCW Foundations,"Collaboration, Displays & Mixed Reality",2013,7,90
34,CSCW Foundations,"Collaboration, Displays & Mixed Reality",2014,16,102
34,CSCW Foundations,"Collaboration, Displays & Mixed Reality",2015,7,131
34,CSCW Foundations,"Collaboration, Displays & Mixed Reality",2016,8,131
34,CSCW Foundations,"Collaboration, Displays & Mixed Reality",2017,6,147
34,CSCW Foundations,"Collaboration, Displays & Mixed Reality",2018,5,154
34,CSCW Foundations,"Collaboration, Displays & Mixed Reality",2019,3,140
34,CSCW Foundations,"Collaboration, Displays & Mixed Reality",2020,1,65
34,CSCW Foundations,"Collaboration, Displays & Mixed Reality",2021,3,146
34,CSCW Foundations,"Collaboration, Displays & Mixed Reality",2022,5,162
34,CSCW Foundations,"Collaboration, Displays & Mixed Reality",2023,7,183
34,CSCW Foundations,"Collaboration, Displays & Mixed Reality",2024,4,138
34,CSCW Foundations,"Collaboration, Displays & Mixed Reality",2025,5,213
34,CSCW Foundations,"Collaboration, Displays & Mixed Reality",2026,2,86
35,Cross-device & Large Displays,"Collaboration, Displays & Mixed Reality",1983,1,0
35,Cross-device & Large Displays,"Collaboration, Displays & Mixed Reality",1985,1,0
35,Cross-device & Large Displays,"Collaboration, Displays & Mixed Reality",1986,1,3
35,Cross-device & Large Displays,"Collaboration, Displays & Mixed Reality",1989,1,1
35,Cross-device & Large Displays,"Collaboration, Displays & Mixed Reality",1990,1,0
35,Cross-device & Large Displays,"Collaboration, Displays & Mixed Reality",1992,2,0
35,Cross-device & Large Displays,"Collaboration, Displays & Mixed Reality",1995,2,1
35,Cross-device & Large Displays,"Collaboration, Displays & Mixed Reality",1996,1,1
35,Cross-device & Large Displays,"Collaboration, Displays & Mixed Reality",1997,4,1
35,Cross-device & Large Displays,"Collaboration, Displays & Mixed Reality",1998,4,10
35,Cross-device & Large Displays,"Collaboration, Displays & Mixed Reality",1999,5,15
35,Cross-device & Large Displays,"Collaboration, Displays & Mixed Reality",2000,4,22
35,Cross-device & Large Displays,"Collaboration, Displays & Mixed Reality",2001,9,51
35,Cross-device & Large Displays,"Collaboration, Displays & Mixed Reality",2002,11,35
35,Cross-device & Large Displays,"Collaboration, Displays & Mixed Reality",2003,11,54
35,Cross-device & Large Displays,"Collaboration, Displays & Mixed Reality",2004,18,108
35,Cross-device & Large Displays,"Collaboration, Displays & Mixed Reality",2005,10,85
35,Cross-device & Large Displays,"Collaboration, Displays & Mixed Reality",2006,12,78
35,Cross-device & Large Displays,"Collaboration, Displays & Mixed Reality",2007,12,70
35,Cross-device & Large Displays,"Collaboration, Displays & Mixed Reality",2008,13,87
35,Cross-device & Large Displays,"Collaboration, Displays & Mixed Reality",2009,17,145
35,Cross-device & Large Displays,"Collaboration, Displays & Mixed Reality",2010,22,146
35,Cross-device & Large Displays,"Collaboration, Displays & Mixed Reality",2011,29,177
35,Cross-device & Large Displays,"Collaboration, Displays & Mixed Reality",2012,25,237
35,Cross-device & Large Displays,"Collaboration, Displays & Mixed Reality",2013,28,197
35,Cross-device & Large Displays,"Collaboration, Displays & Mixed Reality",2014,40,326
35,Cross-device & Large Displays,"Collaboration, Displays & Mixed Reality",2015,34,368
35,Cross-device & Large Displays,"Collaboration, Displays & Mixed Reality",2016,31,363
35,Cross-device & Large Displays,"Collaboration, Displays & Mixed Reality",2017,27,337
35,Cross-device & Large Displays,"Collaboration, Displays & Mixed Reality",2018,24,429
35,Cross-device & Large Displays,"Collaboration, Displays & Mixed Reality",2019,14,465
35,Cross-device & Large Displays,"Collaboration, Displays & Mixed Reality",2020,12,340
35,Cross-device & Large Displays,"Collaboration, Displays & Mixed Reality",2021,7,306
35,Cross-device & Large Displays,"Collaboration, Displays & Mixed Reality",2022,8,357
35,Cross-device & Large Displays,"Collaboration, Displays & Mixed Reality",2023,10,419
35,Cross-device & Large Displays,"Collaboration, Displays & Mixed Reality",2024,8,230
35,Cross-device & Large Displays,"Collaboration, Displays & Mixed Reality",2025,6,277
35,Cross-device & Large Displays,"Collaboration, Displays & Mixed Reality",2026,2,118
36,UI Toolkits & Automatic Generation,"Collaboration, Displays & Mixed Reality",1981,4,0
36,UI Toolkits & Automatic Generation,"Collaboration, Displays & Mixed Reality",1982,6,2
36,UI Toolkits & Automatic Generation,"Collaboration, Displays & Mixed Reality",1983,7,7
36,UI Toolkits & Automatic Generation,"Collaboration, Displays & Mixed Reality",1985,5,6
36,UI Toolkits & Automatic Generation,"Collaboration, Displays & Mixed Reality",1986,8,12
36,UI Toolkits & Automatic Generation,"Collaboration, Displays & Mixed Reality",1988,21,21
36,UI Toolkits & Automatic Generation,"Collaboration, Displays & Mixed Reality",1989,21,44
36,UI Toolkits & Automatic Generation,"Collaboration, Displays & Mixed Reality",1990,17,64
36,UI Toolkits & Automatic Generation,"Collaboration, Displays & Mixed Reality",1991,15,71
36,UI Toolkits & Automatic Generation,"Collaboration, Displays & Mixed Reality",1992,21,72
36,UI Toolkits & Automatic Generation,"Collaboration, Displays & Mixed Reality",1993,13,48
36,UI Toolkits & Automatic Generation,"Collaboration, Displays & Mixed Reality",1994,15,46
36,UI Toolkits & Automatic Generation,"Collaboration, Displays & Mixed Reality",1995,15,98
36,UI Toolkits & Automatic Generation,"Collaboration, Displays & Mixed Reality",1996,11,40
36,UI Toolkits & Automatic Generation,"Collaboration, Displays & Mixed Reality",1997,18,47
36,UI Toolkits & Automatic Generation,"Collaboration, Displays & Mixed Reality",1998,17,36
36,UI Toolkits & Automatic Generation,"Collaboration, Displays & Mixed Reality",1999,5,31
36,UI Toolkits & Automatic Generation,"Collaboration, Displays & Mixed Reality",2000,11,55
36,UI Toolkits & Automatic Generation,"Collaboration, Displays & Mixed Reality",2001,6,32
36,UI Toolkits & Automatic Generation,"Collaboration, Displays & Mixed Reality",2002,6,26
36,UI Toolkits & Automatic Generation,"Collaboration, Displays & Mixed Reality",2003,9,29
36,UI Toolkits & Automatic Generation,"Collaboration, Displays & Mixed Reality",2004,8,32
36,UI Toolkits & Automatic Generation,"Collaboration, Displays & Mixed Reality",2005,6,31
36,UI Toolkits & Automatic Generation,"Collaboration, Displays & Mixed Reality",2006,8,31
36,UI Toolkits & Automatic Generation,"Collaboration, Displays & Mixed Reality",2007,7,22
36,UI Toolkits & Automatic Generation,"Collaboration, Displays & Mixed Reality",2008,7,41
36,UI Toolkits & Automatic Generation,"Collaboration, Displays & Mixed Reality",2009,8,33
36,UI Toolkits & Automatic Generation,"Collaboration, Displays & Mixed Reality",2010,14,33
36,UI Toolkits & Automatic Generation,"Collaboration, Displays & Mixed Reality",2011,6,29
36,UI Toolkits & Automatic Generation,"Collaboration, Displays & Mixed Reality",2012,12,40
36,UI Toolkits & Automatic Generation,"Collaboration, Displays & Mixed Reality",2013,8,51
36,UI Toolkits & Automatic Generation,"Collaboration, Displays & Mixed Reality",2014,9,46
36,UI Toolkits & Automatic Generation,"Collaboration, Displays & Mixed Reality",2015,7,26
36,UI Toolkits & Automatic Generation,"Collaboration, Displays & Mixed Reality",2016,5,26
36,UI Toolkits & Automatic Generation,"Collaboration, Displays & Mixed Reality",2017,4,33
36,UI Toolkits & Automatic Generation,"Collaboration, Displays & Mixed Reality",2018,4,26
36,UI Toolkits & Automatic Generation,"Collaboration, Displays & Mixed Reality",2019,4,39
36,UI Toolkits & Automatic Generation,"Collaboration, Displays & Mixed Reality",2020,3,39
36,UI Toolkits & Automatic Generation,"Collaboration, Displays & Mixed Reality",2021,2,38
36,UI Toolkits & Automatic Generation,"Collaboration, Displays & Mixed Reality",2022,1,21
36,UI Toolkits & Automatic Generation,"Collaboration, Displays & Mixed Reality",2023,0,19
36,UI Toolkits & Automatic Generation,"Collaboration, Displays & Mixed Reality",2024,2,48
36,UI Toolkits & Automatic Generation,"Collaboration, Displays & Mixed Reality",2025,2,35
36,UI Toolkits & Automatic Generation,"Collaboration, Displays & Mixed Reality",2026,0,14
37,AR Authoring & Assembly,"Collaboration, Displays & Mixed Reality",1995,1,0
37,AR Authoring & Assembly,"Collaboration, Displays & Mixed Reality",2000,1,0
37,AR Authoring & Assembly,"Collaboration, Displays & Mixed Reality",2001,3,0
37,AR Authoring & Assembly,"Collaboration, Displays & Mixed Reality",2002,3,5
37,AR Authoring & Assembly,"Collaboration, Displays & Mixed Reality",2003,1,0
37,AR Authoring & Assembly,"Collaboration, Displays & Mixed Reality",2004,4,5
37,AR Authoring & Assembly,"Collaboration, Displays & Mixed Reality",2005,1,2
37,AR Authoring & Assembly,"Collaboration, Displays & Mixed Reality",2006,2,8
37,AR Authoring & Assembly,"Collaboration, Displays & Mixed Reality",2007,4,10
37,AR Authoring & Assembly,"Collaboration, Displays & Mixed Reality",2008,3,12
37,AR Authoring & Assembly,"Collaboration, Displays & Mixed Reality",2009,4,7
37,AR Authoring & Assembly,"Collaboration, Displays & Mixed Reality",2010,1,12
37,AR Authoring & Assembly,"Collaboration, Displays & Mixed Reality",2011,4,12
37,AR Authoring & Assembly,"Collaboration, Displays & Mixed Reality",2012,10,27
37,AR Authoring & Assembly,"Collaboration, Displays & Mixed Reality",2013,10,31
37,AR Authoring & Assembly,"Collaboration, Displays & Mixed Reality",2014,8,34
37,AR Authoring & Assembly,"Collaboration, Displays & Mixed Reality",2015,11,41
37,AR Authoring & Assembly,"Collaboration, Displays & Mixed Reality",2016,14,80
37,AR Authoring & Assembly,"Collaboration, Displays & Mixed Reality",2017,10,75
37,AR Authoring & Assembly,"Collaboration, Displays & Mixed Reality",2018,17,104
37,AR Authoring & Assembly,"Collaboration, Displays & Mixed Reality",2019,16,117
37,AR Authoring & Assembly,"Collaboration, Displays & Mixed Reality",2020,29,163
37,AR Authoring & Assembly,"Collaboration, Displays & Mixed Reality",2021,29,205
37,AR Authoring & Assembly,"Collaboration, Displays & Mixed Reality",2022,30,313
37,AR Authoring & Assembly,"Collaboration, Displays & Mixed Reality",2023,28,394
37,AR Authoring & Assembly,"Collaboration, Displays & Mixed Reality",2024,47,470
37,AR Authoring & Assembly,"Collaboration, Displays & Mixed Reality",2025,36,573
37,AR Authoring & Assembly,"Collaboration, Displays & Mixed Reality",2026,22,357
38,Tabletop Collaboration,"Collaboration, Displays & Mixed Reality",1986,1,0
38,Tabletop Collaboration,"Collaboration, Displays & Mixed Reality",1990,1,0
38,Tabletop Collaboration,"Collaboration, Displays & Mixed Reality",1991,2,1
38,Tabletop Collaboration,"Collaboration, Displays & Mixed Reality",1992,2,5
38,Tabletop Collaboration,"Collaboration, Displays & Mixed Reality",1994,0,3
38,Tabletop Collaboration,"Collaboration, Displays & Mixed Reality",1995,1,1
38,Tabletop Collaboration,"Collaboration, Displays & Mixed Reality",1996,1,0
38,Tabletop Collaboration,"Collaboration, Displays & Mixed Reality",1997,1,2
38,Tabletop Collaboration,"Collaboration, Displays & Mixed Reality",1998,1,3
38,Tabletop Collaboration,"Collaboration, Displays & Mixed Reality",1999,1,7
38,Tabletop Collaboration,"Collaboration, Displays & Mixed Reality",2000,2,11
38,Tabletop Collaboration,"Collaboration, Displays & Mixed Reality",2001,3,15
38,Tabletop Collaboration,"Collaboration, Displays & Mixed Reality",2002,2,7
38,Tabletop Collaboration,"Collaboration, Displays & Mixed Reality",2003,3,15
38,Tabletop Collaboration,"Collaboration, Displays & Mixed Reality",2004,13,49
38,Tabletop Collaboration,"Collaboration, Displays & Mixed Reality",2005,3,33
38,Tabletop Collaboration,"Collaboration, Displays & Mixed Reality",2006,13,63
38,Tabletop Collaboration,"Collaboration, Displays & Mixed Reality",2007,12,54
38,Tabletop Collaboration,"Collaboration, Displays & Mixed Reality",2008,10,77
38,Tabletop Collaboration,"Collaboration, Displays & Mixed Reality",2009,21,116
38,Tabletop Collaboration,"Collaboration, Displays & Mixed Reality",2010,29,174
38,Tabletop Collaboration,"Collaboration, Displays & Mixed Reality",2011,22,166
38,Tabletop Collaboration,"Collaboration, Displays & Mixed Reality",2012,29,236
38,Tabletop Collaboration,"Collaboration, Displays & Mixed Reality",2013,25,203
38,Tabletop Collaboration,"Collaboration, Displays & Mixed Reality",2014,18,193
38,Tabletop Collaboration,"Collaboration, Displays & Mixed Reality",2015,14,159
38,Tabletop Collaboration,"Collaboration, Displays & Mixed Reality",2016,14,194
38,Tabletop Collaboration,"Collaboration, Displays & Mixed Reality",2017,12,188
38,Tabletop Collaboration,"Collaboration, Displays & Mixed Reality",2018,8,171
38,Tabletop Collaboration,"Collaboration, Displays & Mixed Reality",2019,8,99
38,Tabletop Collaboration,"Collaboration, Displays & Mixed Reality",2020,3,83
38,Tabletop Collaboration,"Collaboration, Displays & Mixed Reality",2021,4,118
38,Tabletop Collaboration,"Collaboration, Displays & Mixed Reality",2022,6,119
38,Tabletop Collaboration,"Collaboration, Displays & Mixed Reality",2023,5,107
38,Tabletop Collaboration,"Collaboration, Displays & Mixed Reality",2024,1,108
38,Tabletop Collaboration,"Collaboration, Displays & Mixed Reality",2025,3,94
38,Tabletop Collaboration,"Collaboration, Displays & Mixed Reality",2026,0,65
39,Public & Ambient Displays,"Collaboration, Displays & Mixed Reality",1990,1,0
39,Public & Ambient Displays,"Collaboration, Displays & Mixed Reality",1995,0,1
39,Public & Ambient Displays,"Collaboration, Displays & Mixed Reality",1997,1,0
39,Public & Ambient Displays,"Collaboration, Displays & Mixed Reality",1998,3,1
39,Public & Ambient Displays,"Collaboration, Displays & Mixed Reality",2000,2,3
39,Public & Ambient Displays,"Collaboration, Displays & Mixed Reality",2001,4,5
39,Public & Ambient Displays,"Collaboration, Displays & Mixed Reality",2002,5,11
39,Public & Ambient Displays,"Collaboration, Displays & Mixed Reality",2003,5,19
39,Public & Ambient Displays,"Collaboration, Displays & Mixed Reality",2004,11,33
39,Public & Ambient Displays,"Collaboration, Displays & Mixed Reality",2005,5,26
39,Public & Ambient Displays,"Collaboration, Displays & Mixed Reality",2006,5,27
39,Public & Ambient Displays,"Collaboration, Displays & Mixed Reality",2007,2,8
39,Public & Ambient Displays,"Collaboration, Displays & Mixed Reality",2008,16,47
39,Public & Ambient Displays,"Collaboration, Displays & Mixed Reality",2009,7,30
39,Public & Ambient Displays,"Collaboration, Displays & Mixed Reality",2010,13,34
39,Public & Ambient Displays,"Collaboration, Displays & Mixed Reality",2011,14,60
39,Public & Ambient Displays,"Collaboration, Displays & Mixed Reality",2012,20,102
39,Public & Ambient Displays,"Collaboration, Displays & Mixed Reality",2013,27,141
39,Public & Ambient Displays,"Collaboration, Displays & Mixed Reality",2014,29,195
39,Public & Ambient Displays,"Collaboration, Displays & Mixed Reality",2015,26,155
39,Public & Ambient Displays,"Collaboration, Displays & Mixed Reality",2016,24,203
39,Public & Ambient Displays,"Collaboration, Displays & Mixed Reality",2017,11,160
39,Public & Ambient Displays,"Collaboration, Displays & Mixed Reality",2018,9,162
39,Public & Ambient Displays,"Collaboration, Displays & Mixed Reality",2019,10,140
39,Public & Ambient Displays,"Collaboration, Displays & Mixed Reality",2020,9,146
39,Public & Ambient Displays,"Collaboration, Displays & Mixed Reality",2021,8,128
39,Public & Ambient Displays,"Collaboration, Displays & Mixed Reality",2022,6,132
39,Public & Ambient Displays,"Collaboration, Displays & Mixed Reality",2023,5,124
39,Public & Ambient Displays,"Collaboration, Displays & Mixed Reality",2024,3,108
39,Public & Ambient Displays,"Collaboration, Displays & Mixed Reality",2025,4,101
39,Public & Ambient Displays,"Collaboration, Displays & Mixed Reality",2026,3,83
40,Real-time Groupware,"Collaboration, Displays & Mixed Reality",1982,1,0
40,Real-time Groupware,"Collaboration, Displays & Mixed Reality",1983,1,1
40,Real-time Groupware,"Collaboration, Displays & Mixed Reality",1986,4,2
40,Real-time Groupware,"Collaboration, Displays & Mixed Reality",1988,4,3
40,Real-time Groupware,"Collaboration, Displays & Mixed Reality",1989,2,0
40,Real-time Groupware,"Collaboration, Displays & Mixed Reality",1990,8,19
40,Real-time Groupware,"Collaboration, Displays & Mixed Reality",1991,4,16
40,Real-time Groupware,"Collaboration, Displays & Mixed Reality",1992,17,65
40,Real-time Groupware,"Collaboration, Displays & Mixed Reality",1993,2,16
40,Real-time Groupware,"Collaboration, Displays & Mixed Reality",1994,14,73
40,Real-time Groupware,"Collaboration, Displays & Mixed Reality",1995,4,30
40,Real-time Groupware,"Collaboration, Displays & Mixed Reality",1996,19,84
40,Real-time Groupware,"Collaboration, Displays & Mixed Reality",1997,16,66
40,Real-time Groupware,"Collaboration, Displays & Mixed Reality",1998,21,124
40,Real-time Groupware,"Collaboration, Displays & Mixed Reality",1999,15,116
40,Real-time Groupware,"Collaboration, Displays & Mixed Reality",2000,15,71
40,Real-time Groupware,"Collaboration, Displays & Mixed Reality",2001,5,41
40,Real-time Groupware,"Collaboration, Displays & Mixed Reality",2002,11,80
40,Real-time Groupware,"Collaboration, Displays & Mixed Reality",2003,6,29
40,Real-time Groupware,"Collaboration, Displays & Mixed Reality",2004,11,100
40,Real-time Groupware,"Collaboration, Displays & Mixed Reality",2005,5,49
40,Real-time Groupware,"Collaboration, Displays & Mixed Reality",2006,10,89
40,Real-time Groupware,"Collaboration, Displays & Mixed Reality",2007,5,32
40,Real-time Groupware,"Collaboration, Displays & Mixed Reality",2008,5,35
40,Real-time Groupware,"Collaboration, Displays & Mixed Reality",2009,5,49
40,Real-time Groupware,"Collaboration, Displays & Mixed Reality",2010,9,64
40,Real-time Groupware,"Collaboration, Displays & Mixed Reality",2011,7,62
40,Real-time Groupware,"Collaboration, Displays & Mixed Reality",2012,16,112
40,Real-time Groupware,"Collaboration, Displays & Mixed Reality",2013,3,41
40,Real-time Groupware,"Collaboration, Displays & Mixed Reality",2014,5,72
40,Real-time Groupware,"Collaboration, Displays & Mixed Reality",2015,2,25
40,Real-time Groupware,"Collaboration, Displays & Mixed Reality",2016,5,46
40,Real-time Groupware,"Collaboration, Displays & Mixed Reality",2017,7,60
40,Real-time Groupware,"Collaboration, Displays & Mixed Reality",2018,2,48
40,Real-time Groupware,"Collaboration, Displays & Mixed Reality",2019,3,62
40,Real-time Groupware,"Collaboration, Displays & Mixed Reality",2020,3,100
40,Real-time Groupware,"Collaboration, Displays & Mixed Reality",2021,4,54
40,Real-time Groupware,"Collaboration, Displays & Mixed Reality",2022,4,81
40,Real-time Groupware,"Collaboration, Displays & Mixed Reality",2023,2,49
40,Real-time Groupware,"Collaboration, Displays & Mixed Reality",2024,4,53
40,Real-time Groupware,"Collaboration, Displays & Mixed Reality",2025,2,43
40,Real-time Groupware,"Collaboration, Displays & Mixed Reality",2026,1,21
41,Social VR & Presence,"Collaboration, Displays & Mixed Reality",1995,1,0
41,Social VR & Presence,"Collaboration, Displays & Mixed Reality",1996,0,3
41,Social VR & Presence,"Collaboration, Displays & Mixed Reality",1997,0,3
41,Social VR & Presence,"Collaboration, Displays & Mixed Reality",1998,0,1
41,Social VR & Presence,"Collaboration, Displays & Mixed Reality",1999,0,3
41,Social VR & Presence,"Collaboration, Displays & Mixed Reality",2000,1,0
41,Social VR & Presence,"Collaboration, Displays & Mixed Reality",2002,0,2
41,Social VR & Presence,"Collaboration, Displays & Mixed Reality",2003,2,4
41,Social VR & Presence,"Collaboration, Displays & Mixed Reality",2004,1,3
41,Social VR & Presence,"Collaboration, Displays & Mixed Reality",2005,0,2
41,Social VR & Presence,"Collaboration, Displays & Mixed Reality",2006,0,3
41,Social VR & Presence,"Collaboration, Displays & Mixed Reality",2007,3,1
41,Social VR & Presence,"Collaboration, Displays & Mixed Reality",2008,1,4
41,Social VR & Presence,"Collaboration, Displays & Mixed Reality",2009,2,2
41,Social VR & Presence,"Collaboration, Displays & Mixed Reality",2010,2,4
41,Social VR & Presence,"Collaboration, Displays & Mixed Reality",2011,4,5
41,Social VR & Presence,"Collaboration, Displays & Mixed Reality",2012,1,8
41,Social VR & Presence,"Collaboration, Displays & Mixed Reality",2013,1,1
41,Social VR & Presence,"Collaboration, Displays & Mixed Reality",2014,2,14
41,Social VR & Presence,"Collaboration, Displays & Mixed Reality",2015,5,8
41,Social VR & Presence,"Collaboration, Displays & Mixed Reality",2016,4,13
41,Social VR & Presence,"Collaboration, Displays & Mixed Reality",2017,9,29
41,Social VR & Presence,"Collaboration, Displays & Mixed Reality",2018,8,30
41,Social VR & Presence,"Collaboration, Displays & Mixed Reality",2019,14,57
41,Social VR & Presence,"Collaboration, Displays & Mixed Reality",2020,18,75
41,Social VR & Presence,"Collaboration, Displays & Mixed Reality",2021,24,142
41,Social VR & Presence,"Collaboration, Displays & Mixed Reality",2022,17,161
41,Social VR & Presence,"Collaboration, Displays & Mixed Reality",2023,24,319
41,Social VR & Presence,"Collaboration, Displays & Mixed Reality",2024,27,343
41,Social VR & Presence,"Collaboration, Displays & Mixed Reality",2025,47,697
41,Social VR & Presence,"Collaboration, Displays & Mixed Reality",2026,22,342
42,Mixed Reality Rooms & Video,"Collaboration, Displays & Mixed Reality",1996,2,0
42,Mixed Reality Rooms & Video,"Collaboration, Displays & Mixed Reality",1997,0,1
42,Mixed Reality Rooms & Video,"Collaboration, Displays & Mixed Reality",1999,1,0
42,Mixed Reality Rooms & Video,"Collaboration, Displays & Mixed Reality",2000,1,0
42,Mixed Reality Rooms & Video,"Collaboration, Displays & Mixed Reality",2003,1,1
42,Mixed Reality Rooms & Video,"Collaboration, Displays & Mixed Reality",2004,2,0
42,Mixed Reality Rooms & Video,"Collaboration, Displays & Mixed Reality",2006,2,1
42,Mixed Reality Rooms & Video,"Collaboration, Displays & Mixed Reality",2007,1,0
42,Mixed Reality Rooms & Video,"Collaboration, Displays & Mixed Reality",2008,2,1
42,Mixed Reality Rooms & Video,"Collaboration, Displays & Mixed Reality",2009,2,1
42,Mixed Reality Rooms & Video,"Collaboration, Displays & Mixed Reality",2010,3,5
42,Mixed Reality Rooms & Video,"Collaboration, Displays & Mixed Reality",2011,2,1
42,Mixed Reality Rooms & Video,"Collaboration, Displays & Mixed Reality",2012,10,5
42,Mixed Reality Rooms & Video,"Collaboration, Displays & Mixed Reality",2013,0,7
42,Mixed Reality Rooms & Video,"Collaboration, Displays & Mixed Reality",2014,6,16
42,Mixed Reality Rooms & Video,"Collaboration, Displays & Mixed Reality",2015,3,11
42,Mixed Reality Rooms & Video,"Collaboration, Displays & Mixed Reality",2016,14,36
42,Mixed Reality Rooms & Video,"Collaboration, Displays & Mixed Reality",2017,26,66
42,Mixed Reality Rooms & Video,"Collaboration, Displays & Mixed Reality",2018,16,96
42,Mixed Reality Rooms & Video,"Collaboration, Displays & Mixed Reality",2019,27,138
42,Mixed Reality Rooms & Video,"Collaboration, Displays & Mixed Reality",2020,14,121
42,Mixed Reality Rooms & Video,"Collaboration, Displays & Mixed Reality",2021,10,151
42,Mixed Reality Rooms & Video,"Collaboration, Displays & Mixed Reality",2022,12,172
42,Mixed Reality Rooms & Video,"Collaboration, Displays & Mixed Reality",2023,9,181
42,Mixed Reality Rooms & Video,"Collaboration, Displays & Mixed Reality",2024,9,171
42,Mixed Reality Rooms & Video,"Collaboration, Displays & Mixed Reality",2025,15,240
42,Mixed Reality Rooms & Video,"Collaboration, Displays & Mixed Reality",2026,7,100
43,Live Streaming,"Collaboration, Displays & Mixed Reality",2002,1,0
43,Live Streaming,"Collaboration, Displays & Mixed Reality",2006,1,0
43,Live Streaming,"Collaboration, Displays & Mixed Reality",2007,2,1
43,Live Streaming,"Collaboration, Displays & Mixed Reality",2008,1,2
43,Live Streaming,"Collaboration, Displays & Mixed Reality",2009,2,4
43,Live Streaming,"Collaboration, Displays & Mixed Reality",2010,0,1
43,Live Streaming,"Collaboration, Displays & Mixed Reality",2011,5,8
43,Live Streaming,"Collaboration, Displays & Mixed Reality",2012,7,8
43,Live Streaming,"Collaboration, Displays & Mixed Reality",2013,3,10
43,Live Streaming,"Collaboration, Displays & Mixed Reality",2014,9,23
43,Live Streaming,"Collaboration, Displays & Mixed Reality",2015,10,32
43,Live Streaming,"Collaboration, Displays & Mixed Reality",2016,9,64
43,Live Streaming,"Collaboration, Displays & Mixed Reality",2017,14,91
43,Live Streaming,"Collaboration, Displays & Mixed Reality",2018,11,111
43,Live Streaming,"Collaboration, Displays & Mixed Reality",2019,16,175
43,Live Streaming,"Collaboration, Displays & Mixed Reality",2020,9,112
43,Live Streaming,"Collaboration, Displays & Mixed Reality",2021,19,259
43,Live Streaming,"Collaboration, Displays & Mixed Reality",2022,14,249
43,Live Streaming,"Collaboration, Displays & Mixed Reality",2023,9,256
43,Live Streaming,"Collaboration, Displays & Mixed Reality",2024,11,262
43,Live Streaming,"Collaboration, Displays & Mixed Reality",2025,10,303
43,Live Streaming,"Collaboration, Displays & Mixed Reality",2026,5,137
44,Meeting Capture & Reading,"Collaboration, Displays & Mixed Reality",1983,1,0
44,Meeting Capture & Reading,"Collaboration, Displays & Mixed Reality",1985,2,0
44,Meeting Capture & Reading,"Collaboration, Displays & Mixed Reality",1986,5,1
44,Meeting Capture & Reading,"Collaboration, Displays & Mixed Reality",1988,2,0
44,Meeting Capture & Reading,"Collaboration, Displays & Mixed Reality",1989,2,6
44,Meeting Capture & Reading,"Collaboration, Displays & Mixed Reality",1990,0,5
44,Meeting Capture & Reading,"Collaboration, Displays & Mixed Reality",1991,2,1
44,Meeting Capture & Reading,"Collaboration, Displays & Mixed Reality",1992,8,25
44,Meeting Capture & Reading,"Collaboration, Displays & Mixed Reality",1993,1,4
44,Meeting Capture & Reading,"Collaboration, Displays & Mixed Reality",1994,6,17
44,Meeting Capture & Reading,"Collaboration, Displays & Mixed Reality",1995,4,12
44,Meeting Capture & Reading,"Collaboration, Displays & Mixed Reality",1996,7,16
44,Meeting Capture & Reading,"Collaboration, Displays & Mixed Reality",1997,5,29
44,Meeting Capture & Reading,"Collaboration, Displays & Mixed Reality",1998,5,38
44,Meeting Capture & Reading,"Collaboration, Displays & Mixed Reality",1999,3,31
44,Meeting Capture & Reading,"Collaboration, Displays & Mixed Reality",2000,7,54
44,Meeting Capture & Reading,"Collaboration, Displays & Mixed Reality",2001,9,50
44,Meeting Capture & Reading,"Collaboration, Displays & Mixed Reality",2002,4,36
44,Meeting Capture & Reading,"Collaboration, Displays & Mixed Reality",2003,3,19
44,Meeting Capture & Reading,"Collaboration, Displays & Mixed Reality",2004,7,55
44,Meeting Capture & Reading,"Collaboration, Displays & Mixed Reality",2005,5,29
44,Meeting Capture & Reading,"Collaboration, Displays & Mixed Reality",2006,7,62
44,Meeting Capture & Reading,"Collaboration, Displays & Mixed Reality",2007,4,34
44,Meeting Capture & Reading,"Collaboration, Displays & Mixed Reality",2008,7,53
44,Meeting Capture & Reading,"Collaboration, Displays & Mixed Reality",2009,3,24
44,Meeting Capture & Reading,"Collaboration, Displays & Mixed Reality",2010,5,35
44,Meeting Capture & Reading,"Collaboration, Displays & Mixed Reality",2011,3,25
44,Meeting Capture & Reading,"Collaboration, Displays & Mixed Reality",2012,5,50
44,Meeting Capture & Reading,"Collaboration, Displays & Mixed Reality",2013,2,24
44,Meeting Capture & Reading,"Collaboration, Displays & Mixed Reality",2014,3,21
44,Meeting Capture & Reading,"Collaboration, Displays & Mixed Reality",2015,7,32
44,Meeting Capture & Reading,"Collaboration, Displays & Mixed Reality",2016,3,27
44,Meeting Capture & Reading,"Collaboration, Displays & Mixed Reality",2017,4,55
44,Meeting Capture & Reading,"Collaboration, Displays & Mixed Reality",2018,1,30
44,Meeting Capture & Reading,"Collaboration, Displays & Mixed Reality",2019,3,30
44,Meeting Capture & Reading,"Collaboration, Displays & Mixed Reality",2020,2,31
44,Meeting Capture & Reading,"Collaboration, Displays & Mixed Reality",2021,3,37
44,Meeting Capture & Reading,"Collaboration, Displays & Mixed Reality",2022,1,38
44,Meeting Capture & Reading,"Collaboration, Displays & Mixed Reality",2023,1,38
44,Meeting Capture & Reading,"Collaboration, Displays & Mixed Reality",2024,2,48
44,Meeting Capture & Reading,"Collaboration, Displays & Mixed Reality",2025,4,76
44,Meeting Capture & Reading,"Collaboration, Displays & Mixed Reality",2026,0,27
45,Distributed Cognition & Emergency Coordination,"Collaboration, Displays & Mixed Reality",1983,1,0
45,Distributed Cognition & Emergency Coordination,"Collaboration, Displays & Mixed Reality",1986,1,1
45,Distributed Cognition & Emergency Coordination,"Collaboration, Displays & Mixed Reality",1988,4,2
45,Distributed Cognition & Emergency Coordination,"Collaboration, Displays & Mixed Reality",1989,1,2
45,Distributed Cognition & Emergency Coordination,"Collaboration, Displays & Mixed Reality",1990,2,3
45,Distributed Cognition & Emergency Coordination,"Collaboration, Displays & Mixed Reality",1991,1,2
45,Distributed Cognition & Emergency Coordination,"Collaboration, Displays & Mixed Reality",1992,1,3
45,Distributed Cognition & Emergency Coordination,"Collaboration, Displays & Mixed Reality",1993,1,1
45,Distributed Cognition & Emergency Coordination,"Collaboration, Displays & Mixed Reality",1994,1,0
45,Distributed Cognition & Emergency Coordination,"Collaboration, Displays & Mixed Reality",1995,1,1
45,Distributed Cognition & Emergency Coordination,"Collaboration, Displays & Mixed Reality",1996,1,0
45,Distributed Cognition & Emergency Coordination,"Collaboration, Displays & Mixed Reality",1997,3,3
45,Distributed Cognition & Emergency Coordination,"Collaboration, Displays & Mixed Reality",1998,2,1
45,Distributed Cognition & Emergency Coordination,"Collaboration, Displays & Mixed Reality",2000,2,3
45,Distributed Cognition & Emergency Coordination,"Collaboration, Displays & Mixed Reality",2002,1,2
45,Distributed Cognition & Emergency Coordination,"Collaboration, Displays & Mixed Reality",2003,3,2
45,Distributed Cognition & Emergency Coordination,"Collaboration, Displays & Mixed Reality",2004,3,8
45,Distributed Cognition & Emergency Coordination,"Collaboration, Displays & Mixed Reality",2005,2,7
45,Distributed Cognition & Emergency Coordination,"Collaboration, Displays & Mixed Reality",2006,6,14
45,Distributed Cognition & Emergency Coordination,"Collaboration, Displays & Mixed Reality",2007,4,17
45,Distributed Cognition & Emergency Coordination,"Collaboration, Displays & Mixed Reality",2008,6,19
45,Distributed Cognition & Emergency Coordination,"Collaboration, Displays & Mixed Reality",2009,3,13
45,Distributed Cognition & Emergency Coordination,"Collaboration, Displays & Mixed Reality",2010,2,13
45,Distributed Cognition & Emergency Coordination,"Collaboration, Displays & Mixed Reality",2011,5,26
45,Distributed Cognition & Emergency Coordination,"Collaboration, Displays & Mixed Reality",2012,7,33
45,Distributed Cognition & Emergency Coordination,"Collaboration, Displays & Mixed Reality",2013,5,16
45,Distributed Cognition & Emergency Coordination,"Collaboration, Displays & Mixed Reality",2014,4,31
45,Distributed Cognition & Emergency Coordination,"Collaboration, Displays & Mixed Reality",2015,3,20
45,Distributed Cognition & Emergency Coordination,"Collaboration, Displays & Mixed Reality",2016,3,30
45,Distributed Cognition & Emergency Coordination,"Collaboration, Displays & Mixed Reality",2017,1,20
45,Distributed Cognition & Emergency Coordination,"Collaboration, Displays & Mixed Reality",2018,2,27
45,Distributed Cognition & Emergency Coordination,"Collaboration, Displays & Mixed Reality",2019,1,27
45,Distributed Cognition & Emergency Coordination,"Collaboration, Displays & Mixed Reality",2020,3,16
45,Distributed Cognition & Emergency Coordination,"Collaboration, Displays & Mixed Reality",2021,3,46
45,Distributed Cognition & Emergency Coordination,"Collaboration, Displays & Mixed Reality",2022,3,43
45,Distributed Cognition & Emergency Coordination,"Collaboration, Displays & Mixed Reality",2023,1,27
45,Distributed Cognition & Emergency Coordination,"Collaboration, Displays & Mixed Reality",2024,1,31
45,Distributed Cognition & Emergency Coordination,"Collaboration, Displays & Mixed Reality",2025,1,37
45,Distributed Cognition & Emergency Coordination,"Collaboration, Displays & Mixed Reality",2026,2,50
46,Driver Distraction & Take-over,Automotive & Automated Driving,2004,2,0
46,Driver Distraction & Take-over,Automotive & Automated Driving,2005,1,2
46,Driver Distraction & Take-over,Automotive & Automated Driving,2007,4,2
46,Driver Distraction & Take-over,Automotive & Automated Driving,2008,0,2
46,Driver Distraction & Take-over,Automotive & Automated Driving,2009,5,4
46,Driver Distraction & Take-over,Automotive & Automated Driving,2010,9,12
46,Driver Distraction & Take-over,Automotive & Automated Driving,2011,7,21
46,Driver Distraction & Take-over,Automotive & Automated Driving,2012,10,11
46,Driver Distraction & Take-over,Automotive & Automated Driving,2013,9,20
46,Driver Distraction & Take-over,Automotive & Automated Driving,2014,9,17
46,Driver Distraction & Take-over,Automotive & Automated Driving,2015,14,38
46,Driver Distraction & Take-over,Automotive & Automated Driving,2016,11,40
46,Driver Distraction & Take-over,Automotive & Automated Driving,2017,17,75
46,Driver Distraction & Take-over,Automotive & Automated Driving,2018,7,62
46,Driver Distraction & Take-over,Automotive & Automated Driving,2019,11,128
46,Driver Distraction & Take-over,Automotive & Automated Driving,2020,16,65
46,Driver Distraction & Take-over,Automotive & Automated Driving,2021,14,110
46,Driver Distraction & Take-over,Automotive & Automated Driving,2022,1,67
46,Driver Distraction & Take-over,Automotive & Automated Driving,2023,3,57
46,Driver Distraction & Take-over,Automotive & Automated Driving,2024,9,76
46,Driver Distraction & Take-over,Automotive & Automated Driving,2025,6,54
46,Driver Distraction & Take-over,Automotive & Automated Driving,2026,0,18
47,In-Car Interfaces,Automotive & Automated Driving,2005,1,0
47,In-Car Interfaces,Automotive & Automated Driving,2008,1,0
47,In-Car Interfaces,Automotive & Automated Driving,2009,5,3
47,In-Car Interfaces,Automotive & Automated Driving,2010,5,7
47,In-Car Interfaces,Automotive & Automated Driving,2011,6,6
47,In-Car Interfaces,Automotive & Automated Driving,2012,10,19
47,In-Car Interfaces,Automotive & Automated Driving,2013,13,27
47,In-Car Interfaces,Automotive & Automated Driving,2014,10,23
47,In-Car Interfaces,Automotive & Automated Driving,2015,9,22
47,In-Car Interfaces,Automotive & Automated Driving,2016,8,29
47,In-Car Interfaces,Automotive & Automated Driving,2017,12,58
47,In-Car Interfaces,Automotive & Automated Driving,2018,7,51
47,In-Car Interfaces,Automotive & Automated Driving,2019,4,46
47,In-Car Interfaces,Automotive & Automated Driving,2020,9,60
47,In-Car Interfaces,Automotive & Automated Driving,2021,11,67
47,In-Car Interfaces,Automotive & Automated Driving,2022,5,106
47,In-Car Interfaces,Automotive & Automated Driving,2023,8,92
47,In-Car Interfaces,Automotive & Automated Driving,2024,7,102
47,In-Car Interfaces,Automotive & Automated Driving,2025,9,92
47,In-Car Interfaces,Automotive & Automated Driving,2026,0,21
48,Automated Driving,Automotive & Automated Driving,2009,1,0
48,Automated Driving,Automotive & Automated Driving,2013,1,0
48,Automated Driving,Automotive & Automated Driving,2014,1,2
48,Automated Driving,Automotive & Automated Driving,2015,4,0
48,Automated Driving,Automotive & Automated Driving,2016,9,6
48,Automated Driving,Automotive & Automated Driving,2017,8,28
48,Automated Driving,Automotive & Automated Driving,2018,7,28
48,Automated Driving,Automotive & Automated Driving,2019,11,54
48,Automated Driving,Automotive & Automated Driving,2020,18,76
48,Automated Driving,Automotive & Automated Driving,2021,24,138
48,Automated Driving,Automotive & Automated Driving,2022,5,87
48,Automated Driving,Automotive & Automated Driving,2023,12,152
48,Automated Driving,Automotive & Automated Driving,2024,9,139
48,Automated Driving,Automotive & Automated Driving,2025,14,139
48,Automated Driving,Automotive & Automated Driving,2026,4,47
49,Car Navigation & Driver UIs,Automotive & Automated Driving,1989,1,0
49,Car Navigation & Driver UIs,Automotive & Automated Driving,2000,1,0
49,Car Navigation & Driver UIs,Automotive & Automated Driving,2001,2,2
49,Car Navigation & Driver UIs,Automotive & Automated Driving,2003,1,0
49,Car Navigation & Driver UIs,Automotive & Automated Driving,2005,1,0
49,Car Navigation & Driver UIs,Automotive & Automated Driving,2006,1,0
49,Car Navigation & Driver UIs,Automotive & Automated Driving,2008,3,2
49,Car Navigation & Driver UIs,Automotive & Automated Driving,2009,7,9
49,Car Navigation & Driver UIs,Automotive & Automated Driving,2010,11,13
49,Car Navigation & Driver UIs,Automotive & Automated Driving,2011,11,27
49,Car Navigation & Driver UIs,Automotive & Automated Driving,2012,11,40
49,Car Navigation & Driver UIs,Automotive & Automated Driving,2013,10,40
49,Car Navigation & Driver UIs,Automotive & Automated Driving,2014,12,39
49,Car Navigation & Driver UIs,Automotive & Automated Driving,2015,7,34
49,Car Navigation & Driver UIs,Automotive & Automated Driving,2016,7,41
49,Car Navigation & Driver UIs,Automotive & Automated Driving,2017,10,62
49,Car Navigation & Driver UIs,Automotive & Automated Driving,2018,5,46
49,Car Navigation & Driver UIs,Automotive & Automated Driving,2019,3,53
49,Car Navigation & Driver UIs,Automotive & Automated Driving,2020,1,29
49,Car Navigation & Driver UIs,Automotive & Automated Driving,2021,9,40
49,Car Navigation & Driver UIs,Automotive & Automated Driving,2022,0,28
49,Car Navigation & Driver UIs,Automotive & Automated Driving,2023,1,25
49,Car Navigation & Driver UIs,Automotive & Automated Driving,2024,2,39
49,Car Navigation & Driver UIs,Automotive & Automated Driving,2025,3,38
49,Car Navigation & Driver UIs,Automotive & Automated Driving,2026,2,6
50,Autonomous Vehicles & Pedestrians,Automotive & Automated Driving,1990,1,0
50,Autonomous Vehicles & Pedestrians,Automotive & Automated Driving,1991,1,1
50,Autonomous Vehicles & Pedestrians,Automotive & Automated Driving,1992,4,11
50,Autonomous Vehicles & Pedestrians,Automotive & Automated Driving,1994,0,1
50,Autonomous Vehicles & Pedestrians,Automotive & Automated Driving,1996,0,1
50,Autonomous Vehicles & Pedestrians,Automotive & Automated Driving,2000,2,0
50,Autonomous Vehicles & Pedestrians,Automotive & Automated Driving,2001,1,4
50,Autonomous Vehicles & Pedestrians,Automotive & Automated Driving,2002,2,8
50,Autonomous Vehicles & Pedestrians,Automotive & Automated Driving,2003,2,3
50,Autonomous Vehicles & Pedestrians,Automotive & Automated Driving,2004,3,8
50,Autonomous Vehicles & Pedestrians,Automotive & Automated Driving,2005,3,12
50,Autonomous Vehicles & Pedestrians,Automotive & Automated Driving,2006,5,6
50,Autonomous Vehicles & Pedestrians,Automotive & Automated Driving,2007,3,10
50,Autonomous Vehicles & Pedestrians,Automotive & Automated Driving,2008,2,4
50,Autonomous Vehicles & Pedestrians,Automotive & Automated Driving,2009,4,9
50,Autonomous Vehicles & Pedestrians,Automotive & Automated Driving,2010,6,6
50,Autonomous Vehicles & Pedestrians,Automotive & Automated Driving,2011,9,20
50,Autonomous Vehicles & Pedestrians,Automotive & Automated Driving,2012,19,24
50,Autonomous Vehicles & Pedestrians,Automotive & Automated Driving,2013,16,26
50,Autonomous Vehicles & Pedestrians,Automotive & Automated Driving,2014,14,43
50,Autonomous Vehicles & Pedestrians,Automotive & Automated Driving,2015,16,46
50,Autonomous Vehicles & Pedestrians,Automotive & Automated Driving,2016,12,42
50,Autonomous Vehicles & Pedestrians,Automotive & Automated Driving,2017,21,50
50,Autonomous Vehicles & Pedestrians,Automotive & Automated Driving,2018,30,114
50,Autonomous Vehicles & Pedestrians,Automotive & Automated Driving,2019,28,156
50,Autonomous Vehicles & Pedestrians,Automotive & Automated Driving,2020,54,254
50,Autonomous Vehicles & Pedestrians,Automotive & Automated Driving,2021,49,325
50,Autonomous Vehicles & Pedestrians,Automotive & Automated Driving,2022,28,230
50,Autonomous Vehicles & Pedestrians,Automotive & Automated Driving,2023,39,343
50,Autonomous Vehicles & Pedestrians,Automotive & Automated Driving,2024,53,503
50,Autonomous Vehicles & Pedestrians,Automotive & Automated Driving,2025,37,454
50,Autonomous Vehicles & Pedestrians,Automotive & Automated Driving,2026,18,210
51,Cognitive Modeling & Mixed Small Topics,Mixed Small Communities,1982,8,4
51,Cognitive Modeling & Mixed Small Topics,Mixed Small Communities,1983,9,6
51,Cognitive Modeling & Mixed Small Topics,Mixed Small Communities,1985,6,2
51,Cognitive Modeling & Mixed Small Topics,Mixed Small Communities,1986,14,17
51,Cognitive Modeling & Mixed Small Topics,Mixed Small Communities,1988,6,3
51,Cognitive Modeling & Mixed Small Topics,Mixed Small Communities,1989,7,9
51,Cognitive Modeling & Mixed Small Topics,Mixed Small Communities,1990,7,8
51,Cognitive Modeling & Mixed Small Topics,Mixed Small Communities,1991,5,3
51,Cognitive Modeling & Mixed Small Topics,Mixed Small Communities,1992,9,10
51,Cognitive Modeling & Mixed Small Topics,Mixed Small Communities,1993,2,4
51,Cognitive Modeling & Mixed Small Topics,Mixed Small Communities,1994,5,7
51,Cognitive Modeling & Mixed Small Topics,Mixed Small Communities,1995,11,18
51,Cognitive Modeling & Mixed Small Topics,Mixed Small Communities,1996,11,24
51,Cognitive Modeling & Mixed Small Topics,Mixed Small Communities,1997,17,24
51,Cognitive Modeling & Mixed Small Topics,Mixed Small Communities,1998,8,8
51,Cognitive Modeling & Mixed Small Topics,Mixed Small Communities,1999,6,16
51,Cognitive Modeling & Mixed Small Topics,Mixed Small Communities,2000,11,25
51,Cognitive Modeling & Mixed Small Topics,Mixed Small Communities,2001,10,12
51,Cognitive Modeling & Mixed Small Topics,Mixed Small Communities,2002,10,24
51,Cognitive Modeling & Mixed Small Topics,Mixed Small Communities,2003,10,17
51,Cognitive Modeling & Mixed Small Topics,Mixed Small Communities,2004,16,29
51,Cognitive Modeling & Mixed Small Topics,Mixed Small Communities,2005,9,21
51,Cognitive Modeling & Mixed Small Topics,Mixed Small Communities,2006,11,21
51,Cognitive Modeling & Mixed Small Topics,Mixed Small Communities,2007,11,35
51,Cognitive Modeling & Mixed Small Topics,Mixed Small Communities,2008,11,23
51,Cognitive Modeling & Mixed Small Topics,Mixed Small Communities,2009,28,29
51,Cognitive Modeling & Mixed Small Topics,Mixed Small Communities,2010,20,27
51,Cognitive Modeling & Mixed Small Topics,Mixed Small Communities,2011,19,23
51,Cognitive Modeling & Mixed Small Topics,Mixed Small Communities,2012,25,31
51,Cognitive Modeling & Mixed Small Topics,Mixed Small Communities,2013,28,37
51,Cognitive Modeling & Mixed Small Topics,Mixed Small Communities,2014,30,39
51,Cognitive Modeling & Mixed Small Topics,Mixed Small Communities,2015,21,30
51,Cognitive Modeling & Mixed Small Topics,Mixed Small Communities,2016,34,48
51,Cognitive Modeling & Mixed Small Topics,Mixed Small Communities,2017,16,31
51,Cognitive Modeling & Mixed Small Topics,Mixed Small Communities,2018,27,37
51,Cognitive Modeling & Mixed Small Topics,Mixed Small Communities,2019,31,53
51,Cognitive Modeling & Mixed Small Topics,Mixed Small Communities,2020,15,37
51,Cognitive Modeling & Mixed Small Topics,Mixed Small Communities,2021,15,64
51,Cognitive Modeling & Mixed Small Topics,Mixed Small Communities,2022,21,35
51,Cognitive Modeling & Mixed Small Topics,Mixed Small Communities,2023,19,30
51,Cognitive Modeling & Mixed Small Topics,Mixed Small Communities,2024,34,31
51,Cognitive Modeling & Mixed Small Topics,Mixed Small Communities,2025,40,41
51,Cognitive Modeling & Mixed Small Topics,Mixed Small Communities,2026,19,53
52,Non-visual Navigation,Accessibility & Assistive Tech,2005,1,0
52,Non-visual Navigation,Accessibility & Assistive Tech,2006,1,0
52,Non-visual Navigation,Accessibility & Assistive Tech,2007,1,0
52,Non-visual Navigation,Accessibility & Assistive Tech,2008,1,0
52,Non-visual Navigation,Accessibility & Assistive Tech,2009,1,0
52,Non-visual Navigation,Accessibility & Assistive Tech,2010,1,0
52,Non-visual Navigation,Accessibility & Assistive Tech,2011,1,5
52,Non-visual Navigation,Accessibility & Assistive Tech,2012,3,3
52,Non-visual Navigation,Accessibility & Assistive Tech,2013,5,3
52,Non-visual Navigation,Accessibility & Assistive Tech,2014,5,5
52,Non-visual Navigation,Accessibility & Assistive Tech,2015,4,21
52,Non-visual Navigation,Accessibility & Assistive Tech,2016,9,25
52,Non-visual Navigation,Accessibility & Assistive Tech,2017,6,38
52,Non-visual Navigation,Accessibility & Assistive Tech,2018,12,65
52,Non-visual Navigation,Accessibility & Assistive Tech,2019,9,78
52,Non-visual Navigation,Accessibility & Assistive Tech,2020,11,86
52,Non-visual Navigation,Accessibility & Assistive Tech,2021,14,105
52,Non-visual Navigation,Accessibility & Assistive Tech,2022,9,128
52,Non-visual Navigation,Accessibility & Assistive Tech,2023,13,101
52,Non-visual Navigation,Accessibility & Assistive Tech,2024,22,221
52,Non-visual Navigation,Accessibility & Assistive Tech,2025,14,253
52,Non-visual Navigation,Accessibility & Assistive Tech,2026,9,152
53,Accessibility Research Practice,Accessibility & Assistive Tech,1995,1,0
53,Accessibility Research Practice,Accessibility & Assistive Tech,1997,0,1
53,Accessibility Research Practice,Accessibility & Assistive Tech,2004,2,0
53,Accessibility Research Practice,Accessibility & Assistive Tech,2005,0,1
53,Accessibility Research Practice,Accessibility & Assistive Tech,2007,2,0
53,Accessibility Research Practice,Accessibility & Assistive Tech,2008,3,0
53,Accessibility Research Practice,Accessibility & Assistive Tech,2009,1,2
53,Accessibility Research Practice,Accessibility & Assistive Tech,2010,3,2
53,Accessibility Research Practice,Accessibility & Assistive Tech,2011,4,6
53,Accessibility Research Practice,Accessibility & Assistive Tech,2012,0,4
53,Accessibility Research Practice,Accessibility & Assistive Tech,2013,1,3
53,Accessibility Research Practice,Accessibility & Assistive Tech,2014,1,2
53,Accessibility Research Practice,Accessibility & Assistive Tech,2015,4,5
53,Accessibility Research Practice,Accessibility & Assistive Tech,2016,4,8
53,Accessibility Research Practice,Accessibility & Assistive Tech,2017,9,19
53,Accessibility Research Practice,Accessibility & Assistive Tech,2018,9,45
53,Accessibility Research Practice,Accessibility & Assistive Tech,2019,9,65
53,Accessibility Research Practice,Accessibility & Assistive Tech,2020,10,99
53,Accessibility Research Practice,Accessibility & Assistive Tech,2021,13,141
53,Accessibility Research Practice,Accessibility & Assistive Tech,2022,11,187
53,Accessibility Research Practice,Accessibility & Assistive Tech,2023,14,215
53,Accessibility Research Practice,Accessibility & Assistive Tech,2024,15,244
53,Accessibility Research Practice,Accessibility & Assistive Tech,2025,16,345
53,Accessibility Research Practice,Accessibility & Assistive Tech,2026,20,245
54,Visual Accessibility,Accessibility & Assistive Tech,2005,1,0
54,Visual Accessibility,Accessibility & Assistive Tech,2006,1,1
54,Visual Accessibility,Accessibility & Assistive Tech,2007,1,1
54,Visual Accessibility,Accessibility & Assistive Tech,2010,1,1
54,Visual Accessibility,Accessibility & Assistive Tech,2011,0,3
54,Visual Accessibility,Accessibility & Assistive Tech,2012,0,5
54,Visual Accessibility,Accessibility & Assistive Tech,2013,4,16
54,Visual Accessibility,Accessibility & Assistive Tech,2014,2,20
54,Visual Accessibility,Accessibility & Assistive Tech,2015,3,28
54,Visual Accessibility,Accessibility & Assistive Tech,2016,2,30
54,Visual Accessibility,Accessibility & Assistive Tech,2017,7,60
54,Visual Accessibility,Accessibility & Assistive Tech,2018,5,98
54,Visual Accessibility,Accessibility & Assistive Tech,2019,8,76
54,Visual Accessibility,Accessibility & Assistive Tech,2020,8,80
54,Visual Accessibility,Accessibility & Assistive Tech,2021,11,105
54,Visual Accessibility,Accessibility & Assistive Tech,2022,14,180
54,Visual Accessibility,Accessibility & Assistive Tech,2023,14,169
54,Visual Accessibility,Accessibility & Assistive Tech,2024,17,275
54,Visual Accessibility,Accessibility & Assistive Tech,2025,17,302
54,Visual Accessibility,Accessibility & Assistive Tech,2026,10,199
55,Disability Studies in HCI,Accessibility & Assistive Tech,1986,1,0
55,Disability Studies in HCI,Accessibility & Assistive Tech,1988,1,0
55,Disability Studies in HCI,Accessibility & Assistive Tech,1992,1,2
55,Disability Studies in HCI,Accessibility & Assistive Tech,1994,2,4
55,Disability Studies in HCI,Accessibility & Assistive Tech,1995,0,2
55,Disability Studies in HCI,Accessibility & Assistive Tech,1996,2,3
55,Disability Studies in HCI,Accessibility & Assistive Tech,1997,0,3
55,Disability Studies in HCI,Accessibility & Assistive Tech,1998,1,0
55,Disability Studies in HCI,Accessibility & Assistive Tech,2000,2,1
55,Disability Studies in HCI,Accessibility & Assistive Tech,2002,1,1
55,Disability Studies in HCI,Accessibility & Assistive Tech,2003,2,1
55,Disability Studies in HCI,Accessibility & Assistive Tech,2004,1,5
55,Disability Studies in HCI,Accessibility & Assistive Tech,2005,4,4
55,Disability Studies in HCI,Accessibility & Assistive Tech,2006,3,5
55,Disability Studies in HCI,Accessibility & Assistive Tech,2007,9,4
55,Disability Studies in HCI,Accessibility & Assistive Tech,2008,8,11
55,Disability Studies in HCI,Accessibility & Assistive Tech,2009,4,9
55,Disability Studies in HCI,Accessibility & Assistive Tech,2010,6,10
55,Disability Studies in HCI,Accessibility & Assistive Tech,2011,9,12
55,Disability Studies in HCI,Accessibility & Assistive Tech,2012,11,21
55,Disability Studies in HCI,Accessibility & Assistive Tech,2013,8,32
55,Disability Studies in HCI,Accessibility & Assistive Tech,2014,17,30
55,Disability Studies in HCI,Accessibility & Assistive Tech,2015,25,74
55,Disability Studies in HCI,Accessibility & Assistive Tech,2016,16,97
55,Disability Studies in HCI,Accessibility & Assistive Tech,2017,31,130
55,Disability Studies in HCI,Accessibility & Assistive Tech,2018,38,170
55,Disability Studies in HCI,Accessibility & Assistive Tech,2019,41,224
55,Disability Studies in HCI,Accessibility & Assistive Tech,2020,34,237
55,Disability Studies in HCI,Accessibility & Assistive Tech,2021,30,360
55,Disability Studies in HCI,Accessibility & Assistive Tech,2022,38,356
55,Disability Studies in HCI,Accessibility & Assistive Tech,2023,35,394
55,Disability Studies in HCI,Accessibility & Assistive Tech,2024,56,511
55,Disability Studies in HCI,Accessibility & Assistive Tech,2025,72,767
55,Disability Studies in HCI,Accessibility & Assistive Tech,2026,42,500
56,Esports & Player Communities,Games & Play,2004,4,0
56,Esports & Player Communities,Games & Play,2006,2,7
56,Esports & Player Communities,Games & Play,2007,2,8
56,Esports & Player Communities,Games & Play,2008,5,20
56,Esports & Player Communities,Games & Play,2009,1,11
56,Esports & Player Communities,Games & Play,2010,3,14
56,Esports & Player Communities,Games & Play,2011,3,24
56,Esports & Player Communities,Games & Play,2012,11,45
56,Esports & Player Communities,Games & Play,2013,2,15
56,Esports & Player Communities,Games & Play,2014,6,47
56,Esports & Player Communities,Games & Play,2015,5,28
56,Esports & Player Communities,Games & Play,2016,10,72
56,Esports & Player Communities,Games & Play,2017,6,54
56,Esports & Player Communities,Games & Play,2018,7,87
56,Esports & Player Communities,Games & Play,2019,3,87
56,Esports & Player Communities,Games & Play,2020,7,129
56,Esports & Player Communities,Games & Play,2021,17,197
56,Esports & Player Communities,Games & Play,2022,10,147
56,Esports & Player Communities,Games & Play,2023,7,101
56,Esports & Player Communities,Games & Play,2024,14,242
56,Esports & Player Communities,Games & Play,2025,9,164
56,Esports & Player Communities,Games & Play,2026,10,162
57,Player Experience & Immersion,Games & Play,1981,1,0
57,Player Experience & Immersion,Games & Play,1998,1,0
57,Player Experience & Immersion,Games & Play,2004,1,0
57,Player Experience & Immersion,Games & Play,2005,0,1
57,Player Experience & Immersion,Games & Play,2006,1,0
57,Player Experience & Immersion,Games & Play,2007,1,1
57,Player Experience & Immersion,Games & Play,2008,1,3
57,Player Experience & Immersion,Games & Play,2010,1,0
57,Player Experience & Immersion,Games & Play,2011,1,3
57,Player Experience & Immersion,Games & Play,2012,3,3
57,Player Experience & Immersion,Games & Play,2013,5,8
57,Player Experience & Immersion,Games & Play,2014,11,14
57,Player Experience & Immersion,Games & Play,2015,11,26
57,Player Experience & Immersion,Games & Play,2016,15,38
57,Player Experience & Immersion,Games & Play,2017,6,50
57,Player Experience & Immersion,Games & Play,2018,15,62
57,Player Experience & Immersion,Games & Play,2019,7,63
57,Player Experience & Immersion,Games & Play,2020,10,136
57,Player Experience & Immersion,Games & Play,2021,14,123
57,Player Experience & Immersion,Games & Play,2022,3,91
57,Player Experience & Immersion,Games & Play,2023,8,106
57,Player Experience & Immersion,Games & Play,2024,8,183
57,Player Experience & Immersion,Games & Play,2025,5,126
57,Player Experience & Immersion,Games & Play,2026,3,108
58,Gamification & Engagement,Games & Play,1982,2,0
58,Gamification & Engagement,Games & Play,1985,1,0
58,Gamification & Engagement,Games & Play,1986,2,3
58,Gamification & Engagement,Games & Play,1988,0,1
58,Gamification & Engagement,Games & Play,1989,1,1
58,Gamification & Engagement,Games & Play,1991,1,1
58,Gamification & Engagement,Games & Play,1992,0,1
58,Gamification & Engagement,Games & Play,1999,1,0
58,Gamification & Engagement,Games & Play,2000,4,1
58,Gamification & Engagement,Games & Play,2001,1,1
58,Gamification & Engagement,Games & Play,2002,0,1
58,Gamification & Engagement,Games & Play,2004,4,2
58,Gamification & Engagement,Games & Play,2005,5,3
58,Gamification & Engagement,Games & Play,2006,5,9
58,Gamification & Engagement,Games & Play,2007,8,17
58,Gamification & Engagement,Games & Play,2008,7,22
58,Gamification & Engagement,Games & Play,2009,9,21
58,Gamification & Engagement,Games & Play,2010,10,16
58,Gamification & Engagement,Games & Play,2011,10,47
58,Gamification & Engagement,Games & Play,2012,16,52
58,Gamification & Engagement,Games & Play,2013,22,74
58,Gamification & Engagement,Games & Play,2014,35,124
58,Gamification & Engagement,Games & Play,2015,48,126
58,Gamification & Engagement,Games & Play,2016,36,168
58,Gamification & Engagement,Games & Play,2017,51,204
58,Gamification & Engagement,Games & Play,2018,37,215
58,Gamification & Engagement,Games & Play,2019,53,289
58,Gamification & Engagement,Games & Play,2020,53,367
58,Gamification & Engagement,Games & Play,2021,46,396
58,Gamification & Engagement,Games & Play,2022,42,387
58,Gamification & Engagement,Games & Play,2023,42,369
58,Gamification & Engagement,Games & Play,2024,55,643
58,Gamification & Engagement,Games & Play,2025,45,456
58,Gamification & Engagement,Games & Play,2026,40,445
59,Social Robots in the Field,"Robots, Agents & Human-AI Interaction",1992,1,0
59,Social Robots in the Field,"Robots, Agents & Human-AI Interaction",1995,2,0
59,Social Robots in the Field,"Robots, Agents & Human-AI Interaction",1996,2,0
59,Social Robots in the Field,"Robots, Agents & Human-AI Interaction",1998,2,0
59,Social Robots in the Field,"Robots, Agents & Human-AI Interaction",1999,0,1
59,Social Robots in the Field,"Robots, Agents & Human-AI Interaction",2000,0,1
59,Social Robots in the Field,"Robots, Agents & Human-AI Interaction",2001,0,2
59,Social Robots in the Field,"Robots, Agents & Human-AI Interaction",2002,3,3
59,Social Robots in the Field,"Robots, Agents & Human-AI Interaction",2003,2,2
59,Social Robots in the Field,"Robots, Agents & Human-AI Interaction",2004,5,3
59,Social Robots in the Field,"Robots, Agents & Human-AI Interaction",2005,3,4
59,Social Robots in the Field,"Robots, Agents & Human-AI Interaction",2006,50,10
59,Social Robots in the Field,"Robots, Agents & Human-AI Interaction",2007,40,64
59,Social Robots in the Field,"Robots, Agents & Human-AI Interaction",2008,49,94
59,Social Robots in the Field,"Robots, Agents & Human-AI Interaction",2009,56,155
59,Social Robots in the Field,"Robots, Agents & Human-AI Interaction",2010,26,52
59,Social Robots in the Field,"Robots, Agents & Human-AI Interaction",2011,70,126
59,Social Robots in the Field,"Robots, Agents & Human-AI Interaction",2012,87,155
59,Social Robots in the Field,"Robots, Agents & Human-AI Interaction",2013,73,157
59,Social Robots in the Field,"Robots, Agents & Human-AI Interaction",2014,87,187
59,Social Robots in the Field,"Robots, Agents & Human-AI Interaction",2015,50,167
59,Social Robots in the Field,"Robots, Agents & Human-AI Interaction",2016,86,235
59,Social Robots in the Field,"Robots, Agents & Human-AI Interaction",2017,65,295
59,Social Robots in the Field,"Robots, Agents & Human-AI Interaction",2018,65,337
59,Social Robots in the Field,"Robots, Agents & Human-AI Interaction",2019,149,709
59,Social Robots in the Field,"Robots, Agents & Human-AI Interaction",2020,86,568
59,Social Robots in the Field,"Robots, Agents & Human-AI Interaction",2021,78,736
59,Social Robots in the Field,"Robots, Agents & Human-AI Interaction",2022,139,1102
59,Social Robots in the Field,"Robots, Agents & Human-AI Interaction",2023,83,751
59,Social Robots in the Field,"Robots, Agents & Human-AI Interaction",2024,140,1270
59,Social Robots in the Field,"Robots, Agents & Human-AI Interaction",2025,110,902
59,Social Robots in the Field,"Robots, Agents & Human-AI Interaction",2026,123,1302
60,Generative AI & Writing,"Robots, Agents & Human-AI Interaction",1982,1,0
60,Generative AI & Writing,"Robots, Agents & Human-AI Interaction",1983,1,0
60,Generative AI & Writing,"Robots, Agents & Human-AI Interaction",1985,1,0
60,Generative AI & Writing,"Robots, Agents & Human-AI Interaction",1989,1,0
60,Generative AI & Writing,"Robots, Agents & Human-AI Interaction",1991,1,0
60,Generative AI & Writing,"Robots, Agents & Human-AI Interaction",1995,1,0
60,Generative AI & Writing,"Robots, Agents & Human-AI Interaction",1997,1,1
60,Generative AI & Writing,"Robots, Agents & Human-AI Interaction",1998,0,2
60,Generative AI & Writing,"Robots, Agents & Human-AI Interaction",1999,3,0
60,Generative AI & Writing,"Robots, Agents & Human-AI Interaction",2000,3,6
60,Generative AI & Writing,"Robots, Agents & Human-AI Interaction",2001,2,1
60,Generative AI & Writing,"Robots, Agents & Human-AI Interaction",2002,6,12
60,Generative AI & Writing,"Robots, Agents & Human-AI Interaction",2003,1,6
60,Generative AI & Writing,"Robots, Agents & Human-AI Interaction",2004,5,15
60,Generative AI & Writing,"Robots, Agents & Human-AI Interaction",2005,5,21
60,Generative AI & Writing,"Robots, Agents & Human-AI Interaction",2006,2,4
60,Generative AI & Writing,"Robots, Agents & Human-AI Interaction",2007,13,28
60,Generative AI & Writing,"Robots, Agents & Human-AI Interaction",2008,8,13
60,Generative AI & Writing,"Robots, Agents & Human-AI Interaction",2009,16,27
60,Generative AI & Writing,"Robots, Agents & Human-AI Interaction",2010,13,23
60,Generative AI & Writing,"Robots, Agents & Human-AI Interaction",2011,26,42
60,Generative AI & Writing,"Robots, Agents & Human-AI Interaction",2012,8,43
60,Generative AI & Writing,"Robots, Agents & Human-AI Interaction",2013,21,69
60,Generative AI & Writing,"Robots, Agents & Human-AI Interaction",2014,11,61
60,Generative AI & Writing,"Robots, Agents & Human-AI Interaction",2015,24,104
60,Generative AI & Writing,"Robots, Agents & Human-AI Interaction",2016,15,87
60,Generative AI & Writing,"Robots, Agents & Human-AI Interaction",2017,26,189
60,Generative AI & Writing,"Robots, Agents & Human-AI Interaction",2018,15,194
60,Generative AI & Writing,"Robots, Agents & Human-AI Interaction",2019,32,259
60,Generative AI & Writing,"Robots, Agents & Human-AI Interaction",2020,27,278
60,Generative AI & Writing,"Robots, Agents & Human-AI Interaction",2021,35,500
60,Generative AI & Writing,"Robots, Agents & Human-AI Interaction",2022,53,514
60,Generative AI & Writing,"Robots, Agents & Human-AI Interaction",2023,90,903
60,Generative AI & Writing,"Robots, Agents & Human-AI Interaction",2024,182,2133
60,Generative AI & Writing,"Robots, Agents & Human-AI Interaction",2025,262,4401
60,Generative AI & Writing,"Robots, Agents & Human-AI Interaction",2026,249,3831
61,Voice & Conversational Agents,"Robots, Agents & Human-AI Interaction",1983,2,0
61,Voice & Conversational Agents,"Robots, Agents & Human-AI Interaction",1985,1,1
61,Voice & Conversational Agents,"Robots, Agents & Human-AI Interaction",1992,2,1
61,Voice & Conversational Agents,"Robots, Agents & Human-AI Interaction",1993,1,0
61,Voice & Conversational Agents,"Robots, Agents & Human-AI Interaction",1994,2,2
61,Voice & Conversational Agents,"Robots, Agents & Human-AI Interaction",1995,2,5
61,Voice & Conversational Agents,"Robots, Agents & Human-AI Interaction",1996,3,8
61,Voice & Conversational Agents,"Robots, Agents & Human-AI Interaction",1997,0,4
61,Voice & Conversational Agents,"Robots, Agents & Human-AI Interaction",1998,3,7
61,Voice & Conversational Agents,"Robots, Agents & Human-AI Interaction",1999,2,6
61,Voice & Conversational Agents,"Robots, Agents & Human-AI Interaction",2000,8,15
61,Voice & Conversational Agents,"Robots, Agents & Human-AI Interaction",2001,4,12
61,Voice & Conversational Agents,"Robots, Agents & Human-AI Interaction",2002,4,13
61,Voice & Conversational Agents,"Robots, Agents & Human-AI Interaction",2003,4,19
61,Voice & Conversational Agents,"Robots, Agents & Human-AI Interaction",2004,8,23
61,Voice & Conversational Agents,"Robots, Agents & Human-AI Interaction",2005,8,21
61,Voice & Conversational Agents,"Robots, Agents & Human-AI Interaction",2006,11,23
61,Voice & Conversational Agents,"Robots, Agents & Human-AI Interaction",2007,9,30
61,Voice & Conversational Agents,"Robots, Agents & Human-AI Interaction",2008,7,19
61,Voice & Conversational Agents,"Robots, Agents & Human-AI Interaction",2009,4,23
61,Voice & Conversational Agents,"Robots, Agents & Human-AI Interaction",2010,7,26
61,Voice & Conversational Agents,"Robots, Agents & Human-AI Interaction",2011,10,24
61,Voice & Conversational Agents,"Robots, Agents & Human-AI Interaction",2012,10,32
61,Voice & Conversational Agents,"Robots, Agents & Human-AI Interaction",2013,9,27
61,Voice & Conversational Agents,"Robots, Agents & Human-AI Interaction",2014,8,22
61,Voice & Conversational Agents,"Robots, Agents & Human-AI Interaction",2015,8,19
61,Voice & Conversational Agents,"Robots, Agents & Human-AI Interaction",2016,15,53
61,Voice & Conversational Agents,"Robots, Agents & Human-AI Interaction",2017,22,73
61,Voice & Conversational Agents,"Robots, Agents & Human-AI Interaction",2018,36,155
61,Voice & Conversational Agents,"Robots, Agents & Human-AI Interaction",2019,77,407
61,Voice & Conversational Agents,"Robots, Agents & Human-AI Interaction",2020,54,525
61,Voice & Conversational Agents,"Robots, Agents & Human-AI Interaction",2021,89,893
61,Voice & Conversational Agents,"Robots, Agents & Human-AI Interaction",2022,103,1031
61,Voice & Conversational Agents,"Robots, Agents & Human-AI Interaction",2023,103,1097
61,Voice & Conversational Agents,"Robots, Agents & Human-AI Interaction",2024,135,1379
61,Voice & Conversational Agents,"Robots, Agents & Human-AI Interaction",2025,170,2189
61,Voice & Conversational Agents,"Robots, Agents & Human-AI Interaction",2026,157,1741
62,End-user Programming & UI Design Tools,"Robots, Agents & Human-AI Interaction",1981,1,0
62,End-user Programming & UI Design Tools,"Robots, Agents & Human-AI Interaction",1986,1,0
62,End-user Programming & UI Design Tools,"Robots, Agents & Human-AI Interaction",1989,4,0
62,End-user Programming & UI Design Tools,"Robots, Agents & Human-AI Interaction",1990,2,1
62,End-user Programming & UI Design Tools,"Robots, Agents & Human-AI Interaction",1991,3,6
62,End-user Programming & UI Design Tools,"Robots, Agents & Human-AI Interaction",1992,5,6
62,End-user Programming & UI Design Tools,"Robots, Agents & Human-AI Interaction",1993,4,8
62,End-user Programming & UI Design Tools,"Robots, Agents & Human-AI Interaction",1994,1,5
62,End-user Programming & UI Design Tools,"Robots, Agents & Human-AI Interaction",1995,2,7
62,End-user Programming & UI Design Tools,"Robots, Agents & Human-AI Interaction",1996,3,6
62,End-user Programming & UI Design Tools,"Robots, Agents & Human-AI Interaction",1997,11,10
62,End-user Programming & UI Design Tools,"Robots, Agents & Human-AI Interaction",1998,9,17
62,End-user Programming & UI Design Tools,"Robots, Agents & Human-AI Interaction",1999,8,12
62,End-user Programming & UI Design Tools,"Robots, Agents & Human-AI Interaction",2000,7,23
62,End-user Programming & UI Design Tools,"Robots, Agents & Human-AI Interaction",2001,2,8
62,End-user Programming & UI Design Tools,"Robots, Agents & Human-AI Interaction",2002,18,29
62,End-user Programming & UI Design Tools,"Robots, Agents & Human-AI Interaction",2003,8,19
62,End-user Programming & UI Design Tools,"Robots, Agents & Human-AI Interaction",2004,9,32
62,End-user Programming & UI Design Tools,"Robots, Agents & Human-AI Interaction",2005,11,30
62,End-user Programming & UI Design Tools,"Robots, Agents & Human-AI Interaction",2006,15,50
62,End-user Programming & UI Design Tools,"Robots, Agents & Human-AI Interaction",2007,12,69
62,End-user Programming & UI Design Tools,"Robots, Agents & Human-AI Interaction",2008,19,106
62,End-user Programming & UI Design Tools,"Robots, Agents & Human-AI Interaction",2009,22,126
62,End-user Programming & UI Design Tools,"Robots, Agents & Human-AI Interaction",2010,24,132
62,End-user Programming & UI Design Tools,"Robots, Agents & Human-AI Interaction",2011,25,154
62,End-user Programming & UI Design Tools,"Robots, Agents & Human-AI Interaction",2012,23,143
62,End-user Programming & UI Design Tools,"Robots, Agents & Human-AI Interaction",2013,20,122
62,End-user Programming & UI Design Tools,"Robots, Agents & Human-AI Interaction",2014,20,179
62,End-user Programming & UI Design Tools,"Robots, Agents & Human-AI Interaction",2015,21,141
62,End-user Programming & UI Design Tools,"Robots, Agents & Human-AI Interaction",2016,20,180
62,End-user Programming & UI Design Tools,"Robots, Agents & Human-AI Interaction",2017,26,228
62,End-user Programming & UI Design Tools,"Robots, Agents & Human-AI Interaction",2018,26,248
62,End-user Programming & UI Design Tools,"Robots, Agents & Human-AI Interaction",2019,19,269
62,End-user Programming & UI Design Tools,"Robots, Agents & Human-AI Interaction",2020,28,290
62,End-user Programming & UI Design Tools,"Robots, Agents & Human-AI Interaction",2021,37,461
62,End-user Programming & UI Design Tools,"Robots, Agents & Human-AI Interaction",2022,22,340
62,End-user Programming & UI Design Tools,"Robots, Agents & Human-AI Interaction",2023,37,520
62,End-user Programming & UI Design Tools,"Robots, Agents & Human-AI Interaction",2024,39,603
62,End-user Programming & UI Design Tools,"Robots, Agents & Human-AI Interaction",2025,34,654
62,End-user Programming & UI Design Tools,"Robots, Agents & Human-AI Interaction",2026,21,404
63,Robots & Agents in Education,"Robots, Agents & Human-AI Interaction",1992,1,0
63,Robots & Agents in Education,"Robots, Agents & Human-AI Interaction",1995,1,0
63,Robots & Agents in Education,"Robots, Agents & Human-AI Interaction",1996,1,0
63,Robots & Agents in Education,"Robots, Agents & Human-AI Interaction",1997,2,0
63,Robots & Agents in Education,"Robots, Agents & Human-AI Interaction",1998,0,2
63,Robots & Agents in Education,"Robots, Agents & Human-AI Interaction",1999,1,2
63,Robots & Agents in Education,"Robots, Agents & Human-AI Interaction",2000,2,4
63,Robots & Agents in Education,"Robots, Agents & Human-AI Interaction",2001,2,4
63,Robots & Agents in Education,"Robots, Agents & Human-AI Interaction",2003,4,6
63,Robots & Agents in Education,"Robots, Agents & Human-AI Interaction",2004,4,4
63,Robots & Agents in Education,"Robots, Agents & Human-AI Interaction",2005,2,8
63,Robots & Agents in Education,"Robots, Agents & Human-AI Interaction",2006,0,2
63,Robots & Agents in Education,"Robots, Agents & Human-AI Interaction",2007,1,2
63,Robots & Agents in Education,"Robots, Agents & Human-AI Interaction",2008,1,3
63,Robots & Agents in Education,"Robots, Agents & Human-AI Interaction",2009,3,2
63,Robots & Agents in Education,"Robots, Agents & Human-AI Interaction",2010,4,3
63,Robots & Agents in Education,"Robots, Agents & Human-AI Interaction",2011,5,4
63,Robots & Agents in Education,"Robots, Agents & Human-AI Interaction",2012,7,8
63,Robots & Agents in Education,"Robots, Agents & Human-AI Interaction",2013,10,12
63,Robots & Agents in Education,"Robots, Agents & Human-AI Interaction",2014,10,6
63,Robots & Agents in Education,"Robots, Agents & Human-AI Interaction",2015,9,18
63,Robots & Agents in Education,"Robots, Agents & Human-AI Interaction",2016,17,39
63,Robots & Agents in Education,"Robots, Agents & Human-AI Interaction",2017,20,46
63,Robots & Agents in Education,"Robots, Agents & Human-AI Interaction",2018,13,59
63,Robots & Agents in Education,"Robots, Agents & Human-AI Interaction",2019,17,77
63,Robots & Agents in Education,"Robots, Agents & Human-AI Interaction",2020,29,135
63,Robots & Agents in Education,"Robots, Agents & Human-AI Interaction",2021,31,201
63,Robots & Agents in Education,"Robots, Agents & Human-AI Interaction",2022,42,263
63,Robots & Agents in Education,"Robots, Agents & Human-AI Interaction",2023,33,221
63,Robots & Agents in Education,"Robots, Agents & Human-AI Interaction",2024,46,410
63,Robots & Agents in Education,"Robots, Agents & Human-AI Interaction",2025,81,688
63,Robots & Agents in Education,"Robots, Agents & Human-AI Interaction",2026,76,717
64,Video Interfaces & Editing,"Robots, Agents & Human-AI Interaction",1982,2,0
64,Video Interfaces & Editing,"Robots, Agents & Human-AI Interaction",1985,3,0
64,Video Interfaces & Editing,"Robots, Agents & Human-AI Interaction",1986,9,8
64,Video Interfaces & Editing,"Robots, Agents & Human-AI Interaction",1988,2,4
64,Video Interfaces & Editing,"Robots, Agents & Human-AI Interaction",1989,4,3
64,Video Interfaces & Editing,"Robots, Agents & Human-AI Interaction",1990,3,8
64,Video Interfaces & Editing,"Robots, Agents & Human-AI Interaction",1991,6,8
64,Video Interfaces & Editing,"Robots, Agents & Human-AI Interaction",1992,4,4
64,Video Interfaces & Editing,"Robots, Agents & Human-AI Interaction",1993,3,8
64,Video Interfaces & Editing,"Robots, Agents & Human-AI Interaction",1994,1,3
64,Video Interfaces & Editing,"Robots, Agents & Human-AI Interaction",1995,4,12
64,Video Interfaces & Editing,"Robots, Agents & Human-AI Interaction",1996,3,11
64,Video Interfaces & Editing,"Robots, Agents & Human-AI Interaction",1997,4,12
64,Video Interfaces & Editing,"Robots, Agents & Human-AI Interaction",1998,4,4
64,Video Interfaces & Editing,"Robots, Agents & Human-AI Interaction",1999,2,5
64,Video Interfaces & Editing,"Robots, Agents & Human-AI Interaction",2000,6,8
64,Video Interfaces & Editing,"Robots, Agents & Human-AI Interaction",2001,3,4
64,Video Interfaces & Editing,"Robots, Agents & Human-AI Interaction",2002,7,13
64,Video Interfaces & Editing,"Robots, Agents & Human-AI Interaction",2003,3,7
64,Video Interfaces & Editing,"Robots, Agents & Human-AI Interaction",2004,8,22
64,Video Interfaces & Editing,"Robots, Agents & Human-AI Interaction",2005,6,16
64,Video Interfaces & Editing,"Robots, Agents & Human-AI Interaction",2006,7,31
64,Video Interfaces & Editing,"Robots, Agents & Human-AI Interaction",2007,6,34
64,Video Interfaces & Editing,"Robots, Agents & Human-AI Interaction",2008,12,38
64,Video Interfaces & Editing,"Robots, Agents & Human-AI Interaction",2009,10,39
64,Video Interfaces & Editing,"Robots, Agents & Human-AI Interaction",2010,13,57
64,Video Interfaces & Editing,"Robots, Agents & Human-AI Interaction",2011,18,103
64,Video Interfaces & Editing,"Robots, Agents & Human-AI Interaction",2012,24,138
64,Video Interfaces & Editing,"Robots, Agents & Human-AI Interaction",2013,18,114
64,Video Interfaces & Editing,"Robots, Agents & Human-AI Interaction",2014,25,198
64,Video Interfaces & Editing,"Robots, Agents & Human-AI Interaction",2015,12,147
64,Video Interfaces & Editing,"Robots, Agents & Human-AI Interaction",2016,17,181
64,Video Interfaces & Editing,"Robots, Agents & Human-AI Interaction",2017,15,138
64,Video Interfaces & Editing,"Robots, Agents & Human-AI Interaction",2018,17,188
64,Video Interfaces & Editing,"Robots, Agents & Human-AI Interaction",2019,19,217
64,Video Interfaces & Editing,"Robots, Agents & Human-AI Interaction",2020,17,211
64,Video Interfaces & Editing,"Robots, Agents & Human-AI Interaction",2021,13,265
64,Video Interfaces & Editing,"Robots, Agents & Human-AI Interaction",2022,17,260
64,Video Interfaces & Editing,"Robots, Agents & Human-AI Interaction",2023,22,413
64,Video Interfaces & Editing,"Robots, Agents & Human-AI Interaction",2024,24,453
64,Video Interfaces & Editing,"Robots, Agents & Human-AI Interaction",2025,19,426
64,Video Interfaces & Editing,"Robots, Agents & Human-AI Interaction",2026,15,282
65,Meeting Support & Group Displays,"Robots, Agents & Human-AI Interaction",1986,1,1
65,Meeting Support & Group Displays,"Robots, Agents & Human-AI Interaction",1990,1,1
65,Meeting Support & Group Displays,"Robots, Agents & Human-AI Interaction",1992,1,0
65,Meeting Support & Group Displays,"Robots, Agents & Human-AI Interaction",1995,0,1
65,Meeting Support & Group Displays,"Robots, Agents & Human-AI Interaction",1996,0,1
65,Meeting Support & Group Displays,"Robots, Agents & Human-AI Interaction",1998,0,1
65,Meeting Support & Group Displays,"Robots, Agents & Human-AI Interaction",2002,1,2
65,Meeting Support & Group Displays,"Robots, Agents & Human-AI Interaction",2003,1,0
65,Meeting Support & Group Displays,"Robots, Agents & Human-AI Interaction",2004,3,4
65,Meeting Support & Group Displays,"Robots, Agents & Human-AI Interaction",2005,1,2
65,Meeting Support & Group Displays,"Robots, Agents & Human-AI Interaction",2006,1,3
65,Meeting Support & Group Displays,"Robots, Agents & Human-AI Interaction",2007,2,9
65,Meeting Support & Group Displays,"Robots, Agents & Human-AI Interaction",2008,2,2
65,Meeting Support & Group Displays,"Robots, Agents & Human-AI Interaction",2009,6,16
65,Meeting Support & Group Displays,"Robots, Agents & Human-AI Interaction",2010,3,11
65,Meeting Support & Group Displays,"Robots, Agents & Human-AI Interaction",2011,7,9
65,Meeting Support & Group Displays,"Robots, Agents & Human-AI Interaction",2012,7,21
65,Meeting Support & Group Displays,"Robots, Agents & Human-AI Interaction",2013,6,18
65,Meeting Support & Group Displays,"Robots, Agents & Human-AI Interaction",2014,4,16
65,Meeting Support & Group Displays,"Robots, Agents & Human-AI Interaction",2015,4,20
65,Meeting Support & Group Displays,"Robots, Agents & Human-AI Interaction",2016,6,33
65,Meeting Support & Group Displays,"Robots, Agents & Human-AI Interaction",2017,4,39
65,Meeting Support & Group Displays,"Robots, Agents & Human-AI Interaction",2018,4,37
65,Meeting Support & Group Displays,"Robots, Agents & Human-AI Interaction",2019,9,37
65,Meeting Support & Group Displays,"Robots, Agents & Human-AI Interaction",2020,5,31
65,Meeting Support & Group Displays,"Robots, Agents & Human-AI Interaction",2021,12,52
65,Meeting Support & Group Displays,"Robots, Agents & Human-AI Interaction",2022,6,60
65,Meeting Support & Group Displays,"Robots, Agents & Human-AI Interaction",2023,12,65
65,Meeting Support & Group Displays,"Robots, Agents & Human-AI Interaction",2024,24,88
65,Meeting Support & Group Displays,"Robots, Agents & Human-AI Interaction",2025,31,310
65,Meeting Support & Group Displays,"Robots, Agents & Human-AI Interaction",2026,19,229
66,Usability Methods & Personas,"Robots, Agents & Human-AI Interaction",1982,3,0
66,Usability Methods & Personas,"Robots, Agents & Human-AI Interaction",1983,2,7
66,Usability Methods & Personas,"Robots, Agents & Human-AI Interaction",1986,1,2
66,Usability Methods & Personas,"Robots, Agents & Human-AI Interaction",1989,1,1
66,Usability Methods & Personas,"Robots, Agents & Human-AI Interaction",1990,2,0
66,Usability Methods & Personas,"Robots, Agents & Human-AI Interaction",1991,2,4
66,Usability Methods & Personas,"Robots, Agents & Human-AI Interaction",1992,8,28
66,Usability Methods & Personas,"Robots, Agents & Human-AI Interaction",1993,1,3
66,Usability Methods & Personas,"Robots, Agents & Human-AI Interaction",1994,2,9
66,Usability Methods & Personas,"Robots, Agents & Human-AI Interaction",1995,1,9
66,Usability Methods & Personas,"Robots, Agents & Human-AI Interaction",1996,4,8
66,Usability Methods & Personas,"Robots, Agents & Human-AI Interaction",1997,2,10
66,Usability Methods & Personas,"Robots, Agents & Human-AI Interaction",1998,0,1
66,Usability Methods & Personas,"Robots, Agents & Human-AI Interaction",1999,0,1
66,Usability Methods & Personas,"Robots, Agents & Human-AI Interaction",2000,5,8
66,Usability Methods & Personas,"Robots, Agents & Human-AI Interaction",2001,0,3
66,Usability Methods & Personas,"Robots, Agents & Human-AI Interaction",2002,1,6
66,Usability Methods & Personas,"Robots, Agents & Human-AI Interaction",2003,0,3
66,Usability Methods & Personas,"Robots, Agents & Human-AI Interaction",2004,1,3
66,Usability Methods & Personas,"Robots, Agents & Human-AI Interaction",2005,1,9
66,Usability Methods & Personas,"Robots, Agents & Human-AI Interaction",2006,5,14
66,Usability Methods & Personas,"Robots, Agents & Human-AI Interaction",2007,3,6
66,Usability Methods & Personas,"Robots, Agents & Human-AI Interaction",2008,6,29
66,Usability Methods & Personas,"Robots, Agents & Human-AI Interaction",2009,3,17
66,Usability Methods & Personas,"Robots, Agents & Human-AI Interaction",2010,4,15
66,Usability Methods & Personas,"Robots, Agents & Human-AI Interaction",2011,6,20
66,Usability Methods & Personas,"Robots, Agents & Human-AI Interaction",2012,11,34
66,Usability Methods & Personas,"Robots, Agents & Human-AI Interaction",2013,5,18
66,Usability Methods & Personas,"Robots, Agents & Human-AI Interaction",2014,3,21
66,Usability Methods & Personas,"Robots, Agents & Human-AI Interaction",2015,2,18
66,Usability Methods & Personas,"Robots, Agents & Human-AI Interaction",2016,6,33
66,Usability Methods & Personas,"Robots, Agents & Human-AI Interaction",2017,3,23
66,Usability Methods & Personas,"Robots, Agents & Human-AI Interaction",2018,4,36
66,Usability Methods & Personas,"Robots, Agents & Human-AI Interaction",2019,6,45
66,Usability Methods & Personas,"Robots, Agents & Human-AI Interaction",2020,6,61
66,Usability Methods & Personas,"Robots, Agents & Human-AI Interaction",2021,4,67
66,Usability Methods & Personas,"Robots, Agents & Human-AI Interaction",2022,8,81
66,Usability Methods & Personas,"Robots, Agents & Human-AI Interaction",2023,5,56
66,Usability Methods & Personas,"Robots, Agents & Human-AI Interaction",2024,9,118
66,Usability Methods & Personas,"Robots, Agents & Human-AI Interaction",2025,10,151
66,Usability Methods & Personas,"Robots, Agents & Human-AI Interaction",2026,12,163
67,Multimodal Speech Interfaces,"Robots, Agents & Human-AI Interaction",1989,2,0
67,Multimodal Speech Interfaces,"Robots, Agents & Human-AI Interaction",1990,1,0
67,Multimodal Speech Interfaces,"Robots, Agents & Human-AI Interaction",1991,2,2
67,Multimodal Speech Interfaces,"Robots, Agents & Human-AI Interaction",1992,1,3
67,Multimodal Speech Interfaces,"Robots, Agents & Human-AI Interaction",1993,1,4
67,Multimodal Speech Interfaces,"Robots, Agents & Human-AI Interaction",1994,1,4
67,Multimodal Speech Interfaces,"Robots, Agents & Human-AI Interaction",1995,1,1
67,Multimodal Speech Interfaces,"Robots, Agents & Human-AI Interaction",1996,2,3
67,Multimodal Speech Interfaces,"Robots, Agents & Human-AI Interaction",1997,3,8
67,Multimodal Speech Interfaces,"Robots, Agents & Human-AI Interaction",1998,2,5
67,Multimodal Speech Interfaces,"Robots, Agents & Human-AI Interaction",1999,1,6
67,Multimodal Speech Interfaces,"Robots, Agents & Human-AI Interaction",2000,1,5
67,Multimodal Speech Interfaces,"Robots, Agents & Human-AI Interaction",2001,1,4
67,Multimodal Speech Interfaces,"Robots, Agents & Human-AI Interaction",2002,1,3
67,Multimodal Speech Interfaces,"Robots, Agents & Human-AI Interaction",2003,7,8
67,Multimodal Speech Interfaces,"Robots, Agents & Human-AI Interaction",2004,18,31
67,Multimodal Speech Interfaces,"Robots, Agents & Human-AI Interaction",2005,7,34
67,Multimodal Speech Interfaces,"Robots, Agents & Human-AI Interaction",2006,8,46
67,Multimodal Speech Interfaces,"Robots, Agents & Human-AI Interaction",2007,6,26
67,Multimodal Speech Interfaces,"Robots, Agents & Human-AI Interaction",2008,9,30
67,Multimodal Speech Interfaces,"Robots, Agents & Human-AI Interaction",2009,2,4
67,Multimodal Speech Interfaces,"Robots, Agents & Human-AI Interaction",2010,3,8
67,Multimodal Speech Interfaces,"Robots, Agents & Human-AI Interaction",2011,7,19
67,Multimodal Speech Interfaces,"Robots, Agents & Human-AI Interaction",2012,4,11
67,Multimodal Speech Interfaces,"Robots, Agents & Human-AI Interaction",2013,3,23
67,Multimodal Speech Interfaces,"Robots, Agents & Human-AI Interaction",2014,2,12
67,Multimodal Speech Interfaces,"Robots, Agents & Human-AI Interaction",2015,4,12
67,Multimodal Speech Interfaces,"Robots, Agents & Human-AI Interaction",2016,2,8
67,Multimodal Speech Interfaces,"Robots, Agents & Human-AI Interaction",2017,4,9
67,Multimodal Speech Interfaces,"Robots, Agents & Human-AI Interaction",2018,3,12
67,Multimodal Speech Interfaces,"Robots, Agents & Human-AI Interaction",2019,1,22
67,Multimodal Speech Interfaces,"Robots, Agents & Human-AI Interaction",2020,1,16
67,Multimodal Speech Interfaces,"Robots, Agents & Human-AI Interaction",2021,1,12
67,Multimodal Speech Interfaces,"Robots, Agents & Human-AI Interaction",2022,2,19
67,Multimodal Speech Interfaces,"Robots, Agents & Human-AI Interaction",2023,3,26
67,Multimodal Speech Interfaces,"Robots, Agents & Human-AI Interaction",2024,1,22
67,Multimodal Speech Interfaces,"Robots, Agents & Human-AI Interaction",2025,3,33
67,Multimodal Speech Interfaces,"Robots, Agents & Human-AI Interaction",2026,1,11
68,Natural Language Interfaces & Human-AI Teams,"Robots, Agents & Human-AI Interaction",1982,1,0
68,Natural Language Interfaces & Human-AI Teams,"Robots, Agents & Human-AI Interaction",1983,1,0
68,Natural Language Interfaces & Human-AI Teams,"Robots, Agents & Human-AI Interaction",1986,1,1
68,Natural Language Interfaces & Human-AI Teams,"Robots, Agents & Human-AI Interaction",1991,1,0
68,Natural Language Interfaces & Human-AI Teams,"Robots, Agents & Human-AI Interaction",1992,1,0
68,Natural Language Interfaces & Human-AI Teams,"Robots, Agents & Human-AI Interaction",1995,2,3
68,Natural Language Interfaces & Human-AI Teams,"Robots, Agents & Human-AI Interaction",1997,1,0
68,Natural Language Interfaces & Human-AI Teams,"Robots, Agents & Human-AI Interaction",1998,1,0
68,Natural Language Interfaces & Human-AI Teams,"Robots, Agents & Human-AI Interaction",2000,1,0
68,Natural Language Interfaces & Human-AI Teams,"Robots, Agents & Human-AI Interaction",2001,1,1
68,Natural Language Interfaces & Human-AI Teams,"Robots, Agents & Human-AI Interaction",2003,4,2
68,Natural Language Interfaces & Human-AI Teams,"Robots, Agents & Human-AI Interaction",2004,2,5
68,Natural Language Interfaces & Human-AI Teams,"Robots, Agents & Human-AI Interaction",2005,2,2
68,Natural Language Interfaces & Human-AI Teams,"Robots, Agents & Human-AI Interaction",2006,1,6
68,Natural Language Interfaces & Human-AI Teams,"Robots, Agents & Human-AI Interaction",2007,5,6
68,Natural Language Interfaces & Human-AI Teams,"Robots, Agents & Human-AI Interaction",2008,5,4
68,Natural Language Interfaces & Human-AI Teams,"Robots, Agents & Human-AI Interaction",2009,4,5
68,Natural Language Interfaces & Human-AI Teams,"Robots, Agents & Human-AI Interaction",2010,6,10
68,Natural Language Interfaces & Human-AI Teams,"Robots, Agents & Human-AI Interaction",2011,5,8
68,Natural Language Interfaces & Human-AI Teams,"Robots, Agents & Human-AI Interaction",2012,6,11
68,Natural Language Interfaces & Human-AI Teams,"Robots, Agents & Human-AI Interaction",2013,3,6
68,Natural Language Interfaces & Human-AI Teams,"Robots, Agents & Human-AI Interaction",2014,2,11
68,Natural Language Interfaces & Human-AI Teams,"Robots, Agents & Human-AI Interaction",2015,4,7
68,Natural Language Interfaces & Human-AI Teams,"Robots, Agents & Human-AI Interaction",2016,11,25
68,Natural Language Interfaces & Human-AI Teams,"Robots, Agents & Human-AI Interaction",2017,5,22
68,Natural Language Interfaces & Human-AI Teams,"Robots, Agents & Human-AI Interaction",2018,5,21
68,Natural Language Interfaces & Human-AI Teams,"Robots, Agents & Human-AI Interaction",2019,13,45
68,Natural Language Interfaces & Human-AI Teams,"Robots, Agents & Human-AI Interaction",2020,12,53
68,Natural Language Interfaces & Human-AI Teams,"Robots, Agents & Human-AI Interaction",2021,26,119
68,Natural Language Interfaces & Human-AI Teams,"Robots, Agents & Human-AI Interaction",2022,21,169
68,Natural Language Interfaces & Human-AI Teams,"Robots, Agents & Human-AI Interaction",2023,34,231
68,Natural Language Interfaces & Human-AI Teams,"Robots, Agents & Human-AI Interaction",2024,41,346
68,Natural Language Interfaces & Human-AI Teams,"Robots, Agents & Human-AI Interaction",2025,47,505
68,Natural Language Interfaces & Human-AI Teams,"Robots, Agents & Human-AI Interaction",2026,41,390
69,Urban Mobility Data,Mobile Life & Attention,2006,1,0
69,Urban Mobility Data,Mobile Life & Attention,2007,2,0
69,Urban Mobility Data,Mobile Life & Attention,2008,2,6
69,Urban Mobility Data,Mobile Life & Attention,2009,1,1
69,Urban Mobility Data,Mobile Life & Attention,2010,2,5
69,Urban Mobility Data,Mobile Life & Attention,2011,11,14
69,Urban Mobility Data,Mobile Life & Attention,2012,12,16
69,Urban Mobility Data,Mobile Life & Attention,2013,12,19
69,Urban Mobility Data,Mobile Life & Attention,2014,16,45
69,Urban Mobility Data,Mobile Life & Attention,2015,14,38
69,Urban Mobility Data,Mobile Life & Attention,2016,20,74
69,Urban Mobility Data,Mobile Life & Attention,2017,12,48
69,Urban Mobility Data,Mobile Life & Attention,2018,37,151
69,Urban Mobility Data,Mobile Life & Attention,2019,20,129
69,Urban Mobility Data,Mobile Life & Attention,2020,19,136
69,Urban Mobility Data,Mobile Life & Attention,2021,19,106
69,Urban Mobility Data,Mobile Life & Attention,2022,3,26
69,Urban Mobility Data,Mobile Life & Attention,2023,5,33
69,Urban Mobility Data,Mobile Life & Attention,2024,7,48
69,Urban Mobility Data,Mobile Life & Attention,2025,5,40
69,Urban Mobility Data,Mobile Life & Attention,2026,1,13
70,Email & Web Revisitation,Mobile Life & Attention,1983,1,1
70,Email & Web Revisitation,Mobile Life & Attention,1985,1,0
70,Email & Web Revisitation,Mobile Life & Attention,1986,6,1
70,Email & Web Revisitation,Mobile Life & Attention,1988,3,6
70,Email & Web Revisitation,Mobile Life & Attention,1989,1,3
70,Email & Web Revisitation,Mobile Life & Attention,1990,0,1
70,Email & Web Revisitation,Mobile Life & Attention,1992,1,3
70,Email & Web Revisitation,Mobile Life & Attention,1993,0,1
70,Email & Web Revisitation,Mobile Life & Attention,1994,0,1
70,Email & Web Revisitation,Mobile Life & Attention,1995,0,1
70,Email & Web Revisitation,Mobile Life & Attention,1996,2,1
70,Email & Web Revisitation,Mobile Life & Attention,1997,1,3
70,Email & Web Revisitation,Mobile Life & Attention,1998,1,3
70,Email & Web Revisitation,Mobile Life & Attention,1999,2,3
70,Email & Web Revisitation,Mobile Life & Attention,2000,5,16
70,Email & Web Revisitation,Mobile Life & Attention,2001,3,16
70,Email & Web Revisitation,Mobile Life & Attention,2002,10,30
70,Email & Web Revisitation,Mobile Life & Attention,2003,5,36
70,Email & Web Revisitation,Mobile Life & Attention,2004,11,74
70,Email & Web Revisitation,Mobile Life & Attention,2005,8,68
70,Email & Web Revisitation,Mobile Life & Attention,2006,15,108
70,Email & Web Revisitation,Mobile Life & Attention,2007,13,63
70,Email & Web Revisitation,Mobile Life & Attention,2008,14,89
70,Email & Web Revisitation,Mobile Life & Attention,2009,18,116
70,Email & Web Revisitation,Mobile Life & Attention,2010,17,108
70,Email & Web Revisitation,Mobile Life & Attention,2011,14,112
70,Email & Web Revisitation,Mobile Life & Attention,2012,9,99
70,Email & Web Revisitation,Mobile Life & Attention,2013,5,77
70,Email & Web Revisitation,Mobile Life & Attention,2014,9,87
70,Email & Web Revisitation,Mobile Life & Attention,2015,7,54
70,Email & Web Revisitation,Mobile Life & Attention,2016,8,95
70,Email & Web Revisitation,Mobile Life & Attention,2017,7,75
70,Email & Web Revisitation,Mobile Life & Attention,2018,3,86
70,Email & Web Revisitation,Mobile Life & Attention,2019,4,77
70,Email & Web Revisitation,Mobile Life & Attention,2020,4,89
70,Email & Web Revisitation,Mobile Life & Attention,2021,2,70
70,Email & Web Revisitation,Mobile Life & Attention,2022,4,79
70,Email & Web Revisitation,Mobile Life & Attention,2023,2,50
70,Email & Web Revisitation,Mobile Life & Attention,2024,3,63
70,Email & Web Revisitation,Mobile Life & Attention,2025,1,72
70,Email & Web Revisitation,Mobile Life & Attention,2026,1,45
71,Notifications & Interruptibility,Mobile Life & Attention,1992,1,0
71,Notifications & Interruptibility,Mobile Life & Attention,2002,2,1
71,Notifications & Interruptibility,Mobile Life & Attention,2003,6,8
71,Notifications & Interruptibility,Mobile Life & Attention,2004,9,30
71,Notifications & Interruptibility,Mobile Life & Attention,2005,5,30
71,Notifications & Interruptibility,Mobile Life & Attention,2006,5,51
71,Notifications & Interruptibility,Mobile Life & Attention,2007,7,75
71,Notifications & Interruptibility,Mobile Life & Attention,2008,5,72
71,Notifications & Interruptibility,Mobile Life & Attention,2009,2,28
71,Notifications & Interruptibility,Mobile Life & Attention,2010,6,64
71,Notifications & Interruptibility,Mobile Life & Attention,2011,5,35
71,Notifications & Interruptibility,Mobile Life & Attention,2012,7,25
71,Notifications & Interruptibility,Mobile Life & Attention,2013,3,31
71,Notifications & Interruptibility,Mobile Life & Attention,2014,9,79
71,Notifications & Interruptibility,Mobile Life & Attention,2015,11,135
71,Notifications & Interruptibility,Mobile Life & Attention,2016,12,176
71,Notifications & Interruptibility,Mobile Life & Attention,2017,17,227
71,Notifications & Interruptibility,Mobile Life & Attention,2018,9,214
71,Notifications & Interruptibility,Mobile Life & Attention,2019,12,217
71,Notifications & Interruptibility,Mobile Life & Attention,2020,10,186
71,Notifications & Interruptibility,Mobile Life & Attention,2021,9,206
71,Notifications & Interruptibility,Mobile Life & Attention,2022,8,214
71,Notifications & Interruptibility,Mobile Life & Attention,2023,13,286
71,Notifications & Interruptibility,Mobile Life & Attention,2024,9,301
71,Notifications & Interruptibility,Mobile Life & Attention,2025,7,216
71,Notifications & Interruptibility,Mobile Life & Attention,2026,6,127
72,Instant Messaging,Mobile Life & Attention,1994,1,0
72,Instant Messaging,Mobile Life & Attention,1996,2,1
72,Instant Messaging,Mobile Life & Attention,1997,1,2
72,Instant Messaging,Mobile Life & Attention,1998,1,0
72,Instant Messaging,Mobile Life & Attention,1999,4,6
72,Instant Messaging,Mobile Life & Attention,2000,6,27
72,Instant Messaging,Mobile Life & Attention,2001,3,6
72,Instant Messaging,Mobile Life & Attention,2002,11,56
72,Instant Messaging,Mobile Life & Attention,2003,8,47
72,Instant Messaging,Mobile Life & Attention,2004,11,82
72,Instant Messaging,Mobile Life & Attention,2005,14,84
72,Instant Messaging,Mobile Life & Attention,2006,10,95
72,Instant Messaging,Mobile Life & Attention,2007,6,56
72,Instant Messaging,Mobile Life & Attention,2008,9,60
72,Instant Messaging,Mobile Life & Attention,2009,5,48
72,Instant Messaging,Mobile Life & Attention,2010,6,71
72,Instant Messaging,Mobile Life & Attention,2011,3,39
72,Instant Messaging,Mobile Life & Attention,2012,2,51
72,Instant Messaging,Mobile Life & Attention,2013,3,49
72,Instant Messaging,Mobile Life & Attention,2014,3,40
72,Instant Messaging,Mobile Life & Attention,2015,8,66
72,Instant Messaging,Mobile Life & Attention,2016,7,63
72,Instant Messaging,Mobile Life & Attention,2017,11,112
72,Instant Messaging,Mobile Life & Attention,2018,8,90
72,Instant Messaging,Mobile Life & Attention,2019,7,115
72,Instant Messaging,Mobile Life & Attention,2020,3,80
72,Instant Messaging,Mobile Life & Attention,2021,2,94
72,Instant Messaging,Mobile Life & Attention,2022,5,142
72,Instant Messaging,Mobile Life & Attention,2023,5,96
72,Instant Messaging,Mobile Life & Attention,2024,3,103
72,Instant Messaging,Mobile Life & Attention,2025,3,117
72,Instant Messaging,Mobile Life & Attention,2026,2,51
73,Digital Self-control,Mobile Life & Attention,2010,1,0
73,Digital Self-control,Mobile Life & Attention,2013,4,0
73,Digital Self-control,Mobile Life & Attention,2014,3,12
73,Digital Self-control,Mobile Life & Attention,2015,2,32
73,Digital Self-control,Mobile Life & Attention,2016,9,32
73,Digital Self-control,Mobile Life & Attention,2017,3,53
73,Digital Self-control,Mobile Life & Attention,2018,7,65
73,Digital Self-control,Mobile Life & Attention,2019,9,109
73,Digital Self-control,Mobile Life & Attention,2020,4,65
73,Digital Self-control,Mobile Life & Attention,2021,9,158
73,Digital Self-control,Mobile Life & Attention,2022,11,170
73,Digital Self-control,Mobile Life & Attention,2023,15,258
73,Digital Self-control,Mobile Life & Attention,2024,18,284
73,Digital Self-control,Mobile Life & Attention,2025,13,325
73,Digital Self-control,Mobile Life & Attention,2026,14,263
74,Location Sharing & Privacy,Mobile Life & Attention,2001,3,0
74,Location Sharing & Privacy,Mobile Life & Attention,2002,2,3
74,Location Sharing & Privacy,Mobile Life & Attention,2003,2,2
74,Location Sharing & Privacy,Mobile Life & Attention,2004,3,6
74,Location Sharing & Privacy,Mobile Life & Attention,2005,9,13
74,Location Sharing & Privacy,Mobile Life & Attention,2006,9,33
74,Location Sharing & Privacy,Mobile Life & Attention,2007,2,20
74,Location Sharing & Privacy,Mobile Life & Attention,2008,5,28
74,Location Sharing & Privacy,Mobile Life & Attention,2009,6,23
74,Location Sharing & Privacy,Mobile Life & Attention,2010,8,53
74,Location Sharing & Privacy,Mobile Life & Attention,2011,11,72
74,Location Sharing & Privacy,Mobile Life & Attention,2012,13,73
74,Location Sharing & Privacy,Mobile Life & Attention,2013,11,86
74,Location Sharing & Privacy,Mobile Life & Attention,2014,7,86
74,Location Sharing & Privacy,Mobile Life & Attention,2015,4,75
74,Location Sharing & Privacy,Mobile Life & Attention,2016,8,62
74,Location Sharing & Privacy,Mobile Life & Attention,2017,4,63
74,Location Sharing & Privacy,Mobile Life & Attention,2018,1,43
74,Location Sharing & Privacy,Mobile Life & Attention,2019,2,53
74,Location Sharing & Privacy,Mobile Life & Attention,2020,3,48
74,Location Sharing & Privacy,Mobile Life & Attention,2021,1,55
74,Location Sharing & Privacy,Mobile Life & Attention,2022,2,40
74,Location Sharing & Privacy,Mobile Life & Attention,2023,3,24
74,Location Sharing & Privacy,Mobile Life & Attention,2024,1,30
74,Location Sharing & Privacy,Mobile Life & Attention,2025,0,20
74,Location Sharing & Privacy,Mobile Life & Attention,2026,0,6
75,Task Switching at Work,Mobile Life & Attention,1992,1,0
75,Task Switching at Work,Mobile Life & Attention,1993,1,0
75,Task Switching at Work,Mobile Life & Attention,1994,1,2
75,Task Switching at Work,Mobile Life & Attention,1999,0,1
75,Task Switching at Work,Mobile Life & Attention,2000,2,2
75,Task Switching at Work,Mobile Life & Attention,2001,0,1
75,Task Switching at Work,Mobile Life & Attention,2002,0,3
75,Task Switching at Work,Mobile Life & Attention,2003,0,2
75,Task Switching at Work,Mobile Life & Attention,2004,2,5
75,Task Switching at Work,Mobile Life & Attention,2005,2,10
75,Task Switching at Work,Mobile Life & Attention,2006,3,22
75,Task Switching at Work,Mobile Life & Attention,2007,2,16
75,Task Switching at Work,Mobile Life & Attention,2008,5,30
75,Task Switching at Work,Mobile Life & Attention,2009,3,29
75,Task Switching at Work,Mobile Life & Attention,2010,6,58
75,Task Switching at Work,Mobile Life & Attention,2011,3,33
75,Task Switching at Work,Mobile Life & Attention,2012,2,24
75,Task Switching at Work,Mobile Life & Attention,2013,1,25
75,Task Switching at Work,Mobile Life & Attention,2014,7,62
75,Task Switching at Work,Mobile Life & Attention,2015,4,63
75,Task Switching at Work,Mobile Life & Attention,2016,11,136
75,Task Switching at Work,Mobile Life & Attention,2017,2,83
75,Task Switching at Work,Mobile Life & Attention,2018,6,93
75,Task Switching at Work,Mobile Life & Attention,2019,5,107
75,Task Switching at Work,Mobile Life & Attention,2020,10,125
75,Task Switching at Work,Mobile Life & Attention,2021,6,101
75,Task Switching at Work,Mobile Life & Attention,2022,7,127
75,Task Switching at Work,Mobile Life & Attention,2023,9,154
75,Task Switching at Work,Mobile Life & Attention,2024,7,161
75,Task Switching at Work,Mobile Life & Attention,2025,9,187
75,Task Switching at Work,Mobile Life & Attention,2026,4,116
76,Mobile Information Needs & Translation,Mobile Life & Attention,1983,2,1
76,Mobile Information Needs & Translation,Mobile Life & Attention,1986,1,0
76,Mobile Information Needs & Translation,Mobile Life & Attention,1988,1,1
76,Mobile Information Needs & Translation,Mobile Life & Attention,1992,1,0
76,Mobile Information Needs & Translation,Mobile Life & Attention,1996,2,0
76,Mobile Information Needs & Translation,Mobile Life & Attention,1997,2,3
76,Mobile Information Needs & Translation,Mobile Life & Attention,1998,0,1
76,Mobile Information Needs & Translation,Mobile Life & Attention,2000,5,5
76,Mobile Information Needs & Translation,Mobile Life & Attention,2001,4,2
76,Mobile Information Needs & Translation,Mobile Life & Attention,2002,5,6
76,Mobile Information Needs & Translation,Mobile Life & Attention,2003,2,8
76,Mobile Information Needs & Translation,Mobile Life & Attention,2004,3,8
76,Mobile Information Needs & Translation,Mobile Life & Attention,2005,2,10
76,Mobile Information Needs & Translation,Mobile Life & Attention,2006,5,6
76,Mobile Information Needs & Translation,Mobile Life & Attention,2007,4,6
76,Mobile Information Needs & Translation,Mobile Life & Attention,2008,8,20
76,Mobile Information Needs & Translation,Mobile Life & Attention,2009,7,20
76,Mobile Information Needs & Translation,Mobile Life & Attention,2010,14,41
76,Mobile Information Needs & Translation,Mobile Life & Attention,2011,16,41
76,Mobile Information Needs & Translation,Mobile Life & Attention,2012,14,43
76,Mobile Information Needs & Translation,Mobile Life & Attention,2013,14,81
76,Mobile Information Needs & Translation,Mobile Life & Attention,2014,21,82
76,Mobile Information Needs & Translation,Mobile Life & Attention,2015,18,112
76,Mobile Information Needs & Translation,Mobile Life & Attention,2016,14,122
76,Mobile Information Needs & Translation,Mobile Life & Attention,2017,24,189
76,Mobile Information Needs & Translation,Mobile Life & Attention,2018,14,145
76,Mobile Information Needs & Translation,Mobile Life & Attention,2019,10,123
76,Mobile Information Needs & Translation,Mobile Life & Attention,2020,9,106
76,Mobile Information Needs & Translation,Mobile Life & Attention,2021,11,150
76,Mobile Information Needs & Translation,Mobile Life & Attention,2022,11,184
76,Mobile Information Needs & Translation,Mobile Life & Attention,2023,5,119
76,Mobile Information Needs & Translation,Mobile Life & Attention,2024,13,142
76,Mobile Information Needs & Translation,Mobile Life & Attention,2025,7,163
76,Mobile Information Needs & Translation,Mobile Life & Attention,2026,6,97
77,Recommender Explanations & User-centric Evaluation,Recommender Systems,1982,1,0
77,Recommender Explanations & User-centric Evaluation,Recommender Systems,1992,1,0
77,Recommender Explanations & User-centric Evaluation,Recommender Systems,1999,0,1
77,Recommender Explanations & User-centric Evaluation,Recommender Systems,2000,1,1
77,Recommender Explanations & User-centric Evaluation,Recommender Systems,2001,1,1
77,Recommender Explanations & User-centric Evaluation,Recommender Systems,2002,1,1
77,Recommender Explanations & User-centric Evaluation,Recommender Systems,2003,1,3
77,Recommender Explanations & User-centric Evaluation,Recommender Systems,2004,1,1
77,Recommender Explanations & User-centric Evaluation,Recommender Systems,2005,3,7
77,Recommender Explanations & User-centric Evaluation,Recommender Systems,2006,3,8
77,Recommender Explanations & User-centric Evaluation,Recommender Systems,2007,6,17
77,Recommender Explanations & User-centric Evaluation,Recommender Systems,2008,8,16
77,Recommender Explanations & User-centric Evaluation,Recommender Systems,2009,8,26
77,Recommender Explanations & User-centric Evaluation,Recommender Systems,2010,7,33
77,Recommender Explanations & User-centric Evaluation,Recommender Systems,2011,12,45
77,Recommender Explanations & User-centric Evaluation,Recommender Systems,2012,11,42
77,Recommender Explanations & User-centric Evaluation,Recommender Systems,2013,6,25
77,Recommender Explanations & User-centric Evaluation,Recommender Systems,2014,5,31
77,Recommender Explanations & User-centric Evaluation,Recommender Systems,2015,14,63
77,Recommender Explanations & User-centric Evaluation,Recommender Systems,2016,18,101
77,Recommender Explanations & User-centric Evaluation,Recommender Systems,2017,15,99
77,Recommender Explanations & User-centric Evaluation,Recommender Systems,2018,20,159
77,Recommender Explanations & User-centric Evaluation,Recommender Systems,2019,24,197
77,Recommender Explanations & User-centric Evaluation,Recommender Systems,2020,19,162
77,Recommender Explanations & User-centric Evaluation,Recommender Systems,2021,28,186
77,Recommender Explanations & User-centric Evaluation,Recommender Systems,2022,21,202
77,Recommender Explanations & User-centric Evaluation,Recommender Systems,2023,17,169
77,Recommender Explanations & User-centric Evaluation,Recommender Systems,2024,23,163
77,Recommender Explanations & User-centric Evaluation,Recommender Systems,2025,27,196
77,Recommender Explanations & User-centric Evaluation,Recommender Systems,2026,16,138
78,Sequential & Session-based Recommendation,Recommender Systems,2009,2,0
78,Sequential & Session-based Recommendation,Recommender Systems,2010,5,1
78,Sequential & Session-based Recommendation,Recommender Systems,2011,5,10
78,Sequential & Session-based Recommendation,Recommender Systems,2012,4,22
78,Sequential & Session-based Recommendation,Recommender Systems,2013,8,28
78,Sequential & Session-based Recommendation,Recommender Systems,2014,5,25
78,Sequential & Session-based Recommendation,Recommender Systems,2015,9,26
78,Sequential & Session-based Recommendation,Recommender Systems,2016,5,18
78,Sequential & Session-based Recommendation,Recommender Systems,2017,6,22
78,Sequential & Session-based Recommendation,Recommender Systems,2018,8,30
78,Sequential & Session-based Recommendation,Recommender Systems,2019,14,42
78,Sequential & Session-based Recommendation,Recommender Systems,2020,18,58
78,Sequential & Session-based Recommendation,Recommender Systems,2021,20,55
78,Sequential & Session-based Recommendation,Recommender Systems,2022,17,70
78,Sequential & Session-based Recommendation,Recommender Systems,2023,40,162
78,Sequential & Session-based Recommendation,Recommender Systems,2024,34,147
78,Sequential & Session-based Recommendation,Recommender Systems,2025,42,232
78,Sequential & Session-based Recommendation,Recommender Systems,2026,2,20
79,Neural Session Recommendation,Recommender Systems,2007,1,0
79,Neural Session Recommendation,Recommender Systems,2008,1,0
79,Neural Session Recommendation,Recommender Systems,2009,3,1
79,Neural Session Recommendation,Recommender Systems,2010,5,2
79,Neural Session Recommendation,Recommender Systems,2011,9,4
79,Neural Session Recommendation,Recommender Systems,2012,8,4
79,Neural Session Recommendation,Recommender Systems,2013,3,5
79,Neural Session Recommendation,Recommender Systems,2014,7,11
79,Neural Session Recommendation,Recommender Systems,2015,7,8
79,Neural Session Recommendation,Recommender Systems,2016,18,19
79,Neural Session Recommendation,Recommender Systems,2017,23,55
79,Neural Session Recommendation,Recommender Systems,2018,14,60
79,Neural Session Recommendation,Recommender Systems,2019,13,69
79,Neural Session Recommendation,Recommender Systems,2020,19,60
79,Neural Session Recommendation,Recommender Systems,2021,18,46
79,Neural Session Recommendation,Recommender Systems,2022,20,75
79,Neural Session Recommendation,Recommender Systems,2023,21,71
79,Neural Session Recommendation,Recommender Systems,2024,19,88
79,Neural Session Recommendation,Recommender Systems,2025,17,79
79,Neural Session Recommendation,Recommender Systems,2026,0,8
80,"Diversity, Novelty & Bias in Recommendation",Recommender Systems,2007,2,0
80,"Diversity, Novelty & Bias in Recommendation",Recommender Systems,2008,4,0
80,"Diversity, Novelty & Bias in Recommendation",Recommender Systems,2009,9,7
80,"Diversity, Novelty & Bias in Recommendation",Recommender Systems,2010,3,8
80,"Diversity, Novelty & Bias in Recommendation",Recommender Systems,2011,5,14
80,"Diversity, Novelty & Bias in Recommendation",Recommender Systems,2012,4,12
80,"Diversity, Novelty & Bias in Recommendation",Recommender Systems,2013,11,21
80,"Diversity, Novelty & Bias in Recommendation",Recommender Systems,2014,9,30
80,"Diversity, Novelty & Bias in Recommendation",Recommender Systems,2015,5,21
80,"Diversity, Novelty & Bias in Recommendation",Recommender Systems,2016,4,23
80,"Diversity, Novelty & Bias in Recommendation",Recommender Systems,2017,8,33
80,"Diversity, Novelty & Bias in Recommendation",Recommender Systems,2018,12,45
80,"Diversity, Novelty & Bias in Recommendation",Recommender Systems,2019,7,40
80,"Diversity, Novelty & Bias in Recommendation",Recommender Systems,2020,14,65
80,"Diversity, Novelty & Bias in Recommendation",Recommender Systems,2021,17,69
80,"Diversity, Novelty & Bias in Recommendation",Recommender Systems,2022,15,74
80,"Diversity, Novelty & Bias in Recommendation",Recommender Systems,2023,23,81
80,"Diversity, Novelty & Bias in Recommendation",Recommender Systems,2024,28,111
80,"Diversity, Novelty & Bias in Recommendation",Recommender Systems,2025,31,171
80,"Diversity, Novelty & Bias in Recommendation",Recommender Systems,2026,8,41
81,Collaborative Filtering & Trust,Recommender Systems,1995,2,0
81,Collaborative Filtering & Trust,Recommender Systems,1996,0,4
81,Collaborative Filtering & Trust,Recommender Systems,1997,0,6
81,Collaborative Filtering & Trust,Recommender Systems,1998,3,9
81,Collaborative Filtering & Trust,Recommender Systems,1999,0,5
81,Collaborative Filtering & Trust,Recommender Systems,2000,3,10
81,Collaborative Filtering & Trust,Recommender Systems,2001,1,7
81,Collaborative Filtering & Trust,Recommender Systems,2002,2,5
81,Collaborative Filtering & Trust,Recommender Systems,2003,8,14
81,Collaborative Filtering & Trust,Recommender Systems,2004,3,9
81,Collaborative Filtering & Trust,Recommender Systems,2005,2,11
81,Collaborative Filtering & Trust,Recommender Systems,2006,4,10
81,Collaborative Filtering & Trust,Recommender Systems,2007,16,26
81,Collaborative Filtering & Trust,Recommender Systems,2008,13,32
81,Collaborative Filtering & Trust,Recommender Systems,2009,21,54
81,Collaborative Filtering & Trust,Recommender Systems,2010,14,50
81,Collaborative Filtering & Trust,Recommender Systems,2011,19,52
81,Collaborative Filtering & Trust,Recommender Systems,2012,12,52
81,Collaborative Filtering & Trust,Recommender Systems,2013,13,51
81,Collaborative Filtering & Trust,Recommender Systems,2014,9,42
81,Collaborative Filtering & Trust,Recommender Systems,2015,6,33
81,Collaborative Filtering & Trust,Recommender Systems,2016,9,36
81,Collaborative Filtering & Trust,Recommender Systems,2017,12,55
81,Collaborative Filtering & Trust,Recommender Systems,2018,9,49
81,Collaborative Filtering & Trust,Recommender Systems,2019,6,45
81,Collaborative Filtering & Trust,Recommender Systems,2020,4,30
81,Collaborative Filtering & Trust,Recommender Systems,2021,1,22
81,Collaborative Filtering & Trust,Recommender Systems,2022,4,26
81,Collaborative Filtering & Trust,Recommender Systems,2023,5,23
81,Collaborative Filtering & Trust,Recommender Systems,2024,2,10
81,Collaborative Filtering & Trust,Recommender Systems,2025,6,24
81,Collaborative Filtering & Trust,Recommender Systems,2026,2,12
82,Knowledge-aware & LLM Recommendation,Recommender Systems,2007,1,0
82,Knowledge-aware & LLM Recommendation,Recommender Systems,2009,0,2
82,Knowledge-aware & LLM Recommendation,Recommender Systems,2010,1,0
82,Knowledge-aware & LLM Recommendation,Recommender Systems,2011,4,0
82,Knowledge-aware & LLM Recommendation,Recommender Systems,2012,5,8
82,Knowledge-aware & LLM Recommendation,Recommender Systems,2013,10,20
82,Knowledge-aware & LLM Recommendation,Recommender Systems,2014,11,33
82,Knowledge-aware & LLM Recommendation,Recommender Systems,2015,4,16
82,Knowledge-aware & LLM Recommendation,Recommender Systems,2016,5,14
82,Knowledge-aware & LLM Recommendation,Recommender Systems,2017,6,24
82,Knowledge-aware & LLM Recommendation,Recommender Systems,2018,6,19
82,Knowledge-aware & LLM Recommendation,Recommender Systems,2019,6,12
82,Knowledge-aware & LLM Recommendation,Recommender Systems,2020,4,9
82,Knowledge-aware & LLM Recommendation,Recommender Systems,2021,14,38
82,Knowledge-aware & LLM Recommendation,Recommender Systems,2022,9,21
82,Knowledge-aware & LLM Recommendation,Recommender Systems,2023,25,55
82,Knowledge-aware & LLM Recommendation,Recommender Systems,2024,36,98
82,Knowledge-aware & LLM Recommendation,Recommender Systems,2025,37,126
82,Knowledge-aware & LLM Recommendation,Recommender Systems,2026,5,14
83,Industrial Recommendation & CTR Prediction,Recommender Systems,2007,1,0
83,Industrial Recommendation & CTR Prediction,Recommender Systems,2010,1,0
83,Industrial Recommendation & CTR Prediction,Recommender Systems,2011,2,2
83,Industrial Recommendation & CTR Prediction,Recommender Systems,2012,2,2
83,Industrial Recommendation & CTR Prediction,Recommender Systems,2013,5,6
83,Industrial Recommendation & CTR Prediction,Recommender Systems,2014,3,2
83,Industrial Recommendation & CTR Prediction,Recommender Systems,2015,0,4
83,Industrial Recommendation & CTR Prediction,Recommender Systems,2016,2,6
83,Industrial Recommendation & CTR Prediction,Recommender Systems,2017,4,15
83,Industrial Recommendation & CTR Prediction,Recommender Systems,2018,13,29
83,Industrial Recommendation & CTR Prediction,Recommender Systems,2019,13,29
83,Industrial Recommendation & CTR Prediction,Recommender Systems,2020,15,51
83,Industrial Recommendation & CTR Prediction,Recommender Systems,2021,12,36
83,Industrial Recommendation & CTR Prediction,Recommender Systems,2022,20,39
83,Industrial Recommendation & CTR Prediction,Recommender Systems,2023,29,83
83,Industrial Recommendation & CTR Prediction,Recommender Systems,2024,21,75
83,Industrial Recommendation & CTR Prediction,Recommender Systems,2025,28,89
83,Industrial Recommendation & CTR Prediction,Recommender Systems,2026,7,20
84,Web Search & Navigation,Recommender Systems,1991,3,0
84,Web Search & Navigation,Recommender Systems,1992,4,2
84,Web Search & Navigation,Recommender Systems,1993,1,1
84,Web Search & Navigation,Recommender Systems,1994,0,2
84,Web Search & Navigation,Recommender Systems,1995,6,7
84,Web Search & Navigation,Recommender Systems,1996,5,17
84,Web Search & Navigation,Recommender Systems,1997,9,32
84,Web Search & Navigation,Recommender Systems,1998,9,34
84,Web Search & Navigation,Recommender Systems,1999,4,39
84,Web Search & Navigation,Recommender Systems,2000,4,23
84,Web Search & Navigation,Recommender Systems,2001,8,24
84,Web Search & Navigation,Recommender Systems,2002,6,25
84,Web Search & Navigation,Recommender Systems,2003,5,43
84,Web Search & Navigation,Recommender Systems,2004,3,18
84,Web Search & Navigation,Recommender Systems,2005,3,23
84,Web Search & Navigation,Recommender Systems,2006,2,27
84,Web Search & Navigation,Recommender Systems,2007,8,47
84,Web Search & Navigation,Recommender Systems,2008,6,39
84,Web Search & Navigation,Recommender Systems,2009,7,38
84,Web Search & Navigation,Recommender Systems,2010,11,41
84,Web Search & Navigation,Recommender Systems,2011,7,48
84,Web Search & Navigation,Recommender Systems,2012,8,41
84,Web Search & Navigation,Recommender Systems,2013,6,41
84,Web Search & Navigation,Recommender Systems,2014,4,44
84,Web Search & Navigation,Recommender Systems,2015,11,64
84,Web Search & Navigation,Recommender Systems,2016,7,49
84,Web Search & Navigation,Recommender Systems,2017,6,64
84,Web Search & Navigation,Recommender Systems,2018,5,55
84,Web Search & Navigation,Recommender Systems,2019,1,40
84,Web Search & Navigation,Recommender Systems,2020,3,44
84,Web Search & Navigation,Recommender Systems,2021,4,55
84,Web Search & Navigation,Recommender Systems,2022,1,46
84,Web Search & Navigation,Recommender Systems,2023,1,29
84,Web Search & Navigation,Recommender Systems,2024,3,43
84,Web Search & Navigation,Recommender Systems,2025,1,34
84,Web Search & Navigation,Recommender Systems,2026,1,35
85,Context-aware & Cold-start Recommendation,Recommender Systems,2007,2,0
85,Context-aware & Cold-start Recommendation,Recommender Systems,2008,4,1
85,Context-aware & Cold-start Recommendation,Recommender Systems,2009,9,5
85,Context-aware & Cold-start Recommendation,Recommender Systems,2010,6,15
85,Context-aware & Cold-start Recommendation,Recommender Systems,2011,9,12
85,Context-aware & Cold-start Recommendation,Recommender Systems,2012,11,20
85,Context-aware & Cold-start Recommendation,Recommender Systems,2013,13,26
85,Context-aware & Cold-start Recommendation,Recommender Systems,2014,14,38
85,Context-aware & Cold-start Recommendation,Recommender Systems,2015,11,32
85,Context-aware & Cold-start Recommendation,Recommender Systems,2016,6,26
85,Context-aware & Cold-start Recommendation,Recommender Systems,2017,18,57
85,Context-aware & Cold-start Recommendation,Recommender Systems,2018,9,21
85,Context-aware & Cold-start Recommendation,Recommender Systems,2019,9,39
85,Context-aware & Cold-start Recommendation,Recommender Systems,2020,5,22
85,Context-aware & Cold-start Recommendation,Recommender Systems,2021,5,18
85,Context-aware & Cold-start Recommendation,Recommender Systems,2022,4,19
85,Context-aware & Cold-start Recommendation,Recommender Systems,2023,8,28
85,Context-aware & Cold-start Recommendation,Recommender Systems,2024,4,14
85,Context-aware & Cold-start Recommendation,Recommender Systems,2025,3,13
85,Context-aware & Cold-start Recommendation,Recommender Systems,2026,1,5
86,News Recommendation & Offline Evaluation,Recommender Systems,2001,1,0
86,News Recommendation & Offline Evaluation,Recommender Systems,2004,1,0
86,News Recommendation & Offline Evaluation,Recommender Systems,2007,1,0
86,News Recommendation & Offline Evaluation,Recommender Systems,2008,2,2
86,News Recommendation & Offline Evaluation,Recommender Systems,2009,2,1
86,News Recommendation & Offline Evaluation,Recommender Systems,2010,5,4
86,News Recommendation & Offline Evaluation,Recommender Systems,2011,1,5
86,News Recommendation & Offline Evaluation,Recommender Systems,2012,2,5
86,News Recommendation & Offline Evaluation,Recommender Systems,2013,3,8
86,News Recommendation & Offline Evaluation,Recommender Systems,2014,5,8
86,News Recommendation & Offline Evaluation,Recommender Systems,2015,7,14
86,News Recommendation & Offline Evaluation,Recommender Systems,2016,3,7
86,News Recommendation & Offline Evaluation,Recommender Systems,2017,4,14
86,News Recommendation & Offline Evaluation,Recommender Systems,2018,9,24
86,News Recommendation & Offline Evaluation,Recommender Systems,2019,13,42
86,News Recommendation & Offline Evaluation,Recommender Systems,2020,13,41
86,News Recommendation & Offline Evaluation,Recommender Systems,2021,14,38
86,News Recommendation & Offline Evaluation,Recommender Systems,2022,6,33
86,News Recommendation & Offline Evaluation,Recommender Systems,2023,14,62
86,News Recommendation & Offline Evaluation,Recommender Systems,2024,12,73
86,News Recommendation & Offline Evaluation,Recommender Systems,2025,16,105
86,News Recommendation & Offline Evaluation,Recommender Systems,2026,2,19
87,Social Tagging & Group Recommendation,Recommender Systems,1994,1,0
87,Social Tagging & Group Recommendation,Recommender Systems,1995,1,0
87,Social Tagging & Group Recommendation,Recommender Systems,1996,1,0
87,Social Tagging & Group Recommendation,Recommender Systems,1997,3,4
87,Social Tagging & Group Recommendation,Recommender Systems,1998,6,9
87,Social Tagging & Group Recommendation,Recommender Systems,1999,0,2
87,Social Tagging & Group Recommendation,Recommender Systems,2000,4,5
87,Social Tagging & Group Recommendation,Recommender Systems,2001,4,9
87,Social Tagging & Group Recommendation,Recommender Systems,2002,4,13
87,Social Tagging & Group Recommendation,Recommender Systems,2003,1,3
87,Social Tagging & Group Recommendation,Recommender Systems,2004,0,4
87,Social Tagging & Group Recommendation,Recommender Systems,2005,3,6
87,Social Tagging & Group Recommendation,Recommender Systems,2006,2,3
87,Social Tagging & Group Recommendation,Recommender Systems,2007,6,11
87,Social Tagging & Group Recommendation,Recommender Systems,2008,11,6
87,Social Tagging & Group Recommendation,Recommender Systems,2009,14,19
87,Social Tagging & Group Recommendation,Recommender Systems,2010,13,36
87,Social Tagging & Group Recommendation,Recommender Systems,2011,15,22
87,Social Tagging & Group Recommendation,Recommender Systems,2012,16,16
87,Social Tagging & Group Recommendation,Recommender Systems,2013,19,35
87,Social Tagging & Group Recommendation,Recommender Systems,2014,13,30
87,Social Tagging & Group Recommendation,Recommender Systems,2015,18,27
87,Social Tagging & Group Recommendation,Recommender Systems,2016,31,52
87,Social Tagging & Group Recommendation,Recommender Systems,2017,33,97
87,Social Tagging & Group Recommendation,Recommender Systems,2018,36,87
87,Social Tagging & Group Recommendation,Recommender Systems,2019,31,87
87,Social Tagging & Group Recommendation,Recommender Systems,2020,21,77
87,Social Tagging & Group Recommendation,Recommender Systems,2021,16,69
87,Social Tagging & Group Recommendation,Recommender Systems,2022,19,88
87,Social Tagging & Group Recommendation,Recommender Systems,2023,20,76
87,Social Tagging & Group Recommendation,Recommender Systems,2024,25,104
87,Social Tagging & Group Recommendation,Recommender Systems,2025,19,105
87,Social Tagging & Group Recommendation,Recommender Systems,2026,5,38
88,Co-design with Children,Children & Learning,1989,1,0
88,Co-design with Children,Children & Learning,1991,1,0
88,Co-design with Children,Children & Learning,1992,1,0
88,Co-design with Children,Children & Learning,1995,1,1
88,Co-design with Children,Children & Learning,1996,1,0
88,Co-design with Children,Children & Learning,1997,2,3
88,Co-design with Children,Children & Learning,1998,3,1
88,Co-design with Children,Children & Learning,1999,6,7
88,Co-design with Children,Children & Learning,2000,2,5
88,Co-design with Children,Children & Learning,2001,1,4
88,Co-design with Children,Children & Learning,2002,1,13
88,Co-design with Children,Children & Learning,2003,14,11
88,Co-design with Children,Children & Learning,2004,15,26
88,Co-design with Children,Children & Learning,2005,8,67
88,Co-design with Children,Children & Learning,2006,14,41
88,Co-design with Children,Children & Learning,2007,20,63
88,Co-design with Children,Children & Learning,2008,10,45
88,Co-design with Children,Children & Learning,2009,8,37
88,Co-design with Children,Children & Learning,2010,14,73
88,Co-design with Children,Children & Learning,2011,6,34
88,Co-design with Children,Children & Learning,2012,15,84
88,Co-design with Children,Children & Learning,2013,24,115
88,Co-design with Children,Children & Learning,2014,18,103
88,Co-design with Children,Children & Learning,2015,11,69
88,Co-design with Children,Children & Learning,2016,16,120
88,Co-design with Children,Children & Learning,2017,12,119
88,Co-design with Children,Children & Learning,2018,12,135
88,Co-design with Children,Children & Learning,2019,14,127
88,Co-design with Children,Children & Learning,2020,10,144
88,Co-design with Children,Children & Learning,2021,14,244
88,Co-design with Children,Children & Learning,2022,13,204
88,Co-design with Children,Children & Learning,2023,10,159
88,Co-design with Children,Children & Learning,2024,15,208
88,Co-design with Children,Children & Learning,2025,10,215
88,Co-design with Children,Children & Learning,2026,11,266
89,Tangibles for Learning,Children & Learning,1996,1,0
89,Tangibles for Learning,Children & Learning,2002,1,0
89,Tangibles for Learning,Children & Learning,2003,2,0
89,Tangibles for Learning,Children & Learning,2004,2,5
89,Tangibles for Learning,Children & Learning,2005,3,7
89,Tangibles for Learning,Children & Learning,2006,3,10
89,Tangibles for Learning,Children & Learning,2007,13,25
89,Tangibles for Learning,Children & Learning,2008,12,36
89,Tangibles for Learning,Children & Learning,2009,16,64
89,Tangibles for Learning,Children & Learning,2010,13,60
89,Tangibles for Learning,Children & Learning,2011,11,63
89,Tangibles for Learning,Children & Learning,2012,23,72
89,Tangibles for Learning,Children & Learning,2013,23,87
89,Tangibles for Learning,Children & Learning,2014,6,34
89,Tangibles for Learning,Children & Learning,2015,27,95
89,Tangibles for Learning,Children & Learning,2016,21,100
89,Tangibles for Learning,Children & Learning,2017,22,143
89,Tangibles for Learning,Children & Learning,2018,23,155
89,Tangibles for Learning,Children & Learning,2019,10,95
89,Tangibles for Learning,Children & Learning,2020,5,98
89,Tangibles for Learning,Children & Learning,2021,8,122
89,Tangibles for Learning,Children & Learning,2022,10,189
89,Tangibles for Learning,Children & Learning,2023,15,132
89,Tangibles for Learning,Children & Learning,2024,9,121
89,Tangibles for Learning,Children & Learning,2025,12,172
89,Tangibles for Learning,Children & Learning,2026,9,118
90,Autistic Children & Technology,Children & Learning,2004,2,0
90,Autistic Children & Technology,Children & Learning,2005,2,4
90,Autistic Children & Technology,Children & Learning,2006,1,4
90,Autistic Children & Technology,Children & Learning,2007,1,1
90,Autistic Children & Technology,Children & Learning,2008,7,8
90,Autistic Children & Technology,Children & Learning,2009,4,4
90,Autistic Children & Technology,Children & Learning,2010,5,10
90,Autistic Children & Technology,Children & Learning,2011,6,12
90,Autistic Children & Technology,Children & Learning,2012,7,20
90,Autistic Children & Technology,Children & Learning,2013,6,22
90,Autistic Children & Technology,Children & Learning,2014,8,19
90,Autistic Children & Technology,Children & Learning,2015,8,24
90,Autistic Children & Technology,Children & Learning,2016,16,49
90,Autistic Children & Technology,Children & Learning,2017,21,80
90,Autistic Children & Technology,Children & Learning,2018,16,85
90,Autistic Children & Technology,Children & Learning,2019,18,89
90,Autistic Children & Technology,Children & Learning,2020,16,106
90,Autistic Children & Technology,Children & Learning,2021,11,131
90,Autistic Children & Technology,Children & Learning,2022,11,97
90,Autistic Children & Technology,Children & Learning,2023,15,114
90,Autistic Children & Technology,Children & Learning,2024,27,241
90,Autistic Children & Technology,Children & Learning,2025,22,314
90,Autistic Children & Technology,Children & Learning,2026,13,211
91,Youth Online Safety,Children & Learning,1988,2,0
91,Youth Online Safety,Children & Learning,1994,0,1
91,Youth Online Safety,Children & Learning,2005,1,0
91,Youth Online Safety,Children & Learning,2007,1,3
91,Youth Online Safety,Children & Learning,2009,3,0
91,Youth Online Safety,Children & Learning,2011,2,3
91,Youth Online Safety,Children & Learning,2012,3,6
91,Youth Online Safety,Children & Learning,2013,3,3
91,Youth Online Safety,Children & Learning,2014,3,14
91,Youth Online Safety,Children & Learning,2015,7,19
91,Youth Online Safety,Children & Learning,2016,11,53
91,Youth Online Safety,Children & Learning,2017,17,115
91,Youth Online Safety,Children & Learning,2018,10,98
91,Youth Online Safety,Children & Learning,2019,15,173
91,Youth Online Safety,Children & Learning,2020,8,124
91,Youth Online Safety,Children & Learning,2021,16,249
91,Youth Online Safety,Children & Learning,2022,12,201
91,Youth Online Safety,Children & Learning,2023,25,241
91,Youth Online Safety,Children & Learning,2024,28,440
91,Youth Online Safety,Children & Learning,2025,31,522
91,Youth Online Safety,Children & Learning,2026,27,431
92,Children's Agency & Research Ethics,Children & Learning,2004,2,0
92,Children's Agency & Research Ethics,Children & Learning,2005,1,1
92,Children's Agency & Research Ethics,Children & Learning,2006,2,2
92,Children's Agency & Research Ethics,Children & Learning,2007,1,1
92,Children's Agency & Research Ethics,Children & Learning,2008,10,7
92,Children's Agency & Research Ethics,Children & Learning,2009,4,1
92,Children's Agency & Research Ethics,Children & Learning,2010,6,12
92,Children's Agency & Research Ethics,Children & Learning,2011,4,2
92,Children's Agency & Research Ethics,Children & Learning,2012,5,16
92,Children's Agency & Research Ethics,Children & Learning,2013,10,26
92,Children's Agency & Research Ethics,Children & Learning,2014,4,16
92,Children's Agency & Research Ethics,Children & Learning,2015,6,15
92,Children's Agency & Research Ethics,Children & Learning,2016,10,14
92,Children's Agency & Research Ethics,Children & Learning,2017,10,30
92,Children's Agency & Research Ethics,Children & Learning,2018,9,42
92,Children's Agency & Research Ethics,Children & Learning,2019,13,43
92,Children's Agency & Research Ethics,Children & Learning,2020,5,59
92,Children's Agency & Research Ethics,Children & Learning,2021,13,89
92,Children's Agency & Research Ethics,Children & Learning,2022,17,86
92,Children's Agency & Research Ethics,Children & Learning,2023,13,62
92,Children's Agency & Research Ethics,Children & Learning,2024,18,111
92,Children's Agency & Research Ethics,Children & Learning,2025,25,147
92,Children's Agency & Research Ethics,Children & Learning,2026,25,248
93,AI Literacy & K-12,Children & Learning,2009,1,0
93,AI Literacy & K-12,Children & Learning,2010,3,1
93,AI Literacy & K-12,Children & Learning,2011,1,2
93,AI Literacy & K-12,Children & Learning,2012,1,5
93,AI Literacy & K-12,Children & Learning,2013,0,3
93,AI Literacy & K-12,Children & Learning,2014,1,4
93,AI Literacy & K-12,Children & Learning,2015,2,4
93,AI Literacy & K-12,Children & Learning,2016,0,4
93,AI Literacy & K-12,Children & Learning,2017,5,9
93,AI Literacy & K-12,Children & Learning,2018,3,6
93,AI Literacy & K-12,Children & Learning,2019,7,25
93,AI Literacy & K-12,Children & Learning,2020,7,29
93,AI Literacy & K-12,Children & Learning,2021,17,92
93,AI Literacy & K-12,Children & Learning,2022,15,108
93,AI Literacy & K-12,Children & Learning,2023,13,121
93,AI Literacy & K-12,Children & Learning,2024,24,208
93,AI Literacy & K-12,Children & Learning,2025,31,357
93,AI Literacy & K-12,Children & Learning,2026,36,423
94,Children's Play & Learning Environments,Children & Learning,1996,1,0
94,Children's Play & Learning Environments,Children & Learning,1997,2,0
94,Children's Play & Learning Environments,Children & Learning,1998,3,4
94,Children's Play & Learning Environments,Children & Learning,1999,1,3
94,Children's Play & Learning Environments,Children & Learning,2001,2,3
94,Children's Play & Learning Environments,Children & Learning,2002,2,3
94,Children's Play & Learning Environments,Children & Learning,2003,4,4
94,Children's Play & Learning Environments,Children & Learning,2004,5,6
94,Children's Play & Learning Environments,Children & Learning,2005,1,11
94,Children's Play & Learning Environments,Children & Learning,2006,6,13
94,Children's Play & Learning Environments,Children & Learning,2007,7,11
94,Children's Play & Learning Environments,Children & Learning,2008,11,15
94,Children's Play & Learning Environments,Children & Learning,2009,13,25
94,Children's Play & Learning Environments,Children & Learning,2010,9,22
94,Children's Play & Learning Environments,Children & Learning,2011,8,20
94,Children's Play & Learning Environments,Children & Learning,2012,24,46
94,Children's Play & Learning Environments,Children & Learning,2013,36,55
94,Children's Play & Learning Environments,Children & Learning,2014,18,68
94,Children's Play & Learning Environments,Children & Learning,2015,18,48
94,Children's Play & Learning Environments,Children & Learning,2016,26,97
94,Children's Play & Learning Environments,Children & Learning,2017,31,145
94,Children's Play & Learning Environments,Children & Learning,2018,27,158
94,Children's Play & Learning Environments,Children & Learning,2019,28,190
94,Children's Play & Learning Environments,Children & Learning,2020,21,179
94,Children's Play & Learning Environments,Children & Learning,2021,23,220
94,Children's Play & Learning Environments,Children & Learning,2022,24,189
94,Children's Play & Learning Environments,Children & Learning,2023,16,198
94,Children's Play & Learning Environments,Children & Learning,2024,19,246
94,Children's Play & Learning Environments,Children & Learning,2025,20,250
94,Children's Play & Learning Environments,Children & Learning,2026,21,209
95,Usable Security & Phishing,"Privacy, Security & Smart Homes",2001,1,0
95,Usable Security & Phishing,"Privacy, Security & Smart Homes",2004,2,0
95,Usable Security & Phishing,"Privacy, Security & Smart Homes",2005,0,1
95,Usable Security & Phishing,"Privacy, Security & Smart Homes",2006,2,3
95,Usable Security & Phishing,"Privacy, Security & Smart Homes",2007,1,5
95,Usable Security & Phishing,"Privacy, Security & Smart Homes",2008,4,7
95,Usable Security & Phishing,"Privacy, Security & Smart Homes",2009,2,9
95,Usable Security & Phishing,"Privacy, Security & Smart Homes",2010,3,15
95,Usable Security & Phishing,"Privacy, Security & Smart Homes",2011,5,19
95,Usable Security & Phishing,"Privacy, Security & Smart Homes",2012,0,5
95,Usable Security & Phishing,"Privacy, Security & Smart Homes",2013,2,6
95,Usable Security & Phishing,"Privacy, Security & Smart Homes",2014,2,8
95,Usable Security & Phishing,"Privacy, Security & Smart Homes",2015,5,12
95,Usable Security & Phishing,"Privacy, Security & Smart Homes",2016,4,19
95,Usable Security & Phishing,"Privacy, Security & Smart Homes",2017,7,35
95,Usable Security & Phishing,"Privacy, Security & Smart Homes",2018,5,31
95,Usable Security & Phishing,"Privacy, Security & Smart Homes",2019,13,62
95,Usable Security & Phishing,"Privacy, Security & Smart Homes",2020,8,57
95,Usable Security & Phishing,"Privacy, Security & Smart Homes",2021,10,93
95,Usable Security & Phishing,"Privacy, Security & Smart Homes",2022,9,91
95,Usable Security & Phishing,"Privacy, Security & Smart Homes",2023,10,136
95,Usable Security & Phishing,"Privacy, Security & Smart Homes",2024,9,111
95,Usable Security & Phishing,"Privacy, Security & Smart Homes",2025,21,195
95,Usable Security & Phishing,"Privacy, Security & Smart Homes",2026,16,133
96,Smart-home Privacy,"Privacy, Security & Smart Homes",2002,1,0
96,Smart-home Privacy,"Privacy, Security & Smart Homes",2005,1,0
96,Smart-home Privacy,"Privacy, Security & Smart Homes",2006,0,1
96,Smart-home Privacy,"Privacy, Security & Smart Homes",2007,1,1
96,Smart-home Privacy,"Privacy, Security & Smart Homes",2008,4,0
96,Smart-home Privacy,"Privacy, Security & Smart Homes",2009,0,5
96,Smart-home Privacy,"Privacy, Security & Smart Homes",2010,0,2
96,Smart-home Privacy,"Privacy, Security & Smart Homes",2011,1,3
96,Smart-home Privacy,"Privacy, Security & Smart Homes",2012,2,6
96,Smart-home Privacy,"Privacy, Security & Smart Homes",2013,0,5
96,Smart-home Privacy,"Privacy, Security & Smart Homes",2014,1,4
96,Smart-home Privacy,"Privacy, Security & Smart Homes",2015,0,11
96,Smart-home Privacy,"Privacy, Security & Smart Homes",2016,4,9
96,Smart-home Privacy,"Privacy, Security & Smart Homes",2017,2,12
96,Smart-home Privacy,"Privacy, Security & Smart Homes",2018,5,32
96,Smart-home Privacy,"Privacy, Security & Smart Homes",2019,9,37
96,Smart-home Privacy,"Privacy, Security & Smart Homes",2020,13,93
96,Smart-home Privacy,"Privacy, Security & Smart Homes",2021,14,173
96,Smart-home Privacy,"Privacy, Security & Smart Homes",2022,15,190
96,Smart-home Privacy,"Privacy, Security & Smart Homes",2023,12,246
96,Smart-home Privacy,"Privacy, Security & Smart Homes",2024,19,302
96,Smart-home Privacy,"Privacy, Security & Smart Homes",2025,18,341
96,Smart-home Privacy,"Privacy, Security & Smart Homes",2026,12,286
97,Deceptive Advertising Patterns,"Privacy, Security & Smart Homes",2012,1,0
97,Deceptive Advertising Patterns,"Privacy, Security & Smart Homes",2013,1,1
97,Deceptive Advertising Patterns,"Privacy, Security & Smart Homes",2014,3,1
97,Deceptive Advertising Patterns,"Privacy, Security & Smart Homes",2015,1,3
97,Deceptive Advertising Patterns,"Privacy, Security & Smart Homes",2016,1,6
97,Deceptive Advertising Patterns,"Privacy, Security & Smart Homes",2017,1,4
97,Deceptive Advertising Patterns,"Privacy, Security & Smart Homes",2018,2,10
97,Deceptive Advertising Patterns,"Privacy, Security & Smart Homes",2019,6,22
97,Deceptive Advertising Patterns,"Privacy, Security & Smart Homes",2020,6,41
97,Deceptive Advertising Patterns,"Privacy, Security & Smart Homes",2021,10,98
97,Deceptive Advertising Patterns,"Privacy, Security & Smart Homes",2022,14,108
97,Deceptive Advertising Patterns,"Privacy, Security & Smart Homes",2023,14,166
97,Deceptive Advertising Patterns,"Privacy, Security & Smart Homes",2024,27,297
97,Deceptive Advertising Patterns,"Privacy, Security & Smart Homes",2025,20,390
97,Deceptive Advertising Patterns,"Privacy, Security & Smart Homes",2026,17,299
98,Ubicomp Privacy & Home Automation,"Privacy, Security & Smart Homes",1983,3,0
98,Ubicomp Privacy & Home Automation,"Privacy, Security & Smart Homes",1988,2,4
98,Ubicomp Privacy & Home Automation,"Privacy, Security & Smart Homes",1989,0,1
98,Ubicomp Privacy & Home Automation,"Privacy, Security & Smart Homes",1993,1,1
98,Ubicomp Privacy & Home Automation,"Privacy, Security & Smart Homes",1997,1,0
98,Ubicomp Privacy & Home Automation,"Privacy, Security & Smart Homes",1998,2,1
98,Ubicomp Privacy & Home Automation,"Privacy, Security & Smart Homes",2001,1,0
98,Ubicomp Privacy & Home Automation,"Privacy, Security & Smart Homes",2002,0,2
98,Ubicomp Privacy & Home Automation,"Privacy, Security & Smart Homes",2003,3,2
98,Ubicomp Privacy & Home Automation,"Privacy, Security & Smart Homes",2004,4,3
98,Ubicomp Privacy & Home Automation,"Privacy, Security & Smart Homes",2005,1,5
98,Ubicomp Privacy & Home Automation,"Privacy, Security & Smart Homes",2006,5,9
98,Ubicomp Privacy & Home Automation,"Privacy, Security & Smart Homes",2007,2,13
98,Ubicomp Privacy & Home Automation,"Privacy, Security & Smart Homes",2008,3,9
98,Ubicomp Privacy & Home Automation,"Privacy, Security & Smart Homes",2009,2,8
98,Ubicomp Privacy & Home Automation,"Privacy, Security & Smart Homes",2010,4,9
98,Ubicomp Privacy & Home Automation,"Privacy, Security & Smart Homes",2011,8,18
98,Ubicomp Privacy & Home Automation,"Privacy, Security & Smart Homes",2012,6,22
98,Ubicomp Privacy & Home Automation,"Privacy, Security & Smart Homes",2013,6,22
98,Ubicomp Privacy & Home Automation,"Privacy, Security & Smart Homes",2014,11,29
98,Ubicomp Privacy & Home Automation,"Privacy, Security & Smart Homes",2015,14,62
98,Ubicomp Privacy & Home Automation,"Privacy, Security & Smart Homes",2016,11,67
98,Ubicomp Privacy & Home Automation,"Privacy, Security & Smart Homes",2017,20,114
98,Ubicomp Privacy & Home Automation,"Privacy, Security & Smart Homes",2018,24,181
98,Ubicomp Privacy & Home Automation,"Privacy, Security & Smart Homes",2019,19,168
98,Ubicomp Privacy & Home Automation,"Privacy, Security & Smart Homes",2020,18,176
98,Ubicomp Privacy & Home Automation,"Privacy, Security & Smart Homes",2021,20,256
98,Ubicomp Privacy & Home Automation,"Privacy, Security & Smart Homes",2022,18,210
98,Ubicomp Privacy & Home Automation,"Privacy, Security & Smart Homes",2023,24,254
98,Ubicomp Privacy & Home Automation,"Privacy, Security & Smart Homes",2024,23,332
98,Ubicomp Privacy & Home Automation,"Privacy, Security & Smart Homes",2025,34,361
98,Ubicomp Privacy & Home Automation,"Privacy, Security & Smart Homes",2026,23,298
99,Movement & Somaesthetics,Design Research & Critical HCI,1990,1,0
99,Movement & Somaesthetics,Design Research & Critical HCI,1996,1,1
99,Movement & Somaesthetics,Design Research & Critical HCI,1997,0,2
99,Movement & Somaesthetics,Design Research & Critical HCI,1998,0,1
99,Movement & Somaesthetics,Design Research & Critical HCI,2000,3,1
99,Movement & Somaesthetics,Design Research & Critical HCI,2002,3,4
99,Movement & Somaesthetics,Design Research & Critical HCI,2003,2,2
99,Movement & Somaesthetics,Design Research & Critical HCI,2004,6,9
99,Movement & Somaesthetics,Design Research & Critical HCI,2005,1,7
99,Movement & Somaesthetics,Design Research & Critical HCI,2006,5,22
99,Movement & Somaesthetics,Design Research & Critical HCI,2007,7,20
99,Movement & Somaesthetics,Design Research & Critical HCI,2008,10,42
99,Movement & Somaesthetics,Design Research & Critical HCI,2009,7,30
99,Movement & Somaesthetics,Design Research & Critical HCI,2010,9,37
99,Movement & Somaesthetics,Design Research & Critical HCI,2011,9,51
99,Movement & Somaesthetics,Design Research & Critical HCI,2012,16,97
99,Movement & Somaesthetics,Design Research & Critical HCI,2013,19,98
99,Movement & Somaesthetics,Design Research & Critical HCI,2014,17,148
99,Movement & Somaesthetics,Design Research & Critical HCI,2015,16,122
99,Movement & Somaesthetics,Design Research & Critical HCI,2016,23,205
99,Movement & Somaesthetics,Design Research & Critical HCI,2017,24,257
99,Movement & Somaesthetics,Design Research & Critical HCI,2018,16,231
99,Movement & Somaesthetics,Design Research & Critical HCI,2019,31,390
99,Movement & Somaesthetics,Design Research & Critical HCI,2020,38,404
99,Movement & Somaesthetics,Design Research & Critical HCI,2021,50,702
99,Movement & Somaesthetics,Design Research & Critical HCI,2022,41,703
99,Movement & Somaesthetics,Design Research & Critical HCI,2023,54,989
99,Movement & Somaesthetics,Design Research & Critical HCI,2024,89,1395
99,Movement & Somaesthetics,Design Research & Critical HCI,2025,69,1465
99,Movement & Somaesthetics,Design Research & Critical HCI,2026,80,1568
100,Bodily Play & Spectator Experience,Design Research & Critical HCI,1992,1,0
100,Bodily Play & Spectator Experience,Design Research & Critical HCI,1994,1,0
100,Bodily Play & Spectator Experience,Design Research & Critical HCI,1996,1,0
100,Bodily Play & Spectator Experience,Design Research & Critical HCI,1997,1,1
100,Bodily Play & Spectator Experience,Design Research & Critical HCI,1998,1,0
100,Bodily Play & Spectator Experience,Design Research & Critical HCI,1999,1,0
100,Bodily Play & Spectator Experience,Design Research & Critical HCI,2000,5,0
100,Bodily Play & Spectator Experience,Design Research & Critical HCI,2001,4,4
100,Bodily Play & Spectator Experience,Design Research & Critical HCI,2002,11,10
100,Bodily Play & Spectator Experience,Design Research & Critical HCI,2003,4,9
100,Bodily Play & Spectator Experience,Design Research & Critical HCI,2004,9,32
100,Bodily Play & Spectator Experience,Design Research & Critical HCI,2005,10,39
100,Bodily Play & Spectator Experience,Design Research & Critical HCI,2006,13,74
100,Bodily Play & Spectator Experience,Design Research & Critical HCI,2007,12,55
100,Bodily Play & Spectator Experience,Design Research & Critical HCI,2008,16,91
100,Bodily Play & Spectator Experience,Design Research & Critical HCI,2009,18,106
100,Bodily Play & Spectator Experience,Design Research & Critical HCI,2010,16,105
100,Bodily Play & Spectator Experience,Design Research & Critical HCI,2011,19,99
100,Bodily Play & Spectator Experience,Design Research & Critical HCI,2012,21,131
100,Bodily Play & Spectator Experience,Design Research & Critical HCI,2013,25,157
100,Bodily Play & Spectator Experience,Design Research & Critical HCI,2014,38,230
100,Bodily Play & Spectator Experience,Design Research & Critical HCI,2015,42,285
100,Bodily Play & Spectator Experience,Design Research & Critical HCI,2016,34,300
100,Bodily Play & Spectator Experience,Design Research & Critical HCI,2017,43,465
100,Bodily Play & Spectator Experience,Design Research & Critical HCI,2018,25,331
100,Bodily Play & Spectator Experience,Design Research & Critical HCI,2019,39,419
100,Bodily Play & Spectator Experience,Design Research & Critical HCI,2020,29,405
100,Bodily Play & Spectator Experience,Design Research & Critical HCI,2021,25,535
100,Bodily Play & Spectator Experience,Design Research & Critical HCI,2022,23,427
100,Bodily Play & Spectator Experience,Design Research & Critical HCI,2023,16,395
100,Bodily Play & Spectator Experience,Design Research & Critical HCI,2024,22,486
100,Bodily Play & Spectator Experience,Design Research & Critical HCI,2025,22,423
100,Bodily Play & Spectator Experience,Design Research & Critical HCI,2026,24,393
101,Speculative & Critical Design,Design Research & Critical HCI,1981,1,0
101,Speculative & Critical Design,Design Research & Critical HCI,1982,2,0
101,Speculative & Critical Design,Design Research & Critical HCI,1985,1,0
101,Speculative & Critical Design,Design Research & Critical HCI,1986,2,1
101,Speculative & Critical Design,Design Research & Critical HCI,1990,2,4
101,Speculative & Critical Design,Design Research & Critical HCI,1992,1,2
101,Speculative & Critical Design,Design Research & Critical HCI,1994,2,1
101,Speculative & Critical Design,Design Research & Critical HCI,1995,2,4
101,Speculative & Critical Design,Design Research & Critical HCI,1996,1,4
101,Speculative & Critical Design,Design Research & Critical HCI,1997,2,6
101,Speculative & Critical Design,Design Research & Critical HCI,1999,2,3
101,Speculative & Critical Design,Design Research & Critical HCI,2000,9,6
101,Speculative & Critical Design,Design Research & Critical HCI,2001,1,2
101,Speculative & Critical Design,Design Research & Critical HCI,2002,7,14
101,Speculative & Critical Design,Design Research & Critical HCI,2003,3,6
101,Speculative & Critical Design,Design Research & Critical HCI,2004,8,25
101,Speculative & Critical Design,Design Research & Critical HCI,2005,2,11
101,Speculative & Critical Design,Design Research & Critical HCI,2006,8,43
101,Speculative & Critical Design,Design Research & Critical HCI,2007,9,49
101,Speculative & Critical Design,Design Research & Critical HCI,2008,5,43
101,Speculative & Critical Design,Design Research & Critical HCI,2009,11,55
101,Speculative & Critical Design,Design Research & Critical HCI,2010,12,76
101,Speculative & Critical Design,Design Research & Critical HCI,2011,10,63
101,Speculative & Critical Design,Design Research & Critical HCI,2012,18,97
101,Speculative & Critical Design,Design Research & Critical HCI,2013,19,89
101,Speculative & Critical Design,Design Research & Critical HCI,2014,30,168
101,Speculative & Critical Design,Design Research & Critical HCI,2015,18,145
101,Speculative & Critical Design,Design Research & Critical HCI,2016,21,199
101,Speculative & Critical Design,Design Research & Critical HCI,2017,32,350
101,Speculative & Critical Design,Design Research & Critical HCI,2018,26,375
101,Speculative & Critical Design,Design Research & Critical HCI,2019,41,530
101,Speculative & Critical Design,Design Research & Critical HCI,2020,34,577
101,Speculative & Critical Design,Design Research & Critical HCI,2021,38,721
101,Speculative & Critical Design,Design Research & Critical HCI,2022,26,684
101,Speculative & Critical Design,Design Research & Critical HCI,2023,42,735
101,Speculative & Critical Design,Design Research & Critical HCI,2024,36,824
101,Speculative & Critical Design,Design Research & Critical HCI,2025,44,1083
101,Speculative & Critical Design,Design Research & Critical HCI,2026,35,953
102,Sustainable HCI,Design Research & Critical HCI,1998,1,0
102,Sustainable HCI,Design Research & Critical HCI,1999,0,1
102,Sustainable HCI,Design Research & Critical HCI,2002,0,1
102,Sustainable HCI,Design Research & Critical HCI,2004,1,0
102,Sustainable HCI,Design Research & Critical HCI,2005,2,1
102,Sustainable HCI,Design Research & Critical HCI,2006,2,1
102,Sustainable HCI,Design Research & Critical HCI,2007,6,3
102,Sustainable HCI,Design Research & Critical HCI,2008,8,16
102,Sustainable HCI,Design Research & Critical HCI,2009,15,41
102,Sustainable HCI,Design Research & Critical HCI,2010,25,99
102,Sustainable HCI,Design Research & Critical HCI,2011,25,129
102,Sustainable HCI,Design Research & Critical HCI,2012,22,217
102,Sustainable HCI,Design Research & Critical HCI,2013,37,323
102,Sustainable HCI,Design Research & Critical HCI,2014,29,289
102,Sustainable HCI,Design Research & Critical HCI,2015,20,251
102,Sustainable HCI,Design Research & Critical HCI,2016,24,354
102,Sustainable HCI,Design Research & Critical HCI,2017,22,320
102,Sustainable HCI,Design Research & Critical HCI,2018,32,566
102,Sustainable HCI,Design Research & Critical HCI,2019,27,411
102,Sustainable HCI,Design Research & Critical HCI,2020,25,347
102,Sustainable HCI,Design Research & Critical HCI,2021,25,455
102,Sustainable HCI,Design Research & Critical HCI,2022,23,467
102,Sustainable HCI,Design Research & Critical HCI,2023,38,737
102,Sustainable HCI,Design Research & Critical HCI,2024,26,556
102,Sustainable HCI,Design Research & Critical HCI,2025,43,835
102,Sustainable HCI,Design Research & Critical HCI,2026,32,667
103,Family Video Communication,Design Research & Critical HCI,1990,1,0
103,Family Video Communication,Design Research & Critical HCI,1996,2,0
103,Family Video Communication,Design Research & Critical HCI,1997,3,7
103,Family Video Communication,Design Research & Critical HCI,1998,1,4
103,Family Video Communication,Design Research & Critical HCI,1999,1,4
103,Family Video Communication,Design Research & Critical HCI,2000,4,5
103,Family Video Communication,Design Research & Critical HCI,2001,5,10
103,Family Video Communication,Design Research & Critical HCI,2002,10,24
103,Family Video Communication,Design Research & Critical HCI,2003,10,31
103,Family Video Communication,Design Research & Critical HCI,2004,13,64
103,Family Video Communication,Design Research & Critical HCI,2005,11,48
103,Family Video Communication,Design Research & Critical HCI,2006,20,116
103,Family Video Communication,Design Research & Critical HCI,2007,14,93
103,Family Video Communication,Design Research & Critical HCI,2008,12,159
103,Family Video Communication,Design Research & Critical HCI,2009,16,126
103,Family Video Communication,Design Research & Critical HCI,2010,32,190
103,Family Video Communication,Design Research & Critical HCI,2011,16,173
103,Family Video Communication,Design Research & Critical HCI,2012,23,257
103,Family Video Communication,Design Research & Critical HCI,2013,17,214
103,Family Video Communication,Design Research & Critical HCI,2014,22,244
103,Family Video Communication,Design Research & Critical HCI,2015,17,263
103,Family Video Communication,Design Research & Critical HCI,2016,13,276
103,Family Video Communication,Design Research & Critical HCI,2017,17,330
103,Family Video Communication,Design Research & Critical HCI,2018,18,399
103,Family Video Communication,Design Research & Critical HCI,2019,19,354
103,Family Video Communication,Design Research & Critical HCI,2020,10,267
103,Family Video Communication,Design Research & Critical HCI,2021,19,491
103,Family Video Communication,Design Research & Critical HCI,2022,13,322
103,Family Video Communication,Design Research & Critical HCI,2023,10,388
103,Family Video Communication,Design Research & Critical HCI,2024,24,526
103,Family Video Communication,Design Research & Critical HCI,2025,18,547
103,Family Video Communication,Design Research & Critical HCI,2026,18,416
104,Memory & Reminiscence,Design Research & Critical HCI,1998,1,0
104,Memory & Reminiscence,Design Research & Critical HCI,1999,1,0
104,Memory & Reminiscence,Design Research & Critical HCI,2000,3,4
104,Memory & Reminiscence,Design Research & Critical HCI,2001,2,2
104,Memory & Reminiscence,Design Research & Critical HCI,2002,3,6
104,Memory & Reminiscence,Design Research & Critical HCI,2003,2,11
104,Memory & Reminiscence,Design Research & Critical HCI,2004,2,13
104,Memory & Reminiscence,Design Research & Critical HCI,2005,8,26
104,Memory & Reminiscence,Design Research & Critical HCI,2006,9,39
104,Memory & Reminiscence,Design Research & Critical HCI,2007,8,26
104,Memory & Reminiscence,Design Research & Critical HCI,2008,13,51
104,Memory & Reminiscence,Design Research & Critical HCI,2009,14,68
104,Memory & Reminiscence,Design Research & Critical HCI,2010,18,91
104,Memory & Reminiscence,Design Research & Critical HCI,2011,17,98
104,Memory & Reminiscence,Design Research & Critical HCI,2012,15,111
104,Memory & Reminiscence,Design Research & Critical HCI,2013,15,107
104,Memory & Reminiscence,Design Research & Critical HCI,2014,18,170
104,Memory & Reminiscence,Design Research & Critical HCI,2015,9,123
104,Memory & Reminiscence,Design Research & Critical HCI,2016,16,280
104,Memory & Reminiscence,Design Research & Critical HCI,2017,20,189
104,Memory & Reminiscence,Design Research & Critical HCI,2018,16,234
104,Memory & Reminiscence,Design Research & Critical HCI,2019,23,281
104,Memory & Reminiscence,Design Research & Critical HCI,2020,15,240
104,Memory & Reminiscence,Design Research & Critical HCI,2021,16,326
104,Memory & Reminiscence,Design Research & Critical HCI,2022,9,258
104,Memory & Reminiscence,Design Research & Critical HCI,2023,17,469
104,Memory & Reminiscence,Design Research & Critical HCI,2024,17,386
104,Memory & Reminiscence,Design Research & Critical HCI,2025,23,507
104,Memory & Reminiscence,Design Research & Critical HCI,2026,28,499
105,Interpretation & Critique in Design Research,Design Research & Critical HCI,1989,1,0
105,Interpretation & Critique in Design Research,Design Research & Critical HCI,1990,0,6
105,Interpretation & Critique in Design Research,Design Research & Critical HCI,1991,0,1
105,Interpretation & Critique in Design Research,Design Research & Critical HCI,1996,0,1
105,Interpretation & Critique in Design Research,Design Research & Critical HCI,1999,1,0
105,Interpretation & Critique in Design Research,Design Research & Critical HCI,2000,1,1
105,Interpretation & Critique in Design Research,Design Research & Critical HCI,2001,0,1
105,Interpretation & Critique in Design Research,Design Research & Critical HCI,2002,3,3
105,Interpretation & Critique in Design Research,Design Research & Critical HCI,2003,0,2
105,Interpretation & Critique in Design Research,Design Research & Critical HCI,2004,1,2
105,Interpretation & Critique in Design Research,Design Research & Critical HCI,2005,1,6
105,Interpretation & Critique in Design Research,Design Research & Critical HCI,2006,5,16
105,Interpretation & Critique in Design Research,Design Research & Critical HCI,2007,4,7
105,Interpretation & Critique in Design Research,Design Research & Critical HCI,2008,9,41
105,Interpretation & Critique in Design Research,Design Research & Critical HCI,2009,2,36
105,Interpretation & Critique in Design Research,Design Research & Critical HCI,2010,9,57
105,Interpretation & Critique in Design Research,Design Research & Critical HCI,2011,10,44
105,Interpretation & Critique in Design Research,Design Research & Critical HCI,2012,18,111
105,Interpretation & Critique in Design Research,Design Research & Critical HCI,2013,4,74
105,Interpretation & Critique in Design Research,Design Research & Critical HCI,2014,15,111
105,Interpretation & Critique in Design Research,Design Research & Critical HCI,2015,8,96
105,Interpretation & Critique in Design Research,Design Research & Critical HCI,2016,27,194
105,Interpretation & Critique in Design Research,Design Research & Critical HCI,2017,19,238
105,Interpretation & Critique in Design Research,Design Research & Critical HCI,2018,21,300
105,Interpretation & Critique in Design Research,Design Research & Critical HCI,2019,28,382
105,Interpretation & Critique in Design Research,Design Research & Critical HCI,2020,23,351
105,Interpretation & Critique in Design Research,Design Research & Critical HCI,2021,24,447
105,Interpretation & Critique in Design Research,Design Research & Critical HCI,2022,19,488
105,Interpretation & Critique in Design Research,Design Research & Critical HCI,2023,18,520
105,Interpretation & Critique in Design Research,Design Research & Critical HCI,2024,24,651
105,Interpretation & Critique in Design Research,Design Research & Critical HCI,2025,25,636
105,Interpretation & Critique in Design Research,Design Research & Critical HCI,2026,20,649
106,More-than-human Design,Design Research & Critical HCI,1997,1,0
106,More-than-human Design,Design Research & Critical HCI,1998,1,0
106,More-than-human Design,Design Research & Critical HCI,2004,2,0
106,More-than-human Design,Design Research & Critical HCI,2005,3,3
106,More-than-human Design,Design Research & Critical HCI,2006,0,1
106,More-than-human Design,Design Research & Critical HCI,2007,3,0
106,More-than-human Design,Design Research & Critical HCI,2008,2,0
106,More-than-human Design,Design Research & Critical HCI,2009,2,0
106,More-than-human Design,Design Research & Critical HCI,2010,6,4
106,More-than-human Design,Design Research & Critical HCI,2011,6,5
106,More-than-human Design,Design Research & Critical HCI,2012,8,10
106,More-than-human Design,Design Research & Critical HCI,2013,7,26
106,More-than-human Design,Design Research & Critical HCI,2014,10,41
106,More-than-human Design,Design Research & Critical HCI,2015,16,54
106,More-than-human Design,Design Research & Critical HCI,2016,8,43
106,More-than-human Design,Design Research & Critical HCI,2017,15,74
106,More-than-human Design,Design Research & Critical HCI,2018,14,73
106,More-than-human Design,Design Research & Critical HCI,2019,11,75
106,More-than-human Design,Design Research & Critical HCI,2020,12,95
106,More-than-human Design,Design Research & Critical HCI,2021,16,140
106,More-than-human Design,Design Research & Critical HCI,2022,19,210
106,More-than-human Design,Design Research & Critical HCI,2023,30,349
106,More-than-human Design,Design Research & Critical HCI,2024,33,464
106,More-than-human Design,Design Research & Critical HCI,2025,41,668
106,More-than-human Design,Design Research & Critical HCI,2026,40,632
107,VR Meditation & Breathing,Design Research & Critical HCI,2004,1,0
107,VR Meditation & Breathing,Design Research & Critical HCI,2006,2,1
107,VR Meditation & Breathing,Design Research & Critical HCI,2007,1,3
107,VR Meditation & Breathing,Design Research & Critical HCI,2008,0,10
107,VR Meditation & Breathing,Design Research & Critical HCI,2009,2,10
107,VR Meditation & Breathing,Design Research & Critical HCI,2010,4,7
107,VR Meditation & Breathing,Design Research & Critical HCI,2011,5,15
107,VR Meditation & Breathing,Design Research & Critical HCI,2012,3,10
107,VR Meditation & Breathing,Design Research & Critical HCI,2013,1,8
107,VR Meditation & Breathing,Design Research & Critical HCI,2014,7,24
107,VR Meditation & Breathing,Design Research & Critical HCI,2015,4,18
107,VR Meditation & Breathing,Design Research & Critical HCI,2016,12,40
107,VR Meditation & Breathing,Design Research & Critical HCI,2017,17,75
107,VR Meditation & Breathing,Design Research & Critical HCI,2018,14,99
107,VR Meditation & Breathing,Design Research & Critical HCI,2019,13,116
107,VR Meditation & Breathing,Design Research & Critical HCI,2020,19,152
107,VR Meditation & Breathing,Design Research & Critical HCI,2021,16,199
107,VR Meditation & Breathing,Design Research & Critical HCI,2022,14,264
107,VR Meditation & Breathing,Design Research & Critical HCI,2023,20,263
107,VR Meditation & Breathing,Design Research & Critical HCI,2024,20,332
107,VR Meditation & Breathing,Design Research & Critical HCI,2025,22,427
107,VR Meditation & Breathing,Design Research & Critical HCI,2026,28,392
108,Playful Food Experiences,Design Research & Critical HCI,2002,1,0
108,Playful Food Experiences,Design Research & Critical HCI,2003,1,0
108,Playful Food Experiences,Design Research & Critical HCI,2008,2,0
108,Playful Food Experiences,Design Research & Critical HCI,2009,2,2
108,Playful Food Experiences,Design Research & Critical HCI,2010,5,1
108,Playful Food Experiences,Design Research & Critical HCI,2011,6,6
108,Playful Food Experiences,Design Research & Critical HCI,2012,10,13
108,Playful Food Experiences,Design Research & Critical HCI,2013,6,17
108,Playful Food Experiences,Design Research & Critical HCI,2014,8,23
108,Playful Food Experiences,Design Research & Critical HCI,2015,6,24
108,Playful Food Experiences,Design Research & Critical HCI,2016,10,51
108,Playful Food Experiences,Design Research & Critical HCI,2017,10,55
108,Playful Food Experiences,Design Research & Critical HCI,2018,9,78
108,Playful Food Experiences,Design Research & Critical HCI,2019,8,84
108,Playful Food Experiences,Design Research & Critical HCI,2020,15,151
108,Playful Food Experiences,Design Research & Critical HCI,2021,10,162
108,Playful Food Experiences,Design Research & Critical HCI,2022,16,203
108,Playful Food Experiences,Design Research & Critical HCI,2023,14,195
108,Playful Food Experiences,Design Research & Critical HCI,2024,13,220
108,Playful Food Experiences,Design Research & Critical HCI,2025,7,177
108,Playful Food Experiences,Design Research & Critical HCI,2026,15,225
109,Calendars & Scheduling,Design Research & Critical HCI,1986,1,1
109,Calendars & Scheduling,Design Research & Critical HCI,1988,0,1
109,Calendars & Scheduling,Design Research & Critical HCI,1990,1,1
109,Calendars & Scheduling,Design Research & Critical HCI,1992,0,2
109,Calendars & Scheduling,Design Research & Critical HCI,1994,0,1
109,Calendars & Scheduling,Design Research & Critical HCI,1999,1,2
109,Calendars & Scheduling,Design Research & Critical HCI,2000,0,3
109,Calendars & Scheduling,Design Research & Critical HCI,2001,3,3
109,Calendars & Scheduling,Design Research & Critical HCI,2002,3,9
109,Calendars & Scheduling,Design Research & Critical HCI,2003,0,4
109,Calendars & Scheduling,Design Research & Critical HCI,2004,1,12
109,Calendars & Scheduling,Design Research & Critical HCI,2005,2,8
109,Calendars & Scheduling,Design Research & Critical HCI,2006,0,14
109,Calendars & Scheduling,Design Research & Critical HCI,2007,0,5
109,Calendars & Scheduling,Design Research & Critical HCI,2008,3,14
109,Calendars & Scheduling,Design Research & Critical HCI,2009,0,7
109,Calendars & Scheduling,Design Research & Critical HCI,2010,1,13
109,Calendars & Scheduling,Design Research & Critical HCI,2011,3,13
109,Calendars & Scheduling,Design Research & Critical HCI,2012,3,9
109,Calendars & Scheduling,Design Research & Critical HCI,2013,1,16
109,Calendars & Scheduling,Design Research & Critical HCI,2014,3,21
109,Calendars & Scheduling,Design Research & Critical HCI,2015,1,28
109,Calendars & Scheduling,Design Research & Critical HCI,2016,2,29
109,Calendars & Scheduling,Design Research & Critical HCI,2017,1,18
109,Calendars & Scheduling,Design Research & Critical HCI,2018,0,9
109,Calendars & Scheduling,Design Research & Critical HCI,2019,2,16
109,Calendars & Scheduling,Design Research & Critical HCI,2020,1,8
109,Calendars & Scheduling,Design Research & Critical HCI,2021,2,17
109,Calendars & Scheduling,Design Research & Critical HCI,2022,1,37
109,Calendars & Scheduling,Design Research & Critical HCI,2023,2,31
109,Calendars & Scheduling,Design Research & Critical HCI,2024,0,24
109,Calendars & Scheduling,Design Research & Critical HCI,2025,1,29
109,Calendars & Scheduling,Design Research & Critical HCI,2026,1,23
110,Self-tracking & Reflection,Health & Wellbeing,1997,2,1
110,Self-tracking & Reflection,Health & Wellbeing,2000,1,1
110,Self-tracking & Reflection,Health & Wellbeing,2005,1,2
110,Self-tracking & Reflection,Health & Wellbeing,2006,3,1
110,Self-tracking & Reflection,Health & Wellbeing,2007,1,8
110,Self-tracking & Reflection,Health & Wellbeing,2008,5,20
110,Self-tracking & Reflection,Health & Wellbeing,2009,6,24
110,Self-tracking & Reflection,Health & Wellbeing,2010,11,47
110,Self-tracking & Reflection,Health & Wellbeing,2011,16,49
110,Self-tracking & Reflection,Health & Wellbeing,2012,19,109
110,Self-tracking & Reflection,Health & Wellbeing,2013,16,86
110,Self-tracking & Reflection,Health & Wellbeing,2014,18,156
110,Self-tracking & Reflection,Health & Wellbeing,2015,31,244
110,Self-tracking & Reflection,Health & Wellbeing,2016,29,294
110,Self-tracking & Reflection,Health & Wellbeing,2017,35,450
110,Self-tracking & Reflection,Health & Wellbeing,2018,34,462
110,Self-tracking & Reflection,Health & Wellbeing,2019,20,404
110,Self-tracking & Reflection,Health & Wellbeing,2020,27,521
110,Self-tracking & Reflection,Health & Wellbeing,2021,31,662
110,Self-tracking & Reflection,Health & Wellbeing,2022,32,602
110,Self-tracking & Reflection,Health & Wellbeing,2023,33,801
110,Self-tracking & Reflection,Health & Wellbeing,2024,48,989
110,Self-tracking & Reflection,Health & Wellbeing,2025,58,1291
110,Self-tracking & Reflection,Health & Wellbeing,2026,42,834
111,Chronic Care & Caregiving,Health & Wellbeing,1996,1,0
111,Chronic Care & Caregiving,Health & Wellbeing,1998,1,0
111,Chronic Care & Caregiving,Health & Wellbeing,2001,1,1
111,Chronic Care & Caregiving,Health & Wellbeing,2002,1,1
111,Chronic Care & Caregiving,Health & Wellbeing,2003,0,1
111,Chronic Care & Caregiving,Health & Wellbeing,2004,0,1
111,Chronic Care & Caregiving,Health & Wellbeing,2005,1,7
111,Chronic Care & Caregiving,Health & Wellbeing,2006,6,1
111,Chronic Care & Caregiving,Health & Wellbeing,2007,1,4
111,Chronic Care & Caregiving,Health & Wellbeing,2008,4,11
111,Chronic Care & Caregiving,Health & Wellbeing,2009,7,12
111,Chronic Care & Caregiving,Health & Wellbeing,2010,11,25
111,Chronic Care & Caregiving,Health & Wellbeing,2011,10,24
111,Chronic Care & Caregiving,Health & Wellbeing,2012,11,48
111,Chronic Care & Caregiving,Health & Wellbeing,2013,12,42
111,Chronic Care & Caregiving,Health & Wellbeing,2014,13,56
111,Chronic Care & Caregiving,Health & Wellbeing,2015,16,112
111,Chronic Care & Caregiving,Health & Wellbeing,2016,13,137
111,Chronic Care & Caregiving,Health & Wellbeing,2017,25,252
111,Chronic Care & Caregiving,Health & Wellbeing,2018,16,197
111,Chronic Care & Caregiving,Health & Wellbeing,2019,22,299
111,Chronic Care & Caregiving,Health & Wellbeing,2020,17,251
111,Chronic Care & Caregiving,Health & Wellbeing,2021,17,386
111,Chronic Care & Caregiving,Health & Wellbeing,2022,20,420
111,Chronic Care & Caregiving,Health & Wellbeing,2023,28,486
111,Chronic Care & Caregiving,Health & Wellbeing,2024,30,600
111,Chronic Care & Caregiving,Health & Wellbeing,2025,37,792
111,Chronic Care & Caregiving,Health & Wellbeing,2026,15,475
112,Behavior Sensing,Health & Wellbeing,2005,1,0
112,Behavior Sensing,Health & Wellbeing,2007,0,1
112,Behavior Sensing,Health & Wellbeing,2008,1,0
112,Behavior Sensing,Health & Wellbeing,2010,2,2
112,Behavior Sensing,Health & Wellbeing,2011,3,5
112,Behavior Sensing,Health & Wellbeing,2012,12,10
112,Behavior Sensing,Health & Wellbeing,2013,12,23
112,Behavior Sensing,Health & Wellbeing,2014,11,30
112,Behavior Sensing,Health & Wellbeing,2015,13,50
112,Behavior Sensing,Health & Wellbeing,2016,18,60
112,Behavior Sensing,Health & Wellbeing,2017,9,82
112,Behavior Sensing,Health & Wellbeing,2018,22,139
112,Behavior Sensing,Health & Wellbeing,2019,27,160
112,Behavior Sensing,Health & Wellbeing,2020,25,221
112,Behavior Sensing,Health & Wellbeing,2021,26,203
112,Behavior Sensing,Health & Wellbeing,2022,28,275
112,Behavior Sensing,Health & Wellbeing,2023,25,272
112,Behavior Sensing,Health & Wellbeing,2024,38,404
112,Behavior Sensing,Health & Wellbeing,2025,40,431
112,Behavior Sensing,Health & Wellbeing,2026,16,221
113,Stress & Mood Technology,Health & Wellbeing,2006,2,0
113,Stress & Mood Technology,Health & Wellbeing,2007,1,1
113,Stress & Mood Technology,Health & Wellbeing,2008,1,3
113,Stress & Mood Technology,Health & Wellbeing,2009,3,3
113,Stress & Mood Technology,Health & Wellbeing,2010,3,6
113,Stress & Mood Technology,Health & Wellbeing,2011,4,7
113,Stress & Mood Technology,Health & Wellbeing,2012,7,13
113,Stress & Mood Technology,Health & Wellbeing,2013,6,22
113,Stress & Mood Technology,Health & Wellbeing,2014,12,17
113,Stress & Mood Technology,Health & Wellbeing,2015,10,37
113,Stress & Mood Technology,Health & Wellbeing,2016,13,49
113,Stress & Mood Technology,Health & Wellbeing,2017,9,68
113,Stress & Mood Technology,Health & Wellbeing,2018,15,102
113,Stress & Mood Technology,Health & Wellbeing,2019,20,152
113,Stress & Mood Technology,Health & Wellbeing,2020,24,210
113,Stress & Mood Technology,Health & Wellbeing,2021,21,203
113,Stress & Mood Technology,Health & Wellbeing,2022,33,373
113,Stress & Mood Technology,Health & Wellbeing,2023,23,321
113,Stress & Mood Technology,Health & Wellbeing,2024,33,450
113,Stress & Mood Technology,Health & Wellbeing,2025,34,649
113,Stress & Mood Technology,Health & Wellbeing,2026,25,443
114,Aging & Dementia Care,Health & Wellbeing,1990,1,0
114,Aging & Dementia Care,Health & Wellbeing,1992,1,0
114,Aging & Dementia Care,Health & Wellbeing,1996,1,1
114,Aging & Dementia Care,Health & Wellbeing,2005,1,0
114,Aging & Dementia Care,Health & Wellbeing,2006,1,3
114,Aging & Dementia Care,Health & Wellbeing,2007,3,0
114,Aging & Dementia Care,Health & Wellbeing,2008,1,1
114,Aging & Dementia Care,Health & Wellbeing,2009,1,1
114,Aging & Dementia Care,Health & Wellbeing,2010,7,6
114,Aging & Dementia Care,Health & Wellbeing,2011,5,3
114,Aging & Dementia Care,Health & Wellbeing,2012,10,22
114,Aging & Dementia Care,Health & Wellbeing,2013,7,26
114,Aging & Dementia Care,Health & Wellbeing,2014,17,49
114,Aging & Dementia Care,Health & Wellbeing,2015,11,58
114,Aging & Dementia Care,Health & Wellbeing,2016,20,119
114,Aging & Dementia Care,Health & Wellbeing,2017,19,142
114,Aging & Dementia Care,Health & Wellbeing,2018,16,144
114,Aging & Dementia Care,Health & Wellbeing,2019,27,237
114,Aging & Dementia Care,Health & Wellbeing,2020,17,255
114,Aging & Dementia Care,Health & Wellbeing,2021,17,288
114,Aging & Dementia Care,Health & Wellbeing,2022,17,322
114,Aging & Dementia Care,Health & Wellbeing,2023,16,309
114,Aging & Dementia Care,Health & Wellbeing,2024,24,476
114,Aging & Dementia Care,Health & Wellbeing,2025,27,561
114,Aging & Dementia Care,Health & Wellbeing,2026,20,393
115,Personal Informatics Models,Health & Wellbeing,2002,1,0
115,Personal Informatics Models,Health & Wellbeing,2005,1,0
115,Personal Informatics Models,Health & Wellbeing,2006,1,2
115,Personal Informatics Models,Health & Wellbeing,2007,0,4
115,Personal Informatics Models,Health & Wellbeing,2008,1,6
115,Personal Informatics Models,Health & Wellbeing,2009,0,4
115,Personal Informatics Models,Health & Wellbeing,2010,5,16
115,Personal Informatics Models,Health & Wellbeing,2011,2,17
115,Personal Informatics Models,Health & Wellbeing,2012,2,16
115,Personal Informatics Models,Health & Wellbeing,2013,3,18
115,Personal Informatics Models,Health & Wellbeing,2014,4,20
115,Personal Informatics Models,Health & Wellbeing,2015,12,81
115,Personal Informatics Models,Health & Wellbeing,2016,9,110
115,Personal Informatics Models,Health & Wellbeing,2017,18,202
115,Personal Informatics Models,Health & Wellbeing,2018,21,268
115,Personal Informatics Models,Health & Wellbeing,2019,20,279
115,Personal Informatics Models,Health & Wellbeing,2020,19,364
115,Personal Informatics Models,Health & Wellbeing,2021,29,560
115,Personal Informatics Models,Health & Wellbeing,2022,19,457
115,Personal Informatics Models,Health & Wellbeing,2023,20,540
115,Personal Informatics Models,Health & Wellbeing,2024,29,698
115,Personal Informatics Models,Health & Wellbeing,2025,28,877
115,Personal Informatics Models,Health & Wellbeing,2026,20,498
116,Clinical Information Work,Health & Wellbeing,1988,1,0
116,Clinical Information Work,Health & Wellbeing,1992,1,0
116,Clinical Information Work,Health & Wellbeing,1994,0,1
116,Clinical Information Work,Health & Wellbeing,1996,2,1
116,Clinical Information Work,Health & Wellbeing,1997,3,2
116,Clinical Information Work,Health & Wellbeing,1998,1,4
116,Clinical Information Work,Health & Wellbeing,1999,1,5
116,Clinical Information Work,Health & Wellbeing,2001,2,2
116,Clinical Information Work,Health & Wellbeing,2002,3,4
116,Clinical Information Work,Health & Wellbeing,2003,3,7
116,Clinical Information Work,Health & Wellbeing,2004,3,10
116,Clinical Information Work,Health & Wellbeing,2005,4,19
116,Clinical Information Work,Health & Wellbeing,2006,5,22
116,Clinical Information Work,Health & Wellbeing,2007,5,15
116,Clinical Information Work,Health & Wellbeing,2008,9,24
116,Clinical Information Work,Health & Wellbeing,2009,4,16
116,Clinical Information Work,Health & Wellbeing,2010,11,53
116,Clinical Information Work,Health & Wellbeing,2011,5,24
116,Clinical Information Work,Health & Wellbeing,2012,9,58
116,Clinical Information Work,Health & Wellbeing,2013,4,29
116,Clinical Information Work,Health & Wellbeing,2014,6,47
116,Clinical Information Work,Health & Wellbeing,2015,5,52
116,Clinical Information Work,Health & Wellbeing,2016,6,65
116,Clinical Information Work,Health & Wellbeing,2017,4,57
116,Clinical Information Work,Health & Wellbeing,2018,1,43
116,Clinical Information Work,Health & Wellbeing,2019,5,50
116,Clinical Information Work,Health & Wellbeing,2020,9,61
116,Clinical Information Work,Health & Wellbeing,2021,5,130
116,Clinical Information Work,Health & Wellbeing,2022,5,90
116,Clinical Information Work,Health & Wellbeing,2023,6,106
116,Clinical Information Work,Health & Wellbeing,2024,5,104
116,Clinical Information Work,Health & Wellbeing,2025,5,105
116,Clinical Information Work,Health & Wellbeing,2026,3,67
117,"Sleep, ADHD & Lifelogging",Health & Wellbeing,2005,3,1
117,"Sleep, ADHD & Lifelogging",Health & Wellbeing,2006,2,2
117,"Sleep, ADHD & Lifelogging",Health & Wellbeing,2007,1,3
117,"Sleep, ADHD & Lifelogging",Health & Wellbeing,2008,7,8
117,"Sleep, ADHD & Lifelogging",Health & Wellbeing,2009,3,9
117,"Sleep, ADHD & Lifelogging",Health & Wellbeing,2010,3,18
117,"Sleep, ADHD & Lifelogging",Health & Wellbeing,2011,4,11
117,"Sleep, ADHD & Lifelogging",Health & Wellbeing,2012,5,27
117,"Sleep, ADHD & Lifelogging",Health & Wellbeing,2013,7,18
117,"Sleep, ADHD & Lifelogging",Health & Wellbeing,2014,10,40
117,"Sleep, ADHD & Lifelogging",Health & Wellbeing,2015,10,55
117,"Sleep, ADHD & Lifelogging",Health & Wellbeing,2016,13,77
117,"Sleep, ADHD & Lifelogging",Health & Wellbeing,2017,8,80
117,"Sleep, ADHD & Lifelogging",Health & Wellbeing,2018,17,117
117,"Sleep, ADHD & Lifelogging",Health & Wellbeing,2019,9,84
117,"Sleep, ADHD & Lifelogging",Health & Wellbeing,2020,16,111
117,"Sleep, ADHD & Lifelogging",Health & Wellbeing,2021,12,141
117,"Sleep, ADHD & Lifelogging",Health & Wellbeing,2022,21,221
117,"Sleep, ADHD & Lifelogging",Health & Wellbeing,2023,14,186
117,"Sleep, ADHD & Lifelogging",Health & Wellbeing,2024,13,226
117,"Sleep, ADHD & Lifelogging",Health & Wellbeing,2025,25,352
117,"Sleep, ADHD & Lifelogging",Health & Wellbeing,2026,10,165
118,Crowdsourcing & Human Computation,"Crowds, Data & Human-AI Decisions",1986,1,0
118,Crowdsourcing & Human Computation,"Crowds, Data & Human-AI Decisions",1990,1,0
118,Crowdsourcing & Human Computation,"Crowds, Data & Human-AI Decisions",1994,0,1
118,Crowdsourcing & Human Computation,"Crowds, Data & Human-AI Decisions",1999,1,0
118,Crowdsourcing & Human Computation,"Crowds, Data & Human-AI Decisions",2001,1,0
118,Crowdsourcing & Human Computation,"Crowds, Data & Human-AI Decisions",2004,1,1
118,Crowdsourcing & Human Computation,"Crowds, Data & Human-AI Decisions",2006,3,3
118,Crowdsourcing & Human Computation,"Crowds, Data & Human-AI Decisions",2007,3,4
118,Crowdsourcing & Human Computation,"Crowds, Data & Human-AI Decisions",2008,2,2
118,Crowdsourcing & Human Computation,"Crowds, Data & Human-AI Decisions",2009,8,13
118,Crowdsourcing & Human Computation,"Crowds, Data & Human-AI Decisions",2010,6,20
118,Crowdsourcing & Human Computation,"Crowds, Data & Human-AI Decisions",2011,21,50
118,Crowdsourcing & Human Computation,"Crowds, Data & Human-AI Decisions",2012,18,84
118,Crowdsourcing & Human Computation,"Crowds, Data & Human-AI Decisions",2013,24,131
118,Crowdsourcing & Human Computation,"Crowds, Data & Human-AI Decisions",2014,34,194
118,Crowdsourcing & Human Computation,"Crowds, Data & Human-AI Decisions",2015,30,190
118,Crowdsourcing & Human Computation,"Crowds, Data & Human-AI Decisions",2016,41,374
118,Crowdsourcing & Human Computation,"Crowds, Data & Human-AI Decisions",2017,46,610
118,Crowdsourcing & Human Computation,"Crowds, Data & Human-AI Decisions",2018,30,466
118,Crowdsourcing & Human Computation,"Crowds, Data & Human-AI Decisions",2019,31,527
118,Crowdsourcing & Human Computation,"Crowds, Data & Human-AI Decisions",2020,16,316
118,Crowdsourcing & Human Computation,"Crowds, Data & Human-AI Decisions",2021,37,618
118,Crowdsourcing & Human Computation,"Crowds, Data & Human-AI Decisions",2022,19,460
118,Crowdsourcing & Human Computation,"Crowds, Data & Human-AI Decisions",2023,18,339
118,Crowdsourcing & Human Computation,"Crowds, Data & Human-AI Decisions",2024,18,445
118,Crowdsourcing & Human Computation,"Crowds, Data & Human-AI Decisions",2025,11,375
118,Crowdsourcing & Human Computation,"Crowds, Data & Human-AI Decisions",2026,2,111
119,Explainable Machine Learning,"Crowds, Data & Human-AI Decisions",1983,1,0
119,Explainable Machine Learning,"Crowds, Data & Human-AI Decisions",1986,4,4
119,Explainable Machine Learning,"Crowds, Data & Human-AI Decisions",1988,0,1
119,Explainable Machine Learning,"Crowds, Data & Human-AI Decisions",1989,1,1
119,Explainable Machine Learning,"Crowds, Data & Human-AI Decisions",1992,1,0
119,Explainable Machine Learning,"Crowds, Data & Human-AI Decisions",1993,1,0
119,Explainable Machine Learning,"Crowds, Data & Human-AI Decisions",1996,1,0
119,Explainable Machine Learning,"Crowds, Data & Human-AI Decisions",1997,0,1
119,Explainable Machine Learning,"Crowds, Data & Human-AI Decisions",2000,0,2
119,Explainable Machine Learning,"Crowds, Data & Human-AI Decisions",2002,1,0
119,Explainable Machine Learning,"Crowds, Data & Human-AI Decisions",2003,0,1
119,Explainable Machine Learning,"Crowds, Data & Human-AI Decisions",2004,1,0
119,Explainable Machine Learning,"Crowds, Data & Human-AI Decisions",2005,0,1
119,Explainable Machine Learning,"Crowds, Data & Human-AI Decisions",2006,0,1
119,Explainable Machine Learning,"Crowds, Data & Human-AI Decisions",2007,1,3
119,Explainable Machine Learning,"Crowds, Data & Human-AI Decisions",2008,1,1
119,Explainable Machine Learning,"Crowds, Data & Human-AI Decisions",2009,5,5
119,Explainable Machine Learning,"Crowds, Data & Human-AI Decisions",2010,2,11
119,Explainable Machine Learning,"Crowds, Data & Human-AI Decisions",2011,5,13
119,Explainable Machine Learning,"Crowds, Data & Human-AI Decisions",2012,6,27
119,Explainable Machine Learning,"Crowds, Data & Human-AI Decisions",2013,0,9
119,Explainable Machine Learning,"Crowds, Data & Human-AI Decisions",2014,2,5
119,Explainable Machine Learning,"Crowds, Data & Human-AI Decisions",2015,5,17
119,Explainable Machine Learning,"Crowds, Data & Human-AI Decisions",2016,4,18
119,Explainable Machine Learning,"Crowds, Data & Human-AI Decisions",2017,2,27
119,Explainable Machine Learning,"Crowds, Data & Human-AI Decisions",2018,11,72
119,Explainable Machine Learning,"Crowds, Data & Human-AI Decisions",2019,21,141
119,Explainable Machine Learning,"Crowds, Data & Human-AI Decisions",2020,26,216
119,Explainable Machine Learning,"Crowds, Data & Human-AI Decisions",2021,33,443
119,Explainable Machine Learning,"Crowds, Data & Human-AI Decisions",2022,43,483
119,Explainable Machine Learning,"Crowds, Data & Human-AI Decisions",2023,53,812
119,Explainable Machine Learning,"Crowds, Data & Human-AI Decisions",2024,48,1035
119,Explainable Machine Learning,"Crowds, Data & Human-AI Decisions",2025,79,1512
119,Explainable Machine Learning,"Crowds, Data & Human-AI Decisions",2026,57,1073
120,Data Visualization,"Crowds, Data & Human-AI Decisions",1991,1,0
120,Data Visualization,"Crowds, Data & Human-AI Decisions",1992,1,0
120,Data Visualization,"Crowds, Data & Human-AI Decisions",1996,2,0
120,Data Visualization,"Crowds, Data & Human-AI Decisions",1997,0,3
120,Data Visualization,"Crowds, Data & Human-AI Decisions",1998,1,3
120,Data Visualization,"Crowds, Data & Human-AI Decisions",1999,1,3
120,Data Visualization,"Crowds, Data & Human-AI Decisions",2000,0,4
120,Data Visualization,"Crowds, Data & Human-AI Decisions",2002,0,1
120,Data Visualization,"Crowds, Data & Human-AI Decisions",2003,1,3
120,Data Visualization,"Crowds, Data & Human-AI Decisions",2004,2,2
120,Data Visualization,"Crowds, Data & Human-AI Decisions",2005,2,0
120,Data Visualization,"Crowds, Data & Human-AI Decisions",2006,2,0
120,Data Visualization,"Crowds, Data & Human-AI Decisions",2007,3,3
120,Data Visualization,"Crowds, Data & Human-AI Decisions",2008,5,10
120,Data Visualization,"Crowds, Data & Human-AI Decisions",2009,1,13
120,Data Visualization,"Crowds, Data & Human-AI Decisions",2010,4,10
120,Data Visualization,"Crowds, Data & Human-AI Decisions",2011,4,26
120,Data Visualization,"Crowds, Data & Human-AI Decisions",2012,12,24
120,Data Visualization,"Crowds, Data & Human-AI Decisions",2013,10,31
120,Data Visualization,"Crowds, Data & Human-AI Decisions",2014,10,43
120,Data Visualization,"Crowds, Data & Human-AI Decisions",2015,16,50
120,Data Visualization,"Crowds, Data & Human-AI Decisions",2016,13,52
120,Data Visualization,"Crowds, Data & Human-AI Decisions",2017,17,69
120,Data Visualization,"Crowds, Data & Human-AI Decisions",2018,25,101
120,Data Visualization,"Crowds, Data & Human-AI Decisions",2019,31,177
120,Data Visualization,"Crowds, Data & Human-AI Decisions",2020,29,181
120,Data Visualization,"Crowds, Data & Human-AI Decisions",2021,26,258
120,Data Visualization,"Crowds, Data & Human-AI Decisions",2022,31,274
120,Data Visualization,"Crowds, Data & Human-AI Decisions",2023,33,390
120,Data Visualization,"Crowds, Data & Human-AI Decisions",2024,43,419
120,Data Visualization,"Crowds, Data & Human-AI Decisions",2025,47,514
120,Data Visualization,"Crowds, Data & Human-AI Decisions",2026,26,347
121,Fairness & Clinical AI,"Crowds, Data & Human-AI Decisions",1988,1,0
121,Fairness & Clinical AI,"Crowds, Data & Human-AI Decisions",1994,1,0
121,Fairness & Clinical AI,"Crowds, Data & Human-AI Decisions",1996,1,1
121,Fairness & Clinical AI,"Crowds, Data & Human-AI Decisions",1998,0,1
121,Fairness & Clinical AI,"Crowds, Data & Human-AI Decisions",2007,1,0
121,Fairness & Clinical AI,"Crowds, Data & Human-AI Decisions",2008,0,1
121,Fairness & Clinical AI,"Crowds, Data & Human-AI Decisions",2009,2,1
121,Fairness & Clinical AI,"Crowds, Data & Human-AI Decisions",2010,3,1
121,Fairness & Clinical AI,"Crowds, Data & Human-AI Decisions",2011,1,1
121,Fairness & Clinical AI,"Crowds, Data & Human-AI Decisions",2012,2,3
121,Fairness & Clinical AI,"Crowds, Data & Human-AI Decisions",2013,0,2
121,Fairness & Clinical AI,"Crowds, Data & Human-AI Decisions",2014,3,1
121,Fairness & Clinical AI,"Crowds, Data & Human-AI Decisions",2015,0,2
121,Fairness & Clinical AI,"Crowds, Data & Human-AI Decisions",2016,3,0
121,Fairness & Clinical AI,"Crowds, Data & Human-AI Decisions",2017,5,4
121,Fairness & Clinical AI,"Crowds, Data & Human-AI Decisions",2018,7,30
121,Fairness & Clinical AI,"Crowds, Data & Human-AI Decisions",2019,14,79
121,Fairness & Clinical AI,"Crowds, Data & Human-AI Decisions",2020,19,130
121,Fairness & Clinical AI,"Crowds, Data & Human-AI Decisions",2021,25,289
121,Fairness & Clinical AI,"Crowds, Data & Human-AI Decisions",2022,30,382
121,Fairness & Clinical AI,"Crowds, Data & Human-AI Decisions",2023,42,632
121,Fairness & Clinical AI,"Crowds, Data & Human-AI Decisions",2024,43,891
121,Fairness & Clinical AI,"Crowds, Data & Human-AI Decisions",2025,58,1093
121,Fairness & Clinical AI,"Crowds, Data & Human-AI Decisions",2026,38,682
122,Data Work & Infrastructure,"Crowds, Data & Human-AI Decisions",1982,1,0
122,Data Work & Infrastructure,"Crowds, Data & Human-AI Decisions",1983,1,1
122,Data Work & Infrastructure,"Crowds, Data & Human-AI Decisions",1986,1,0
122,Data Work & Infrastructure,"Crowds, Data & Human-AI Decisions",1994,1,1
122,Data Work & Infrastructure,"Crowds, Data & Human-AI Decisions",1996,0,1
122,Data Work & Infrastructure,"Crowds, Data & Human-AI Decisions",1997,2,1
122,Data Work & Infrastructure,"Crowds, Data & Human-AI Decisions",1998,1,0
122,Data Work & Infrastructure,"Crowds, Data & Human-AI Decisions",2000,0,2
122,Data Work & Infrastructure,"Crowds, Data & Human-AI Decisions",2003,2,2
122,Data Work & Infrastructure,"Crowds, Data & Human-AI Decisions",2004,1,3
122,Data Work & Infrastructure,"Crowds, Data & Human-AI Decisions",2005,0,4
122,Data Work & Infrastructure,"Crowds, Data & Human-AI Decisions",2006,2,0
122,Data Work & Infrastructure,"Crowds, Data & Human-AI Decisions",2007,3,7
122,Data Work & Infrastructure,"Crowds, Data & Human-AI Decisions",2008,6,7
122,Data Work & Infrastructure,"Crowds, Data & Human-AI Decisions",2009,1,6
122,Data Work & Infrastructure,"Crowds, Data & Human-AI Decisions",2010,4,17
122,Data Work & Infrastructure,"Crowds, Data & Human-AI Decisions",2011,9,23
122,Data Work & Infrastructure,"Crowds, Data & Human-AI Decisions",2012,8,31
122,Data Work & Infrastructure,"Crowds, Data & Human-AI Decisions",2013,9,44
122,Data Work & Infrastructure,"Crowds, Data & Human-AI Decisions",2014,10,63
122,Data Work & Infrastructure,"Crowds, Data & Human-AI Decisions",2015,14,67
122,Data Work & Infrastructure,"Crowds, Data & Human-AI Decisions",2016,10,94
122,Data Work & Infrastructure,"Crowds, Data & Human-AI Decisions",2017,18,147
122,Data Work & Infrastructure,"Crowds, Data & Human-AI Decisions",2018,7,86
122,Data Work & Infrastructure,"Crowds, Data & Human-AI Decisions",2019,19,171
122,Data Work & Infrastructure,"Crowds, Data & Human-AI Decisions",2020,12,166
122,Data Work & Infrastructure,"Crowds, Data & Human-AI Decisions",2021,17,292
122,Data Work & Infrastructure,"Crowds, Data & Human-AI Decisions",2022,28,378
122,Data Work & Infrastructure,"Crowds, Data & Human-AI Decisions",2023,28,401
122,Data Work & Infrastructure,"Crowds, Data & Human-AI Decisions",2024,25,546
122,Data Work & Infrastructure,"Crowds, Data & Human-AI Decisions",2025,30,752
122,Data Work & Infrastructure,"Crowds, Data & Human-AI Decisions",2026,23,404
123,Interactive Machine Learning,"Crowds, Data & Human-AI Decisions",1983,1,0
123,Interactive Machine Learning,"Crowds, Data & Human-AI Decisions",2000,2,0
123,Interactive Machine Learning,"Crowds, Data & Human-AI Decisions",2001,1,0
123,Interactive Machine Learning,"Crowds, Data & Human-AI Decisions",2002,0,1
123,Interactive Machine Learning,"Crowds, Data & Human-AI Decisions",2003,1,0
123,Interactive Machine Learning,"Crowds, Data & Human-AI Decisions",2004,1,1
123,Interactive Machine Learning,"Crowds, Data & Human-AI Decisions",2005,2,2
123,Interactive Machine Learning,"Crowds, Data & Human-AI Decisions",2006,2,3
123,Interactive Machine Learning,"Crowds, Data & Human-AI Decisions",2007,3,4
123,Interactive Machine Learning,"Crowds, Data & Human-AI Decisions",2008,3,9
123,Interactive Machine Learning,"Crowds, Data & Human-AI Decisions",2009,5,15
123,Interactive Machine Learning,"Crowds, Data & Human-AI Decisions",2010,4,11
123,Interactive Machine Learning,"Crowds, Data & Human-AI Decisions",2011,3,15
123,Interactive Machine Learning,"Crowds, Data & Human-AI Decisions",2012,5,22
123,Interactive Machine Learning,"Crowds, Data & Human-AI Decisions",2013,2,12
123,Interactive Machine Learning,"Crowds, Data & Human-AI Decisions",2014,6,18
123,Interactive Machine Learning,"Crowds, Data & Human-AI Decisions",2015,6,34
123,Interactive Machine Learning,"Crowds, Data & Human-AI Decisions",2016,6,37
123,Interactive Machine Learning,"Crowds, Data & Human-AI Decisions",2017,7,28
123,Interactive Machine Learning,"Crowds, Data & Human-AI Decisions",2018,10,43
123,Interactive Machine Learning,"Crowds, Data & Human-AI Decisions",2019,7,80
123,Interactive Machine Learning,"Crowds, Data & Human-AI Decisions",2020,20,88
123,Interactive Machine Learning,"Crowds, Data & Human-AI Decisions",2021,23,219
123,Interactive Machine Learning,"Crowds, Data & Human-AI Decisions",2022,12,167
123,Interactive Machine Learning,"Crowds, Data & Human-AI Decisions",2023,16,207
123,Interactive Machine Learning,"Crowds, Data & Human-AI Decisions",2024,10,187
123,Interactive Machine Learning,"Crowds, Data & Human-AI Decisions",2025,12,203
123,Interactive Machine Learning,"Crowds, Data & Human-AI Decisions",2026,3,74
124,Peer & Crowd Feedback,"Crowds, Data & Human-AI Decisions",1986,1,0
124,Peer & Crowd Feedback,"Crowds, Data & Human-AI Decisions",1990,1,0
124,Peer & Crowd Feedback,"Crowds, Data & Human-AI Decisions",1991,2,0
124,Peer & Crowd Feedback,"Crowds, Data & Human-AI Decisions",1992,0,3
124,Peer & Crowd Feedback,"Crowds, Data & Human-AI Decisions",1995,1,2
124,Peer & Crowd Feedback,"Crowds, Data & Human-AI Decisions",1996,1,0
124,Peer & Crowd Feedback,"Crowds, Data & Human-AI Decisions",1997,1,3
124,Peer & Crowd Feedback,"Crowds, Data & Human-AI Decisions",2003,2,2
124,Peer & Crowd Feedback,"Crowds, Data & Human-AI Decisions",2004,1,1
124,Peer & Crowd Feedback,"Crowds, Data & Human-AI Decisions",2005,1,1
124,Peer & Crowd Feedback,"Crowds, Data & Human-AI Decisions",2006,3,1
124,Peer & Crowd Feedback,"Crowds, Data & Human-AI Decisions",2007,1,0
124,Peer & Crowd Feedback,"Crowds, Data & Human-AI Decisions",2008,1,5
124,Peer & Crowd Feedback,"Crowds, Data & Human-AI Decisions",2009,5,9
124,Peer & Crowd Feedback,"Crowds, Data & Human-AI Decisions",2010,1,14
124,Peer & Crowd Feedback,"Crowds, Data & Human-AI Decisions",2011,2,9
124,Peer & Crowd Feedback,"Crowds, Data & Human-AI Decisions",2012,4,14
124,Peer & Crowd Feedback,"Crowds, Data & Human-AI Decisions",2013,5,21
124,Peer & Crowd Feedback,"Crowds, Data & Human-AI Decisions",2014,5,27
124,Peer & Crowd Feedback,"Crowds, Data & Human-AI Decisions",2015,10,35
124,Peer & Crowd Feedback,"Crowds, Data & Human-AI Decisions",2016,9,60
124,Peer & Crowd Feedback,"Crowds, Data & Human-AI Decisions",2017,16,157
124,Peer & Crowd Feedback,"Crowds, Data & Human-AI Decisions",2018,6,95
124,Peer & Crowd Feedback,"Crowds, Data & Human-AI Decisions",2019,11,83
124,Peer & Crowd Feedback,"Crowds, Data & Human-AI Decisions",2020,6,82
124,Peer & Crowd Feedback,"Crowds, Data & Human-AI Decisions",2021,11,204
124,Peer & Crowd Feedback,"Crowds, Data & Human-AI Decisions",2022,4,92
124,Peer & Crowd Feedback,"Crowds, Data & Human-AI Decisions",2023,5,105
124,Peer & Crowd Feedback,"Crowds, Data & Human-AI Decisions",2024,4,119
124,Peer & Crowd Feedback,"Crowds, Data & Human-AI Decisions",2025,4,153
124,Peer & Crowd Feedback,"Crowds, Data & Human-AI Decisions",2026,2,64
125,Computational Notebooks,"Crowds, Data & Human-AI Decisions",1982,1,0
125,Computational Notebooks,"Crowds, Data & Human-AI Decisions",1986,1,0
125,Computational Notebooks,"Crowds, Data & Human-AI Decisions",1989,0,3
125,Computational Notebooks,"Crowds, Data & Human-AI Decisions",1993,3,0
125,Computational Notebooks,"Crowds, Data & Human-AI Decisions",1997,5,4
125,Computational Notebooks,"Crowds, Data & Human-AI Decisions",1998,5,9
125,Computational Notebooks,"Crowds, Data & Human-AI Decisions",1999,0,3
125,Computational Notebooks,"Crowds, Data & Human-AI Decisions",2000,2,3
125,Computational Notebooks,"Crowds, Data & Human-AI Decisions",2001,0,2
125,Computational Notebooks,"Crowds, Data & Human-AI Decisions",2002,4,6
125,Computational Notebooks,"Crowds, Data & Human-AI Decisions",2003,0,1
125,Computational Notebooks,"Crowds, Data & Human-AI Decisions",2004,3,2
125,Computational Notebooks,"Crowds, Data & Human-AI Decisions",2006,3,3
125,Computational Notebooks,"Crowds, Data & Human-AI Decisions",2007,1,3
125,Computational Notebooks,"Crowds, Data & Human-AI Decisions",2008,2,5
125,Computational Notebooks,"Crowds, Data & Human-AI Decisions",2009,0,3
125,Computational Notebooks,"Crowds, Data & Human-AI Decisions",2010,1,2
125,Computational Notebooks,"Crowds, Data & Human-AI Decisions",2011,0,6
125,Computational Notebooks,"Crowds, Data & Human-AI Decisions",2012,0,8
125,Computational Notebooks,"Crowds, Data & Human-AI Decisions",2013,0,4
125,Computational Notebooks,"Crowds, Data & Human-AI Decisions",2014,4,6
125,Computational Notebooks,"Crowds, Data & Human-AI Decisions",2015,3,4
125,Computational Notebooks,"Crowds, Data & Human-AI Decisions",2016,2,3
125,Computational Notebooks,"Crowds, Data & Human-AI Decisions",2017,8,9
125,Computational Notebooks,"Crowds, Data & Human-AI Decisions",2018,11,31
125,Computational Notebooks,"Crowds, Data & Human-AI Decisions",2019,7,51
125,Computational Notebooks,"Crowds, Data & Human-AI Decisions",2020,12,106
125,Computational Notebooks,"Crowds, Data & Human-AI Decisions",2021,18,155
125,Computational Notebooks,"Crowds, Data & Human-AI Decisions",2022,13,155
125,Computational Notebooks,"Crowds, Data & Human-AI Decisions",2023,14,225
125,Computational Notebooks,"Crowds, Data & Human-AI Decisions",2024,12,244
125,Computational Notebooks,"Crowds, Data & Human-AI Decisions",2025,13,284
125,Computational Notebooks,"Crowds, Data & Human-AI Decisions",2026,11,172
126,Social Media & Mental Health,"Work, Community & Society",1996,1,0
126,Social Media & Mental Health,"Work, Community & Society",1997,0,1
126,Social Media & Mental Health,"Work, Community & Society",1998,0,1
126,Social Media & Mental Health,"Work, Community & Society",2000,2,0
126,Social Media & Mental Health,"Work, Community & Society",2001,0,1
126,Social Media & Mental Health,"Work, Community & Society",2002,0,1
126,Social Media & Mental Health,"Work, Community & Society",2003,1,1
126,Social Media & Mental Health,"Work, Community & Society",2004,0,8
126,Social Media & Mental Health,"Work, Community & Society",2005,1,8
126,Social Media & Mental Health,"Work, Community & Society",2006,2,14
126,Social Media & Mental Health,"Work, Community & Society",2007,4,9
126,Social Media & Mental Health,"Work, Community & Society",2008,7,33
126,Social Media & Mental Health,"Work, Community & Society",2009,8,28
126,Social Media & Mental Health,"Work, Community & Society",2010,15,66
126,Social Media & Mental Health,"Work, Community & Society",2011,14,104
126,Social Media & Mental Health,"Work, Community & Society",2012,27,139
126,Social Media & Mental Health,"Work, Community & Society",2013,33,185
126,Social Media & Mental Health,"Work, Community & Society",2014,40,282
126,Social Media & Mental Health,"Work, Community & Society",2015,35,311
126,Social Media & Mental Health,"Work, Community & Society",2016,49,460
126,Social Media & Mental Health,"Work, Community & Society",2017,55,638
126,Social Media & Mental Health,"Work, Community & Society",2018,36,588
126,Social Media & Mental Health,"Work, Community & Society",2019,40,793
126,Social Media & Mental Health,"Work, Community & Society",2020,39,637
126,Social Media & Mental Health,"Work, Community & Society",2021,56,1118
126,Social Media & Mental Health,"Work, Community & Society",2022,51,986
126,Social Media & Mental Health,"Work, Community & Society",2023,44,929
126,Social Media & Mental Health,"Work, Community & Society",2024,44,1069
126,Social Media & Mental Health,"Work, Community & Society",2025,58,1314
126,Social Media & Mental Health,"Work, Community & Society",2026,27,647
127,ICTD & Rural Communities,"Work, Community & Society",1997,2,0
127,ICTD & Rural Communities,"Work, Community & Society",2001,1,0
127,ICTD & Rural Communities,"Work, Community & Society",2002,1,0
127,ICTD & Rural Communities,"Work, Community & Society",2004,2,0
127,ICTD & Rural Communities,"Work, Community & Society",2005,1,1
127,ICTD & Rural Communities,"Work, Community & Society",2006,2,2
127,ICTD & Rural Communities,"Work, Community & Society",2007,4,2
127,ICTD & Rural Communities,"Work, Community & Society",2008,9,16
127,ICTD & Rural Communities,"Work, Community & Society",2009,10,20
127,ICTD & Rural Communities,"Work, Community & Society",2010,16,26
127,ICTD & Rural Communities,"Work, Community & Society",2011,14,66
127,ICTD & Rural Communities,"Work, Community & Society",2012,21,71
127,ICTD & Rural Communities,"Work, Community & Society",2013,18,96
127,ICTD & Rural Communities,"Work, Community & Society",2014,18,89
127,ICTD & Rural Communities,"Work, Community & Society",2015,16,127
127,ICTD & Rural Communities,"Work, Community & Society",2016,25,168
127,ICTD & Rural Communities,"Work, Community & Society",2017,38,316
127,ICTD & Rural Communities,"Work, Community & Society",2018,49,453
127,ICTD & Rural Communities,"Work, Community & Society",2019,52,628
127,ICTD & Rural Communities,"Work, Community & Society",2020,37,445
127,ICTD & Rural Communities,"Work, Community & Society",2021,67,974
127,ICTD & Rural Communities,"Work, Community & Society",2022,48,850
127,ICTD & Rural Communities,"Work, Community & Society",2023,17,511
127,ICTD & Rural Communities,"Work, Community & Society",2024,43,869
127,ICTD & Rural Communities,"Work, Community & Society",2025,43,1008
127,ICTD & Rural Communities,"Work, Community & Society",2026,37,752
128,Wikipedia & Open Source,"Work, Community & Society",1998,2,0
128,Wikipedia & Open Source,"Work, Community & Society",1999,1,2
128,Wikipedia & Open Source,"Work, Community & Society",2000,2,2
128,Wikipedia & Open Source,"Work, Community & Society",2001,1,1
128,Wikipedia & Open Source,"Work, Community & Society",2002,4,14
128,Wikipedia & Open Source,"Work, Community & Society",2003,2,13
128,Wikipedia & Open Source,"Work, Community & Society",2004,3,19
128,Wikipedia & Open Source,"Work, Community & Society",2005,4,21
128,Wikipedia & Open Source,"Work, Community & Society",2006,6,21
128,Wikipedia & Open Source,"Work, Community & Society",2007,15,45
128,Wikipedia & Open Source,"Work, Community & Society",2008,18,83
128,Wikipedia & Open Source,"Work, Community & Society",2009,19,100
128,Wikipedia & Open Source,"Work, Community & Society",2010,38,192
128,Wikipedia & Open Source,"Work, Community & Society",2011,17,100
128,Wikipedia & Open Source,"Work, Community & Society",2012,44,242
128,Wikipedia & Open Source,"Work, Community & Society",2013,29,242
128,Wikipedia & Open Source,"Work, Community & Society",2014,36,263
128,Wikipedia & Open Source,"Work, Community & Society",2015,38,283
128,Wikipedia & Open Source,"Work, Community & Society",2016,38,354
128,Wikipedia & Open Source,"Work, Community & Society",2017,52,534
128,Wikipedia & Open Source,"Work, Community & Society",2018,34,431
128,Wikipedia & Open Source,"Work, Community & Society",2019,21,348
128,Wikipedia & Open Source,"Work, Community & Society",2020,16,270
128,Wikipedia & Open Source,"Work, Community & Society",2021,28,433
128,Wikipedia & Open Source,"Work, Community & Society",2022,28,463
128,Wikipedia & Open Source,"Work, Community & Society",2023,15,397
128,Wikipedia & Open Source,"Work, Community & Society",2024,24,470
128,Wikipedia & Open Source,"Work, Community & Society",2025,23,486
128,Wikipedia & Open Source,"Work, Community & Society",2026,9,220
129,Crisis Informatics,"Work, Community & Society",2007,1,0
129,Crisis Informatics,"Work, Community & Society",2008,4,3
129,Crisis Informatics,"Work, Community & Society",2009,2,5
129,Crisis Informatics,"Work, Community & Society",2010,10,15
129,Crisis Informatics,"Work, Community & Society",2011,17,27
129,Crisis Informatics,"Work, Community & Society",2012,19,67
129,Crisis Informatics,"Work, Community & Society",2013,19,79
129,Crisis Informatics,"Work, Community & Society",2014,22,102
129,Crisis Informatics,"Work, Community & Society",2015,22,134
129,Crisis Informatics,"Work, Community & Society",2016,18,191
129,Crisis Informatics,"Work, Community & Society",2017,31,286
129,Crisis Informatics,"Work, Community & Society",2018,34,291
129,Crisis Informatics,"Work, Community & Society",2019,26,212
129,Crisis Informatics,"Work, Community & Society",2020,23,180
129,Crisis Informatics,"Work, Community & Society",2021,42,473
129,Crisis Informatics,"Work, Community & Society",2022,57,487
129,Crisis Informatics,"Work, Community & Society",2023,43,472
129,Crisis Informatics,"Work, Community & Society",2024,46,684
129,Crisis Informatics,"Work, Community & Society",2025,62,947
129,Crisis Informatics,"Work, Community & Society",2026,36,505
130,Gender & Algorithmic Bias,"Work, Community & Society",1983,1,0
130,Gender & Algorithmic Bias,"Work, Community & Society",2000,1,0
130,Gender & Algorithmic Bias,"Work, Community & Society",2009,1,0
130,Gender & Algorithmic Bias,"Work, Community & Society",2010,2,1
130,Gender & Algorithmic Bias,"Work, Community & Society",2011,1,7
130,Gender & Algorithmic Bias,"Work, Community & Society",2012,6,5
130,Gender & Algorithmic Bias,"Work, Community & Society",2013,0,6
130,Gender & Algorithmic Bias,"Work, Community & Society",2014,6,7
130,Gender & Algorithmic Bias,"Work, Community & Society",2015,10,7
130,Gender & Algorithmic Bias,"Work, Community & Society",2016,11,42
130,Gender & Algorithmic Bias,"Work, Community & Society",2017,17,113
130,Gender & Algorithmic Bias,"Work, Community & Society",2018,24,193
130,Gender & Algorithmic Bias,"Work, Community & Society",2019,22,293
130,Gender & Algorithmic Bias,"Work, Community & Society",2020,25,305
130,Gender & Algorithmic Bias,"Work, Community & Society",2021,45,652
130,Gender & Algorithmic Bias,"Work, Community & Society",2022,42,713
130,Gender & Algorithmic Bias,"Work, Community & Society",2023,50,722
130,Gender & Algorithmic Bias,"Work, Community & Society",2024,52,1056
130,Gender & Algorithmic Bias,"Work, Community & Society",2025,75,1459
130,Gender & Algorithmic Bias,"Work, Community & Society",2026,46,999
131,Civic Participation,"Work, Community & Society",2001,1,0
131,Civic Participation,"Work, Community & Society",2003,1,0
131,Civic Participation,"Work, Community & Society",2005,3,1
131,Civic Participation,"Work, Community & Society",2006,0,2
131,Civic Participation,"Work, Community & Society",2007,1,1
131,Civic Participation,"Work, Community & Society",2008,1,3
131,Civic Participation,"Work, Community & Society",2009,3,3
131,Civic Participation,"Work, Community & Society",2010,7,8
131,Civic Participation,"Work, Community & Society",2011,7,13
131,Civic Participation,"Work, Community & Society",2012,11,41
131,Civic Participation,"Work, Community & Society",2013,6,55
131,Civic Participation,"Work, Community & Society",2014,15,85
131,Civic Participation,"Work, Community & Society",2015,17,93
131,Civic Participation,"Work, Community & Society",2016,13,161
131,Civic Participation,"Work, Community & Society",2017,19,274
131,Civic Participation,"Work, Community & Society",2018,26,353
131,Civic Participation,"Work, Community & Society",2019,25,365
131,Civic Participation,"Work, Community & Society",2020,19,323
131,Civic Participation,"Work, Community & Society",2021,36,581
131,Civic Participation,"Work, Community & Society",2022,31,657
131,Civic Participation,"Work, Community & Society",2023,27,694
131,Civic Participation,"Work, Community & Society",2024,41,863
131,Civic Participation,"Work, Community & Society",2025,50,1226
131,Civic Participation,"Work, Community & Society",2026,49,1046
132,Moderation & Online Harassment,"Work, Community & Society",1985,1,0
132,Moderation & Online Harassment,"Work, Community & Society",1989,1,0
132,Moderation & Online Harassment,"Work, Community & Society",1996,1,0
132,Moderation & Online Harassment,"Work, Community & Society",2004,1,1
132,Moderation & Online Harassment,"Work, Community & Society",2005,0,3
132,Moderation & Online Harassment,"Work, Community & Society",2006,0,1
132,Moderation & Online Harassment,"Work, Community & Society",2007,1,5
132,Moderation & Online Harassment,"Work, Community & Society",2008,1,4
132,Moderation & Online Harassment,"Work, Community & Society",2009,1,5
132,Moderation & Online Harassment,"Work, Community & Society",2010,0,4
132,Moderation & Online Harassment,"Work, Community & Society",2011,2,5
132,Moderation & Online Harassment,"Work, Community & Society",2012,3,10
132,Moderation & Online Harassment,"Work, Community & Society",2013,2,9
132,Moderation & Online Harassment,"Work, Community & Society",2014,4,12
132,Moderation & Online Harassment,"Work, Community & Society",2015,2,17
132,Moderation & Online Harassment,"Work, Community & Society",2016,10,38
132,Moderation & Online Harassment,"Work, Community & Society",2017,13,102
132,Moderation & Online Harassment,"Work, Community & Society",2018,14,116
132,Moderation & Online Harassment,"Work, Community & Society",2019,17,189
132,Moderation & Online Harassment,"Work, Community & Society",2020,21,227
132,Moderation & Online Harassment,"Work, Community & Society",2021,29,363
132,Moderation & Online Harassment,"Work, Community & Society",2022,36,528
132,Moderation & Online Harassment,"Work, Community & Society",2023,34,715
132,Moderation & Online Harassment,"Work, Community & Society",2024,49,916
132,Moderation & Online Harassment,"Work, Community & Society",2025,70,1200
132,Moderation & Online Harassment,"Work, Community & Society",2026,27,657
133,Gig Work & Labor,"Work, Community & Society",1988,1,0
133,Gig Work & Labor,"Work, Community & Society",1996,1,0
133,Gig Work & Labor,"Work, Community & Society",1997,1,1
133,Gig Work & Labor,"Work, Community & Society",2000,0,1
133,Gig Work & Labor,"Work, Community & Society",2007,1,0
133,Gig Work & Labor,"Work, Community & Society",2008,1,0
133,Gig Work & Labor,"Work, Community & Society",2009,1,0
133,Gig Work & Labor,"Work, Community & Society",2010,7,2
133,Gig Work & Labor,"Work, Community & Society",2011,2,11
133,Gig Work & Labor,"Work, Community & Society",2012,4,11
133,Gig Work & Labor,"Work, Community & Society",2013,5,6
133,Gig Work & Labor,"Work, Community & Society",2014,7,18
133,Gig Work & Labor,"Work, Community & Society",2015,12,43
133,Gig Work & Labor,"Work, Community & Society",2016,13,90
133,Gig Work & Labor,"Work, Community & Society",2017,23,222
133,Gig Work & Labor,"Work, Community & Society",2018,22,288
133,Gig Work & Labor,"Work, Community & Society",2019,23,296
133,Gig Work & Labor,"Work, Community & Society",2020,17,199
133,Gig Work & Labor,"Work, Community & Society",2021,27,404
133,Gig Work & Labor,"Work, Community & Society",2022,35,450
133,Gig Work & Labor,"Work, Community & Society",2023,23,384
133,Gig Work & Labor,"Work, Community & Society",2024,39,606
133,Gig Work & Labor,"Work, Community & Society",2025,51,872
133,Gig Work & Labor,"Work, Community & Society",2026,20,411
134,"Gender, Intimacy & Safety","Work, Community & Society",2007,2,0
134,"Gender, Intimacy & Safety","Work, Community & Society",2008,1,2
134,"Gender, Intimacy & Safety","Work, Community & Society",2009,1,4
134,"Gender, Intimacy & Safety","Work, Community & Society",2010,3,1
134,"Gender, Intimacy & Safety","Work, Community & Society",2011,3,9
134,"Gender, Intimacy & Safety","Work, Community & Society",2012,2,21
134,"Gender, Intimacy & Safety","Work, Community & Society",2013,3,14
134,"Gender, Intimacy & Safety","Work, Community & Society",2014,3,23
134,"Gender, Intimacy & Safety","Work, Community & Society",2015,6,25
134,"Gender, Intimacy & Safety","Work, Community & Society",2016,6,52
134,"Gender, Intimacy & Safety","Work, Community & Society",2017,12,95
134,"Gender, Intimacy & Safety","Work, Community & Society",2018,14,117
134,"Gender, Intimacy & Safety","Work, Community & Society",2019,18,222
134,"Gender, Intimacy & Safety","Work, Community & Society",2020,28,373
134,"Gender, Intimacy & Safety","Work, Community & Society",2021,23,480
134,"Gender, Intimacy & Safety","Work, Community & Society",2022,28,435
134,"Gender, Intimacy & Safety","Work, Community & Society",2023,31,513
134,"Gender, Intimacy & Safety","Work, Community & Society",2024,44,844
134,"Gender, Intimacy & Safety","Work, Community & Society",2025,54,1031
134,"Gender, Intimacy & Safety","Work, Community & Society",2026,46,942
135,Enterprise Social Media & Crowdfunding,"Work, Community & Society",1990,1,1
135,Enterprise Social Media & Crowdfunding,"Work, Community & Society",1992,0,2
135,Enterprise Social Media & Crowdfunding,"Work, Community & Society",1994,1,1
135,Enterprise Social Media & Crowdfunding,"Work, Community & Society",1998,1,0
135,Enterprise Social Media & Crowdfunding,"Work, Community & Society",1999,0,1
135,Enterprise Social Media & Crowdfunding,"Work, Community & Society",2000,1,2
135,Enterprise Social Media & Crowdfunding,"Work, Community & Society",2001,0,2
135,Enterprise Social Media & Crowdfunding,"Work, Community & Society",2002,0,3
135,Enterprise Social Media & Crowdfunding,"Work, Community & Society",2003,3,8
135,Enterprise Social Media & Crowdfunding,"Work, Community & Society",2004,1,5
135,Enterprise Social Media & Crowdfunding,"Work, Community & Society",2005,4,8
135,Enterprise Social Media & Crowdfunding,"Work, Community & Society",2006,2,5
135,Enterprise Social Media & Crowdfunding,"Work, Community & Society",2007,9,25
135,Enterprise Social Media & Crowdfunding,"Work, Community & Society",2008,18,52
135,Enterprise Social Media & Crowdfunding,"Work, Community & Society",2009,19,88
135,Enterprise Social Media & Crowdfunding,"Work, Community & Society",2010,19,103
135,Enterprise Social Media & Crowdfunding,"Work, Community & Society",2011,16,95
135,Enterprise Social Media & Crowdfunding,"Work, Community & Society",2012,14,106
135,Enterprise Social Media & Crowdfunding,"Work, Community & Society",2013,12,64
135,Enterprise Social Media & Crowdfunding,"Work, Community & Society",2014,24,107
135,Enterprise Social Media & Crowdfunding,"Work, Community & Society",2015,15,98
135,Enterprise Social Media & Crowdfunding,"Work, Community & Society",2016,18,152
135,Enterprise Social Media & Crowdfunding,"Work, Community & Society",2017,14,155
135,Enterprise Social Media & Crowdfunding,"Work, Community & Society",2018,8,120
135,Enterprise Social Media & Crowdfunding,"Work, Community & Society",2019,4,99
135,Enterprise Social Media & Crowdfunding,"Work, Community & Society",2020,5,66
135,Enterprise Social Media & Crowdfunding,"Work, Community & Society",2021,6,88
135,Enterprise Social Media & Crowdfunding,"Work, Community & Society",2022,7,91
135,Enterprise Social Media & Crowdfunding,"Work, Community & Society",2023,2,86
135,Enterprise Social Media & Crowdfunding,"Work, Community & Society",2024,1,68
135,Enterprise Social Media & Crowdfunding,"Work, Community & Society",2025,4,104
135,Enterprise Social Media & Crowdfunding,"Work, Community & Society",2026,1,35
136,"Refugees, Hackathons & Crypto","Work, Community & Society",1995,1,0
136,"Refugees, Hackathons & Crypto","Work, Community & Society",2004,1,0
136,"Refugees, Hackathons & Crypto","Work, Community & Society",2007,0,1
136,"Refugees, Hackathons & Crypto","Work, Community & Society",2009,2,0
136,"Refugees, Hackathons & Crypto","Work, Community & Society",2010,2,2
136,"Refugees, Hackathons & Crypto","Work, Community & Society",2011,0,2
136,"Refugees, Hackathons & Crypto","Work, Community & Society",2012,3,1
136,"Refugees, Hackathons & Crypto","Work, Community & Society",2013,1,0
136,"Refugees, Hackathons & Crypto","Work, Community & Society",2014,5,4
136,"Refugees, Hackathons & Crypto","Work, Community & Society",2015,2,3
136,"Refugees, Hackathons & Crypto","Work, Community & Society",2016,6,11
136,"Refugees, Hackathons & Crypto","Work, Community & Society",2017,4,20
136,"Refugees, Hackathons & Crypto","Work, Community & Society",2018,10,47
136,"Refugees, Hackathons & Crypto","Work, Community & Society",2019,11,65
136,"Refugees, Hackathons & Crypto","Work, Community & Society",2020,12,103
136,"Refugees, Hackathons & Crypto","Work, Community & Society",2021,8,117
136,"Refugees, Hackathons & Crypto","Work, Community & Society",2022,12,151
136,"Refugees, Hackathons & Crypto","Work, Community & Society",2023,11,120
136,"Refugees, Hackathons & Crypto","Work, Community & Society",2024,15,145
136,"Refugees, Hackathons & Crypto","Work, Community & Society",2025,20,256
136,"Refugees, Hackathons & Crypto","Work, Community & Society",2026,14,159
