sub,name,band,year,papers,cites_received
0,3D Pointing & VR Interaction,Input & Interaction Techniques,1990,2,0
0,3D Pointing & VR Interaction,Input & Interaction Techniques,1991,1,1
0,3D Pointing & VR Interaction,Input & Interaction Techniques,1992,2,2
0,3D Pointing & VR Interaction,Input & Interaction Techniques,1994,2,1
0,3D Pointing & VR Interaction,Input & Interaction Techniques,1995,2,4
0,3D Pointing & VR Interaction,Input & Interaction Techniques,1996,3,1
0,3D Pointing & VR Interaction,Input & Interaction Techniques,1997,2,7
0,3D Pointing & VR Interaction,Input & Interaction Techniques,1998,4,6
0,3D Pointing & VR Interaction,Input & Interaction Techniques,1999,3,6
0,3D Pointing & VR Interaction,Input & Interaction Techniques,2000,4,10
0,3D Pointing & VR Interaction,Input & Interaction Techniques,2001,4,9
0,3D Pointing & VR Interaction,Input & Interaction Techniques,2002,4,8
0,3D Pointing & VR Interaction,Input & Interaction Techniques,2003,1,6
0,3D Pointing & VR Interaction,Input & Interaction Techniques,2004,1,4
0,3D Pointing & VR Interaction,Input & Interaction Techniques,2005,3,7
0,3D Pointing & VR Interaction,Input & Interaction Techniques,2006,2,14
0,3D Pointing & VR Interaction,Input & Interaction Techniques,2007,2,13
0,3D Pointing & VR Interaction,Input & Interaction Techniques,2008,3,19
0,3D Pointing & VR Interaction,Input & Interaction Techniques,2009,2,9
0,3D Pointing & VR Interaction,Input & Interaction Techniques,2010,7,19
0,3D Pointing & VR Interaction,Input & Interaction Techniques,2011,9,42
0,3D Pointing & VR Interaction,Input & Interaction Techniques,2012,7,20
0,3D Pointing & VR Interaction,Input & Interaction Techniques,2013,6,34
0,3D Pointing & VR Interaction,Input & Interaction Techniques,2014,8,52
0,3D Pointing & VR Interaction,Input & Interaction Techniques,2015,12,37
0,3D Pointing & VR Interaction,Input & Interaction Techniques,2016,6,37
0,3D Pointing & VR Interaction,Input & Interaction Techniques,2017,8,59
0,3D Pointing & VR Interaction,Input & Interaction Techniques,2018,11,70
0,3D Pointing & VR Interaction,Input & Interaction Techniques,2019,11,80
0,3D Pointing & VR Interaction,Input & Interaction Techniques,2020,10,92
0,3D Pointing & VR Interaction,Input & Interaction Techniques,2021,18,101
0,3D Pointing & VR Interaction,Input & Interaction Techniques,2022,11,100
0,3D Pointing & VR Interaction,Input & Interaction Techniques,2023,19,194
0,3D Pointing & VR Interaction,Input & Interaction Techniques,2024,9,172
0,3D Pointing & VR Interaction,Input & Interaction Techniques,2025,20,209
0,3D Pointing & VR Interaction,Input & Interaction Techniques,2026,20,201
1,RF & Radar Sensing,Input & Interaction Techniques,1995,1,0
1,RF & Radar Sensing,Input & Interaction Techniques,1997,1,0
1,RF & Radar Sensing,Input & Interaction Techniques,1998,0,1
1,RF & Radar Sensing,Input & Interaction Techniques,1999,0,1
1,RF & Radar Sensing,Input & Interaction Techniques,2005,0,1
1,RF & Radar Sensing,Input & Interaction Techniques,2007,0,1
1,RF & Radar Sensing,Input & Interaction Techniques,2011,0,1
1,RF & Radar Sensing,Input & Interaction Techniques,2012,1,0
1,RF & Radar Sensing,Input & Interaction Techniques,2014,1,1
1,RF & Radar Sensing,Input & Interaction Techniques,2015,2,3
1,RF & Radar Sensing,Input & Interaction Techniques,2016,3,5
1,RF & Radar Sensing,Input & Interaction Techniques,2017,5,7
1,RF & Radar Sensing,Input & Interaction Techniques,2018,1,5
1,RF & Radar Sensing,Input & Interaction Techniques,2019,7,20
1,RF & Radar Sensing,Input & Interaction Techniques,2020,3,14
1,RF & Radar Sensing,Input & Interaction Techniques,2021,6,31
1,RF & Radar Sensing,Input & Interaction Techniques,2022,3,17
1,RF & Radar Sensing,Input & Interaction Techniques,2023,7,39
1,RF & Radar Sensing,Input & Interaction Techniques,2024,8,52
1,RF & Radar Sensing,Input & Interaction Techniques,2025,10,38
1,RF & Radar Sensing,Input & Interaction Techniques,2026,12,45
2,Wearable Activity Recognition,Input & Interaction Techniques,2011,1,0
2,Wearable Activity Recognition,Input & Interaction Techniques,2012,0,1
2,Wearable Activity Recognition,Input & Interaction Techniques,2013,0,1
2,Wearable Activity Recognition,Input & Interaction Techniques,2014,1,1
2,Wearable Activity Recognition,Input & Interaction Techniques,2015,1,2
2,Wearable Activity Recognition,Input & Interaction Techniques,2016,0,1
2,Wearable Activity Recognition,Input & Interaction Techniques,2017,2,5
2,Wearable Activity Recognition,Input & Interaction Techniques,2018,2,3
2,Wearable Activity Recognition,Input & Interaction Techniques,2019,3,9
2,Wearable Activity Recognition,Input & Interaction Techniques,2020,2,7
2,Wearable Activity Recognition,Input & Interaction Techniques,2021,3,11
2,Wearable Activity Recognition,Input & Interaction Techniques,2022,3,10
2,Wearable Activity Recognition,Input & Interaction Techniques,2023,3,17
2,Wearable Activity Recognition,Input & Interaction Techniques,2024,1,19
2,Wearable Activity Recognition,Input & Interaction Techniques,2025,3,15
2,Wearable Activity Recognition,Input & Interaction Techniques,2026,2,16
3,Pointing & Target Selection,Input & Interaction Techniques,1982,2,0
3,Pointing & Target Selection,Input & Interaction Techniques,1983,2,1
3,Pointing & Target Selection,Input & Interaction Techniques,1985,2,1
3,Pointing & Target Selection,Input & Interaction Techniques,1986,1,1
3,Pointing & Target Selection,Input & Interaction Techniques,1988,3,2
3,Pointing & Target Selection,Input & Interaction Techniques,1989,1,1
3,Pointing & Target Selection,Input & Interaction Techniques,1990,2,1
3,Pointing & Target Selection,Input & Interaction Techniques,1991,1,1
3,Pointing & Target Selection,Input & Interaction Techniques,1992,2,4
3,Pointing & Target Selection,Input & Interaction Techniques,1994,1,6
3,Pointing & Target Selection,Input & Interaction Techniques,1995,1,5
3,Pointing & Target Selection,Input & Interaction Techniques,1996,1,2
3,Pointing & Target Selection,Input & Interaction Techniques,1997,2,3
3,Pointing & Target Selection,Input & Interaction Techniques,1998,1,7
3,Pointing & Target Selection,Input & Interaction Techniques,1999,4,10
3,Pointing & Target Selection,Input & Interaction Techniques,2000,1,4
3,Pointing & Target Selection,Input & Interaction Techniques,2001,2,5
3,Pointing & Target Selection,Input & Interaction Techniques,2002,2,8
3,Pointing & Target Selection,Input & Interaction Techniques,2003,5,21
3,Pointing & Target Selection,Input & Interaction Techniques,2004,6,14
3,Pointing & Target Selection,Input & Interaction Techniques,2005,3,20
3,Pointing & Target Selection,Input & Interaction Techniques,2006,3,31
3,Pointing & Target Selection,Input & Interaction Techniques,2007,10,61
3,Pointing & Target Selection,Input & Interaction Techniques,2008,15,62
3,Pointing & Target Selection,Input & Interaction Techniques,2009,5,71
3,Pointing & Target Selection,Input & Interaction Techniques,2010,5,57
3,Pointing & Target Selection,Input & Interaction Techniques,2011,14,108
3,Pointing & Target Selection,Input & Interaction Techniques,2012,6,62
3,Pointing & Target Selection,Input & Interaction Techniques,2013,10,77
3,Pointing & Target Selection,Input & Interaction Techniques,2014,14,97
3,Pointing & Target Selection,Input & Interaction Techniques,2015,8,58
3,Pointing & Target Selection,Input & Interaction Techniques,2016,7,59
3,Pointing & Target Selection,Input & Interaction Techniques,2017,13,118
3,Pointing & Target Selection,Input & Interaction Techniques,2018,13,120
3,Pointing & Target Selection,Input & Interaction Techniques,2019,13,155
3,Pointing & Target Selection,Input & Interaction Techniques,2020,12,129
3,Pointing & Target Selection,Input & Interaction Techniques,2021,10,141
3,Pointing & Target Selection,Input & Interaction Techniques,2022,10,158
3,Pointing & Target Selection,Input & Interaction Techniques,2023,12,207
3,Pointing & Target Selection,Input & Interaction Techniques,2024,13,216
3,Pointing & Target Selection,Input & Interaction Techniques,2025,12,220
3,Pointing & Target Selection,Input & Interaction Techniques,2026,15,232
4,Hand Input & Gesture Sensing,Input & Interaction Techniques,1982,1,0
4,Hand Input & Gesture Sensing,Input & Interaction Techniques,1985,1,1
4,Hand Input & Gesture Sensing,Input & Interaction Techniques,1986,1,0
4,Hand Input & Gesture Sensing,Input & Interaction Techniques,1988,1,0
4,Hand Input & Gesture Sensing,Input & Interaction Techniques,1990,1,1
4,Hand Input & Gesture Sensing,Input & Interaction Techniques,1991,1,1
4,Hand Input & Gesture Sensing,Input & Interaction Techniques,1992,1,1
4,Hand Input & Gesture Sensing,Input & Interaction Techniques,1995,0,1
4,Hand Input & Gesture Sensing,Input & Interaction Techniques,1997,2,0
4,Hand Input & Gesture Sensing,Input & Interaction Techniques,1998,2,2
4,Hand Input & Gesture Sensing,Input & Interaction Techniques,1999,3,1
4,Hand Input & Gesture Sensing,Input & Interaction Techniques,2000,1,1
4,Hand Input & Gesture Sensing,Input & Interaction Techniques,2001,0,1
4,Hand Input & Gesture Sensing,Input & Interaction Techniques,2002,1,2
4,Hand Input & Gesture Sensing,Input & Interaction Techniques,2003,1,2
4,Hand Input & Gesture Sensing,Input & Interaction Techniques,2004,0,2
4,Hand Input & Gesture Sensing,Input & Interaction Techniques,2005,1,1
4,Hand Input & Gesture Sensing,Input & Interaction Techniques,2006,3,6
4,Hand Input & Gesture Sensing,Input & Interaction Techniques,2007,2,6
4,Hand Input & Gesture Sensing,Input & Interaction Techniques,2008,2,7
4,Hand Input & Gesture Sensing,Input & Interaction Techniques,2009,0,3
4,Hand Input & Gesture Sensing,Input & Interaction Techniques,2010,3,10
4,Hand Input & Gesture Sensing,Input & Interaction Techniques,2011,3,16
4,Hand Input & Gesture Sensing,Input & Interaction Techniques,2012,7,18
4,Hand Input & Gesture Sensing,Input & Interaction Techniques,2013,5,21
4,Hand Input & Gesture Sensing,Input & Interaction Techniques,2014,8,35
4,Hand Input & Gesture Sensing,Input & Interaction Techniques,2015,13,70
4,Hand Input & Gesture Sensing,Input & Interaction Techniques,2016,12,72
4,Hand Input & Gesture Sensing,Input & Interaction Techniques,2017,11,79
4,Hand Input & Gesture Sensing,Input & Interaction Techniques,2018,12,83
4,Hand Input & Gesture Sensing,Input & Interaction Techniques,2019,7,100
4,Hand Input & Gesture Sensing,Input & Interaction Techniques,2020,8,104
4,Hand Input & Gesture Sensing,Input & Interaction Techniques,2021,10,111
4,Hand Input & Gesture Sensing,Input & Interaction Techniques,2022,4,70
4,Hand Input & Gesture Sensing,Input & Interaction Techniques,2023,10,151
4,Hand Input & Gesture Sensing,Input & Interaction Techniques,2024,10,115
4,Hand Input & Gesture Sensing,Input & Interaction Techniques,2025,10,130
4,Hand Input & Gesture Sensing,Input & Interaction Techniques,2026,12,112
5,Fisheye & Scrolling Techniques,Input & Interaction Techniques,1983,2,0
5,Fisheye & Scrolling Techniques,Input & Interaction Techniques,1985,2,0
5,Fisheye & Scrolling Techniques,Input & Interaction Techniques,1986,3,2
5,Fisheye & Scrolling Techniques,Input & Interaction Techniques,1988,3,1
5,Fisheye & Scrolling Techniques,Input & Interaction Techniques,1989,4,2
5,Fisheye & Scrolling Techniques,Input & Interaction Techniques,1990,3,2
5,Fisheye & Scrolling Techniques,Input & Interaction Techniques,1991,12,15
5,Fisheye & Scrolling Techniques,Input & Interaction Techniques,1992,13,12
5,Fisheye & Scrolling Techniques,Input & Interaction Techniques,1994,5,14
5,Fisheye & Scrolling Techniques,Input & Interaction Techniques,1995,7,23
5,Fisheye & Scrolling Techniques,Input & Interaction Techniques,1996,8,13
5,Fisheye & Scrolling Techniques,Input & Interaction Techniques,1997,6,15
5,Fisheye & Scrolling Techniques,Input & Interaction Techniques,1998,3,8
5,Fisheye & Scrolling Techniques,Input & Interaction Techniques,1999,5,11
5,Fisheye & Scrolling Techniques,Input & Interaction Techniques,2000,3,9
5,Fisheye & Scrolling Techniques,Input & Interaction Techniques,2001,7,21
5,Fisheye & Scrolling Techniques,Input & Interaction Techniques,2002,5,24
5,Fisheye & Scrolling Techniques,Input & Interaction Techniques,2003,4,15
5,Fisheye & Scrolling Techniques,Input & Interaction Techniques,2004,3,20
5,Fisheye & Scrolling Techniques,Input & Interaction Techniques,2005,6,39
5,Fisheye & Scrolling Techniques,Input & Interaction Techniques,2006,8,45
5,Fisheye & Scrolling Techniques,Input & Interaction Techniques,2007,6,35
5,Fisheye & Scrolling Techniques,Input & Interaction Techniques,2008,12,71
5,Fisheye & Scrolling Techniques,Input & Interaction Techniques,2009,9,33
5,Fisheye & Scrolling Techniques,Input & Interaction Techniques,2010,6,32
5,Fisheye & Scrolling Techniques,Input & Interaction Techniques,2011,7,46
5,Fisheye & Scrolling Techniques,Input & Interaction Techniques,2012,5,38
5,Fisheye & Scrolling Techniques,Input & Interaction Techniques,2013,5,38
5,Fisheye & Scrolling Techniques,Input & Interaction Techniques,2014,5,55
5,Fisheye & Scrolling Techniques,Input & Interaction Techniques,2015,2,25
5,Fisheye & Scrolling Techniques,Input & Interaction Techniques,2016,3,33
5,Fisheye & Scrolling Techniques,Input & Interaction Techniques,2017,4,48
5,Fisheye & Scrolling Techniques,Input & Interaction Techniques,2018,4,47
5,Fisheye & Scrolling Techniques,Input & Interaction Techniques,2019,1,26
5,Fisheye & Scrolling Techniques,Input & Interaction Techniques,2020,0,21
5,Fisheye & Scrolling Techniques,Input & Interaction Techniques,2021,0,21
5,Fisheye & Scrolling Techniques,Input & Interaction Techniques,2022,2,33
5,Fisheye & Scrolling Techniques,Input & Interaction Techniques,2023,3,31
5,Fisheye & Scrolling Techniques,Input & Interaction Techniques,2024,0,17
5,Fisheye & Scrolling Techniques,Input & Interaction Techniques,2025,2,19
5,Fisheye & Scrolling Techniques,Input & Interaction Techniques,2026,2,26
6,Gesture Elicitation & Recognition,Input & Interaction Techniques,1982,1,0
6,Gesture Elicitation & Recognition,Input & Interaction Techniques,1988,1,0
6,Gesture Elicitation & Recognition,Input & Interaction Techniques,1990,0,1
6,Gesture Elicitation & Recognition,Input & Interaction Techniques,1991,1,0
6,Gesture Elicitation & Recognition,Input & Interaction Techniques,1992,1,1
6,Gesture Elicitation & Recognition,Input & Interaction Techniques,1994,1,1
6,Gesture Elicitation & Recognition,Input & Interaction Techniques,1995,1,2
6,Gesture Elicitation & Recognition,Input & Interaction Techniques,1996,1,4
6,Gesture Elicitation & Recognition,Input & Interaction Techniques,1998,1,1
6,Gesture Elicitation & Recognition,Input & Interaction Techniques,1999,2,2
6,Gesture Elicitation & Recognition,Input & Interaction Techniques,2000,2,8
6,Gesture Elicitation & Recognition,Input & Interaction Techniques,2001,1,0
6,Gesture Elicitation & Recognition,Input & Interaction Techniques,2002,2,4
6,Gesture Elicitation & Recognition,Input & Interaction Techniques,2003,1,2
6,Gesture Elicitation & Recognition,Input & Interaction Techniques,2004,0,3
6,Gesture Elicitation & Recognition,Input & Interaction Techniques,2005,1,6
6,Gesture Elicitation & Recognition,Input & Interaction Techniques,2006,1,5
6,Gesture Elicitation & Recognition,Input & Interaction Techniques,2007,5,12
6,Gesture Elicitation & Recognition,Input & Interaction Techniques,2008,0,9
6,Gesture Elicitation & Recognition,Input & Interaction Techniques,2009,5,20
6,Gesture Elicitation & Recognition,Input & Interaction Techniques,2010,7,21
6,Gesture Elicitation & Recognition,Input & Interaction Techniques,2011,8,29
6,Gesture Elicitation & Recognition,Input & Interaction Techniques,2012,12,48
6,Gesture Elicitation & Recognition,Input & Interaction Techniques,2013,14,91
6,Gesture Elicitation & Recognition,Input & Interaction Techniques,2014,11,70
6,Gesture Elicitation & Recognition,Input & Interaction Techniques,2015,8,49
6,Gesture Elicitation & Recognition,Input & Interaction Techniques,2016,5,108
6,Gesture Elicitation & Recognition,Input & Interaction Techniques,2017,10,110
6,Gesture Elicitation & Recognition,Input & Interaction Techniques,2018,11,110
6,Gesture Elicitation & Recognition,Input & Interaction Techniques,2019,8,105
6,Gesture Elicitation & Recognition,Input & Interaction Techniques,2020,6,84
6,Gesture Elicitation & Recognition,Input & Interaction Techniques,2021,7,107
6,Gesture Elicitation & Recognition,Input & Interaction Techniques,2022,7,83
6,Gesture Elicitation & Recognition,Input & Interaction Techniques,2023,6,101
6,Gesture Elicitation & Recognition,Input & Interaction Techniques,2024,8,86
6,Gesture Elicitation & Recognition,Input & Interaction Techniques,2025,5,86
6,Gesture Elicitation & Recognition,Input & Interaction Techniques,2026,3,58
7,Pen & Sketch Input,Input & Interaction Techniques,1985,1,0
7,Pen & Sketch Input,Input & Interaction Techniques,1986,1,2
7,Pen & Sketch Input,Input & Interaction Techniques,1990,2,0
7,Pen & Sketch Input,Input & Interaction Techniques,1991,1,1
7,Pen & Sketch Input,Input & Interaction Techniques,1992,3,0
7,Pen & Sketch Input,Input & Interaction Techniques,1994,2,4
7,Pen & Sketch Input,Input & Interaction Techniques,1995,3,9
7,Pen & Sketch Input,Input & Interaction Techniques,1996,0,3
7,Pen & Sketch Input,Input & Interaction Techniques,1997,5,7
7,Pen & Sketch Input,Input & Interaction Techniques,1998,4,19
7,Pen & Sketch Input,Input & Interaction Techniques,1999,6,19
7,Pen & Sketch Input,Input & Interaction Techniques,2000,4,23
7,Pen & Sketch Input,Input & Interaction Techniques,2001,2,7
7,Pen & Sketch Input,Input & Interaction Techniques,2002,0,6
7,Pen & Sketch Input,Input & Interaction Techniques,2003,3,13
7,Pen & Sketch Input,Input & Interaction Techniques,2004,4,6
7,Pen & Sketch Input,Input & Interaction Techniques,2005,4,23
7,Pen & Sketch Input,Input & Interaction Techniques,2006,7,28
7,Pen & Sketch Input,Input & Interaction Techniques,2007,7,51
7,Pen & Sketch Input,Input & Interaction Techniques,2008,7,47
7,Pen & Sketch Input,Input & Interaction Techniques,2009,7,56
7,Pen & Sketch Input,Input & Interaction Techniques,2010,5,50
7,Pen & Sketch Input,Input & Interaction Techniques,2011,14,95
7,Pen & Sketch Input,Input & Interaction Techniques,2012,8,65
7,Pen & Sketch Input,Input & Interaction Techniques,2013,3,65
7,Pen & Sketch Input,Input & Interaction Techniques,2014,5,57
7,Pen & Sketch Input,Input & Interaction Techniques,2015,4,28
7,Pen & Sketch Input,Input & Interaction Techniques,2016,2,50
7,Pen & Sketch Input,Input & Interaction Techniques,2017,7,95
7,Pen & Sketch Input,Input & Interaction Techniques,2018,3,57
7,Pen & Sketch Input,Input & Interaction Techniques,2019,7,96
7,Pen & Sketch Input,Input & Interaction Techniques,2020,9,83
7,Pen & Sketch Input,Input & Interaction Techniques,2021,2,73
7,Pen & Sketch Input,Input & Interaction Techniques,2022,7,89
7,Pen & Sketch Input,Input & Interaction Techniques,2023,1,65
7,Pen & Sketch Input,Input & Interaction Techniques,2024,2,54
7,Pen & Sketch Input,Input & Interaction Techniques,2025,5,91
7,Pen & Sketch Input,Input & Interaction Techniques,2026,0,60
8,Text Entry,Input & Interaction Techniques,1982,1,0
8,Text Entry,Input & Interaction Techniques,1997,1,0
8,Text Entry,Input & Interaction Techniques,1998,1,0
8,Text Entry,Input & Interaction Techniques,1999,4,2
8,Text Entry,Input & Interaction Techniques,2000,1,2
8,Text Entry,Input & Interaction Techniques,2001,1,2
8,Text Entry,Input & Interaction Techniques,2002,1,1
8,Text Entry,Input & Interaction Techniques,2003,2,3
8,Text Entry,Input & Interaction Techniques,2004,5,16
8,Text Entry,Input & Interaction Techniques,2005,2,6
8,Text Entry,Input & Interaction Techniques,2006,5,10
8,Text Entry,Input & Interaction Techniques,2007,3,14
8,Text Entry,Input & Interaction Techniques,2008,6,17
8,Text Entry,Input & Interaction Techniques,2009,2,7
8,Text Entry,Input & Interaction Techniques,2010,9,32
8,Text Entry,Input & Interaction Techniques,2011,4,13
8,Text Entry,Input & Interaction Techniques,2012,7,31
8,Text Entry,Input & Interaction Techniques,2013,7,38
8,Text Entry,Input & Interaction Techniques,2014,7,34
8,Text Entry,Input & Interaction Techniques,2015,9,63
8,Text Entry,Input & Interaction Techniques,2016,10,92
8,Text Entry,Input & Interaction Techniques,2017,8,96
8,Text Entry,Input & Interaction Techniques,2018,13,127
8,Text Entry,Input & Interaction Techniques,2019,7,102
8,Text Entry,Input & Interaction Techniques,2020,10,145
8,Text Entry,Input & Interaction Techniques,2021,10,150
8,Text Entry,Input & Interaction Techniques,2022,7,136
8,Text Entry,Input & Interaction Techniques,2023,7,119
8,Text Entry,Input & Interaction Techniques,2024,4,63
8,Text Entry,Input & Interaction Techniques,2025,12,174
8,Text Entry,Input & Interaction Techniques,2026,3,81
9,Touch & Multi-touch Input,Input & Interaction Techniques,1986,1,0
9,Touch & Multi-touch Input,Input & Interaction Techniques,1998,1,0
9,Touch & Multi-touch Input,Input & Interaction Techniques,1999,1,2
9,Touch & Multi-touch Input,Input & Interaction Techniques,2002,0,3
9,Touch & Multi-touch Input,Input & Interaction Techniques,2003,0,2
9,Touch & Multi-touch Input,Input & Interaction Techniques,2004,1,1
9,Touch & Multi-touch Input,Input & Interaction Techniques,2005,1,2
9,Touch & Multi-touch Input,Input & Interaction Techniques,2006,0,2
9,Touch & Multi-touch Input,Input & Interaction Techniques,2007,1,2
9,Touch & Multi-touch Input,Input & Interaction Techniques,2008,2,7
9,Touch & Multi-touch Input,Input & Interaction Techniques,2009,5,5
9,Touch & Multi-touch Input,Input & Interaction Techniques,2010,4,14
9,Touch & Multi-touch Input,Input & Interaction Techniques,2011,7,36
9,Touch & Multi-touch Input,Input & Interaction Techniques,2012,7,27
9,Touch & Multi-touch Input,Input & Interaction Techniques,2013,7,38
9,Touch & Multi-touch Input,Input & Interaction Techniques,2014,12,54
9,Touch & Multi-touch Input,Input & Interaction Techniques,2015,6,35
9,Touch & Multi-touch Input,Input & Interaction Techniques,2016,9,65
9,Touch & Multi-touch Input,Input & Interaction Techniques,2017,8,85
9,Touch & Multi-touch Input,Input & Interaction Techniques,2018,7,88
9,Touch & Multi-touch Input,Input & Interaction Techniques,2019,7,75
9,Touch & Multi-touch Input,Input & Interaction Techniques,2020,3,45
9,Touch & Multi-touch Input,Input & Interaction Techniques,2021,4,75
9,Touch & Multi-touch Input,Input & Interaction Techniques,2022,2,27
9,Touch & Multi-touch Input,Input & Interaction Techniques,2023,5,49
9,Touch & Multi-touch Input,Input & Interaction Techniques,2024,2,39
9,Touch & Multi-touch Input,Input & Interaction Techniques,2025,2,38
9,Touch & Multi-touch Input,Input & Interaction Techniques,2026,2,29
11,VR Haptics,"Tangible, VR & Fabrication",1994,1,0
11,VR Haptics,"Tangible, VR & Fabrication",1995,0,4
11,VR Haptics,"Tangible, VR & Fabrication",1996,0,1
11,VR Haptics,"Tangible, VR & Fabrication",1997,0,3
11,VR Haptics,"Tangible, VR & Fabrication",1998,0,2
11,VR Haptics,"Tangible, VR & Fabrication",1999,0,3
11,VR Haptics,"Tangible, VR & Fabrication",2000,0,1
11,VR Haptics,"Tangible, VR & Fabrication",2002,0,2
11,VR Haptics,"Tangible, VR & Fabrication",2003,0,1
11,VR Haptics,"Tangible, VR & Fabrication",2004,1,1
11,VR Haptics,"Tangible, VR & Fabrication",2005,0,2
11,VR Haptics,"Tangible, VR & Fabrication",2007,0,1
11,VR Haptics,"Tangible, VR & Fabrication",2008,1,1
11,VR Haptics,"Tangible, VR & Fabrication",2009,2,0
11,VR Haptics,"Tangible, VR & Fabrication",2010,1,1
11,VR Haptics,"Tangible, VR & Fabrication",2011,3,7
11,VR Haptics,"Tangible, VR & Fabrication",2012,3,2
11,VR Haptics,"Tangible, VR & Fabrication",2013,4,4
11,VR Haptics,"Tangible, VR & Fabrication",2014,2,10
11,VR Haptics,"Tangible, VR & Fabrication",2015,7,17
11,VR Haptics,"Tangible, VR & Fabrication",2016,9,24
11,VR Haptics,"Tangible, VR & Fabrication",2017,15,46
11,VR Haptics,"Tangible, VR & Fabrication",2018,19,108
11,VR Haptics,"Tangible, VR & Fabrication",2019,23,179
11,VR Haptics,"Tangible, VR & Fabrication",2020,24,226
11,VR Haptics,"Tangible, VR & Fabrication",2021,15,158
11,VR Haptics,"Tangible, VR & Fabrication",2022,16,197
11,VR Haptics,"Tangible, VR & Fabrication",2023,31,248
11,VR Haptics,"Tangible, VR & Fabrication",2024,33,342
11,VR Haptics,"Tangible, VR & Fabrication",2025,35,349
11,VR Haptics,"Tangible, VR & Fabrication",2026,38,386
12,Deformable & Soft Displays,"Tangible, VR & Fabrication",1991,1,0
12,Deformable & Soft Displays,"Tangible, VR & Fabrication",1992,2,0
12,Deformable & Soft Displays,"Tangible, VR & Fabrication",1994,0,1
12,Deformable & Soft Displays,"Tangible, VR & Fabrication",1995,1,2
12,Deformable & Soft Displays,"Tangible, VR & Fabrication",1996,1,0
12,Deformable & Soft Displays,"Tangible, VR & Fabrication",1997,1,0
12,Deformable & Soft Displays,"Tangible, VR & Fabrication",1998,0,1
12,Deformable & Soft Displays,"Tangible, VR & Fabrication",2002,1,0
12,Deformable & Soft Displays,"Tangible, VR & Fabrication",2004,2,0
12,Deformable & Soft Displays,"Tangible, VR & Fabrication",2005,1,1
12,Deformable & Soft Displays,"Tangible, VR & Fabrication",2006,0,1
12,Deformable & Soft Displays,"Tangible, VR & Fabrication",2007,2,2
12,Deformable & Soft Displays,"Tangible, VR & Fabrication",2008,2,2
12,Deformable & Soft Displays,"Tangible, VR & Fabrication",2009,3,4
12,Deformable & Soft Displays,"Tangible, VR & Fabrication",2010,2,5
12,Deformable & Soft Displays,"Tangible, VR & Fabrication",2011,7,32
12,Deformable & Soft Displays,"Tangible, VR & Fabrication",2012,7,23
12,Deformable & Soft Displays,"Tangible, VR & Fabrication",2013,8,52
12,Deformable & Soft Displays,"Tangible, VR & Fabrication",2014,7,37
12,Deformable & Soft Displays,"Tangible, VR & Fabrication",2015,7,45
12,Deformable & Soft Displays,"Tangible, VR & Fabrication",2016,19,107
12,Deformable & Soft Displays,"Tangible, VR & Fabrication",2017,13,79
12,Deformable & Soft Displays,"Tangible, VR & Fabrication",2018,12,115
12,Deformable & Soft Displays,"Tangible, VR & Fabrication",2019,12,78
12,Deformable & Soft Displays,"Tangible, VR & Fabrication",2020,6,85
12,Deformable & Soft Displays,"Tangible, VR & Fabrication",2021,9,89
12,Deformable & Soft Displays,"Tangible, VR & Fabrication",2022,14,152
12,Deformable & Soft Displays,"Tangible, VR & Fabrication",2023,12,155
12,Deformable & Soft Displays,"Tangible, VR & Fabrication",2024,16,166
12,Deformable & Soft Displays,"Tangible, VR & Fabrication",2025,11,131
12,Deformable & Soft Displays,"Tangible, VR & Fabrication",2026,14,146
13,Tangible Interaction,"Tangible, VR & Fabrication",1992,1,0
13,Tangible Interaction,"Tangible, VR & Fabrication",1994,0,1
13,Tangible Interaction,"Tangible, VR & Fabrication",1995,1,2
13,Tangible Interaction,"Tangible, VR & Fabrication",1996,0,2
13,Tangible Interaction,"Tangible, VR & Fabrication",1997,3,9
13,Tangible Interaction,"Tangible, VR & Fabrication",1998,5,16
13,Tangible Interaction,"Tangible, VR & Fabrication",1999,9,39
13,Tangible Interaction,"Tangible, VR & Fabrication",2000,4,21
13,Tangible Interaction,"Tangible, VR & Fabrication",2001,2,20
13,Tangible Interaction,"Tangible, VR & Fabrication",2002,3,26
13,Tangible Interaction,"Tangible, VR & Fabrication",2003,2,14
13,Tangible Interaction,"Tangible, VR & Fabrication",2004,2,18
13,Tangible Interaction,"Tangible, VR & Fabrication",2005,0,11
13,Tangible Interaction,"Tangible, VR & Fabrication",2006,2,20
13,Tangible Interaction,"Tangible, VR & Fabrication",2007,2,13
13,Tangible Interaction,"Tangible, VR & Fabrication",2008,4,19
13,Tangible Interaction,"Tangible, VR & Fabrication",2009,8,36
13,Tangible Interaction,"Tangible, VR & Fabrication",2010,6,41
13,Tangible Interaction,"Tangible, VR & Fabrication",2011,9,67
13,Tangible Interaction,"Tangible, VR & Fabrication",2012,6,49
13,Tangible Interaction,"Tangible, VR & Fabrication",2013,7,34
13,Tangible Interaction,"Tangible, VR & Fabrication",2014,8,44
13,Tangible Interaction,"Tangible, VR & Fabrication",2015,6,47
13,Tangible Interaction,"Tangible, VR & Fabrication",2016,4,71
13,Tangible Interaction,"Tangible, VR & Fabrication",2017,2,61
13,Tangible Interaction,"Tangible, VR & Fabrication",2018,4,83
13,Tangible Interaction,"Tangible, VR & Fabrication",2019,4,52
13,Tangible Interaction,"Tangible, VR & Fabrication",2020,8,64
13,Tangible Interaction,"Tangible, VR & Fabrication",2021,5,75
13,Tangible Interaction,"Tangible, VR & Fabrication",2022,4,68
13,Tangible Interaction,"Tangible, VR & Fabrication",2023,5,83
13,Tangible Interaction,"Tangible, VR & Fabrication",2024,1,58
13,Tangible Interaction,"Tangible, VR & Fabrication",2025,4,71
13,Tangible Interaction,"Tangible, VR & Fabrication",2026,3,52
14,Printed Electronics,"Tangible, VR & Fabrication",1985,1,0
14,Printed Electronics,"Tangible, VR & Fabrication",1989,0,1
14,Printed Electronics,"Tangible, VR & Fabrication",1992,1,0
14,Printed Electronics,"Tangible, VR & Fabrication",1994,0,1
14,Printed Electronics,"Tangible, VR & Fabrication",1995,1,2
14,Printed Electronics,"Tangible, VR & Fabrication",1997,0,2
14,Printed Electronics,"Tangible, VR & Fabrication",1999,0,1
14,Printed Electronics,"Tangible, VR & Fabrication",2001,1,1
14,Printed Electronics,"Tangible, VR & Fabrication",2002,0,4
14,Printed Electronics,"Tangible, VR & Fabrication",2003,0,2
14,Printed Electronics,"Tangible, VR & Fabrication",2004,0,1
14,Printed Electronics,"Tangible, VR & Fabrication",2006,0,1
14,Printed Electronics,"Tangible, VR & Fabrication",2008,1,1
14,Printed Electronics,"Tangible, VR & Fabrication",2009,0,1
14,Printed Electronics,"Tangible, VR & Fabrication",2010,1,0
14,Printed Electronics,"Tangible, VR & Fabrication",2011,1,5
14,Printed Electronics,"Tangible, VR & Fabrication",2012,4,5
14,Printed Electronics,"Tangible, VR & Fabrication",2013,4,14
14,Printed Electronics,"Tangible, VR & Fabrication",2014,5,12
14,Printed Electronics,"Tangible, VR & Fabrication",2015,8,16
14,Printed Electronics,"Tangible, VR & Fabrication",2016,10,39
14,Printed Electronics,"Tangible, VR & Fabrication",2017,11,60
14,Printed Electronics,"Tangible, VR & Fabrication",2018,13,89
14,Printed Electronics,"Tangible, VR & Fabrication",2019,9,81
14,Printed Electronics,"Tangible, VR & Fabrication",2020,12,91
14,Printed Electronics,"Tangible, VR & Fabrication",2021,9,145
14,Printed Electronics,"Tangible, VR & Fabrication",2022,7,78
14,Printed Electronics,"Tangible, VR & Fabrication",2023,11,138
14,Printed Electronics,"Tangible, VR & Fabrication",2024,12,146
14,Printed Electronics,"Tangible, VR & Fabrication",2025,4,89
14,Printed Electronics,"Tangible, VR & Fabrication",2026,8,92
15,Digital Fabrication,"Tangible, VR & Fabrication",2000,1,0
15,Digital Fabrication,"Tangible, VR & Fabrication",2003,1,0
15,Digital Fabrication,"Tangible, VR & Fabrication",2010,1,1
15,Digital Fabrication,"Tangible, VR & Fabrication",2012,1,1
15,Digital Fabrication,"Tangible, VR & Fabrication",2013,3,2
15,Digital Fabrication,"Tangible, VR & Fabrication",2014,2,5
15,Digital Fabrication,"Tangible, VR & Fabrication",2015,8,11
15,Digital Fabrication,"Tangible, VR & Fabrication",2016,13,41
15,Digital Fabrication,"Tangible, VR & Fabrication",2017,10,54
15,Digital Fabrication,"Tangible, VR & Fabrication",2018,11,80
15,Digital Fabrication,"Tangible, VR & Fabrication",2019,11,119
15,Digital Fabrication,"Tangible, VR & Fabrication",2020,4,66
15,Digital Fabrication,"Tangible, VR & Fabrication",2021,15,142
15,Digital Fabrication,"Tangible, VR & Fabrication",2022,9,69
15,Digital Fabrication,"Tangible, VR & Fabrication",2023,14,186
15,Digital Fabrication,"Tangible, VR & Fabrication",2024,18,212
15,Digital Fabrication,"Tangible, VR & Fabrication",2025,18,201
15,Digital Fabrication,"Tangible, VR & Fabrication",2026,21,277
16,E-textiles & Weaving,"Tangible, VR & Fabrication",2007,2,0
16,E-textiles & Weaving,"Tangible, VR & Fabrication",2008,1,0
16,E-textiles & Weaving,"Tangible, VR & Fabrication",2009,1,3
16,E-textiles & Weaving,"Tangible, VR & Fabrication",2010,2,4
16,E-textiles & Weaving,"Tangible, VR & Fabrication",2011,2,4
16,E-textiles & Weaving,"Tangible, VR & Fabrication",2012,2,6
16,E-textiles & Weaving,"Tangible, VR & Fabrication",2013,1,9
16,E-textiles & Weaving,"Tangible, VR & Fabrication",2014,1,7
16,E-textiles & Weaving,"Tangible, VR & Fabrication",2015,1,5
16,E-textiles & Weaving,"Tangible, VR & Fabrication",2016,2,16
16,E-textiles & Weaving,"Tangible, VR & Fabrication",2017,2,25
16,E-textiles & Weaving,"Tangible, VR & Fabrication",2018,3,30
16,E-textiles & Weaving,"Tangible, VR & Fabrication",2019,4,29
16,E-textiles & Weaving,"Tangible, VR & Fabrication",2020,10,49
16,E-textiles & Weaving,"Tangible, VR & Fabrication",2021,10,72
16,E-textiles & Weaving,"Tangible, VR & Fabrication",2022,8,79
16,E-textiles & Weaving,"Tangible, VR & Fabrication",2023,7,112
16,E-textiles & Weaving,"Tangible, VR & Fabrication",2024,9,137
16,E-textiles & Weaving,"Tangible, VR & Fabrication",2025,5,92
16,E-textiles & Weaving,"Tangible, VR & Fabrication",2026,5,81
17,Tactile & Thermal Feedback,"Tangible, VR & Fabrication",1998,1,0
17,Tactile & Thermal Feedback,"Tangible, VR & Fabrication",1999,0,1
17,Tactile & Thermal Feedback,"Tangible, VR & Fabrication",2000,1,1
17,Tactile & Thermal Feedback,"Tangible, VR & Fabrication",2003,0,1
17,Tactile & Thermal Feedback,"Tangible, VR & Fabrication",2005,1,0
17,Tactile & Thermal Feedback,"Tangible, VR & Fabrication",2006,2,1
17,Tactile & Thermal Feedback,"Tangible, VR & Fabrication",2007,2,2
17,Tactile & Thermal Feedback,"Tangible, VR & Fabrication",2008,2,4
17,Tactile & Thermal Feedback,"Tangible, VR & Fabrication",2009,5,7
17,Tactile & Thermal Feedback,"Tangible, VR & Fabrication",2010,3,15
17,Tactile & Thermal Feedback,"Tangible, VR & Fabrication",2011,9,9
17,Tactile & Thermal Feedback,"Tangible, VR & Fabrication",2012,4,7
17,Tactile & Thermal Feedback,"Tangible, VR & Fabrication",2013,4,20
17,Tactile & Thermal Feedback,"Tangible, VR & Fabrication",2014,2,14
17,Tactile & Thermal Feedback,"Tangible, VR & Fabrication",2015,7,34
17,Tactile & Thermal Feedback,"Tangible, VR & Fabrication",2016,7,44
17,Tactile & Thermal Feedback,"Tangible, VR & Fabrication",2017,8,58
17,Tactile & Thermal Feedback,"Tangible, VR & Fabrication",2018,5,45
17,Tactile & Thermal Feedback,"Tangible, VR & Fabrication",2019,6,62
17,Tactile & Thermal Feedback,"Tangible, VR & Fabrication",2020,6,61
17,Tactile & Thermal Feedback,"Tangible, VR & Fabrication",2021,4,55
17,Tactile & Thermal Feedback,"Tangible, VR & Fabrication",2022,2,48
17,Tactile & Thermal Feedback,"Tangible, VR & Fabrication",2023,3,77
17,Tactile & Thermal Feedback,"Tangible, VR & Fabrication",2024,5,56
17,Tactile & Thermal Feedback,"Tangible, VR & Fabrication",2025,4,68
17,Tactile & Thermal Feedback,"Tangible, VR & Fabrication",2026,10,93
18,VR Locomotion & Presence,"Tangible, VR & Fabrication",2001,1,0
18,VR Locomotion & Presence,"Tangible, VR & Fabrication",2004,1,1
18,VR Locomotion & Presence,"Tangible, VR & Fabrication",2016,1,0
18,VR Locomotion & Presence,"Tangible, VR & Fabrication",2017,3,2
18,VR Locomotion & Presence,"Tangible, VR & Fabrication",2018,3,7
18,VR Locomotion & Presence,"Tangible, VR & Fabrication",2019,8,10
18,VR Locomotion & Presence,"Tangible, VR & Fabrication",2020,6,37
18,VR Locomotion & Presence,"Tangible, VR & Fabrication",2021,6,26
18,VR Locomotion & Presence,"Tangible, VR & Fabrication",2022,4,43
18,VR Locomotion & Presence,"Tangible, VR & Fabrication",2023,9,51
18,VR Locomotion & Presence,"Tangible, VR & Fabrication",2024,9,55
18,VR Locomotion & Presence,"Tangible, VR & Fabrication",2025,13,84
18,VR Locomotion & Presence,"Tangible, VR & Fabrication",2026,8,58
19,Physical Prototyping Toolkits,"Tangible, VR & Fabrication",1986,1,0
19,Physical Prototyping Toolkits,"Tangible, VR & Fabrication",2003,2,0
19,Physical Prototyping Toolkits,"Tangible, VR & Fabrication",2004,2,3
19,Physical Prototyping Toolkits,"Tangible, VR & Fabrication",2005,0,1
19,Physical Prototyping Toolkits,"Tangible, VR & Fabrication",2006,0,2
19,Physical Prototyping Toolkits,"Tangible, VR & Fabrication",2007,2,5
19,Physical Prototyping Toolkits,"Tangible, VR & Fabrication",2008,1,3
19,Physical Prototyping Toolkits,"Tangible, VR & Fabrication",2009,2,5
19,Physical Prototyping Toolkits,"Tangible, VR & Fabrication",2010,0,3
19,Physical Prototyping Toolkits,"Tangible, VR & Fabrication",2011,0,4
19,Physical Prototyping Toolkits,"Tangible, VR & Fabrication",2012,0,2
19,Physical Prototyping Toolkits,"Tangible, VR & Fabrication",2013,0,4
19,Physical Prototyping Toolkits,"Tangible, VR & Fabrication",2014,0,3
19,Physical Prototyping Toolkits,"Tangible, VR & Fabrication",2015,1,4
19,Physical Prototyping Toolkits,"Tangible, VR & Fabrication",2016,1,7
19,Physical Prototyping Toolkits,"Tangible, VR & Fabrication",2017,0,4
19,Physical Prototyping Toolkits,"Tangible, VR & Fabrication",2018,0,8
19,Physical Prototyping Toolkits,"Tangible, VR & Fabrication",2019,6,11
19,Physical Prototyping Toolkits,"Tangible, VR & Fabrication",2020,2,6
19,Physical Prototyping Toolkits,"Tangible, VR & Fabrication",2021,3,18
19,Physical Prototyping Toolkits,"Tangible, VR & Fabrication",2022,0,5
19,Physical Prototyping Toolkits,"Tangible, VR & Fabrication",2023,1,12
19,Physical Prototyping Toolkits,"Tangible, VR & Fabrication",2024,2,13
19,Physical Prototyping Toolkits,"Tangible, VR & Fabrication",2025,3,15
19,Physical Prototyping Toolkits,"Tangible, VR & Fabrication",2026,1,6
20,Making & Makerspaces,"Tangible, VR & Fabrication",1990,1,0
20,Making & Makerspaces,"Tangible, VR & Fabrication",1991,0,4
20,Making & Makerspaces,"Tangible, VR & Fabrication",1992,1,3
20,Making & Makerspaces,"Tangible, VR & Fabrication",1996,1,2
20,Making & Makerspaces,"Tangible, VR & Fabrication",2001,0,1
20,Making & Makerspaces,"Tangible, VR & Fabrication",2006,0,1
20,Making & Makerspaces,"Tangible, VR & Fabrication",2007,0,2
20,Making & Makerspaces,"Tangible, VR & Fabrication",2008,0,1
20,Making & Makerspaces,"Tangible, VR & Fabrication",2009,2,2
20,Making & Makerspaces,"Tangible, VR & Fabrication",2010,0,4
20,Making & Makerspaces,"Tangible, VR & Fabrication",2011,2,6
20,Making & Makerspaces,"Tangible, VR & Fabrication",2012,1,4
20,Making & Makerspaces,"Tangible, VR & Fabrication",2013,1,2
20,Making & Makerspaces,"Tangible, VR & Fabrication",2014,4,14
20,Making & Makerspaces,"Tangible, VR & Fabrication",2015,2,21
20,Making & Makerspaces,"Tangible, VR & Fabrication",2016,4,36
20,Making & Makerspaces,"Tangible, VR & Fabrication",2017,5,35
20,Making & Makerspaces,"Tangible, VR & Fabrication",2018,3,29
20,Making & Makerspaces,"Tangible, VR & Fabrication",2019,3,44
20,Making & Makerspaces,"Tangible, VR & Fabrication",2020,2,36
20,Making & Makerspaces,"Tangible, VR & Fabrication",2021,6,57
20,Making & Makerspaces,"Tangible, VR & Fabrication",2022,1,31
20,Making & Makerspaces,"Tangible, VR & Fabrication",2023,4,47
20,Making & Makerspaces,"Tangible, VR & Fabrication",2024,0,24
20,Making & Makerspaces,"Tangible, VR & Fabrication",2025,1,41
20,Making & Makerspaces,"Tangible, VR & Fabrication",2026,3,61
21,Data Physicalization & Bio-materials,"Tangible, VR & Fabrication",2006,1,0
21,Data Physicalization & Bio-materials,"Tangible, VR & Fabrication",2010,1,0
21,Data Physicalization & Bio-materials,"Tangible, VR & Fabrication",2011,1,1
21,Data Physicalization & Bio-materials,"Tangible, VR & Fabrication",2013,2,0
21,Data Physicalization & Bio-materials,"Tangible, VR & Fabrication",2014,4,4
21,Data Physicalization & Bio-materials,"Tangible, VR & Fabrication",2015,4,11
21,Data Physicalization & Bio-materials,"Tangible, VR & Fabrication",2016,2,8
21,Data Physicalization & Bio-materials,"Tangible, VR & Fabrication",2017,6,17
21,Data Physicalization & Bio-materials,"Tangible, VR & Fabrication",2018,3,36
21,Data Physicalization & Bio-materials,"Tangible, VR & Fabrication",2019,1,33
21,Data Physicalization & Bio-materials,"Tangible, VR & Fabrication",2020,7,31
21,Data Physicalization & Bio-materials,"Tangible, VR & Fabrication",2021,6,47
21,Data Physicalization & Bio-materials,"Tangible, VR & Fabrication",2022,5,65
21,Data Physicalization & Bio-materials,"Tangible, VR & Fabrication",2023,11,109
21,Data Physicalization & Bio-materials,"Tangible, VR & Fabrication",2024,10,105
21,Data Physicalization & Bio-materials,"Tangible, VR & Fabrication",2025,14,143
21,Data Physicalization & Bio-materials,"Tangible, VR & Fabrication",2026,9,103
22,Gaze-based Interaction,"Gaze, Eye Tracking & Multimodal Sensing",1982,1,0
22,Gaze-based Interaction,"Gaze, Eye Tracking & Multimodal Sensing",1986,1,0
22,Gaze-based Interaction,"Gaze, Eye Tracking & Multimodal Sensing",1990,1,4
22,Gaze-based Interaction,"Gaze, Eye Tracking & Multimodal Sensing",1991,0,1
22,Gaze-based Interaction,"Gaze, Eye Tracking & Multimodal Sensing",1992,0,1
22,Gaze-based Interaction,"Gaze, Eye Tracking & Multimodal Sensing",1995,0,1
22,Gaze-based Interaction,"Gaze, Eye Tracking & Multimodal Sensing",1998,2,0
22,Gaze-based Interaction,"Gaze, Eye Tracking & Multimodal Sensing",1999,2,6
22,Gaze-based Interaction,"Gaze, Eye Tracking & Multimodal Sensing",2000,3,10
22,Gaze-based Interaction,"Gaze, Eye Tracking & Multimodal Sensing",2001,1,7
22,Gaze-based Interaction,"Gaze, Eye Tracking & Multimodal Sensing",2003,0,1
22,Gaze-based Interaction,"Gaze, Eye Tracking & Multimodal Sensing",2004,0,2
22,Gaze-based Interaction,"Gaze, Eye Tracking & Multimodal Sensing",2005,3,15
22,Gaze-based Interaction,"Gaze, Eye Tracking & Multimodal Sensing",2006,0,5
22,Gaze-based Interaction,"Gaze, Eye Tracking & Multimodal Sensing",2007,1,6
22,Gaze-based Interaction,"Gaze, Eye Tracking & Multimodal Sensing",2008,2,11
22,Gaze-based Interaction,"Gaze, Eye Tracking & Multimodal Sensing",2009,3,8
22,Gaze-based Interaction,"Gaze, Eye Tracking & Multimodal Sensing",2010,2,13
22,Gaze-based Interaction,"Gaze, Eye Tracking & Multimodal Sensing",2011,1,10
22,Gaze-based Interaction,"Gaze, Eye Tracking & Multimodal Sensing",2012,2,12
22,Gaze-based Interaction,"Gaze, Eye Tracking & Multimodal Sensing",2013,2,15
22,Gaze-based Interaction,"Gaze, Eye Tracking & Multimodal Sensing",2014,2,6
22,Gaze-based Interaction,"Gaze, Eye Tracking & Multimodal Sensing",2015,1,10
22,Gaze-based Interaction,"Gaze, Eye Tracking & Multimodal Sensing",2016,5,35
22,Gaze-based Interaction,"Gaze, Eye Tracking & Multimodal Sensing",2017,4,28
22,Gaze-based Interaction,"Gaze, Eye Tracking & Multimodal Sensing",2018,2,18
22,Gaze-based Interaction,"Gaze, Eye Tracking & Multimodal Sensing",2019,7,55
22,Gaze-based Interaction,"Gaze, Eye Tracking & Multimodal Sensing",2020,6,51
22,Gaze-based Interaction,"Gaze, Eye Tracking & Multimodal Sensing",2021,5,43
22,Gaze-based Interaction,"Gaze, Eye Tracking & Multimodal Sensing",2022,3,41
22,Gaze-based Interaction,"Gaze, Eye Tracking & Multimodal Sensing",2023,6,57
22,Gaze-based Interaction,"Gaze, Eye Tracking & Multimodal Sensing",2024,6,64
22,Gaze-based Interaction,"Gaze, Eye Tracking & Multimodal Sensing",2025,7,107
22,Gaze-based Interaction,"Gaze, Eye Tracking & Multimodal Sensing",2026,6,61
23,Eye Tracker Quality & Gaze Estimation,"Gaze, Eye Tracking & Multimodal Sensing",1985,1,0
23,Eye Tracker Quality & Gaze Estimation,"Gaze, Eye Tracking & Multimodal Sensing",2013,1,0
23,Eye Tracker Quality & Gaze Estimation,"Gaze, Eye Tracking & Multimodal Sensing",2016,1,1
23,Eye Tracker Quality & Gaze Estimation,"Gaze, Eye Tracking & Multimodal Sensing",2017,1,3
23,Eye Tracker Quality & Gaze Estimation,"Gaze, Eye Tracking & Multimodal Sensing",2018,0,1
23,Eye Tracker Quality & Gaze Estimation,"Gaze, Eye Tracking & Multimodal Sensing",2019,1,4
23,Eye Tracker Quality & Gaze Estimation,"Gaze, Eye Tracking & Multimodal Sensing",2020,1,1
23,Eye Tracker Quality & Gaze Estimation,"Gaze, Eye Tracking & Multimodal Sensing",2021,0,1
23,Eye Tracker Quality & Gaze Estimation,"Gaze, Eye Tracking & Multimodal Sensing",2025,0,2
23,Eye Tracker Quality & Gaze Estimation,"Gaze, Eye Tracking & Multimodal Sensing",2026,2,2
24,Scanpaths & Visual Search,"Gaze, Eye Tracking & Multimodal Sensing",2003,1,0
24,Scanpaths & Visual Search,"Gaze, Eye Tracking & Multimodal Sensing",2005,2,0
24,Scanpaths & Visual Search,"Gaze, Eye Tracking & Multimodal Sensing",2006,1,0
24,Scanpaths & Visual Search,"Gaze, Eye Tracking & Multimodal Sensing",2007,3,4
24,Scanpaths & Visual Search,"Gaze, Eye Tracking & Multimodal Sensing",2008,1,3
24,Scanpaths & Visual Search,"Gaze, Eye Tracking & Multimodal Sensing",2009,4,7
24,Scanpaths & Visual Search,"Gaze, Eye Tracking & Multimodal Sensing",2010,0,3
24,Scanpaths & Visual Search,"Gaze, Eye Tracking & Multimodal Sensing",2011,1,4
24,Scanpaths & Visual Search,"Gaze, Eye Tracking & Multimodal Sensing",2012,4,14
24,Scanpaths & Visual Search,"Gaze, Eye Tracking & Multimodal Sensing",2013,0,2
24,Scanpaths & Visual Search,"Gaze, Eye Tracking & Multimodal Sensing",2014,0,2
24,Scanpaths & Visual Search,"Gaze, Eye Tracking & Multimodal Sensing",2015,2,5
24,Scanpaths & Visual Search,"Gaze, Eye Tracking & Multimodal Sensing",2016,2,3
24,Scanpaths & Visual Search,"Gaze, Eye Tracking & Multimodal Sensing",2017,0,3
24,Scanpaths & Visual Search,"Gaze, Eye Tracking & Multimodal Sensing",2018,0,2
24,Scanpaths & Visual Search,"Gaze, Eye Tracking & Multimodal Sensing",2019,1,4
24,Scanpaths & Visual Search,"Gaze, Eye Tracking & Multimodal Sensing",2020,2,0
24,Scanpaths & Visual Search,"Gaze, Eye Tracking & Multimodal Sensing",2021,1,5
24,Scanpaths & Visual Search,"Gaze, Eye Tracking & Multimodal Sensing",2022,1,4
24,Scanpaths & Visual Search,"Gaze, Eye Tracking & Multimodal Sensing",2023,1,1
24,Scanpaths & Visual Search,"Gaze, Eye Tracking & Multimodal Sensing",2024,2,6
24,Scanpaths & Visual Search,"Gaze, Eye Tracking & Multimodal Sensing",2025,3,6
24,Scanpaths & Visual Search,"Gaze, Eye Tracking & Multimodal Sensing",2026,1,8
25,Pupillometry & Cognitive Load,"Gaze, Eye Tracking & Multimodal Sensing",1983,1,0
25,Pupillometry & Cognitive Load,"Gaze, Eye Tracking & Multimodal Sensing",1986,1,1
25,Pupillometry & Cognitive Load,"Gaze, Eye Tracking & Multimodal Sensing",1996,1,0
25,Pupillometry & Cognitive Load,"Gaze, Eye Tracking & Multimodal Sensing",1998,1,1
25,Pupillometry & Cognitive Load,"Gaze, Eye Tracking & Multimodal Sensing",2001,0,1
25,Pupillometry & Cognitive Load,"Gaze, Eye Tracking & Multimodal Sensing",2003,1,0
25,Pupillometry & Cognitive Load,"Gaze, Eye Tracking & Multimodal Sensing",2004,0,1
25,Pupillometry & Cognitive Load,"Gaze, Eye Tracking & Multimodal Sensing",2005,0,1
25,Pupillometry & Cognitive Load,"Gaze, Eye Tracking & Multimodal Sensing",2006,0,1
25,Pupillometry & Cognitive Load,"Gaze, Eye Tracking & Multimodal Sensing",2007,0,1
25,Pupillometry & Cognitive Load,"Gaze, Eye Tracking & Multimodal Sensing",2008,2,3
25,Pupillometry & Cognitive Load,"Gaze, Eye Tracking & Multimodal Sensing",2009,4,2
25,Pupillometry & Cognitive Load,"Gaze, Eye Tracking & Multimodal Sensing",2010,3,8
25,Pupillometry & Cognitive Load,"Gaze, Eye Tracking & Multimodal Sensing",2011,4,7
25,Pupillometry & Cognitive Load,"Gaze, Eye Tracking & Multimodal Sensing",2012,3,11
25,Pupillometry & Cognitive Load,"Gaze, Eye Tracking & Multimodal Sensing",2013,2,7
25,Pupillometry & Cognitive Load,"Gaze, Eye Tracking & Multimodal Sensing",2014,8,17
25,Pupillometry & Cognitive Load,"Gaze, Eye Tracking & Multimodal Sensing",2015,5,11
25,Pupillometry & Cognitive Load,"Gaze, Eye Tracking & Multimodal Sensing",2016,5,32
25,Pupillometry & Cognitive Load,"Gaze, Eye Tracking & Multimodal Sensing",2017,3,13
25,Pupillometry & Cognitive Load,"Gaze, Eye Tracking & Multimodal Sensing",2018,3,10
25,Pupillometry & Cognitive Load,"Gaze, Eye Tracking & Multimodal Sensing",2019,6,17
25,Pupillometry & Cognitive Load,"Gaze, Eye Tracking & Multimodal Sensing",2020,5,24
25,Pupillometry & Cognitive Load,"Gaze, Eye Tracking & Multimodal Sensing",2021,5,17
25,Pupillometry & Cognitive Load,"Gaze, Eye Tracking & Multimodal Sensing",2022,2,17
25,Pupillometry & Cognitive Load,"Gaze, Eye Tracking & Multimodal Sensing",2023,1,24
25,Pupillometry & Cognitive Load,"Gaze, Eye Tracking & Multimodal Sensing",2024,2,22
25,Pupillometry & Cognitive Load,"Gaze, Eye Tracking & Multimodal Sensing",2025,0,33
25,Pupillometry & Cognitive Load,"Gaze, Eye Tracking & Multimodal Sensing",2026,1,10
26,Gaze in Conversation & Groups,"Gaze, Eye Tracking & Multimodal Sensing",2001,1,0
26,Gaze in Conversation & Groups,"Gaze, Eye Tracking & Multimodal Sensing",2002,0,1
26,Gaze in Conversation & Groups,"Gaze, Eye Tracking & Multimodal Sensing",2003,0,2
26,Gaze in Conversation & Groups,"Gaze, Eye Tracking & Multimodal Sensing",2005,0,2
26,Gaze in Conversation & Groups,"Gaze, Eye Tracking & Multimodal Sensing",2012,0,1
26,Gaze in Conversation & Groups,"Gaze, Eye Tracking & Multimodal Sensing",2013,0,1
26,Gaze in Conversation & Groups,"Gaze, Eye Tracking & Multimodal Sensing",2016,0,1
26,Gaze in Conversation & Groups,"Gaze, Eye Tracking & Multimodal Sensing",2017,0,2
26,Gaze in Conversation & Groups,"Gaze, Eye Tracking & Multimodal Sensing",2018,0,1
26,Gaze in Conversation & Groups,"Gaze, Eye Tracking & Multimodal Sensing",2019,3,1
26,Gaze in Conversation & Groups,"Gaze, Eye Tracking & Multimodal Sensing",2020,2,4
26,Gaze in Conversation & Groups,"Gaze, Eye Tracking & Multimodal Sensing",2021,0,5
26,Gaze in Conversation & Groups,"Gaze, Eye Tracking & Multimodal Sensing",2022,1,7
26,Gaze in Conversation & Groups,"Gaze, Eye Tracking & Multimodal Sensing",2023,0,1
26,Gaze in Conversation & Groups,"Gaze, Eye Tracking & Multimodal Sensing",2024,3,8
26,Gaze in Conversation & Groups,"Gaze, Eye Tracking & Multimodal Sensing",2025,3,13
26,Gaze in Conversation & Groups,"Gaze, Eye Tracking & Multimodal Sensing",2026,0,10
27,Authentication & Passwords,"Gaze, Eye Tracking & Multimodal Sensing",2003,1,0
27,Authentication & Passwords,"Gaze, Eye Tracking & Multimodal Sensing",2007,1,1
27,Authentication & Passwords,"Gaze, Eye Tracking & Multimodal Sensing",2008,2,1
27,Authentication & Passwords,"Gaze, Eye Tracking & Multimodal Sensing",2009,3,3
27,Authentication & Passwords,"Gaze, Eye Tracking & Multimodal Sensing",2010,3,5
27,Authentication & Passwords,"Gaze, Eye Tracking & Multimodal Sensing",2011,5,2
27,Authentication & Passwords,"Gaze, Eye Tracking & Multimodal Sensing",2012,4,13
27,Authentication & Passwords,"Gaze, Eye Tracking & Multimodal Sensing",2013,4,9
27,Authentication & Passwords,"Gaze, Eye Tracking & Multimodal Sensing",2014,7,18
27,Authentication & Passwords,"Gaze, Eye Tracking & Multimodal Sensing",2015,9,20
27,Authentication & Passwords,"Gaze, Eye Tracking & Multimodal Sensing",2016,8,38
27,Authentication & Passwords,"Gaze, Eye Tracking & Multimodal Sensing",2017,5,38
27,Authentication & Passwords,"Gaze, Eye Tracking & Multimodal Sensing",2018,2,23
27,Authentication & Passwords,"Gaze, Eye Tracking & Multimodal Sensing",2019,6,41
27,Authentication & Passwords,"Gaze, Eye Tracking & Multimodal Sensing",2020,3,21
27,Authentication & Passwords,"Gaze, Eye Tracking & Multimodal Sensing",2021,7,55
27,Authentication & Passwords,"Gaze, Eye Tracking & Multimodal Sensing",2022,1,14
27,Authentication & Passwords,"Gaze, Eye Tracking & Multimodal Sensing",2023,1,30
27,Authentication & Passwords,"Gaze, Eye Tracking & Multimodal Sensing",2024,3,16
27,Authentication & Passwords,"Gaze, Eye Tracking & Multimodal Sensing",2025,1,17
27,Authentication & Passwords,"Gaze, Eye Tracking & Multimodal Sensing",2026,5,31
28,Affect Recognition,"Gaze, Eye Tracking & Multimodal Sensing",2020,1,0
29,Multimodal Sentiment & Speaking,"Gaze, Eye Tracking & Multimodal Sensing",2004,1,0
29,Multimodal Sentiment & Speaking,"Gaze, Eye Tracking & Multimodal Sensing",2011,1,0
29,Multimodal Sentiment & Speaking,"Gaze, Eye Tracking & Multimodal Sensing",2014,2,0
29,Multimodal Sentiment & Speaking,"Gaze, Eye Tracking & Multimodal Sensing",2015,2,2
29,Multimodal Sentiment & Speaking,"Gaze, Eye Tracking & Multimodal Sensing",2016,0,2
29,Multimodal Sentiment & Speaking,"Gaze, Eye Tracking & Multimodal Sensing",2017,0,1
29,Multimodal Sentiment & Speaking,"Gaze, Eye Tracking & Multimodal Sensing",2018,2,1
29,Multimodal Sentiment & Speaking,"Gaze, Eye Tracking & Multimodal Sensing",2019,2,2
29,Multimodal Sentiment & Speaking,"Gaze, Eye Tracking & Multimodal Sensing",2020,2,4
29,Multimodal Sentiment & Speaking,"Gaze, Eye Tracking & Multimodal Sensing",2021,1,4
29,Multimodal Sentiment & Speaking,"Gaze, Eye Tracking & Multimodal Sensing",2022,1,2
29,Multimodal Sentiment & Speaking,"Gaze, Eye Tracking & Multimodal Sensing",2023,2,9
29,Multimodal Sentiment & Speaking,"Gaze, Eye Tracking & Multimodal Sensing",2024,0,4
29,Multimodal Sentiment & Speaking,"Gaze, Eye Tracking & Multimodal Sensing",2025,1,6
29,Multimodal Sentiment & Speaking,"Gaze, Eye Tracking & Multimodal Sensing",2026,1,7
30,Fixation & Saccade Analysis,"Gaze, Eye Tracking & Multimodal Sensing",2015,1,0
30,Fixation & Saccade Analysis,"Gaze, Eye Tracking & Multimodal Sensing",2016,0,1
30,Fixation & Saccade Analysis,"Gaze, Eye Tracking & Multimodal Sensing",2021,2,0
30,Fixation & Saccade Analysis,"Gaze, Eye Tracking & Multimodal Sensing",2022,0,1
30,Fixation & Saccade Analysis,"Gaze, Eye Tracking & Multimodal Sensing",2023,0,4
30,Fixation & Saccade Analysis,"Gaze, Eye Tracking & Multimodal Sensing",2024,1,1
30,Fixation & Saccade Analysis,"Gaze, Eye Tracking & Multimodal Sensing",2025,2,1
30,Fixation & Saccade Analysis,"Gaze, Eye Tracking & Multimodal Sensing",2026,1,0
31,Gaze Calibration & Datasets,"Gaze, Eye Tracking & Multimodal Sensing",2009,1,0
31,Gaze Calibration & Datasets,"Gaze, Eye Tracking & Multimodal Sensing",2010,0,1
31,Gaze Calibration & Datasets,"Gaze, Eye Tracking & Multimodal Sensing",2011,0,1
31,Gaze Calibration & Datasets,"Gaze, Eye Tracking & Multimodal Sensing",2012,0,2
31,Gaze Calibration & Datasets,"Gaze, Eye Tracking & Multimodal Sensing",2013,1,0
31,Gaze Calibration & Datasets,"Gaze, Eye Tracking & Multimodal Sensing",2014,1,0
31,Gaze Calibration & Datasets,"Gaze, Eye Tracking & Multimodal Sensing",2015,1,0
31,Gaze Calibration & Datasets,"Gaze, Eye Tracking & Multimodal Sensing",2016,2,2
31,Gaze Calibration & Datasets,"Gaze, Eye Tracking & Multimodal Sensing",2017,3,2
31,Gaze Calibration & Datasets,"Gaze, Eye Tracking & Multimodal Sensing",2018,3,8
31,Gaze Calibration & Datasets,"Gaze, Eye Tracking & Multimodal Sensing",2019,2,10
31,Gaze Calibration & Datasets,"Gaze, Eye Tracking & Multimodal Sensing",2020,2,12
31,Gaze Calibration & Datasets,"Gaze, Eye Tracking & Multimodal Sensing",2021,1,10
31,Gaze Calibration & Datasets,"Gaze, Eye Tracking & Multimodal Sensing",2022,0,5
31,Gaze Calibration & Datasets,"Gaze, Eye Tracking & Multimodal Sensing",2023,1,10
31,Gaze Calibration & Datasets,"Gaze, Eye Tracking & Multimodal Sensing",2024,0,8
31,Gaze Calibration & Datasets,"Gaze, Eye Tracking & Multimodal Sensing",2025,1,7
31,Gaze Calibration & Datasets,"Gaze, Eye Tracking & Multimodal Sensing",2026,0,6
32,Reading & Implicit Interest,"Gaze, Eye Tracking & Multimodal Sensing",1990,1,0
32,Reading & Implicit Interest,"Gaze, Eye Tracking & Multimodal Sensing",1994,0,1
32,Reading & Implicit Interest,"Gaze, Eye Tracking & Multimodal Sensing",1996,0,1
32,Reading & Implicit Interest,"Gaze, Eye Tracking & Multimodal Sensing",2000,1,2
32,Reading & Implicit Interest,"Gaze, Eye Tracking & Multimodal Sensing",2005,0,2
32,Reading & Implicit Interest,"Gaze, Eye Tracking & Multimodal Sensing",2011,2,0
32,Reading & Implicit Interest,"Gaze, Eye Tracking & Multimodal Sensing",2012,1,2
32,Reading & Implicit Interest,"Gaze, Eye Tracking & Multimodal Sensing",2013,1,1
32,Reading & Implicit Interest,"Gaze, Eye Tracking & Multimodal Sensing",2014,3,2
32,Reading & Implicit Interest,"Gaze, Eye Tracking & Multimodal Sensing",2015,3,1
32,Reading & Implicit Interest,"Gaze, Eye Tracking & Multimodal Sensing",2016,5,12
32,Reading & Implicit Interest,"Gaze, Eye Tracking & Multimodal Sensing",2017,1,5
32,Reading & Implicit Interest,"Gaze, Eye Tracking & Multimodal Sensing",2018,2,2
32,Reading & Implicit Interest,"Gaze, Eye Tracking & Multimodal Sensing",2019,1,5
32,Reading & Implicit Interest,"Gaze, Eye Tracking & Multimodal Sensing",2020,0,7
32,Reading & Implicit Interest,"Gaze, Eye Tracking & Multimodal Sensing",2021,1,6
32,Reading & Implicit Interest,"Gaze, Eye Tracking & Multimodal Sensing",2022,0,4
32,Reading & Implicit Interest,"Gaze, Eye Tracking & Multimodal Sensing",2023,4,7
32,Reading & Implicit Interest,"Gaze, Eye Tracking & Multimodal Sensing",2024,1,16
32,Reading & Implicit Interest,"Gaze, Eye Tracking & Multimodal Sensing",2025,3,13
32,Reading & Implicit Interest,"Gaze, Eye Tracking & Multimodal Sensing",2026,1,12
33,Remote Collaboration & Telepresence,"Collaboration, Displays & Mixed Reality",1982,1,0
33,Remote Collaboration & Telepresence,"Collaboration, Displays & Mixed Reality",1983,1,1
33,Remote Collaboration & Telepresence,"Collaboration, Displays & Mixed Reality",1985,1,0
33,Remote Collaboration & Telepresence,"Collaboration, Displays & Mixed Reality",1986,2,2
33,Remote Collaboration & Telepresence,"Collaboration, Displays & Mixed Reality",1990,1,0
33,Remote Collaboration & Telepresence,"Collaboration, Displays & Mixed Reality",1991,3,3
33,Remote Collaboration & Telepresence,"Collaboration, Displays & Mixed Reality",1992,5,9
33,Remote Collaboration & Telepresence,"Collaboration, Displays & Mixed Reality",1994,0,1
33,Remote Collaboration & Telepresence,"Collaboration, Displays & Mixed Reality",1995,2,5
33,Remote Collaboration & Telepresence,"Collaboration, Displays & Mixed Reality",1996,2,4
33,Remote Collaboration & Telepresence,"Collaboration, Displays & Mixed Reality",1997,1,3
33,Remote Collaboration & Telepresence,"Collaboration, Displays & Mixed Reality",1998,2,8
33,Remote Collaboration & Telepresence,"Collaboration, Displays & Mixed Reality",1999,2,5
33,Remote Collaboration & Telepresence,"Collaboration, Displays & Mixed Reality",2000,2,10
33,Remote Collaboration & Telepresence,"Collaboration, Displays & Mixed Reality",2001,2,5
33,Remote Collaboration & Telepresence,"Collaboration, Displays & Mixed Reality",2002,2,6
33,Remote Collaboration & Telepresence,"Collaboration, Displays & Mixed Reality",2003,3,9
33,Remote Collaboration & Telepresence,"Collaboration, Displays & Mixed Reality",2004,2,7
33,Remote Collaboration & Telepresence,"Collaboration, Displays & Mixed Reality",2005,2,12
33,Remote Collaboration & Telepresence,"Collaboration, Displays & Mixed Reality",2006,5,8
33,Remote Collaboration & Telepresence,"Collaboration, Displays & Mixed Reality",2007,6,27
33,Remote Collaboration & Telepresence,"Collaboration, Displays & Mixed Reality",2008,3,7
33,Remote Collaboration & Telepresence,"Collaboration, Displays & Mixed Reality",2009,9,20
33,Remote Collaboration & Telepresence,"Collaboration, Displays & Mixed Reality",2010,3,22
33,Remote Collaboration & Telepresence,"Collaboration, Displays & Mixed Reality",2011,5,24
33,Remote Collaboration & Telepresence,"Collaboration, Displays & Mixed Reality",2012,7,25
33,Remote Collaboration & Telepresence,"Collaboration, Displays & Mixed Reality",2013,6,32
33,Remote Collaboration & Telepresence,"Collaboration, Displays & Mixed Reality",2014,4,46
33,Remote Collaboration & Telepresence,"Collaboration, Displays & Mixed Reality",2015,7,36
33,Remote Collaboration & Telepresence,"Collaboration, Displays & Mixed Reality",2016,9,45
33,Remote Collaboration & Telepresence,"Collaboration, Displays & Mixed Reality",2017,9,68
33,Remote Collaboration & Telepresence,"Collaboration, Displays & Mixed Reality",2018,7,59
33,Remote Collaboration & Telepresence,"Collaboration, Displays & Mixed Reality",2019,12,74
33,Remote Collaboration & Telepresence,"Collaboration, Displays & Mixed Reality",2020,7,57
33,Remote Collaboration & Telepresence,"Collaboration, Displays & Mixed Reality",2021,10,81
33,Remote Collaboration & Telepresence,"Collaboration, Displays & Mixed Reality",2022,4,59
33,Remote Collaboration & Telepresence,"Collaboration, Displays & Mixed Reality",2023,17,186
33,Remote Collaboration & Telepresence,"Collaboration, Displays & Mixed Reality",2024,11,120
33,Remote Collaboration & Telepresence,"Collaboration, Displays & Mixed Reality",2025,13,154
33,Remote Collaboration & Telepresence,"Collaboration, Displays & Mixed Reality",2026,16,135
34,CSCW Foundations,"Collaboration, Displays & Mixed Reality",1982,2,0
34,CSCW Foundations,"Collaboration, Displays & Mixed Reality",1983,1,0
34,CSCW Foundations,"Collaboration, Displays & Mixed Reality",1985,2,1
34,CSCW Foundations,"Collaboration, Displays & Mixed Reality",1986,7,7
34,CSCW Foundations,"Collaboration, Displays & Mixed Reality",1988,5,0
34,CSCW Foundations,"Collaboration, Displays & Mixed Reality",1989,9,8
34,CSCW Foundations,"Collaboration, Displays & Mixed Reality",1990,8,15
34,CSCW Foundations,"Collaboration, Displays & Mixed Reality",1991,12,21
34,CSCW Foundations,"Collaboration, Displays & Mixed Reality",1992,14,27
34,CSCW Foundations,"Collaboration, Displays & Mixed Reality",1994,7,8
34,CSCW Foundations,"Collaboration, Displays & Mixed Reality",1995,8,15
34,CSCW Foundations,"Collaboration, Displays & Mixed Reality",1996,2,10
34,CSCW Foundations,"Collaboration, Displays & Mixed Reality",1997,6,9
34,CSCW Foundations,"Collaboration, Displays & Mixed Reality",1998,5,12
34,CSCW Foundations,"Collaboration, Displays & Mixed Reality",1999,1,7
34,CSCW Foundations,"Collaboration, Displays & Mixed Reality",2000,6,8
34,CSCW Foundations,"Collaboration, Displays & Mixed Reality",2001,3,17
34,CSCW Foundations,"Collaboration, Displays & Mixed Reality",2002,4,9
34,CSCW Foundations,"Collaboration, Displays & Mixed Reality",2003,1,9
34,CSCW Foundations,"Collaboration, Displays & Mixed Reality",2004,3,12
34,CSCW Foundations,"Collaboration, Displays & Mixed Reality",2005,1,5
34,CSCW Foundations,"Collaboration, Displays & Mixed Reality",2006,1,10
34,CSCW Foundations,"Collaboration, Displays & Mixed Reality",2007,4,17
34,CSCW Foundations,"Collaboration, Displays & Mixed Reality",2008,2,12
34,CSCW Foundations,"Collaboration, Displays & Mixed Reality",2009,2,14
34,CSCW Foundations,"Collaboration, Displays & Mixed Reality",2010,2,7
34,CSCW Foundations,"Collaboration, Displays & Mixed Reality",2011,5,15
34,CSCW Foundations,"Collaboration, Displays & Mixed Reality",2012,2,8
34,CSCW Foundations,"Collaboration, Displays & Mixed Reality",2013,2,8
34,CSCW Foundations,"Collaboration, Displays & Mixed Reality",2014,2,3
34,CSCW Foundations,"Collaboration, Displays & Mixed Reality",2015,1,3
34,CSCW Foundations,"Collaboration, Displays & Mixed Reality",2016,0,11
34,CSCW Foundations,"Collaboration, Displays & Mixed Reality",2017,0,7
34,CSCW Foundations,"Collaboration, Displays & Mixed Reality",2018,2,14
34,CSCW Foundations,"Collaboration, Displays & Mixed Reality",2019,1,6
34,CSCW Foundations,"Collaboration, Displays & Mixed Reality",2020,0,7
34,CSCW Foundations,"Collaboration, Displays & Mixed Reality",2021,1,11
34,CSCW Foundations,"Collaboration, Displays & Mixed Reality",2022,1,11
34,CSCW Foundations,"Collaboration, Displays & Mixed Reality",2023,2,23
34,CSCW Foundations,"Collaboration, Displays & Mixed Reality",2024,0,12
34,CSCW Foundations,"Collaboration, Displays & Mixed Reality",2025,0,13
34,CSCW Foundations,"Collaboration, Displays & Mixed Reality",2026,2,11
35,Cross-device & Large Displays,"Collaboration, Displays & Mixed Reality",1983,1,0
35,Cross-device & Large Displays,"Collaboration, Displays & Mixed Reality",1985,1,0
35,Cross-device & Large Displays,"Collaboration, Displays & Mixed Reality",1986,1,3
35,Cross-device & Large Displays,"Collaboration, Displays & Mixed Reality",1989,1,0
35,Cross-device & Large Displays,"Collaboration, Displays & Mixed Reality",1992,2,0
35,Cross-device & Large Displays,"Collaboration, Displays & Mixed Reality",1996,1,0
35,Cross-device & Large Displays,"Collaboration, Displays & Mixed Reality",1998,1,2
35,Cross-device & Large Displays,"Collaboration, Displays & Mixed Reality",1999,4,4
35,Cross-device & Large Displays,"Collaboration, Displays & Mixed Reality",2000,1,3
35,Cross-device & Large Displays,"Collaboration, Displays & Mixed Reality",2001,1,7
35,Cross-device & Large Displays,"Collaboration, Displays & Mixed Reality",2002,1,3
35,Cross-device & Large Displays,"Collaboration, Displays & Mixed Reality",2003,4,13
35,Cross-device & Large Displays,"Collaboration, Displays & Mixed Reality",2004,3,10
35,Cross-device & Large Displays,"Collaboration, Displays & Mixed Reality",2005,4,16
35,Cross-device & Large Displays,"Collaboration, Displays & Mixed Reality",2006,4,9
35,Cross-device & Large Displays,"Collaboration, Displays & Mixed Reality",2007,4,14
35,Cross-device & Large Displays,"Collaboration, Displays & Mixed Reality",2008,5,15
35,Cross-device & Large Displays,"Collaboration, Displays & Mixed Reality",2009,3,21
35,Cross-device & Large Displays,"Collaboration, Displays & Mixed Reality",2010,5,31
35,Cross-device & Large Displays,"Collaboration, Displays & Mixed Reality",2011,7,36
35,Cross-device & Large Displays,"Collaboration, Displays & Mixed Reality",2012,6,23
35,Cross-device & Large Displays,"Collaboration, Displays & Mixed Reality",2013,5,24
35,Cross-device & Large Displays,"Collaboration, Displays & Mixed Reality",2014,8,38
35,Cross-device & Large Displays,"Collaboration, Displays & Mixed Reality",2015,5,52
35,Cross-device & Large Displays,"Collaboration, Displays & Mixed Reality",2016,10,80
35,Cross-device & Large Displays,"Collaboration, Displays & Mixed Reality",2017,7,71
35,Cross-device & Large Displays,"Collaboration, Displays & Mixed Reality",2018,10,104
35,Cross-device & Large Displays,"Collaboration, Displays & Mixed Reality",2019,3,103
35,Cross-device & Large Displays,"Collaboration, Displays & Mixed Reality",2020,8,108
35,Cross-device & Large Displays,"Collaboration, Displays & Mixed Reality",2021,0,45
35,Cross-device & Large Displays,"Collaboration, Displays & Mixed Reality",2022,1,66
35,Cross-device & Large Displays,"Collaboration, Displays & Mixed Reality",2023,4,98
35,Cross-device & Large Displays,"Collaboration, Displays & Mixed Reality",2024,1,55
35,Cross-device & Large Displays,"Collaboration, Displays & Mixed Reality",2025,3,78
35,Cross-device & Large Displays,"Collaboration, Displays & Mixed Reality",2026,1,46
36,UI Toolkits & Automatic Generation,"Collaboration, Displays & Mixed Reality",1981,4,0
36,UI Toolkits & Automatic Generation,"Collaboration, Displays & Mixed Reality",1982,6,2
36,UI Toolkits & Automatic Generation,"Collaboration, Displays & Mixed Reality",1983,7,7
36,UI Toolkits & Automatic Generation,"Collaboration, Displays & Mixed Reality",1985,5,6
36,UI Toolkits & Automatic Generation,"Collaboration, Displays & Mixed Reality",1986,8,12
36,UI Toolkits & Automatic Generation,"Collaboration, Displays & Mixed Reality",1988,8,2
36,UI Toolkits & Automatic Generation,"Collaboration, Displays & Mixed Reality",1989,11,11
36,UI Toolkits & Automatic Generation,"Collaboration, Displays & Mixed Reality",1990,5,8
36,UI Toolkits & Automatic Generation,"Collaboration, Displays & Mixed Reality",1991,8,17
36,UI Toolkits & Automatic Generation,"Collaboration, Displays & Mixed Reality",1992,13,19
36,UI Toolkits & Automatic Generation,"Collaboration, Displays & Mixed Reality",1994,7,14
36,UI Toolkits & Automatic Generation,"Collaboration, Displays & Mixed Reality",1995,7,17
36,UI Toolkits & Automatic Generation,"Collaboration, Displays & Mixed Reality",1996,4,4
36,UI Toolkits & Automatic Generation,"Collaboration, Displays & Mixed Reality",1997,1,3
36,UI Toolkits & Automatic Generation,"Collaboration, Displays & Mixed Reality",1998,3,5
36,UI Toolkits & Automatic Generation,"Collaboration, Displays & Mixed Reality",1999,3,6
36,UI Toolkits & Automatic Generation,"Collaboration, Displays & Mixed Reality",2000,0,2
36,UI Toolkits & Automatic Generation,"Collaboration, Displays & Mixed Reality",2001,0,2
36,UI Toolkits & Automatic Generation,"Collaboration, Displays & Mixed Reality",2002,0,1
36,UI Toolkits & Automatic Generation,"Collaboration, Displays & Mixed Reality",2003,0,1
36,UI Toolkits & Automatic Generation,"Collaboration, Displays & Mixed Reality",2004,0,2
36,UI Toolkits & Automatic Generation,"Collaboration, Displays & Mixed Reality",2005,0,4
36,UI Toolkits & Automatic Generation,"Collaboration, Displays & Mixed Reality",2006,0,4
36,UI Toolkits & Automatic Generation,"Collaboration, Displays & Mixed Reality",2007,0,3
36,UI Toolkits & Automatic Generation,"Collaboration, Displays & Mixed Reality",2008,2,5
36,UI Toolkits & Automatic Generation,"Collaboration, Displays & Mixed Reality",2011,0,2
36,UI Toolkits & Automatic Generation,"Collaboration, Displays & Mixed Reality",2012,0,2
36,UI Toolkits & Automatic Generation,"Collaboration, Displays & Mixed Reality",2013,1,4
36,UI Toolkits & Automatic Generation,"Collaboration, Displays & Mixed Reality",2014,1,3
36,UI Toolkits & Automatic Generation,"Collaboration, Displays & Mixed Reality",2015,0,2
36,UI Toolkits & Automatic Generation,"Collaboration, Displays & Mixed Reality",2016,0,1
36,UI Toolkits & Automatic Generation,"Collaboration, Displays & Mixed Reality",2017,0,4
36,UI Toolkits & Automatic Generation,"Collaboration, Displays & Mixed Reality",2018,0,2
36,UI Toolkits & Automatic Generation,"Collaboration, Displays & Mixed Reality",2019,1,3
36,UI Toolkits & Automatic Generation,"Collaboration, Displays & Mixed Reality",2020,1,7
36,UI Toolkits & Automatic Generation,"Collaboration, Displays & Mixed Reality",2021,0,5
36,UI Toolkits & Automatic Generation,"Collaboration, Displays & Mixed Reality",2023,0,5
36,UI Toolkits & Automatic Generation,"Collaboration, Displays & Mixed Reality",2024,0,11
36,UI Toolkits & Automatic Generation,"Collaboration, Displays & Mixed Reality",2025,1,7
36,UI Toolkits & Automatic Generation,"Collaboration, Displays & Mixed Reality",2026,0,4
37,AR Authoring & Assembly,"Collaboration, Displays & Mixed Reality",1995,1,0
37,AR Authoring & Assembly,"Collaboration, Displays & Mixed Reality",2000,1,0
37,AR Authoring & Assembly,"Collaboration, Displays & Mixed Reality",2002,0,1
37,AR Authoring & Assembly,"Collaboration, Displays & Mixed Reality",2003,1,0
37,AR Authoring & Assembly,"Collaboration, Displays & Mixed Reality",2004,1,0
37,AR Authoring & Assembly,"Collaboration, Displays & Mixed Reality",2005,0,1
37,AR Authoring & Assembly,"Collaboration, Displays & Mixed Reality",2006,1,0
37,AR Authoring & Assembly,"Collaboration, Displays & Mixed Reality",2007,2,1
37,AR Authoring & Assembly,"Collaboration, Displays & Mixed Reality",2008,1,2
37,AR Authoring & Assembly,"Collaboration, Displays & Mixed Reality",2009,0,1
37,AR Authoring & Assembly,"Collaboration, Displays & Mixed Reality",2010,1,1
37,AR Authoring & Assembly,"Collaboration, Displays & Mixed Reality",2011,1,3
37,AR Authoring & Assembly,"Collaboration, Displays & Mixed Reality",2012,2,2
37,AR Authoring & Assembly,"Collaboration, Displays & Mixed Reality",2013,3,5
37,AR Authoring & Assembly,"Collaboration, Displays & Mixed Reality",2014,3,7
37,AR Authoring & Assembly,"Collaboration, Displays & Mixed Reality",2015,4,9
37,AR Authoring & Assembly,"Collaboration, Displays & Mixed Reality",2016,1,10
37,AR Authoring & Assembly,"Collaboration, Displays & Mixed Reality",2017,4,13
37,AR Authoring & Assembly,"Collaboration, Displays & Mixed Reality",2018,3,13
37,AR Authoring & Assembly,"Collaboration, Displays & Mixed Reality",2019,6,15
37,AR Authoring & Assembly,"Collaboration, Displays & Mixed Reality",2020,14,31
37,AR Authoring & Assembly,"Collaboration, Displays & Mixed Reality",2021,11,35
37,AR Authoring & Assembly,"Collaboration, Displays & Mixed Reality",2022,7,60
37,AR Authoring & Assembly,"Collaboration, Displays & Mixed Reality",2023,7,85
37,AR Authoring & Assembly,"Collaboration, Displays & Mixed Reality",2024,14,99
37,AR Authoring & Assembly,"Collaboration, Displays & Mixed Reality",2025,13,127
37,AR Authoring & Assembly,"Collaboration, Displays & Mixed Reality",2026,15,90
38,Tabletop Collaboration,"Collaboration, Displays & Mixed Reality",1986,1,0
38,Tabletop Collaboration,"Collaboration, Displays & Mixed Reality",1990,1,0
38,Tabletop Collaboration,"Collaboration, Displays & Mixed Reality",1991,1,0
38,Tabletop Collaboration,"Collaboration, Displays & Mixed Reality",1992,2,1
38,Tabletop Collaboration,"Collaboration, Displays & Mixed Reality",1994,0,1
38,Tabletop Collaboration,"Collaboration, Displays & Mixed Reality",1995,1,0
38,Tabletop Collaboration,"Collaboration, Displays & Mixed Reality",1997,1,0
38,Tabletop Collaboration,"Collaboration, Displays & Mixed Reality",1999,1,2
38,Tabletop Collaboration,"Collaboration, Displays & Mixed Reality",2000,1,2
38,Tabletop Collaboration,"Collaboration, Displays & Mixed Reality",2001,1,4
38,Tabletop Collaboration,"Collaboration, Displays & Mixed Reality",2003,0,1
38,Tabletop Collaboration,"Collaboration, Displays & Mixed Reality",2004,2,6
38,Tabletop Collaboration,"Collaboration, Displays & Mixed Reality",2005,0,2
38,Tabletop Collaboration,"Collaboration, Displays & Mixed Reality",2006,5,8
38,Tabletop Collaboration,"Collaboration, Displays & Mixed Reality",2007,4,12
38,Tabletop Collaboration,"Collaboration, Displays & Mixed Reality",2008,6,13
38,Tabletop Collaboration,"Collaboration, Displays & Mixed Reality",2009,8,22
38,Tabletop Collaboration,"Collaboration, Displays & Mixed Reality",2010,1,14
38,Tabletop Collaboration,"Collaboration, Displays & Mixed Reality",2011,3,23
38,Tabletop Collaboration,"Collaboration, Displays & Mixed Reality",2012,7,23
38,Tabletop Collaboration,"Collaboration, Displays & Mixed Reality",2013,5,18
38,Tabletop Collaboration,"Collaboration, Displays & Mixed Reality",2014,5,21
38,Tabletop Collaboration,"Collaboration, Displays & Mixed Reality",2015,1,8
38,Tabletop Collaboration,"Collaboration, Displays & Mixed Reality",2016,2,20
38,Tabletop Collaboration,"Collaboration, Displays & Mixed Reality",2017,3,25
38,Tabletop Collaboration,"Collaboration, Displays & Mixed Reality",2018,3,30
38,Tabletop Collaboration,"Collaboration, Displays & Mixed Reality",2019,2,12
38,Tabletop Collaboration,"Collaboration, Displays & Mixed Reality",2020,1,16
38,Tabletop Collaboration,"Collaboration, Displays & Mixed Reality",2021,1,18
38,Tabletop Collaboration,"Collaboration, Displays & Mixed Reality",2022,0,15
38,Tabletop Collaboration,"Collaboration, Displays & Mixed Reality",2023,1,20
38,Tabletop Collaboration,"Collaboration, Displays & Mixed Reality",2024,0,16
38,Tabletop Collaboration,"Collaboration, Displays & Mixed Reality",2025,0,13
38,Tabletop Collaboration,"Collaboration, Displays & Mixed Reality",2026,0,12
39,Public & Ambient Displays,"Collaboration, Displays & Mixed Reality",1990,1,0
39,Public & Ambient Displays,"Collaboration, Displays & Mixed Reality",1995,0,1
39,Public & Ambient Displays,"Collaboration, Displays & Mixed Reality",1998,1,0
39,Public & Ambient Displays,"Collaboration, Displays & Mixed Reality",2000,1,1
39,Public & Ambient Displays,"Collaboration, Displays & Mixed Reality",2001,1,0
39,Public & Ambient Displays,"Collaboration, Displays & Mixed Reality",2002,2,1
39,Public & Ambient Displays,"Collaboration, Displays & Mixed Reality",2003,2,2
39,Public & Ambient Displays,"Collaboration, Displays & Mixed Reality",2004,2,4
39,Public & Ambient Displays,"Collaboration, Displays & Mixed Reality",2005,1,3
39,Public & Ambient Displays,"Collaboration, Displays & Mixed Reality",2006,0,7
39,Public & Ambient Displays,"Collaboration, Displays & Mixed Reality",2008,2,3
39,Public & Ambient Displays,"Collaboration, Displays & Mixed Reality",2009,2,4
39,Public & Ambient Displays,"Collaboration, Displays & Mixed Reality",2010,4,2
39,Public & Ambient Displays,"Collaboration, Displays & Mixed Reality",2011,4,13
39,Public & Ambient Displays,"Collaboration, Displays & Mixed Reality",2012,4,21
39,Public & Ambient Displays,"Collaboration, Displays & Mixed Reality",2013,8,31
39,Public & Ambient Displays,"Collaboration, Displays & Mixed Reality",2014,6,23
39,Public & Ambient Displays,"Collaboration, Displays & Mixed Reality",2015,4,20
39,Public & Ambient Displays,"Collaboration, Displays & Mixed Reality",2016,5,30
39,Public & Ambient Displays,"Collaboration, Displays & Mixed Reality",2017,5,37
39,Public & Ambient Displays,"Collaboration, Displays & Mixed Reality",2018,6,30
39,Public & Ambient Displays,"Collaboration, Displays & Mixed Reality",2019,2,17
39,Public & Ambient Displays,"Collaboration, Displays & Mixed Reality",2020,5,55
39,Public & Ambient Displays,"Collaboration, Displays & Mixed Reality",2021,1,17
39,Public & Ambient Displays,"Collaboration, Displays & Mixed Reality",2022,4,32
39,Public & Ambient Displays,"Collaboration, Displays & Mixed Reality",2023,3,37
39,Public & Ambient Displays,"Collaboration, Displays & Mixed Reality",2024,0,17
39,Public & Ambient Displays,"Collaboration, Displays & Mixed Reality",2025,0,19
39,Public & Ambient Displays,"Collaboration, Displays & Mixed Reality",2026,1,23
40,Real-time Groupware,"Collaboration, Displays & Mixed Reality",1982,1,0
40,Real-time Groupware,"Collaboration, Displays & Mixed Reality",1983,1,1
40,Real-time Groupware,"Collaboration, Displays & Mixed Reality",1988,1,0
40,Real-time Groupware,"Collaboration, Displays & Mixed Reality",1989,1,0
40,Real-time Groupware,"Collaboration, Displays & Mixed Reality",1990,2,0
40,Real-time Groupware,"Collaboration, Displays & Mixed Reality",1991,1,2
40,Real-time Groupware,"Collaboration, Displays & Mixed Reality",1992,3,0
40,Real-time Groupware,"Collaboration, Displays & Mixed Reality",1994,0,2
40,Real-time Groupware,"Collaboration, Displays & Mixed Reality",1995,1,1
40,Real-time Groupware,"Collaboration, Displays & Mixed Reality",1997,3,1
40,Real-time Groupware,"Collaboration, Displays & Mixed Reality",1998,1,1
40,Real-time Groupware,"Collaboration, Displays & Mixed Reality",1999,0,1
40,Real-time Groupware,"Collaboration, Displays & Mixed Reality",2001,0,1
40,Real-time Groupware,"Collaboration, Displays & Mixed Reality",2002,1,1
40,Real-time Groupware,"Collaboration, Displays & Mixed Reality",2004,1,1
40,Real-time Groupware,"Collaboration, Displays & Mixed Reality",2006,1,1
40,Real-time Groupware,"Collaboration, Displays & Mixed Reality",2007,1,1
40,Real-time Groupware,"Collaboration, Displays & Mixed Reality",2008,0,3
40,Real-time Groupware,"Collaboration, Displays & Mixed Reality",2009,0,3
40,Real-time Groupware,"Collaboration, Displays & Mixed Reality",2010,1,1
40,Real-time Groupware,"Collaboration, Displays & Mixed Reality",2012,1,1
40,Real-time Groupware,"Collaboration, Displays & Mixed Reality",2013,1,2
40,Real-time Groupware,"Collaboration, Displays & Mixed Reality",2014,0,1
40,Real-time Groupware,"Collaboration, Displays & Mixed Reality",2015,1,1
40,Real-time Groupware,"Collaboration, Displays & Mixed Reality",2016,1,2
40,Real-time Groupware,"Collaboration, Displays & Mixed Reality",2017,1,0
40,Real-time Groupware,"Collaboration, Displays & Mixed Reality",2018,0,5
40,Real-time Groupware,"Collaboration, Displays & Mixed Reality",2019,0,4
40,Real-time Groupware,"Collaboration, Displays & Mixed Reality",2020,1,5
40,Real-time Groupware,"Collaboration, Displays & Mixed Reality",2021,0,3
40,Real-time Groupware,"Collaboration, Displays & Mixed Reality",2022,0,5
40,Real-time Groupware,"Collaboration, Displays & Mixed Reality",2023,1,6
40,Real-time Groupware,"Collaboration, Displays & Mixed Reality",2024,2,8
40,Real-time Groupware,"Collaboration, Displays & Mixed Reality",2025,0,6
40,Real-time Groupware,"Collaboration, Displays & Mixed Reality",2026,1,3
41,Social VR & Presence,"Collaboration, Displays & Mixed Reality",1995,1,0
41,Social VR & Presence,"Collaboration, Displays & Mixed Reality",1996,0,1
41,Social VR & Presence,"Collaboration, Displays & Mixed Reality",1997,0,1
41,Social VR & Presence,"Collaboration, Displays & Mixed Reality",1999,0,1
41,Social VR & Presence,"Collaboration, Displays & Mixed Reality",2003,1,1
41,Social VR & Presence,"Collaboration, Displays & Mixed Reality",2006,0,1
41,Social VR & Presence,"Collaboration, Displays & Mixed Reality",2007,1,1
41,Social VR & Presence,"Collaboration, Displays & Mixed Reality",2008,0,1
41,Social VR & Presence,"Collaboration, Displays & Mixed Reality",2009,1,0
41,Social VR & Presence,"Collaboration, Displays & Mixed Reality",2010,0,3
41,Social VR & Presence,"Collaboration, Displays & Mixed Reality",2011,2,2
41,Social VR & Presence,"Collaboration, Displays & Mixed Reality",2012,0,1
41,Social VR & Presence,"Collaboration, Displays & Mixed Reality",2013,1,0
41,Social VR & Presence,"Collaboration, Displays & Mixed Reality",2014,0,2
41,Social VR & Presence,"Collaboration, Displays & Mixed Reality",2015,1,0
41,Social VR & Presence,"Collaboration, Displays & Mixed Reality",2016,1,5
41,Social VR & Presence,"Collaboration, Displays & Mixed Reality",2017,4,8
41,Social VR & Presence,"Collaboration, Displays & Mixed Reality",2018,2,7
41,Social VR & Presence,"Collaboration, Displays & Mixed Reality",2019,3,11
41,Social VR & Presence,"Collaboration, Displays & Mixed Reality",2020,6,14
41,Social VR & Presence,"Collaboration, Displays & Mixed Reality",2021,7,28
41,Social VR & Presence,"Collaboration, Displays & Mixed Reality",2022,7,40
41,Social VR & Presence,"Collaboration, Displays & Mixed Reality",2023,12,74
41,Social VR & Presence,"Collaboration, Displays & Mixed Reality",2024,11,84
41,Social VR & Presence,"Collaboration, Displays & Mixed Reality",2025,17,153
41,Social VR & Presence,"Collaboration, Displays & Mixed Reality",2026,14,122
42,Mixed Reality Rooms & Video,"Collaboration, Displays & Mixed Reality",1996,1,0
42,Mixed Reality Rooms & Video,"Collaboration, Displays & Mixed Reality",2011,1,0
42,Mixed Reality Rooms & Video,"Collaboration, Displays & Mixed Reality",2012,3,0
42,Mixed Reality Rooms & Video,"Collaboration, Displays & Mixed Reality",2013,0,2
42,Mixed Reality Rooms & Video,"Collaboration, Displays & Mixed Reality",2014,0,1
42,Mixed Reality Rooms & Video,"Collaboration, Displays & Mixed Reality",2016,2,0
42,Mixed Reality Rooms & Video,"Collaboration, Displays & Mixed Reality",2017,7,9
42,Mixed Reality Rooms & Video,"Collaboration, Displays & Mixed Reality",2018,7,6
42,Mixed Reality Rooms & Video,"Collaboration, Displays & Mixed Reality",2019,7,25
42,Mixed Reality Rooms & Video,"Collaboration, Displays & Mixed Reality",2020,3,25
42,Mixed Reality Rooms & Video,"Collaboration, Displays & Mixed Reality",2021,4,40
42,Mixed Reality Rooms & Video,"Collaboration, Displays & Mixed Reality",2022,5,49
42,Mixed Reality Rooms & Video,"Collaboration, Displays & Mixed Reality",2023,3,39
42,Mixed Reality Rooms & Video,"Collaboration, Displays & Mixed Reality",2024,1,45
42,Mixed Reality Rooms & Video,"Collaboration, Displays & Mixed Reality",2025,4,60
42,Mixed Reality Rooms & Video,"Collaboration, Displays & Mixed Reality",2026,4,42
43,Live Streaming,"Collaboration, Displays & Mixed Reality",2006,1,0
43,Live Streaming,"Collaboration, Displays & Mixed Reality",2007,2,1
43,Live Streaming,"Collaboration, Displays & Mixed Reality",2008,0,2
43,Live Streaming,"Collaboration, Displays & Mixed Reality",2009,2,3
43,Live Streaming,"Collaboration, Displays & Mixed Reality",2011,5,8
43,Live Streaming,"Collaboration, Displays & Mixed Reality",2012,2,2
43,Live Streaming,"Collaboration, Displays & Mixed Reality",2013,1,4
43,Live Streaming,"Collaboration, Displays & Mixed Reality",2014,4,10
43,Live Streaming,"Collaboration, Displays & Mixed Reality",2015,4,11
43,Live Streaming,"Collaboration, Displays & Mixed Reality",2016,2,7
43,Live Streaming,"Collaboration, Displays & Mixed Reality",2017,4,25
43,Live Streaming,"Collaboration, Displays & Mixed Reality",2018,4,22
43,Live Streaming,"Collaboration, Displays & Mixed Reality",2019,5,37
43,Live Streaming,"Collaboration, Displays & Mixed Reality",2020,3,33
43,Live Streaming,"Collaboration, Displays & Mixed Reality",2021,9,78
43,Live Streaming,"Collaboration, Displays & Mixed Reality",2022,4,43
43,Live Streaming,"Collaboration, Displays & Mixed Reality",2023,4,71
43,Live Streaming,"Collaboration, Displays & Mixed Reality",2024,2,65
43,Live Streaming,"Collaboration, Displays & Mixed Reality",2025,4,65
43,Live Streaming,"Collaboration, Displays & Mixed Reality",2026,3,61
44,Meeting Capture & Reading,"Collaboration, Displays & Mixed Reality",1983,1,0
44,Meeting Capture & Reading,"Collaboration, Displays & Mixed Reality",1985,2,0
44,Meeting Capture & Reading,"Collaboration, Displays & Mixed Reality",1986,5,1
44,Meeting Capture & Reading,"Collaboration, Displays & Mixed Reality",1988,1,0
44,Meeting Capture & Reading,"Collaboration, Displays & Mixed Reality",1989,2,5
44,Meeting Capture & Reading,"Collaboration, Displays & Mixed Reality",1991,2,0
44,Meeting Capture & Reading,"Collaboration, Displays & Mixed Reality",1992,4,8
44,Meeting Capture & Reading,"Collaboration, Displays & Mixed Reality",1994,3,4
44,Meeting Capture & Reading,"Collaboration, Displays & Mixed Reality",1995,1,5
44,Meeting Capture & Reading,"Collaboration, Displays & Mixed Reality",1996,3,4
44,Meeting Capture & Reading,"Collaboration, Displays & Mixed Reality",1997,3,11
44,Meeting Capture & Reading,"Collaboration, Displays & Mixed Reality",1998,2,10
44,Meeting Capture & Reading,"Collaboration, Displays & Mixed Reality",1999,2,9
44,Meeting Capture & Reading,"Collaboration, Displays & Mixed Reality",2000,3,11
44,Meeting Capture & Reading,"Collaboration, Displays & Mixed Reality",2001,3,13
44,Meeting Capture & Reading,"Collaboration, Displays & Mixed Reality",2002,2,11
44,Meeting Capture & Reading,"Collaboration, Displays & Mixed Reality",2003,1,4
44,Meeting Capture & Reading,"Collaboration, Displays & Mixed Reality",2004,3,16
44,Meeting Capture & Reading,"Collaboration, Displays & Mixed Reality",2005,1,4
44,Meeting Capture & Reading,"Collaboration, Displays & Mixed Reality",2006,5,30
44,Meeting Capture & Reading,"Collaboration, Displays & Mixed Reality",2007,2,19
44,Meeting Capture & Reading,"Collaboration, Displays & Mixed Reality",2008,1,19
44,Meeting Capture & Reading,"Collaboration, Displays & Mixed Reality",2009,2,9
44,Meeting Capture & Reading,"Collaboration, Displays & Mixed Reality",2010,2,13
44,Meeting Capture & Reading,"Collaboration, Displays & Mixed Reality",2011,1,9
44,Meeting Capture & Reading,"Collaboration, Displays & Mixed Reality",2012,1,4
44,Meeting Capture & Reading,"Collaboration, Displays & Mixed Reality",2013,0,3
44,Meeting Capture & Reading,"Collaboration, Displays & Mixed Reality",2014,1,5
44,Meeting Capture & Reading,"Collaboration, Displays & Mixed Reality",2015,0,3
44,Meeting Capture & Reading,"Collaboration, Displays & Mixed Reality",2016,1,4
44,Meeting Capture & Reading,"Collaboration, Displays & Mixed Reality",2017,0,7
44,Meeting Capture & Reading,"Collaboration, Displays & Mixed Reality",2018,0,9
44,Meeting Capture & Reading,"Collaboration, Displays & Mixed Reality",2019,0,2
44,Meeting Capture & Reading,"Collaboration, Displays & Mixed Reality",2020,1,6
44,Meeting Capture & Reading,"Collaboration, Displays & Mixed Reality",2021,2,6
44,Meeting Capture & Reading,"Collaboration, Displays & Mixed Reality",2022,0,7
44,Meeting Capture & Reading,"Collaboration, Displays & Mixed Reality",2023,1,9
44,Meeting Capture & Reading,"Collaboration, Displays & Mixed Reality",2024,0,10
44,Meeting Capture & Reading,"Collaboration, Displays & Mixed Reality",2025,1,13
44,Meeting Capture & Reading,"Collaboration, Displays & Mixed Reality",2026,0,8
45,Distributed Cognition & Emergency Coordination,"Collaboration, Displays & Mixed Reality",1983,1,0
45,Distributed Cognition & Emergency Coordination,"Collaboration, Displays & Mixed Reality",1986,1,1
45,Distributed Cognition & Emergency Coordination,"Collaboration, Displays & Mixed Reality",1988,4,2
45,Distributed Cognition & Emergency Coordination,"Collaboration, Displays & Mixed Reality",1989,1,2
45,Distributed Cognition & Emergency Coordination,"Collaboration, Displays & Mixed Reality",1990,2,3
45,Distributed Cognition & Emergency Coordination,"Collaboration, Displays & Mixed Reality",1991,1,2
45,Distributed Cognition & Emergency Coordination,"Collaboration, Displays & Mixed Reality",1992,1,2
45,Distributed Cognition & Emergency Coordination,"Collaboration, Displays & Mixed Reality",1998,1,0
45,Distributed Cognition & Emergency Coordination,"Collaboration, Displays & Mixed Reality",2000,0,1
45,Distributed Cognition & Emergency Coordination,"Collaboration, Displays & Mixed Reality",2003,1,0
45,Distributed Cognition & Emergency Coordination,"Collaboration, Displays & Mixed Reality",2004,1,2
45,Distributed Cognition & Emergency Coordination,"Collaboration, Displays & Mixed Reality",2006,2,2
45,Distributed Cognition & Emergency Coordination,"Collaboration, Displays & Mixed Reality",2007,2,7
45,Distributed Cognition & Emergency Coordination,"Collaboration, Displays & Mixed Reality",2009,1,0
45,Distributed Cognition & Emergency Coordination,"Collaboration, Displays & Mixed Reality",2010,1,2
45,Distributed Cognition & Emergency Coordination,"Collaboration, Displays & Mixed Reality",2011,2,7
45,Distributed Cognition & Emergency Coordination,"Collaboration, Displays & Mixed Reality",2012,2,5
45,Distributed Cognition & Emergency Coordination,"Collaboration, Displays & Mixed Reality",2013,0,1
45,Distributed Cognition & Emergency Coordination,"Collaboration, Displays & Mixed Reality",2014,2,7
45,Distributed Cognition & Emergency Coordination,"Collaboration, Displays & Mixed Reality",2015,1,0
45,Distributed Cognition & Emergency Coordination,"Collaboration, Displays & Mixed Reality",2016,0,3
45,Distributed Cognition & Emergency Coordination,"Collaboration, Displays & Mixed Reality",2018,0,4
45,Distributed Cognition & Emergency Coordination,"Collaboration, Displays & Mixed Reality",2019,0,3
45,Distributed Cognition & Emergency Coordination,"Collaboration, Displays & Mixed Reality",2020,0,1
45,Distributed Cognition & Emergency Coordination,"Collaboration, Displays & Mixed Reality",2021,2,10
45,Distributed Cognition & Emergency Coordination,"Collaboration, Displays & Mixed Reality",2022,1,8
45,Distributed Cognition & Emergency Coordination,"Collaboration, Displays & Mixed Reality",2023,1,3
45,Distributed Cognition & Emergency Coordination,"Collaboration, Displays & Mixed Reality",2024,1,9
45,Distributed Cognition & Emergency Coordination,"Collaboration, Displays & Mixed Reality",2025,0,8
45,Distributed Cognition & Emergency Coordination,"Collaboration, Displays & Mixed Reality",2026,2,13
46,Driver Distraction & Take-over,Automotive & Automated Driving,2004,1,0
46,Driver Distraction & Take-over,Automotive & Automated Driving,2005,1,1
46,Driver Distraction & Take-over,Automotive & Automated Driving,2007,3,1
46,Driver Distraction & Take-over,Automotive & Automated Driving,2009,1,1
46,Driver Distraction & Take-over,Automotive & Automated Driving,2010,1,3
46,Driver Distraction & Take-over,Automotive & Automated Driving,2011,2,8
46,Driver Distraction & Take-over,Automotive & Automated Driving,2012,0,1
46,Driver Distraction & Take-over,Automotive & Automated Driving,2013,0,3
46,Driver Distraction & Take-over,Automotive & Automated Driving,2014,1,3
46,Driver Distraction & Take-over,Automotive & Automated Driving,2015,2,4
46,Driver Distraction & Take-over,Automotive & Automated Driving,2016,1,0
46,Driver Distraction & Take-over,Automotive & Automated Driving,2017,3,10
46,Driver Distraction & Take-over,Automotive & Automated Driving,2018,3,5
46,Driver Distraction & Take-over,Automotive & Automated Driving,2019,2,13
46,Driver Distraction & Take-over,Automotive & Automated Driving,2020,3,12
46,Driver Distraction & Take-over,Automotive & Automated Driving,2021,1,8
46,Driver Distraction & Take-over,Automotive & Automated Driving,2022,0,5
46,Driver Distraction & Take-over,Automotive & Automated Driving,2023,1,7
46,Driver Distraction & Take-over,Automotive & Automated Driving,2024,2,7
46,Driver Distraction & Take-over,Automotive & Automated Driving,2025,2,4
46,Driver Distraction & Take-over,Automotive & Automated Driving,2026,0,7
47,In-Car Interfaces,Automotive & Automated Driving,2008,1,0
47,In-Car Interfaces,Automotive & Automated Driving,2009,0,2
47,In-Car Interfaces,Automotive & Automated Driving,2010,0,1
47,In-Car Interfaces,Automotive & Automated Driving,2011,2,1
47,In-Car Interfaces,Automotive & Automated Driving,2013,1,3
47,In-Car Interfaces,Automotive & Automated Driving,2014,2,0
47,In-Car Interfaces,Automotive & Automated Driving,2015,1,0
47,In-Car Interfaces,Automotive & Automated Driving,2016,1,5
47,In-Car Interfaces,Automotive & Automated Driving,2017,2,1
47,In-Car Interfaces,Automotive & Automated Driving,2018,0,2
47,In-Car Interfaces,Automotive & Automated Driving,2019,1,2
47,In-Car Interfaces,Automotive & Automated Driving,2020,2,5
47,In-Car Interfaces,Automotive & Automated Driving,2021,0,5
47,In-Car Interfaces,Automotive & Automated Driving,2022,0,1
47,In-Car Interfaces,Automotive & Automated Driving,2023,2,6
47,In-Car Interfaces,Automotive & Automated Driving,2024,0,4
47,In-Car Interfaces,Automotive & Automated Driving,2025,4,10
47,In-Car Interfaces,Automotive & Automated Driving,2026,0,4
48,Automated Driving,Automotive & Automated Driving,2014,1,0
48,Automated Driving,Automotive & Automated Driving,2017,2,2
48,Automated Driving,Automotive & Automated Driving,2019,3,3
48,Automated Driving,Automotive & Automated Driving,2020,1,4
48,Automated Driving,Automotive & Automated Driving,2021,3,7
48,Automated Driving,Automotive & Automated Driving,2022,0,5
48,Automated Driving,Automotive & Automated Driving,2023,1,8
48,Automated Driving,Automotive & Automated Driving,2024,0,5
48,Automated Driving,Automotive & Automated Driving,2025,7,16
48,Automated Driving,Automotive & Automated Driving,2026,4,8
49,Car Navigation & Driver UIs,Automotive & Automated Driving,1989,1,0
49,Car Navigation & Driver UIs,Automotive & Automated Driving,2000,1,0
49,Car Navigation & Driver UIs,Automotive & Automated Driving,2001,2,2
49,Car Navigation & Driver UIs,Automotive & Automated Driving,2008,3,0
49,Car Navigation & Driver UIs,Automotive & Automated Driving,2009,1,2
49,Car Navigation & Driver UIs,Automotive & Automated Driving,2010,3,4
49,Car Navigation & Driver UIs,Automotive & Automated Driving,2011,1,2
49,Car Navigation & Driver UIs,Automotive & Automated Driving,2012,2,3
49,Car Navigation & Driver UIs,Automotive & Automated Driving,2013,0,2
49,Car Navigation & Driver UIs,Automotive & Automated Driving,2014,0,2
49,Car Navigation & Driver UIs,Automotive & Automated Driving,2015,2,1
49,Car Navigation & Driver UIs,Automotive & Automated Driving,2016,1,3
49,Car Navigation & Driver UIs,Automotive & Automated Driving,2017,3,13
49,Car Navigation & Driver UIs,Automotive & Automated Driving,2018,0,4
49,Car Navigation & Driver UIs,Automotive & Automated Driving,2019,1,3
49,Car Navigation & Driver UIs,Automotive & Automated Driving,2020,0,3
49,Car Navigation & Driver UIs,Automotive & Automated Driving,2021,0,4
49,Car Navigation & Driver UIs,Automotive & Automated Driving,2022,0,4
49,Car Navigation & Driver UIs,Automotive & Automated Driving,2023,0,2
49,Car Navigation & Driver UIs,Automotive & Automated Driving,2024,0,3
49,Car Navigation & Driver UIs,Automotive & Automated Driving,2025,1,5
49,Car Navigation & Driver UIs,Automotive & Automated Driving,2026,2,2
50,Autonomous Vehicles & Pedestrians,Automotive & Automated Driving,1990,1,0
50,Autonomous Vehicles & Pedestrians,Automotive & Automated Driving,1991,1,1
50,Autonomous Vehicles & Pedestrians,Automotive & Automated Driving,1992,4,9
50,Autonomous Vehicles & Pedestrians,Automotive & Automated Driving,1994,0,1
50,Autonomous Vehicles & Pedestrians,Automotive & Automated Driving,1996,0,1
50,Autonomous Vehicles & Pedestrians,Automotive & Automated Driving,2000,1,0
50,Autonomous Vehicles & Pedestrians,Automotive & Automated Driving,2002,0,2
50,Autonomous Vehicles & Pedestrians,Automotive & Automated Driving,2005,1,1
50,Autonomous Vehicles & Pedestrians,Automotive & Automated Driving,2007,2,5
50,Autonomous Vehicles & Pedestrians,Automotive & Automated Driving,2008,0,1
50,Autonomous Vehicles & Pedestrians,Automotive & Automated Driving,2009,1,3
50,Autonomous Vehicles & Pedestrians,Automotive & Automated Driving,2010,2,0
50,Autonomous Vehicles & Pedestrians,Automotive & Automated Driving,2011,0,3
50,Autonomous Vehicles & Pedestrians,Automotive & Automated Driving,2012,4,4
50,Autonomous Vehicles & Pedestrians,Automotive & Automated Driving,2013,1,1
50,Autonomous Vehicles & Pedestrians,Automotive & Automated Driving,2014,4,4
50,Autonomous Vehicles & Pedestrians,Automotive & Automated Driving,2015,0,4
50,Autonomous Vehicles & Pedestrians,Automotive & Automated Driving,2016,0,4
50,Autonomous Vehicles & Pedestrians,Automotive & Automated Driving,2017,4,5
50,Autonomous Vehicles & Pedestrians,Automotive & Automated Driving,2018,6,11
50,Autonomous Vehicles & Pedestrians,Automotive & Automated Driving,2019,3,13
50,Autonomous Vehicles & Pedestrians,Automotive & Automated Driving,2020,7,15
50,Autonomous Vehicles & Pedestrians,Automotive & Automated Driving,2021,5,29
50,Autonomous Vehicles & Pedestrians,Automotive & Automated Driving,2022,6,29
50,Autonomous Vehicles & Pedestrians,Automotive & Automated Driving,2023,8,31
50,Autonomous Vehicles & Pedestrians,Automotive & Automated Driving,2024,14,67
50,Autonomous Vehicles & Pedestrians,Automotive & Automated Driving,2025,14,83
50,Autonomous Vehicles & Pedestrians,Automotive & Automated Driving,2026,12,79
51,Cognitive Modeling & Mixed Small Topics,Mixed Small Communities,1982,8,4
51,Cognitive Modeling & Mixed Small Topics,Mixed Small Communities,1983,9,6
51,Cognitive Modeling & Mixed Small Topics,Mixed Small Communities,1985,6,2
51,Cognitive Modeling & Mixed Small Topics,Mixed Small Communities,1986,13,16
51,Cognitive Modeling & Mixed Small Topics,Mixed Small Communities,1988,6,3
51,Cognitive Modeling & Mixed Small Topics,Mixed Small Communities,1989,7,9
51,Cognitive Modeling & Mixed Small Topics,Mixed Small Communities,1990,6,8
51,Cognitive Modeling & Mixed Small Topics,Mixed Small Communities,1991,5,3
51,Cognitive Modeling & Mixed Small Topics,Mixed Small Communities,1992,8,8
51,Cognitive Modeling & Mixed Small Topics,Mixed Small Communities,1994,5,6
51,Cognitive Modeling & Mixed Small Topics,Mixed Small Communities,1995,8,12
51,Cognitive Modeling & Mixed Small Topics,Mixed Small Communities,1996,3,3
51,Cognitive Modeling & Mixed Small Topics,Mixed Small Communities,1997,4,7
51,Cognitive Modeling & Mixed Small Topics,Mixed Small Communities,1998,4,5
51,Cognitive Modeling & Mixed Small Topics,Mixed Small Communities,1999,2,6
51,Cognitive Modeling & Mixed Small Topics,Mixed Small Communities,2000,1,3
51,Cognitive Modeling & Mixed Small Topics,Mixed Small Communities,2001,3,4
51,Cognitive Modeling & Mixed Small Topics,Mixed Small Communities,2002,1,6
51,Cognitive Modeling & Mixed Small Topics,Mixed Small Communities,2003,1,2
51,Cognitive Modeling & Mixed Small Topics,Mixed Small Communities,2004,3,8
51,Cognitive Modeling & Mixed Small Topics,Mixed Small Communities,2005,1,10
51,Cognitive Modeling & Mixed Small Topics,Mixed Small Communities,2006,1,5
51,Cognitive Modeling & Mixed Small Topics,Mixed Small Communities,2007,0,13
51,Cognitive Modeling & Mixed Small Topics,Mixed Small Communities,2008,0,1
51,Cognitive Modeling & Mixed Small Topics,Mixed Small Communities,2009,0,2
51,Cognitive Modeling & Mixed Small Topics,Mixed Small Communities,2010,0,3
51,Cognitive Modeling & Mixed Small Topics,Mixed Small Communities,2011,2,2
51,Cognitive Modeling & Mixed Small Topics,Mixed Small Communities,2012,4,3
51,Cognitive Modeling & Mixed Small Topics,Mixed Small Communities,2013,1,1
51,Cognitive Modeling & Mixed Small Topics,Mixed Small Communities,2014,2,4
51,Cognitive Modeling & Mixed Small Topics,Mixed Small Communities,2015,0,1
51,Cognitive Modeling & Mixed Small Topics,Mixed Small Communities,2016,0,1
51,Cognitive Modeling & Mixed Small Topics,Mixed Small Communities,2017,0,3
51,Cognitive Modeling & Mixed Small Topics,Mixed Small Communities,2018,0,2
51,Cognitive Modeling & Mixed Small Topics,Mixed Small Communities,2019,0,2
51,Cognitive Modeling & Mixed Small Topics,Mixed Small Communities,2020,1,2
51,Cognitive Modeling & Mixed Small Topics,Mixed Small Communities,2021,0,2
51,Cognitive Modeling & Mixed Small Topics,Mixed Small Communities,2022,0,1
51,Cognitive Modeling & Mixed Small Topics,Mixed Small Communities,2023,1,5
51,Cognitive Modeling & Mixed Small Topics,Mixed Small Communities,2024,0,1
51,Cognitive Modeling & Mixed Small Topics,Mixed Small Communities,2025,0,3
51,Cognitive Modeling & Mixed Small Topics,Mixed Small Communities,2026,0,3
52,Non-visual Navigation,Accessibility & Assistive Tech,2009,1,0
52,Non-visual Navigation,Accessibility & Assistive Tech,2011,1,1
52,Non-visual Navigation,Accessibility & Assistive Tech,2012,3,0
52,Non-visual Navigation,Accessibility & Assistive Tech,2013,2,1
52,Non-visual Navigation,Accessibility & Assistive Tech,2014,3,2
52,Non-visual Navigation,Accessibility & Assistive Tech,2015,2,9
52,Non-visual Navigation,Accessibility & Assistive Tech,2016,3,5
52,Non-visual Navigation,Accessibility & Assistive Tech,2017,3,11
52,Non-visual Navigation,Accessibility & Assistive Tech,2018,3,19
52,Non-visual Navigation,Accessibility & Assistive Tech,2019,4,29
52,Non-visual Navigation,Accessibility & Assistive Tech,2020,6,29
52,Non-visual Navigation,Accessibility & Assistive Tech,2021,8,31
52,Non-visual Navigation,Accessibility & Assistive Tech,2022,2,25
52,Non-visual Navigation,Accessibility & Assistive Tech,2023,7,36
52,Non-visual Navigation,Accessibility & Assistive Tech,2024,8,57
52,Non-visual Navigation,Accessibility & Assistive Tech,2025,9,102
52,Non-visual Navigation,Accessibility & Assistive Tech,2026,4,63
53,Accessibility Research Practice,Accessibility & Assistive Tech,1995,1,0
53,Accessibility Research Practice,Accessibility & Assistive Tech,2008,1,0
53,Accessibility Research Practice,Accessibility & Assistive Tech,2010,1,0
53,Accessibility Research Practice,Accessibility & Assistive Tech,2011,3,1
53,Accessibility Research Practice,Accessibility & Assistive Tech,2012,0,1
53,Accessibility Research Practice,Accessibility & Assistive Tech,2015,4,2
53,Accessibility Research Practice,Accessibility & Assistive Tech,2016,0,3
53,Accessibility Research Practice,Accessibility & Assistive Tech,2017,1,5
53,Accessibility Research Practice,Accessibility & Assistive Tech,2018,6,12
53,Accessibility Research Practice,Accessibility & Assistive Tech,2019,4,18
53,Accessibility Research Practice,Accessibility & Assistive Tech,2020,5,34
53,Accessibility Research Practice,Accessibility & Assistive Tech,2021,5,44
53,Accessibility Research Practice,Accessibility & Assistive Tech,2022,5,28
53,Accessibility Research Practice,Accessibility & Assistive Tech,2023,9,76
53,Accessibility Research Practice,Accessibility & Assistive Tech,2024,8,90
53,Accessibility Research Practice,Accessibility & Assistive Tech,2025,7,127
53,Accessibility Research Practice,Accessibility & Assistive Tech,2026,14,88
54,Visual Accessibility,Accessibility & Assistive Tech,2005,1,0
54,Visual Accessibility,Accessibility & Assistive Tech,2006,1,1
54,Visual Accessibility,Accessibility & Assistive Tech,2013,3,1
54,Visual Accessibility,Accessibility & Assistive Tech,2014,1,1
54,Visual Accessibility,Accessibility & Assistive Tech,2015,3,9
54,Visual Accessibility,Accessibility & Assistive Tech,2016,1,3
54,Visual Accessibility,Accessibility & Assistive Tech,2017,4,14
54,Visual Accessibility,Accessibility & Assistive Tech,2018,5,29
54,Visual Accessibility,Accessibility & Assistive Tech,2019,4,18
54,Visual Accessibility,Accessibility & Assistive Tech,2020,3,34
54,Visual Accessibility,Accessibility & Assistive Tech,2021,9,55
54,Visual Accessibility,Accessibility & Assistive Tech,2022,4,54
54,Visual Accessibility,Accessibility & Assistive Tech,2023,9,62
54,Visual Accessibility,Accessibility & Assistive Tech,2024,7,88
54,Visual Accessibility,Accessibility & Assistive Tech,2025,8,93
54,Visual Accessibility,Accessibility & Assistive Tech,2026,6,91
55,Disability Studies in HCI,Accessibility & Assistive Tech,1986,1,0
55,Disability Studies in HCI,Accessibility & Assistive Tech,1988,1,0
55,Disability Studies in HCI,Accessibility & Assistive Tech,1994,1,0
55,Disability Studies in HCI,Accessibility & Assistive Tech,1995,0,1
55,Disability Studies in HCI,Accessibility & Assistive Tech,1996,1,1
55,Disability Studies in HCI,Accessibility & Assistive Tech,1997,0,1
55,Disability Studies in HCI,Accessibility & Assistive Tech,1998,1,0
55,Disability Studies in HCI,Accessibility & Assistive Tech,2003,1,0
55,Disability Studies in HCI,Accessibility & Assistive Tech,2004,1,1
55,Disability Studies in HCI,Accessibility & Assistive Tech,2005,2,1
55,Disability Studies in HCI,Accessibility & Assistive Tech,2006,2,3
55,Disability Studies in HCI,Accessibility & Assistive Tech,2007,3,1
55,Disability Studies in HCI,Accessibility & Assistive Tech,2008,1,4
55,Disability Studies in HCI,Accessibility & Assistive Tech,2009,3,6
55,Disability Studies in HCI,Accessibility & Assistive Tech,2010,2,5
55,Disability Studies in HCI,Accessibility & Assistive Tech,2011,6,5
55,Disability Studies in HCI,Accessibility & Assistive Tech,2012,4,10
55,Disability Studies in HCI,Accessibility & Assistive Tech,2013,5,11
55,Disability Studies in HCI,Accessibility & Assistive Tech,2014,3,9
55,Disability Studies in HCI,Accessibility & Assistive Tech,2015,8,23
55,Disability Studies in HCI,Accessibility & Assistive Tech,2016,6,29
55,Disability Studies in HCI,Accessibility & Assistive Tech,2017,11,31
55,Disability Studies in HCI,Accessibility & Assistive Tech,2018,16,64
55,Disability Studies in HCI,Accessibility & Assistive Tech,2019,23,88
55,Disability Studies in HCI,Accessibility & Assistive Tech,2020,22,114
55,Disability Studies in HCI,Accessibility & Assistive Tech,2021,17,154
55,Disability Studies in HCI,Accessibility & Assistive Tech,2022,13,102
55,Disability Studies in HCI,Accessibility & Assistive Tech,2023,21,176
55,Disability Studies in HCI,Accessibility & Assistive Tech,2024,33,202
55,Disability Studies in HCI,Accessibility & Assistive Tech,2025,38,358
55,Disability Studies in HCI,Accessibility & Assistive Tech,2026,29,287
56,Esports & Player Communities,Games & Play,2004,1,0
56,Esports & Player Communities,Games & Play,2006,1,1
56,Esports & Player Communities,Games & Play,2007,2,2
56,Esports & Player Communities,Games & Play,2008,0,4
56,Esports & Player Communities,Games & Play,2009,0,3
56,Esports & Player Communities,Games & Play,2010,1,2
56,Esports & Player Communities,Games & Play,2011,1,5
56,Esports & Player Communities,Games & Play,2012,3,3
56,Esports & Player Communities,Games & Play,2013,0,3
56,Esports & Player Communities,Games & Play,2014,0,3
56,Esports & Player Communities,Games & Play,2015,2,2
56,Esports & Player Communities,Games & Play,2016,2,11
56,Esports & Player Communities,Games & Play,2017,1,7
56,Esports & Player Communities,Games & Play,2018,4,14
56,Esports & Player Communities,Games & Play,2019,2,20
56,Esports & Player Communities,Games & Play,2020,2,15
56,Esports & Player Communities,Games & Play,2021,7,38
56,Esports & Player Communities,Games & Play,2022,1,21
56,Esports & Player Communities,Games & Play,2023,0,12
56,Esports & Player Communities,Games & Play,2024,3,29
56,Esports & Player Communities,Games & Play,2025,2,26
56,Esports & Player Communities,Games & Play,2026,10,57
57,Player Experience & Immersion,Games & Play,1981,1,0
57,Player Experience & Immersion,Games & Play,1998,1,0
57,Player Experience & Immersion,Games & Play,2004,1,0
57,Player Experience & Immersion,Games & Play,2006,1,0
57,Player Experience & Immersion,Games & Play,2007,1,1
57,Player Experience & Immersion,Games & Play,2008,0,1
57,Player Experience & Immersion,Games & Play,2010,1,0
57,Player Experience & Immersion,Games & Play,2011,0,3
57,Player Experience & Immersion,Games & Play,2012,1,1
57,Player Experience & Immersion,Games & Play,2013,5,4
57,Player Experience & Immersion,Games & Play,2014,2,4
57,Player Experience & Immersion,Games & Play,2015,4,6
57,Player Experience & Immersion,Games & Play,2016,7,6
57,Player Experience & Immersion,Games & Play,2017,2,14
57,Player Experience & Immersion,Games & Play,2018,7,23
57,Player Experience & Immersion,Games & Play,2019,1,16
57,Player Experience & Immersion,Games & Play,2020,5,39
57,Player Experience & Immersion,Games & Play,2021,6,34
57,Player Experience & Immersion,Games & Play,2022,2,25
57,Player Experience & Immersion,Games & Play,2023,2,32
57,Player Experience & Immersion,Games & Play,2024,3,40
57,Player Experience & Immersion,Games & Play,2025,2,42
57,Player Experience & Immersion,Games & Play,2026,2,44
58,Gamification & Engagement,Games & Play,1982,2,0
58,Gamification & Engagement,Games & Play,1985,1,0
58,Gamification & Engagement,Games & Play,1986,2,3
58,Gamification & Engagement,Games & Play,2000,3,1
58,Gamification & Engagement,Games & Play,2001,1,1
58,Gamification & Engagement,Games & Play,2004,1,1
58,Gamification & Engagement,Games & Play,2005,2,2
58,Gamification & Engagement,Games & Play,2006,1,1
58,Gamification & Engagement,Games & Play,2007,5,6
58,Gamification & Engagement,Games & Play,2008,4,3
58,Gamification & Engagement,Games & Play,2009,6,14
58,Gamification & Engagement,Games & Play,2010,7,6
58,Gamification & Engagement,Games & Play,2011,7,17
58,Gamification & Engagement,Games & Play,2012,6,18
58,Gamification & Engagement,Games & Play,2013,12,31
58,Gamification & Engagement,Games & Play,2014,11,46
58,Gamification & Engagement,Games & Play,2015,12,34
58,Gamification & Engagement,Games & Play,2016,13,56
58,Gamification & Engagement,Games & Play,2017,16,49
58,Gamification & Engagement,Games & Play,2018,12,57
58,Gamification & Engagement,Games & Play,2019,16,79
58,Gamification & Engagement,Games & Play,2020,19,95
58,Gamification & Engagement,Games & Play,2021,8,85
58,Gamification & Engagement,Games & Play,2022,15,80
58,Gamification & Engagement,Games & Play,2023,19,111
58,Gamification & Engagement,Games & Play,2024,20,137
58,Gamification & Engagement,Games & Play,2025,17,147
58,Gamification & Engagement,Games & Play,2026,27,195
59,Social Robots in the Field,"Robots, Agents & Human-AI Interaction",1992,1,0
59,Social Robots in the Field,"Robots, Agents & Human-AI Interaction",1998,2,0
59,Social Robots in the Field,"Robots, Agents & Human-AI Interaction",1999,0,1
59,Social Robots in the Field,"Robots, Agents & Human-AI Interaction",2002,1,0
59,Social Robots in the Field,"Robots, Agents & Human-AI Interaction",2003,1,1
59,Social Robots in the Field,"Robots, Agents & Human-AI Interaction",2004,1,0
59,Social Robots in the Field,"Robots, Agents & Human-AI Interaction",2005,0,1
59,Social Robots in the Field,"Robots, Agents & Human-AI Interaction",2006,1,0
59,Social Robots in the Field,"Robots, Agents & Human-AI Interaction",2007,1,0
59,Social Robots in the Field,"Robots, Agents & Human-AI Interaction",2008,2,3
59,Social Robots in the Field,"Robots, Agents & Human-AI Interaction",2009,5,4
59,Social Robots in the Field,"Robots, Agents & Human-AI Interaction",2010,2,4
59,Social Robots in the Field,"Robots, Agents & Human-AI Interaction",2011,2,8
59,Social Robots in the Field,"Robots, Agents & Human-AI Interaction",2012,4,5
59,Social Robots in the Field,"Robots, Agents & Human-AI Interaction",2013,1,7
59,Social Robots in the Field,"Robots, Agents & Human-AI Interaction",2014,5,3
59,Social Robots in the Field,"Robots, Agents & Human-AI Interaction",2015,3,4
59,Social Robots in the Field,"Robots, Agents & Human-AI Interaction",2016,3,8
59,Social Robots in the Field,"Robots, Agents & Human-AI Interaction",2017,8,20
59,Social Robots in the Field,"Robots, Agents & Human-AI Interaction",2018,6,11
59,Social Robots in the Field,"Robots, Agents & Human-AI Interaction",2019,8,27
59,Social Robots in the Field,"Robots, Agents & Human-AI Interaction",2020,9,17
59,Social Robots in the Field,"Robots, Agents & Human-AI Interaction",2021,17,44
59,Social Robots in the Field,"Robots, Agents & Human-AI Interaction",2022,8,60
59,Social Robots in the Field,"Robots, Agents & Human-AI Interaction",2023,10,67
59,Social Robots in the Field,"Robots, Agents & Human-AI Interaction",2024,18,72
59,Social Robots in the Field,"Robots, Agents & Human-AI Interaction",2025,29,139
59,Social Robots in the Field,"Robots, Agents & Human-AI Interaction",2026,23,154
60,Generative AI & Writing,"Robots, Agents & Human-AI Interaction",1982,1,0
60,Generative AI & Writing,"Robots, Agents & Human-AI Interaction",1983,1,0
60,Generative AI & Writing,"Robots, Agents & Human-AI Interaction",1985,1,0
60,Generative AI & Writing,"Robots, Agents & Human-AI Interaction",1989,1,0
60,Generative AI & Writing,"Robots, Agents & Human-AI Interaction",1991,1,0
60,Generative AI & Writing,"Robots, Agents & Human-AI Interaction",1999,1,0
60,Generative AI & Writing,"Robots, Agents & Human-AI Interaction",2000,0,1
60,Generative AI & Writing,"Robots, Agents & Human-AI Interaction",2002,0,1
60,Generative AI & Writing,"Robots, Agents & Human-AI Interaction",2004,0,2
60,Generative AI & Writing,"Robots, Agents & Human-AI Interaction",2006,0,1
60,Generative AI & Writing,"Robots, Agents & Human-AI Interaction",2007,0,3
60,Generative AI & Writing,"Robots, Agents & Human-AI Interaction",2008,2,2
60,Generative AI & Writing,"Robots, Agents & Human-AI Interaction",2009,0,2
60,Generative AI & Writing,"Robots, Agents & Human-AI Interaction",2010,5,1
60,Generative AI & Writing,"Robots, Agents & Human-AI Interaction",2011,4,6
60,Generative AI & Writing,"Robots, Agents & Human-AI Interaction",2012,0,4
60,Generative AI & Writing,"Robots, Agents & Human-AI Interaction",2013,7,7
60,Generative AI & Writing,"Robots, Agents & Human-AI Interaction",2014,5,12
60,Generative AI & Writing,"Robots, Agents & Human-AI Interaction",2015,7,3
60,Generative AI & Writing,"Robots, Agents & Human-AI Interaction",2016,3,11
60,Generative AI & Writing,"Robots, Agents & Human-AI Interaction",2017,3,20
60,Generative AI & Writing,"Robots, Agents & Human-AI Interaction",2018,6,20
60,Generative AI & Writing,"Robots, Agents & Human-AI Interaction",2019,10,44
60,Generative AI & Writing,"Robots, Agents & Human-AI Interaction",2020,12,70
60,Generative AI & Writing,"Robots, Agents & Human-AI Interaction",2021,12,104
60,Generative AI & Writing,"Robots, Agents & Human-AI Interaction",2022,15,105
60,Generative AI & Writing,"Robots, Agents & Human-AI Interaction",2023,29,177
60,Generative AI & Writing,"Robots, Agents & Human-AI Interaction",2024,93,566
60,Generative AI & Writing,"Robots, Agents & Human-AI Interaction",2025,117,1359
60,Generative AI & Writing,"Robots, Agents & Human-AI Interaction",2026,135,1384
61,Voice & Conversational Agents,"Robots, Agents & Human-AI Interaction",1983,2,0
61,Voice & Conversational Agents,"Robots, Agents & Human-AI Interaction",1985,1,1
61,Voice & Conversational Agents,"Robots, Agents & Human-AI Interaction",1992,1,1
61,Voice & Conversational Agents,"Robots, Agents & Human-AI Interaction",1994,2,0
61,Voice & Conversational Agents,"Robots, Agents & Human-AI Interaction",1995,2,3
61,Voice & Conversational Agents,"Robots, Agents & Human-AI Interaction",1996,3,5
61,Voice & Conversational Agents,"Robots, Agents & Human-AI Interaction",1997,0,1
61,Voice & Conversational Agents,"Robots, Agents & Human-AI Interaction",1998,2,3
61,Voice & Conversational Agents,"Robots, Agents & Human-AI Interaction",1999,2,4
61,Voice & Conversational Agents,"Robots, Agents & Human-AI Interaction",2000,4,6
61,Voice & Conversational Agents,"Robots, Agents & Human-AI Interaction",2001,3,10
61,Voice & Conversational Agents,"Robots, Agents & Human-AI Interaction",2002,1,1
61,Voice & Conversational Agents,"Robots, Agents & Human-AI Interaction",2003,2,4
61,Voice & Conversational Agents,"Robots, Agents & Human-AI Interaction",2004,1,4
61,Voice & Conversational Agents,"Robots, Agents & Human-AI Interaction",2005,1,2
61,Voice & Conversational Agents,"Robots, Agents & Human-AI Interaction",2006,3,5
61,Voice & Conversational Agents,"Robots, Agents & Human-AI Interaction",2007,6,15
61,Voice & Conversational Agents,"Robots, Agents & Human-AI Interaction",2008,1,4
61,Voice & Conversational Agents,"Robots, Agents & Human-AI Interaction",2009,1,6
61,Voice & Conversational Agents,"Robots, Agents & Human-AI Interaction",2010,3,6
61,Voice & Conversational Agents,"Robots, Agents & Human-AI Interaction",2011,4,8
61,Voice & Conversational Agents,"Robots, Agents & Human-AI Interaction",2012,3,9
61,Voice & Conversational Agents,"Robots, Agents & Human-AI Interaction",2013,1,2
61,Voice & Conversational Agents,"Robots, Agents & Human-AI Interaction",2014,1,8
61,Voice & Conversational Agents,"Robots, Agents & Human-AI Interaction",2015,2,4
61,Voice & Conversational Agents,"Robots, Agents & Human-AI Interaction",2016,3,10
61,Voice & Conversational Agents,"Robots, Agents & Human-AI Interaction",2017,5,11
61,Voice & Conversational Agents,"Robots, Agents & Human-AI Interaction",2018,18,46
61,Voice & Conversational Agents,"Robots, Agents & Human-AI Interaction",2019,19,97
61,Voice & Conversational Agents,"Robots, Agents & Human-AI Interaction",2020,24,144
61,Voice & Conversational Agents,"Robots, Agents & Human-AI Interaction",2021,23,185
61,Voice & Conversational Agents,"Robots, Agents & Human-AI Interaction",2022,26,218
61,Voice & Conversational Agents,"Robots, Agents & Human-AI Interaction",2023,24,210
61,Voice & Conversational Agents,"Robots, Agents & Human-AI Interaction",2024,32,244
61,Voice & Conversational Agents,"Robots, Agents & Human-AI Interaction",2025,56,521
61,Voice & Conversational Agents,"Robots, Agents & Human-AI Interaction",2026,68,608
62,End-user Programming & UI Design Tools,"Robots, Agents & Human-AI Interaction",1981,1,0
62,End-user Programming & UI Design Tools,"Robots, Agents & Human-AI Interaction",1986,1,0
62,End-user Programming & UI Design Tools,"Robots, Agents & Human-AI Interaction",1989,4,0
62,End-user Programming & UI Design Tools,"Robots, Agents & Human-AI Interaction",1990,1,0
62,End-user Programming & UI Design Tools,"Robots, Agents & Human-AI Interaction",1991,3,5
62,End-user Programming & UI Design Tools,"Robots, Agents & Human-AI Interaction",1992,3,1
62,End-user Programming & UI Design Tools,"Robots, Agents & Human-AI Interaction",1994,1,2
62,End-user Programming & UI Design Tools,"Robots, Agents & Human-AI Interaction",1995,0,1
62,End-user Programming & UI Design Tools,"Robots, Agents & Human-AI Interaction",1996,2,2
62,End-user Programming & UI Design Tools,"Robots, Agents & Human-AI Interaction",1997,5,2
62,End-user Programming & UI Design Tools,"Robots, Agents & Human-AI Interaction",1998,1,0
62,End-user Programming & UI Design Tools,"Robots, Agents & Human-AI Interaction",1999,2,4
62,End-user Programming & UI Design Tools,"Robots, Agents & Human-AI Interaction",2000,1,2
62,End-user Programming & UI Design Tools,"Robots, Agents & Human-AI Interaction",2001,1,0
62,End-user Programming & UI Design Tools,"Robots, Agents & Human-AI Interaction",2002,2,3
62,End-user Programming & UI Design Tools,"Robots, Agents & Human-AI Interaction",2003,2,5
62,End-user Programming & UI Design Tools,"Robots, Agents & Human-AI Interaction",2004,3,5
62,End-user Programming & UI Design Tools,"Robots, Agents & Human-AI Interaction",2005,1,2
62,End-user Programming & UI Design Tools,"Robots, Agents & Human-AI Interaction",2006,6,9
62,End-user Programming & UI Design Tools,"Robots, Agents & Human-AI Interaction",2007,4,10
62,End-user Programming & UI Design Tools,"Robots, Agents & Human-AI Interaction",2008,4,10
62,End-user Programming & UI Design Tools,"Robots, Agents & Human-AI Interaction",2009,8,14
62,End-user Programming & UI Design Tools,"Robots, Agents & Human-AI Interaction",2010,10,33
62,End-user Programming & UI Design Tools,"Robots, Agents & Human-AI Interaction",2011,9,19
62,End-user Programming & UI Design Tools,"Robots, Agents & Human-AI Interaction",2012,4,22
62,End-user Programming & UI Design Tools,"Robots, Agents & Human-AI Interaction",2013,5,26
62,End-user Programming & UI Design Tools,"Robots, Agents & Human-AI Interaction",2014,9,30
62,End-user Programming & UI Design Tools,"Robots, Agents & Human-AI Interaction",2015,6,30
62,End-user Programming & UI Design Tools,"Robots, Agents & Human-AI Interaction",2016,9,53
62,End-user Programming & UI Design Tools,"Robots, Agents & Human-AI Interaction",2017,8,39
62,End-user Programming & UI Design Tools,"Robots, Agents & Human-AI Interaction",2018,8,63
62,End-user Programming & UI Design Tools,"Robots, Agents & Human-AI Interaction",2019,5,50
62,End-user Programming & UI Design Tools,"Robots, Agents & Human-AI Interaction",2020,14,75
62,End-user Programming & UI Design Tools,"Robots, Agents & Human-AI Interaction",2021,13,107
62,End-user Programming & UI Design Tools,"Robots, Agents & Human-AI Interaction",2022,11,68
62,End-user Programming & UI Design Tools,"Robots, Agents & Human-AI Interaction",2023,12,83
62,End-user Programming & UI Design Tools,"Robots, Agents & Human-AI Interaction",2024,18,165
62,End-user Programming & UI Design Tools,"Robots, Agents & Human-AI Interaction",2025,14,172
62,End-user Programming & UI Design Tools,"Robots, Agents & Human-AI Interaction",2026,10,157
63,Robots & Agents in Education,"Robots, Agents & Human-AI Interaction",1992,1,0
63,Robots & Agents in Education,"Robots, Agents & Human-AI Interaction",1996,1,0
63,Robots & Agents in Education,"Robots, Agents & Human-AI Interaction",1997,1,0
63,Robots & Agents in Education,"Robots, Agents & Human-AI Interaction",1999,1,1
63,Robots & Agents in Education,"Robots, Agents & Human-AI Interaction",2000,1,2
63,Robots & Agents in Education,"Robots, Agents & Human-AI Interaction",2001,1,2
63,Robots & Agents in Education,"Robots, Agents & Human-AI Interaction",2004,1,1
63,Robots & Agents in Education,"Robots, Agents & Human-AI Interaction",2007,1,2
63,Robots & Agents in Education,"Robots, Agents & Human-AI Interaction",2008,0,1
63,Robots & Agents in Education,"Robots, Agents & Human-AI Interaction",2010,1,3
63,Robots & Agents in Education,"Robots, Agents & Human-AI Interaction",2011,2,1
63,Robots & Agents in Education,"Robots, Agents & Human-AI Interaction",2012,0,2
63,Robots & Agents in Education,"Robots, Agents & Human-AI Interaction",2013,0,2
63,Robots & Agents in Education,"Robots, Agents & Human-AI Interaction",2014,2,1
63,Robots & Agents in Education,"Robots, Agents & Human-AI Interaction",2015,0,2
63,Robots & Agents in Education,"Robots, Agents & Human-AI Interaction",2016,0,2
63,Robots & Agents in Education,"Robots, Agents & Human-AI Interaction",2017,1,4
63,Robots & Agents in Education,"Robots, Agents & Human-AI Interaction",2018,0,3
63,Robots & Agents in Education,"Robots, Agents & Human-AI Interaction",2019,2,4
63,Robots & Agents in Education,"Robots, Agents & Human-AI Interaction",2020,8,11
63,Robots & Agents in Education,"Robots, Agents & Human-AI Interaction",2021,5,20
63,Robots & Agents in Education,"Robots, Agents & Human-AI Interaction",2022,11,37
63,Robots & Agents in Education,"Robots, Agents & Human-AI Interaction",2023,7,48
63,Robots & Agents in Education,"Robots, Agents & Human-AI Interaction",2024,20,93
63,Robots & Agents in Education,"Robots, Agents & Human-AI Interaction",2025,27,227
63,Robots & Agents in Education,"Robots, Agents & Human-AI Interaction",2026,27,226
64,Video Interfaces & Editing,"Robots, Agents & Human-AI Interaction",1982,2,0
64,Video Interfaces & Editing,"Robots, Agents & Human-AI Interaction",1985,3,0
64,Video Interfaces & Editing,"Robots, Agents & Human-AI Interaction",1986,9,8
64,Video Interfaces & Editing,"Robots, Agents & Human-AI Interaction",1988,1,2
64,Video Interfaces & Editing,"Robots, Agents & Human-AI Interaction",1989,4,3
64,Video Interfaces & Editing,"Robots, Agents & Human-AI Interaction",1990,3,4
64,Video Interfaces & Editing,"Robots, Agents & Human-AI Interaction",1991,6,7
64,Video Interfaces & Editing,"Robots, Agents & Human-AI Interaction",1992,4,3
64,Video Interfaces & Editing,"Robots, Agents & Human-AI Interaction",1994,1,2
64,Video Interfaces & Editing,"Robots, Agents & Human-AI Interaction",1995,4,6
64,Video Interfaces & Editing,"Robots, Agents & Human-AI Interaction",1996,0,2
64,Video Interfaces & Editing,"Robots, Agents & Human-AI Interaction",1997,1,3
64,Video Interfaces & Editing,"Robots, Agents & Human-AI Interaction",1998,4,3
64,Video Interfaces & Editing,"Robots, Agents & Human-AI Interaction",1999,0,1
64,Video Interfaces & Editing,"Robots, Agents & Human-AI Interaction",2000,2,4
64,Video Interfaces & Editing,"Robots, Agents & Human-AI Interaction",2001,2,1
64,Video Interfaces & Editing,"Robots, Agents & Human-AI Interaction",2002,2,5
64,Video Interfaces & Editing,"Robots, Agents & Human-AI Interaction",2003,1,3
64,Video Interfaces & Editing,"Robots, Agents & Human-AI Interaction",2004,0,2
64,Video Interfaces & Editing,"Robots, Agents & Human-AI Interaction",2005,1,4
64,Video Interfaces & Editing,"Robots, Agents & Human-AI Interaction",2006,3,7
64,Video Interfaces & Editing,"Robots, Agents & Human-AI Interaction",2007,1,8
64,Video Interfaces & Editing,"Robots, Agents & Human-AI Interaction",2008,5,7
64,Video Interfaces & Editing,"Robots, Agents & Human-AI Interaction",2009,7,15
64,Video Interfaces & Editing,"Robots, Agents & Human-AI Interaction",2010,5,20
64,Video Interfaces & Editing,"Robots, Agents & Human-AI Interaction",2011,6,22
64,Video Interfaces & Editing,"Robots, Agents & Human-AI Interaction",2012,13,38
64,Video Interfaces & Editing,"Robots, Agents & Human-AI Interaction",2013,10,32
64,Video Interfaces & Editing,"Robots, Agents & Human-AI Interaction",2014,14,51
64,Video Interfaces & Editing,"Robots, Agents & Human-AI Interaction",2015,5,31
64,Video Interfaces & Editing,"Robots, Agents & Human-AI Interaction",2016,2,35
64,Video Interfaces & Editing,"Robots, Agents & Human-AI Interaction",2017,3,33
64,Video Interfaces & Editing,"Robots, Agents & Human-AI Interaction",2018,10,42
64,Video Interfaces & Editing,"Robots, Agents & Human-AI Interaction",2019,8,54
64,Video Interfaces & Editing,"Robots, Agents & Human-AI Interaction",2020,10,49
64,Video Interfaces & Editing,"Robots, Agents & Human-AI Interaction",2021,5,81
64,Video Interfaces & Editing,"Robots, Agents & Human-AI Interaction",2022,8,82
64,Video Interfaces & Editing,"Robots, Agents & Human-AI Interaction",2023,7,102
64,Video Interfaces & Editing,"Robots, Agents & Human-AI Interaction",2024,9,106
64,Video Interfaces & Editing,"Robots, Agents & Human-AI Interaction",2025,5,87
64,Video Interfaces & Editing,"Robots, Agents & Human-AI Interaction",2026,6,81
65,Meeting Support & Group Displays,"Robots, Agents & Human-AI Interaction",2009,3,0
65,Meeting Support & Group Displays,"Robots, Agents & Human-AI Interaction",2010,2,1
65,Meeting Support & Group Displays,"Robots, Agents & Human-AI Interaction",2011,2,0
65,Meeting Support & Group Displays,"Robots, Agents & Human-AI Interaction",2012,0,2
65,Meeting Support & Group Displays,"Robots, Agents & Human-AI Interaction",2013,3,2
65,Meeting Support & Group Displays,"Robots, Agents & Human-AI Interaction",2015,0,2
65,Meeting Support & Group Displays,"Robots, Agents & Human-AI Interaction",2016,1,0
65,Meeting Support & Group Displays,"Robots, Agents & Human-AI Interaction",2017,1,0
65,Meeting Support & Group Displays,"Robots, Agents & Human-AI Interaction",2018,1,4
65,Meeting Support & Group Displays,"Robots, Agents & Human-AI Interaction",2019,2,3
65,Meeting Support & Group Displays,"Robots, Agents & Human-AI Interaction",2020,1,1
65,Meeting Support & Group Displays,"Robots, Agents & Human-AI Interaction",2021,3,9
65,Meeting Support & Group Displays,"Robots, Agents & Human-AI Interaction",2022,0,4
65,Meeting Support & Group Displays,"Robots, Agents & Human-AI Interaction",2023,4,8
65,Meeting Support & Group Displays,"Robots, Agents & Human-AI Interaction",2024,11,16
65,Meeting Support & Group Displays,"Robots, Agents & Human-AI Interaction",2025,15,94
65,Meeting Support & Group Displays,"Robots, Agents & Human-AI Interaction",2026,12,106
66,Usability Methods & Personas,"Robots, Agents & Human-AI Interaction",1982,3,0
66,Usability Methods & Personas,"Robots, Agents & Human-AI Interaction",1983,2,7
66,Usability Methods & Personas,"Robots, Agents & Human-AI Interaction",1986,1,2
66,Usability Methods & Personas,"Robots, Agents & Human-AI Interaction",1989,1,1
66,Usability Methods & Personas,"Robots, Agents & Human-AI Interaction",1990,2,0
66,Usability Methods & Personas,"Robots, Agents & Human-AI Interaction",1991,2,4
66,Usability Methods & Personas,"Robots, Agents & Human-AI Interaction",1992,8,28
66,Usability Methods & Personas,"Robots, Agents & Human-AI Interaction",1994,2,9
66,Usability Methods & Personas,"Robots, Agents & Human-AI Interaction",1995,1,7
66,Usability Methods & Personas,"Robots, Agents & Human-AI Interaction",1996,4,5
66,Usability Methods & Personas,"Robots, Agents & Human-AI Interaction",1997,0,1
66,Usability Methods & Personas,"Robots, Agents & Human-AI Interaction",1998,0,1
66,Usability Methods & Personas,"Robots, Agents & Human-AI Interaction",2000,2,2
66,Usability Methods & Personas,"Robots, Agents & Human-AI Interaction",2001,0,1
66,Usability Methods & Personas,"Robots, Agents & Human-AI Interaction",2002,0,2
66,Usability Methods & Personas,"Robots, Agents & Human-AI Interaction",2003,0,1
66,Usability Methods & Personas,"Robots, Agents & Human-AI Interaction",2004,1,1
66,Usability Methods & Personas,"Robots, Agents & Human-AI Interaction",2005,1,6
66,Usability Methods & Personas,"Robots, Agents & Human-AI Interaction",2006,3,5
66,Usability Methods & Personas,"Robots, Agents & Human-AI Interaction",2007,1,6
66,Usability Methods & Personas,"Robots, Agents & Human-AI Interaction",2008,4,14
66,Usability Methods & Personas,"Robots, Agents & Human-AI Interaction",2009,1,13
66,Usability Methods & Personas,"Robots, Agents & Human-AI Interaction",2010,3,6
66,Usability Methods & Personas,"Robots, Agents & Human-AI Interaction",2011,6,18
66,Usability Methods & Personas,"Robots, Agents & Human-AI Interaction",2012,7,19
66,Usability Methods & Personas,"Robots, Agents & Human-AI Interaction",2013,4,10
66,Usability Methods & Personas,"Robots, Agents & Human-AI Interaction",2014,1,9
66,Usability Methods & Personas,"Robots, Agents & Human-AI Interaction",2015,1,11
66,Usability Methods & Personas,"Robots, Agents & Human-AI Interaction",2016,5,23
66,Usability Methods & Personas,"Robots, Agents & Human-AI Interaction",2017,2,15
66,Usability Methods & Personas,"Robots, Agents & Human-AI Interaction",2018,2,17
66,Usability Methods & Personas,"Robots, Agents & Human-AI Interaction",2019,0,17
66,Usability Methods & Personas,"Robots, Agents & Human-AI Interaction",2020,3,38
66,Usability Methods & Personas,"Robots, Agents & Human-AI Interaction",2021,2,30
66,Usability Methods & Personas,"Robots, Agents & Human-AI Interaction",2022,2,16
66,Usability Methods & Personas,"Robots, Agents & Human-AI Interaction",2023,2,22
66,Usability Methods & Personas,"Robots, Agents & Human-AI Interaction",2024,3,37
66,Usability Methods & Personas,"Robots, Agents & Human-AI Interaction",2025,3,62
66,Usability Methods & Personas,"Robots, Agents & Human-AI Interaction",2026,8,84
67,Multimodal Speech Interfaces,"Robots, Agents & Human-AI Interaction",1989,1,0
67,Multimodal Speech Interfaces,"Robots, Agents & Human-AI Interaction",1990,1,0
67,Multimodal Speech Interfaces,"Robots, Agents & Human-AI Interaction",1991,2,1
67,Multimodal Speech Interfaces,"Robots, Agents & Human-AI Interaction",1992,1,1
67,Multimodal Speech Interfaces,"Robots, Agents & Human-AI Interaction",1995,1,1
67,Multimodal Speech Interfaces,"Robots, Agents & Human-AI Interaction",1996,2,3
67,Multimodal Speech Interfaces,"Robots, Agents & Human-AI Interaction",1997,2,2
67,Multimodal Speech Interfaces,"Robots, Agents & Human-AI Interaction",1998,0,1
67,Multimodal Speech Interfaces,"Robots, Agents & Human-AI Interaction",1999,1,4
67,Multimodal Speech Interfaces,"Robots, Agents & Human-AI Interaction",2004,1,0
67,Multimodal Speech Interfaces,"Robots, Agents & Human-AI Interaction",2005,1,4
67,Multimodal Speech Interfaces,"Robots, Agents & Human-AI Interaction",2006,0,3
67,Multimodal Speech Interfaces,"Robots, Agents & Human-AI Interaction",2007,1,3
67,Multimodal Speech Interfaces,"Robots, Agents & Human-AI Interaction",2008,1,2
67,Multimodal Speech Interfaces,"Robots, Agents & Human-AI Interaction",2010,0,1
67,Multimodal Speech Interfaces,"Robots, Agents & Human-AI Interaction",2011,0,3
67,Multimodal Speech Interfaces,"Robots, Agents & Human-AI Interaction",2012,0,1
67,Multimodal Speech Interfaces,"Robots, Agents & Human-AI Interaction",2013,0,2
67,Multimodal Speech Interfaces,"Robots, Agents & Human-AI Interaction",2015,0,1
67,Multimodal Speech Interfaces,"Robots, Agents & Human-AI Interaction",2016,0,1
67,Multimodal Speech Interfaces,"Robots, Agents & Human-AI Interaction",2017,1,0
67,Multimodal Speech Interfaces,"Robots, Agents & Human-AI Interaction",2019,0,2
67,Multimodal Speech Interfaces,"Robots, Agents & Human-AI Interaction",2020,0,2
67,Multimodal Speech Interfaces,"Robots, Agents & Human-AI Interaction",2021,0,2
67,Multimodal Speech Interfaces,"Robots, Agents & Human-AI Interaction",2022,0,1
67,Multimodal Speech Interfaces,"Robots, Agents & Human-AI Interaction",2024,0,1
67,Multimodal Speech Interfaces,"Robots, Agents & Human-AI Interaction",2025,0,1
68,Natural Language Interfaces & Human-AI Teams,"Robots, Agents & Human-AI Interaction",1982,1,0
68,Natural Language Interfaces & Human-AI Teams,"Robots, Agents & Human-AI Interaction",1983,1,0
68,Natural Language Interfaces & Human-AI Teams,"Robots, Agents & Human-AI Interaction",1986,1,1
68,Natural Language Interfaces & Human-AI Teams,"Robots, Agents & Human-AI Interaction",1991,1,0
68,Natural Language Interfaces & Human-AI Teams,"Robots, Agents & Human-AI Interaction",1992,1,0
68,Natural Language Interfaces & Human-AI Teams,"Robots, Agents & Human-AI Interaction",1995,0,1
68,Natural Language Interfaces & Human-AI Teams,"Robots, Agents & Human-AI Interaction",2008,2,0
68,Natural Language Interfaces & Human-AI Teams,"Robots, Agents & Human-AI Interaction",2009,3,2
68,Natural Language Interfaces & Human-AI Teams,"Robots, Agents & Human-AI Interaction",2010,4,3
68,Natural Language Interfaces & Human-AI Teams,"Robots, Agents & Human-AI Interaction",2011,1,5
68,Natural Language Interfaces & Human-AI Teams,"Robots, Agents & Human-AI Interaction",2012,3,6
68,Natural Language Interfaces & Human-AI Teams,"Robots, Agents & Human-AI Interaction",2013,3,4
68,Natural Language Interfaces & Human-AI Teams,"Robots, Agents & Human-AI Interaction",2014,0,2
68,Natural Language Interfaces & Human-AI Teams,"Robots, Agents & Human-AI Interaction",2015,0,1
68,Natural Language Interfaces & Human-AI Teams,"Robots, Agents & Human-AI Interaction",2016,0,4
68,Natural Language Interfaces & Human-AI Teams,"Robots, Agents & Human-AI Interaction",2017,1,2
68,Natural Language Interfaces & Human-AI Teams,"Robots, Agents & Human-AI Interaction",2018,2,6
68,Natural Language Interfaces & Human-AI Teams,"Robots, Agents & Human-AI Interaction",2019,3,5
68,Natural Language Interfaces & Human-AI Teams,"Robots, Agents & Human-AI Interaction",2020,1,7
68,Natural Language Interfaces & Human-AI Teams,"Robots, Agents & Human-AI Interaction",2021,11,28
68,Natural Language Interfaces & Human-AI Teams,"Robots, Agents & Human-AI Interaction",2022,6,32
68,Natural Language Interfaces & Human-AI Teams,"Robots, Agents & Human-AI Interaction",2023,11,53
68,Natural Language Interfaces & Human-AI Teams,"Robots, Agents & Human-AI Interaction",2024,10,62
68,Natural Language Interfaces & Human-AI Teams,"Robots, Agents & Human-AI Interaction",2025,13,84
68,Natural Language Interfaces & Human-AI Teams,"Robots, Agents & Human-AI Interaction",2026,17,108
69,Urban Mobility Data,Mobile Life & Attention,2007,1,0
69,Urban Mobility Data,Mobile Life & Attention,2014,1,0
69,Urban Mobility Data,Mobile Life & Attention,2021,0,1
69,Urban Mobility Data,Mobile Life & Attention,2026,0,1
70,Email & Web Revisitation,Mobile Life & Attention,1983,1,1
70,Email & Web Revisitation,Mobile Life & Attention,1985,1,0
70,Email & Web Revisitation,Mobile Life & Attention,1986,3,1
70,Email & Web Revisitation,Mobile Life & Attention,1988,2,3
70,Email & Web Revisitation,Mobile Life & Attention,1996,1,0
70,Email & Web Revisitation,Mobile Life & Attention,1997,1,2
70,Email & Web Revisitation,Mobile Life & Attention,1998,1,1
70,Email & Web Revisitation,Mobile Life & Attention,1999,0,1
70,Email & Web Revisitation,Mobile Life & Attention,2000,3,6
70,Email & Web Revisitation,Mobile Life & Attention,2001,0,2
70,Email & Web Revisitation,Mobile Life & Attention,2002,2,3
70,Email & Web Revisitation,Mobile Life & Attention,2003,4,7
70,Email & Web Revisitation,Mobile Life & Attention,2004,5,25
70,Email & Web Revisitation,Mobile Life & Attention,2005,3,21
70,Email & Web Revisitation,Mobile Life & Attention,2006,6,29
70,Email & Web Revisitation,Mobile Life & Attention,2007,6,22
70,Email & Web Revisitation,Mobile Life & Attention,2008,3,16
70,Email & Web Revisitation,Mobile Life & Attention,2009,8,40
70,Email & Web Revisitation,Mobile Life & Attention,2010,8,37
70,Email & Web Revisitation,Mobile Life & Attention,2011,9,53
70,Email & Web Revisitation,Mobile Life & Attention,2012,0,18
70,Email & Web Revisitation,Mobile Life & Attention,2013,3,24
70,Email & Web Revisitation,Mobile Life & Attention,2014,4,24
70,Email & Web Revisitation,Mobile Life & Attention,2015,5,26
70,Email & Web Revisitation,Mobile Life & Attention,2016,5,37
70,Email & Web Revisitation,Mobile Life & Attention,2017,2,18
70,Email & Web Revisitation,Mobile Life & Attention,2018,3,47
70,Email & Web Revisitation,Mobile Life & Attention,2019,2,22
70,Email & Web Revisitation,Mobile Life & Attention,2020,3,21
70,Email & Web Revisitation,Mobile Life & Attention,2021,0,22
70,Email & Web Revisitation,Mobile Life & Attention,2022,0,17
70,Email & Web Revisitation,Mobile Life & Attention,2023,1,22
70,Email & Web Revisitation,Mobile Life & Attention,2024,0,15
70,Email & Web Revisitation,Mobile Life & Attention,2025,0,16
70,Email & Web Revisitation,Mobile Life & Attention,2026,1,29
71,Notifications & Interruptibility,Mobile Life & Attention,1992,1,0
71,Notifications & Interruptibility,Mobile Life & Attention,2002,1,0
71,Notifications & Interruptibility,Mobile Life & Attention,2003,1,1
71,Notifications & Interruptibility,Mobile Life & Attention,2004,3,8
71,Notifications & Interruptibility,Mobile Life & Attention,2005,3,12
71,Notifications & Interruptibility,Mobile Life & Attention,2006,3,13
71,Notifications & Interruptibility,Mobile Life & Attention,2007,4,26
71,Notifications & Interruptibility,Mobile Life & Attention,2008,2,16
71,Notifications & Interruptibility,Mobile Life & Attention,2009,2,12
71,Notifications & Interruptibility,Mobile Life & Attention,2010,1,10
71,Notifications & Interruptibility,Mobile Life & Attention,2011,1,6
71,Notifications & Interruptibility,Mobile Life & Attention,2012,3,8
71,Notifications & Interruptibility,Mobile Life & Attention,2013,0,4
71,Notifications & Interruptibility,Mobile Life & Attention,2014,4,11
71,Notifications & Interruptibility,Mobile Life & Attention,2015,2,19
71,Notifications & Interruptibility,Mobile Life & Attention,2016,5,30
71,Notifications & Interruptibility,Mobile Life & Attention,2017,4,33
71,Notifications & Interruptibility,Mobile Life & Attention,2018,3,30
71,Notifications & Interruptibility,Mobile Life & Attention,2019,3,40
71,Notifications & Interruptibility,Mobile Life & Attention,2020,2,29
71,Notifications & Interruptibility,Mobile Life & Attention,2021,3,30
71,Notifications & Interruptibility,Mobile Life & Attention,2022,5,58
71,Notifications & Interruptibility,Mobile Life & Attention,2023,7,67
71,Notifications & Interruptibility,Mobile Life & Attention,2024,5,77
71,Notifications & Interruptibility,Mobile Life & Attention,2025,3,51
71,Notifications & Interruptibility,Mobile Life & Attention,2026,3,47
72,Instant Messaging,Mobile Life & Attention,1998,1,0
72,Instant Messaging,Mobile Life & Attention,1999,2,1
72,Instant Messaging,Mobile Life & Attention,2000,2,6
72,Instant Messaging,Mobile Life & Attention,2001,2,1
72,Instant Messaging,Mobile Life & Attention,2002,4,5
72,Instant Messaging,Mobile Life & Attention,2003,2,4
72,Instant Messaging,Mobile Life & Attention,2004,4,11
72,Instant Messaging,Mobile Life & Attention,2005,5,24
72,Instant Messaging,Mobile Life & Attention,2006,1,6
72,Instant Messaging,Mobile Life & Attention,2007,1,11
72,Instant Messaging,Mobile Life & Attention,2008,2,6
72,Instant Messaging,Mobile Life & Attention,2009,2,11
72,Instant Messaging,Mobile Life & Attention,2010,1,3
72,Instant Messaging,Mobile Life & Attention,2011,1,8
72,Instant Messaging,Mobile Life & Attention,2012,0,7
72,Instant Messaging,Mobile Life & Attention,2013,0,4
72,Instant Messaging,Mobile Life & Attention,2014,1,5
72,Instant Messaging,Mobile Life & Attention,2015,4,6
72,Instant Messaging,Mobile Life & Attention,2016,3,7
72,Instant Messaging,Mobile Life & Attention,2017,4,11
72,Instant Messaging,Mobile Life & Attention,2018,3,12
72,Instant Messaging,Mobile Life & Attention,2019,3,26
72,Instant Messaging,Mobile Life & Attention,2020,0,14
72,Instant Messaging,Mobile Life & Attention,2021,1,25
72,Instant Messaging,Mobile Life & Attention,2022,4,37
72,Instant Messaging,Mobile Life & Attention,2023,2,22
72,Instant Messaging,Mobile Life & Attention,2024,2,27
72,Instant Messaging,Mobile Life & Attention,2025,0,15
72,Instant Messaging,Mobile Life & Attention,2026,1,20
73,Digital Self-control,Mobile Life & Attention,2013,1,0
73,Digital Self-control,Mobile Life & Attention,2014,2,2
73,Digital Self-control,Mobile Life & Attention,2015,1,8
73,Digital Self-control,Mobile Life & Attention,2016,4,6
73,Digital Self-control,Mobile Life & Attention,2017,0,7
73,Digital Self-control,Mobile Life & Attention,2018,0,11
73,Digital Self-control,Mobile Life & Attention,2019,8,36
73,Digital Self-control,Mobile Life & Attention,2020,3,13
73,Digital Self-control,Mobile Life & Attention,2021,6,55
73,Digital Self-control,Mobile Life & Attention,2022,3,41
73,Digital Self-control,Mobile Life & Attention,2023,6,67
73,Digital Self-control,Mobile Life & Attention,2024,12,123
73,Digital Self-control,Mobile Life & Attention,2025,6,84
73,Digital Self-control,Mobile Life & Attention,2026,10,155
74,Location Sharing & Privacy,Mobile Life & Attention,2005,2,0
74,Location Sharing & Privacy,Mobile Life & Attention,2006,3,4
74,Location Sharing & Privacy,Mobile Life & Attention,2007,2,7
74,Location Sharing & Privacy,Mobile Life & Attention,2008,2,2
74,Location Sharing & Privacy,Mobile Life & Attention,2009,2,5
74,Location Sharing & Privacy,Mobile Life & Attention,2010,1,6
74,Location Sharing & Privacy,Mobile Life & Attention,2011,3,19
74,Location Sharing & Privacy,Mobile Life & Attention,2012,1,12
74,Location Sharing & Privacy,Mobile Life & Attention,2013,2,9
74,Location Sharing & Privacy,Mobile Life & Attention,2014,2,11
74,Location Sharing & Privacy,Mobile Life & Attention,2015,1,15
74,Location Sharing & Privacy,Mobile Life & Attention,2016,1,7
74,Location Sharing & Privacy,Mobile Life & Attention,2017,0,6
74,Location Sharing & Privacy,Mobile Life & Attention,2018,0,5
74,Location Sharing & Privacy,Mobile Life & Attention,2019,0,10
74,Location Sharing & Privacy,Mobile Life & Attention,2020,1,5
74,Location Sharing & Privacy,Mobile Life & Attention,2021,0,12
74,Location Sharing & Privacy,Mobile Life & Attention,2022,0,6
74,Location Sharing & Privacy,Mobile Life & Attention,2023,0,5
74,Location Sharing & Privacy,Mobile Life & Attention,2024,1,6
74,Location Sharing & Privacy,Mobile Life & Attention,2025,0,3
74,Location Sharing & Privacy,Mobile Life & Attention,2026,0,2
75,Task Switching at Work,Mobile Life & Attention,1992,1,0
75,Task Switching at Work,Mobile Life & Attention,2000,1,0
75,Task Switching at Work,Mobile Life & Attention,2003,0,1
75,Task Switching at Work,Mobile Life & Attention,2004,2,3
75,Task Switching at Work,Mobile Life & Attention,2005,1,6
75,Task Switching at Work,Mobile Life & Attention,2006,1,8
75,Task Switching at Work,Mobile Life & Attention,2007,1,9
75,Task Switching at Work,Mobile Life & Attention,2008,4,14
75,Task Switching at Work,Mobile Life & Attention,2009,1,13
75,Task Switching at Work,Mobile Life & Attention,2010,3,23
75,Task Switching at Work,Mobile Life & Attention,2011,2,16
75,Task Switching at Work,Mobile Life & Attention,2012,2,6
75,Task Switching at Work,Mobile Life & Attention,2013,1,8
75,Task Switching at Work,Mobile Life & Attention,2014,4,28
75,Task Switching at Work,Mobile Life & Attention,2015,3,22
75,Task Switching at Work,Mobile Life & Attention,2016,7,82
75,Task Switching at Work,Mobile Life & Attention,2017,1,26
75,Task Switching at Work,Mobile Life & Attention,2018,4,44
75,Task Switching at Work,Mobile Life & Attention,2019,3,63
75,Task Switching at Work,Mobile Life & Attention,2020,6,67
75,Task Switching at Work,Mobile Life & Attention,2021,1,51
75,Task Switching at Work,Mobile Life & Attention,2022,1,28
75,Task Switching at Work,Mobile Life & Attention,2023,6,62
75,Task Switching at Work,Mobile Life & Attention,2024,5,75
75,Task Switching at Work,Mobile Life & Attention,2025,2,57
75,Task Switching at Work,Mobile Life & Attention,2026,4,74
76,Mobile Information Needs & Translation,Mobile Life & Attention,1983,2,1
76,Mobile Information Needs & Translation,Mobile Life & Attention,1986,1,0
76,Mobile Information Needs & Translation,Mobile Life & Attention,1988,1,1
76,Mobile Information Needs & Translation,Mobile Life & Attention,1992,1,0
76,Mobile Information Needs & Translation,Mobile Life & Attention,1996,2,0
76,Mobile Information Needs & Translation,Mobile Life & Attention,1998,0,1
76,Mobile Information Needs & Translation,Mobile Life & Attention,2001,2,1
76,Mobile Information Needs & Translation,Mobile Life & Attention,2004,2,0
76,Mobile Information Needs & Translation,Mobile Life & Attention,2007,1,0
76,Mobile Information Needs & Translation,Mobile Life & Attention,2008,3,2
76,Mobile Information Needs & Translation,Mobile Life & Attention,2009,5,6
76,Mobile Information Needs & Translation,Mobile Life & Attention,2010,6,11
76,Mobile Information Needs & Translation,Mobile Life & Attention,2011,5,8
76,Mobile Information Needs & Translation,Mobile Life & Attention,2012,6,12
76,Mobile Information Needs & Translation,Mobile Life & Attention,2013,5,17
76,Mobile Information Needs & Translation,Mobile Life & Attention,2014,10,15
76,Mobile Information Needs & Translation,Mobile Life & Attention,2015,5,20
76,Mobile Information Needs & Translation,Mobile Life & Attention,2016,7,22
76,Mobile Information Needs & Translation,Mobile Life & Attention,2017,7,35
76,Mobile Information Needs & Translation,Mobile Life & Attention,2018,5,33
76,Mobile Information Needs & Translation,Mobile Life & Attention,2019,2,19
76,Mobile Information Needs & Translation,Mobile Life & Attention,2020,3,19
76,Mobile Information Needs & Translation,Mobile Life & Attention,2021,1,20
76,Mobile Information Needs & Translation,Mobile Life & Attention,2022,1,21
76,Mobile Information Needs & Translation,Mobile Life & Attention,2023,1,22
76,Mobile Information Needs & Translation,Mobile Life & Attention,2024,2,23
76,Mobile Information Needs & Translation,Mobile Life & Attention,2025,1,28
76,Mobile Information Needs & Translation,Mobile Life & Attention,2026,2,21
77,Recommender Explanations & User-centric Evaluation,Recommender Systems,1982,1,0
77,Recommender Explanations & User-centric Evaluation,Recommender Systems,2001,1,0
77,Recommender Explanations & User-centric Evaluation,Recommender Systems,2006,1,0
77,Recommender Explanations & User-centric Evaluation,Recommender Systems,2008,1,1
77,Recommender Explanations & User-centric Evaluation,Recommender Systems,2010,0,1
77,Recommender Explanations & User-centric Evaluation,Recommender Systems,2011,2,1
77,Recommender Explanations & User-centric Evaluation,Recommender Systems,2012,2,1
77,Recommender Explanations & User-centric Evaluation,Recommender Systems,2014,1,1
77,Recommender Explanations & User-centric Evaluation,Recommender Systems,2015,2,1
77,Recommender Explanations & User-centric Evaluation,Recommender Systems,2016,2,4
77,Recommender Explanations & User-centric Evaluation,Recommender Systems,2017,1,2
77,Recommender Explanations & User-centric Evaluation,Recommender Systems,2019,2,4
77,Recommender Explanations & User-centric Evaluation,Recommender Systems,2020,0,2
77,Recommender Explanations & User-centric Evaluation,Recommender Systems,2021,1,3
77,Recommender Explanations & User-centric Evaluation,Recommender Systems,2022,1,10
77,Recommender Explanations & User-centric Evaluation,Recommender Systems,2023,2,11
77,Recommender Explanations & User-centric Evaluation,Recommender Systems,2024,1,10
77,Recommender Explanations & User-centric Evaluation,Recommender Systems,2025,3,9
77,Recommender Explanations & User-centric Evaluation,Recommender Systems,2026,0,10
80,"Diversity, Novelty & Bias in Recommendation",Recommender Systems,2009,1,0
80,"Diversity, Novelty & Bias in Recommendation",Recommender Systems,2010,0,1
80,"Diversity, Novelty & Bias in Recommendation",Recommender Systems,2018,1,1
80,"Diversity, Novelty & Bias in Recommendation",Recommender Systems,2022,1,1
80,"Diversity, Novelty & Bias in Recommendation",Recommender Systems,2025,0,2
80,"Diversity, Novelty & Bias in Recommendation",Recommender Systems,2026,0,1
81,Collaborative Filtering & Trust,Recommender Systems,1995,2,0
81,Collaborative Filtering & Trust,Recommender Systems,1997,0,2
81,Collaborative Filtering & Trust,Recommender Systems,1998,0,2
81,Collaborative Filtering & Trust,Recommender Systems,1999,0,2
81,Collaborative Filtering & Trust,Recommender Systems,2001,0,1
81,Collaborative Filtering & Trust,Recommender Systems,2002,0,1
81,Collaborative Filtering & Trust,Recommender Systems,2003,1,2
81,Collaborative Filtering & Trust,Recommender Systems,2004,0,3
81,Collaborative Filtering & Trust,Recommender Systems,2005,0,1
81,Collaborative Filtering & Trust,Recommender Systems,2008,0,1
81,Collaborative Filtering & Trust,Recommender Systems,2009,1,0
81,Collaborative Filtering & Trust,Recommender Systems,2010,0,3
81,Collaborative Filtering & Trust,Recommender Systems,2011,1,2
81,Collaborative Filtering & Trust,Recommender Systems,2012,2,4
81,Collaborative Filtering & Trust,Recommender Systems,2013,0,3
81,Collaborative Filtering & Trust,Recommender Systems,2014,0,1
81,Collaborative Filtering & Trust,Recommender Systems,2016,0,1
81,Collaborative Filtering & Trust,Recommender Systems,2017,0,1
81,Collaborative Filtering & Trust,Recommender Systems,2018,0,2
81,Collaborative Filtering & Trust,Recommender Systems,2019,1,5
81,Collaborative Filtering & Trust,Recommender Systems,2020,0,1
81,Collaborative Filtering & Trust,Recommender Systems,2021,0,1
81,Collaborative Filtering & Trust,Recommender Systems,2022,1,2
81,Collaborative Filtering & Trust,Recommender Systems,2023,0,4
81,Collaborative Filtering & Trust,Recommender Systems,2025,0,5
81,Collaborative Filtering & Trust,Recommender Systems,2026,0,4
84,Web Search & Navigation,Recommender Systems,1991,3,0
84,Web Search & Navigation,Recommender Systems,1992,3,2
84,Web Search & Navigation,Recommender Systems,1995,6,5
84,Web Search & Navigation,Recommender Systems,1996,3,6
84,Web Search & Navigation,Recommender Systems,1997,5,17
84,Web Search & Navigation,Recommender Systems,1998,8,20
84,Web Search & Navigation,Recommender Systems,1999,2,17
84,Web Search & Navigation,Recommender Systems,2000,1,6
84,Web Search & Navigation,Recommender Systems,2001,5,18
84,Web Search & Navigation,Recommender Systems,2002,4,16
84,Web Search & Navigation,Recommender Systems,2003,3,14
84,Web Search & Navigation,Recommender Systems,2004,1,3
84,Web Search & Navigation,Recommender Systems,2005,3,13
84,Web Search & Navigation,Recommender Systems,2006,1,10
84,Web Search & Navigation,Recommender Systems,2007,3,21
84,Web Search & Navigation,Recommender Systems,2008,3,19
84,Web Search & Navigation,Recommender Systems,2009,3,19
84,Web Search & Navigation,Recommender Systems,2010,3,13
84,Web Search & Navigation,Recommender Systems,2011,3,21
84,Web Search & Navigation,Recommender Systems,2012,3,24
84,Web Search & Navigation,Recommender Systems,2013,2,20
84,Web Search & Navigation,Recommender Systems,2014,3,22
84,Web Search & Navigation,Recommender Systems,2015,3,23
84,Web Search & Navigation,Recommender Systems,2016,1,17
84,Web Search & Navigation,Recommender Systems,2017,2,27
84,Web Search & Navigation,Recommender Systems,2018,1,20
84,Web Search & Navigation,Recommender Systems,2019,0,12
84,Web Search & Navigation,Recommender Systems,2020,0,8
84,Web Search & Navigation,Recommender Systems,2021,1,19
84,Web Search & Navigation,Recommender Systems,2022,0,9
84,Web Search & Navigation,Recommender Systems,2023,0,10
84,Web Search & Navigation,Recommender Systems,2024,0,15
84,Web Search & Navigation,Recommender Systems,2025,0,7
84,Web Search & Navigation,Recommender Systems,2026,1,22
86,News Recommendation & Offline Evaluation,Recommender Systems,2023,1,0
86,News Recommendation & Offline Evaluation,Recommender Systems,2024,0,1
86,News Recommendation & Offline Evaluation,Recommender Systems,2026,0,1
87,Social Tagging & Group Recommendation,Recommender Systems,1997,2,0
87,Social Tagging & Group Recommendation,Recommender Systems,1998,0,1
87,Social Tagging & Group Recommendation,Recommender Systems,1999,0,1
87,Social Tagging & Group Recommendation,Recommender Systems,2000,2,1
87,Social Tagging & Group Recommendation,Recommender Systems,2001,0,1
87,Social Tagging & Group Recommendation,Recommender Systems,2005,0,1
87,Social Tagging & Group Recommendation,Recommender Systems,2006,1,2
87,Social Tagging & Group Recommendation,Recommender Systems,2007,0,1
87,Social Tagging & Group Recommendation,Recommender Systems,2008,0,1
87,Social Tagging & Group Recommendation,Recommender Systems,2012,0,1
87,Social Tagging & Group Recommendation,Recommender Systems,2013,0,1
87,Social Tagging & Group Recommendation,Recommender Systems,2021,0,1
87,Social Tagging & Group Recommendation,Recommender Systems,2022,1,0
87,Social Tagging & Group Recommendation,Recommender Systems,2023,1,0
87,Social Tagging & Group Recommendation,Recommender Systems,2024,1,2
87,Social Tagging & Group Recommendation,Recommender Systems,2025,0,1
87,Social Tagging & Group Recommendation,Recommender Systems,2026,0,1
88,Co-design with Children,Children & Learning,1989,1,0
88,Co-design with Children,Children & Learning,1991,1,0
88,Co-design with Children,Children & Learning,1992,1,0
88,Co-design with Children,Children & Learning,1995,1,1
88,Co-design with Children,Children & Learning,1996,1,0
88,Co-design with Children,Children & Learning,1997,2,3
88,Co-design with Children,Children & Learning,1998,3,1
88,Co-design with Children,Children & Learning,1999,6,7
88,Co-design with Children,Children & Learning,2000,0,2
88,Co-design with Children,Children & Learning,2001,1,3
88,Co-design with Children,Children & Learning,2002,0,5
88,Co-design with Children,Children & Learning,2003,1,2
88,Co-design with Children,Children & Learning,2004,1,1
88,Co-design with Children,Children & Learning,2005,1,3
88,Co-design with Children,Children & Learning,2006,0,2
88,Co-design with Children,Children & Learning,2007,1,3
88,Co-design with Children,Children & Learning,2009,0,2
88,Co-design with Children,Children & Learning,2010,1,5
88,Co-design with Children,Children & Learning,2011,1,2
88,Co-design with Children,Children & Learning,2012,1,7
88,Co-design with Children,Children & Learning,2013,5,10
88,Co-design with Children,Children & Learning,2014,1,4
88,Co-design with Children,Children & Learning,2015,2,4
88,Co-design with Children,Children & Learning,2016,3,12
88,Co-design with Children,Children & Learning,2017,3,21
88,Co-design with Children,Children & Learning,2018,2,25
88,Co-design with Children,Children & Learning,2019,3,19
88,Co-design with Children,Children & Learning,2020,5,36
88,Co-design with Children,Children & Learning,2021,3,42
88,Co-design with Children,Children & Learning,2022,2,27
88,Co-design with Children,Children & Learning,2023,0,22
88,Co-design with Children,Children & Learning,2024,2,18
88,Co-design with Children,Children & Learning,2025,4,50
88,Co-design with Children,Children & Learning,2026,0,81
89,Tangibles for Learning,Children & Learning,1996,1,0
89,Tangibles for Learning,Children & Learning,2002,1,0
89,Tangibles for Learning,Children & Learning,2004,0,1
89,Tangibles for Learning,Children & Learning,2005,1,1
89,Tangibles for Learning,Children & Learning,2006,2,3
89,Tangibles for Learning,Children & Learning,2007,1,0
89,Tangibles for Learning,Children & Learning,2008,0,2
89,Tangibles for Learning,Children & Learning,2009,1,4
89,Tangibles for Learning,Children & Learning,2010,1,5
89,Tangibles for Learning,Children & Learning,2012,1,1
89,Tangibles for Learning,Children & Learning,2013,1,1
89,Tangibles for Learning,Children & Learning,2014,1,2
89,Tangibles for Learning,Children & Learning,2015,2,2
89,Tangibles for Learning,Children & Learning,2016,0,5
89,Tangibles for Learning,Children & Learning,2017,2,8
89,Tangibles for Learning,Children & Learning,2018,2,13
89,Tangibles for Learning,Children & Learning,2019,1,10
89,Tangibles for Learning,Children & Learning,2020,0,6
89,Tangibles for Learning,Children & Learning,2021,1,5
89,Tangibles for Learning,Children & Learning,2022,0,4
89,Tangibles for Learning,Children & Learning,2023,3,11
89,Tangibles for Learning,Children & Learning,2024,1,2
89,Tangibles for Learning,Children & Learning,2025,4,13
89,Tangibles for Learning,Children & Learning,2026,0,12
90,Autistic Children & Technology,Children & Learning,2009,1,0
90,Autistic Children & Technology,Children & Learning,2010,1,0
90,Autistic Children & Technology,Children & Learning,2011,1,4
90,Autistic Children & Technology,Children & Learning,2012,2,1
90,Autistic Children & Technology,Children & Learning,2013,2,6
90,Autistic Children & Technology,Children & Learning,2014,1,1
90,Autistic Children & Technology,Children & Learning,2016,6,12
90,Autistic Children & Technology,Children & Learning,2017,5,17
90,Autistic Children & Technology,Children & Learning,2018,3,19
90,Autistic Children & Technology,Children & Learning,2019,2,6
90,Autistic Children & Technology,Children & Learning,2020,4,24
90,Autistic Children & Technology,Children & Learning,2021,2,31
90,Autistic Children & Technology,Children & Learning,2022,1,12
90,Autistic Children & Technology,Children & Learning,2023,5,22
90,Autistic Children & Technology,Children & Learning,2024,8,55
90,Autistic Children & Technology,Children & Learning,2025,7,73
90,Autistic Children & Technology,Children & Learning,2026,3,65
91,Youth Online Safety,Children & Learning,2005,1,0
91,Youth Online Safety,Children & Learning,2007,1,2
91,Youth Online Safety,Children & Learning,2011,1,2
91,Youth Online Safety,Children & Learning,2012,1,3
91,Youth Online Safety,Children & Learning,2013,1,0
91,Youth Online Safety,Children & Learning,2014,1,4
91,Youth Online Safety,Children & Learning,2015,3,6
91,Youth Online Safety,Children & Learning,2016,3,7
91,Youth Online Safety,Children & Learning,2017,2,10
91,Youth Online Safety,Children & Learning,2018,5,19
91,Youth Online Safety,Children & Learning,2019,7,37
91,Youth Online Safety,Children & Learning,2020,4,24
91,Youth Online Safety,Children & Learning,2021,7,50
91,Youth Online Safety,Children & Learning,2022,3,43
91,Youth Online Safety,Children & Learning,2023,5,52
91,Youth Online Safety,Children & Learning,2024,10,90
91,Youth Online Safety,Children & Learning,2025,10,95
91,Youth Online Safety,Children & Learning,2026,11,113
92,Children's Agency & Research Ethics,Children & Learning,2009,1,0
92,Children's Agency & Research Ethics,Children & Learning,2012,1,1
92,Children's Agency & Research Ethics,Children & Learning,2013,1,2
92,Children's Agency & Research Ethics,Children & Learning,2015,0,1
92,Children's Agency & Research Ethics,Children & Learning,2016,0,2
92,Children's Agency & Research Ethics,Children & Learning,2017,0,1
92,Children's Agency & Research Ethics,Children & Learning,2018,0,3
92,Children's Agency & Research Ethics,Children & Learning,2019,1,0
92,Children's Agency & Research Ethics,Children & Learning,2020,1,0
92,Children's Agency & Research Ethics,Children & Learning,2021,1,2
92,Children's Agency & Research Ethics,Children & Learning,2022,1,2
92,Children's Agency & Research Ethics,Children & Learning,2023,0,4
92,Children's Agency & Research Ethics,Children & Learning,2024,0,3
92,Children's Agency & Research Ethics,Children & Learning,2025,2,9
92,Children's Agency & Research Ethics,Children & Learning,2026,7,15
93,AI Literacy & K-12,Children & Learning,2009,1,0
93,AI Literacy & K-12,Children & Learning,2011,0,1
93,AI Literacy & K-12,Children & Learning,2012,0,1
93,AI Literacy & K-12,Children & Learning,2017,2,1
93,AI Literacy & K-12,Children & Learning,2018,0,1
93,AI Literacy & K-12,Children & Learning,2019,2,4
93,AI Literacy & K-12,Children & Learning,2020,1,4
93,AI Literacy & K-12,Children & Learning,2021,3,10
93,AI Literacy & K-12,Children & Learning,2022,4,17
93,AI Literacy & K-12,Children & Learning,2023,2,26
93,AI Literacy & K-12,Children & Learning,2024,5,53
93,AI Literacy & K-12,Children & Learning,2025,8,60
93,AI Literacy & K-12,Children & Learning,2026,6,53
94,Children's Play & Learning Environments,Children & Learning,1996,1,0
94,Children's Play & Learning Environments,Children & Learning,1997,1,0
94,Children's Play & Learning Environments,Children & Learning,1998,2,4
94,Children's Play & Learning Environments,Children & Learning,1999,1,3
94,Children's Play & Learning Environments,Children & Learning,2001,1,0
94,Children's Play & Learning Environments,Children & Learning,2002,1,2
94,Children's Play & Learning Environments,Children & Learning,2003,1,2
94,Children's Play & Learning Environments,Children & Learning,2004,1,3
94,Children's Play & Learning Environments,Children & Learning,2005,1,3
94,Children's Play & Learning Environments,Children & Learning,2006,1,4
94,Children's Play & Learning Environments,Children & Learning,2008,2,0
94,Children's Play & Learning Environments,Children & Learning,2009,1,1
94,Children's Play & Learning Environments,Children & Learning,2010,1,3
94,Children's Play & Learning Environments,Children & Learning,2011,3,1
94,Children's Play & Learning Environments,Children & Learning,2012,1,2
94,Children's Play & Learning Environments,Children & Learning,2013,2,5
94,Children's Play & Learning Environments,Children & Learning,2014,2,4
94,Children's Play & Learning Environments,Children & Learning,2015,2,1
94,Children's Play & Learning Environments,Children & Learning,2016,4,4
94,Children's Play & Learning Environments,Children & Learning,2017,3,9
94,Children's Play & Learning Environments,Children & Learning,2018,7,13
94,Children's Play & Learning Environments,Children & Learning,2019,3,21
94,Children's Play & Learning Environments,Children & Learning,2020,5,17
94,Children's Play & Learning Environments,Children & Learning,2021,2,18
94,Children's Play & Learning Environments,Children & Learning,2022,4,24
94,Children's Play & Learning Environments,Children & Learning,2023,1,23
94,Children's Play & Learning Environments,Children & Learning,2024,3,26
94,Children's Play & Learning Environments,Children & Learning,2025,4,31
94,Children's Play & Learning Environments,Children & Learning,2026,4,40
95,Usable Security & Phishing,"Privacy, Security & Smart Homes",2001,1,0
95,Usable Security & Phishing,"Privacy, Security & Smart Homes",2006,2,3
95,Usable Security & Phishing,"Privacy, Security & Smart Homes",2007,1,3
95,Usable Security & Phishing,"Privacy, Security & Smart Homes",2008,4,7
95,Usable Security & Phishing,"Privacy, Security & Smart Homes",2009,1,6
95,Usable Security & Phishing,"Privacy, Security & Smart Homes",2010,1,7
95,Usable Security & Phishing,"Privacy, Security & Smart Homes",2011,3,17
95,Usable Security & Phishing,"Privacy, Security & Smart Homes",2012,0,2
95,Usable Security & Phishing,"Privacy, Security & Smart Homes",2013,1,4
95,Usable Security & Phishing,"Privacy, Security & Smart Homes",2014,2,4
95,Usable Security & Phishing,"Privacy, Security & Smart Homes",2015,4,7
95,Usable Security & Phishing,"Privacy, Security & Smart Homes",2016,3,12
95,Usable Security & Phishing,"Privacy, Security & Smart Homes",2017,5,21
95,Usable Security & Phishing,"Privacy, Security & Smart Homes",2018,4,15
95,Usable Security & Phishing,"Privacy, Security & Smart Homes",2019,9,37
95,Usable Security & Phishing,"Privacy, Security & Smart Homes",2020,5,34
95,Usable Security & Phishing,"Privacy, Security & Smart Homes",2021,3,29
95,Usable Security & Phishing,"Privacy, Security & Smart Homes",2022,3,20
95,Usable Security & Phishing,"Privacy, Security & Smart Homes",2023,5,40
95,Usable Security & Phishing,"Privacy, Security & Smart Homes",2024,7,55
95,Usable Security & Phishing,"Privacy, Security & Smart Homes",2025,18,88
95,Usable Security & Phishing,"Privacy, Security & Smart Homes",2026,15,86
96,Smart-home Privacy,"Privacy, Security & Smart Homes",2017,2,0
96,Smart-home Privacy,"Privacy, Security & Smart Homes",2018,1,0
96,Smart-home Privacy,"Privacy, Security & Smart Homes",2019,4,2
96,Smart-home Privacy,"Privacy, Security & Smart Homes",2020,7,18
96,Smart-home Privacy,"Privacy, Security & Smart Homes",2021,7,38
96,Smart-home Privacy,"Privacy, Security & Smart Homes",2022,5,29
96,Smart-home Privacy,"Privacy, Security & Smart Homes",2023,7,81
96,Smart-home Privacy,"Privacy, Security & Smart Homes",2024,8,61
96,Smart-home Privacy,"Privacy, Security & Smart Homes",2025,6,92
96,Smart-home Privacy,"Privacy, Security & Smart Homes",2026,8,106
97,Deceptive Advertising Patterns,"Privacy, Security & Smart Homes",2013,1,0
97,Deceptive Advertising Patterns,"Privacy, Security & Smart Homes",2014,1,0
97,Deceptive Advertising Patterns,"Privacy, Security & Smart Homes",2015,0,2
97,Deceptive Advertising Patterns,"Privacy, Security & Smart Homes",2016,0,3
97,Deceptive Advertising Patterns,"Privacy, Security & Smart Homes",2018,1,2
97,Deceptive Advertising Patterns,"Privacy, Security & Smart Homes",2019,2,5
97,Deceptive Advertising Patterns,"Privacy, Security & Smart Homes",2020,5,15
97,Deceptive Advertising Patterns,"Privacy, Security & Smart Homes",2021,5,31
97,Deceptive Advertising Patterns,"Privacy, Security & Smart Homes",2022,2,20
97,Deceptive Advertising Patterns,"Privacy, Security & Smart Homes",2023,7,50
97,Deceptive Advertising Patterns,"Privacy, Security & Smart Homes",2024,7,64
97,Deceptive Advertising Patterns,"Privacy, Security & Smart Homes",2025,11,85
97,Deceptive Advertising Patterns,"Privacy, Security & Smart Homes",2026,11,110
98,Ubicomp Privacy & Home Automation,"Privacy, Security & Smart Homes",1983,3,0
98,Ubicomp Privacy & Home Automation,"Privacy, Security & Smart Homes",1988,2,4
98,Ubicomp Privacy & Home Automation,"Privacy, Security & Smart Homes",1989,0,1
98,Ubicomp Privacy & Home Automation,"Privacy, Security & Smart Homes",2003,2,0
98,Ubicomp Privacy & Home Automation,"Privacy, Security & Smart Homes",2004,1,0
98,Ubicomp Privacy & Home Automation,"Privacy, Security & Smart Homes",2005,1,1
98,Ubicomp Privacy & Home Automation,"Privacy, Security & Smart Homes",2006,3,4
98,Ubicomp Privacy & Home Automation,"Privacy, Security & Smart Homes",2007,2,9
98,Ubicomp Privacy & Home Automation,"Privacy, Security & Smart Homes",2008,3,4
98,Ubicomp Privacy & Home Automation,"Privacy, Security & Smart Homes",2009,1,3
98,Ubicomp Privacy & Home Automation,"Privacy, Security & Smart Homes",2010,3,4
98,Ubicomp Privacy & Home Automation,"Privacy, Security & Smart Homes",2011,6,9
98,Ubicomp Privacy & Home Automation,"Privacy, Security & Smart Homes",2012,1,3
98,Ubicomp Privacy & Home Automation,"Privacy, Security & Smart Homes",2013,4,6
98,Ubicomp Privacy & Home Automation,"Privacy, Security & Smart Homes",2014,5,10
98,Ubicomp Privacy & Home Automation,"Privacy, Security & Smart Homes",2015,8,18
98,Ubicomp Privacy & Home Automation,"Privacy, Security & Smart Homes",2016,7,30
98,Ubicomp Privacy & Home Automation,"Privacy, Security & Smart Homes",2017,9,45
98,Ubicomp Privacy & Home Automation,"Privacy, Security & Smart Homes",2018,5,46
98,Ubicomp Privacy & Home Automation,"Privacy, Security & Smart Homes",2019,8,47
98,Ubicomp Privacy & Home Automation,"Privacy, Security & Smart Homes",2020,8,46
98,Ubicomp Privacy & Home Automation,"Privacy, Security & Smart Homes",2021,11,95
98,Ubicomp Privacy & Home Automation,"Privacy, Security & Smart Homes",2022,6,45
98,Ubicomp Privacy & Home Automation,"Privacy, Security & Smart Homes",2023,10,69
98,Ubicomp Privacy & Home Automation,"Privacy, Security & Smart Homes",2024,13,118
98,Ubicomp Privacy & Home Automation,"Privacy, Security & Smart Homes",2025,15,107
98,Ubicomp Privacy & Home Automation,"Privacy, Security & Smart Homes",2026,18,153
99,Movement & Somaesthetics,Design Research & Critical HCI,1990,1,0
99,Movement & Somaesthetics,Design Research & Critical HCI,1996,1,0
99,Movement & Somaesthetics,Design Research & Critical HCI,1997,0,1
99,Movement & Somaesthetics,Design Research & Critical HCI,1998,0,1
99,Movement & Somaesthetics,Design Research & Critical HCI,2003,2,1
99,Movement & Somaesthetics,Design Research & Critical HCI,2004,0,1
99,Movement & Somaesthetics,Design Research & Critical HCI,2005,0,2
99,Movement & Somaesthetics,Design Research & Critical HCI,2006,2,4
99,Movement & Somaesthetics,Design Research & Critical HCI,2007,1,2
99,Movement & Somaesthetics,Design Research & Critical HCI,2008,1,5
99,Movement & Somaesthetics,Design Research & Critical HCI,2009,2,17
99,Movement & Somaesthetics,Design Research & Critical HCI,2010,1,14
99,Movement & Somaesthetics,Design Research & Critical HCI,2011,4,22
99,Movement & Somaesthetics,Design Research & Critical HCI,2012,3,29
99,Movement & Somaesthetics,Design Research & Critical HCI,2013,4,29
99,Movement & Somaesthetics,Design Research & Critical HCI,2014,7,30
99,Movement & Somaesthetics,Design Research & Critical HCI,2015,4,27
99,Movement & Somaesthetics,Design Research & Critical HCI,2016,5,50
99,Movement & Somaesthetics,Design Research & Critical HCI,2017,6,62
99,Movement & Somaesthetics,Design Research & Critical HCI,2018,5,72
99,Movement & Somaesthetics,Design Research & Critical HCI,2019,8,103
99,Movement & Somaesthetics,Design Research & Critical HCI,2020,12,107
99,Movement & Somaesthetics,Design Research & Critical HCI,2021,12,139
99,Movement & Somaesthetics,Design Research & Critical HCI,2022,12,132
99,Movement & Somaesthetics,Design Research & Critical HCI,2023,19,231
99,Movement & Somaesthetics,Design Research & Critical HCI,2024,19,221
99,Movement & Somaesthetics,Design Research & Critical HCI,2025,21,359
99,Movement & Somaesthetics,Design Research & Critical HCI,2026,24,366
100,Bodily Play & Spectator Experience,Design Research & Critical HCI,1992,1,0
100,Bodily Play & Spectator Experience,Design Research & Critical HCI,1996,1,0
100,Bodily Play & Spectator Experience,Design Research & Critical HCI,1997,1,0
100,Bodily Play & Spectator Experience,Design Research & Critical HCI,1998,1,0
100,Bodily Play & Spectator Experience,Design Research & Critical HCI,2000,1,0
100,Bodily Play & Spectator Experience,Design Research & Critical HCI,2001,2,2
100,Bodily Play & Spectator Experience,Design Research & Critical HCI,2002,3,2
100,Bodily Play & Spectator Experience,Design Research & Critical HCI,2003,3,4
100,Bodily Play & Spectator Experience,Design Research & Critical HCI,2004,1,4
100,Bodily Play & Spectator Experience,Design Research & Critical HCI,2005,3,9
100,Bodily Play & Spectator Experience,Design Research & Critical HCI,2006,3,11
100,Bodily Play & Spectator Experience,Design Research & Critical HCI,2007,4,13
100,Bodily Play & Spectator Experience,Design Research & Critical HCI,2008,6,19
100,Bodily Play & Spectator Experience,Design Research & Critical HCI,2009,9,41
100,Bodily Play & Spectator Experience,Design Research & Critical HCI,2010,2,25
100,Bodily Play & Spectator Experience,Design Research & Critical HCI,2011,8,39
100,Bodily Play & Spectator Experience,Design Research & Critical HCI,2012,9,36
100,Bodily Play & Spectator Experience,Design Research & Critical HCI,2013,11,40
100,Bodily Play & Spectator Experience,Design Research & Critical HCI,2014,9,57
100,Bodily Play & Spectator Experience,Design Research & Critical HCI,2015,9,55
100,Bodily Play & Spectator Experience,Design Research & Critical HCI,2016,11,62
100,Bodily Play & Spectator Experience,Design Research & Critical HCI,2017,13,95
100,Bodily Play & Spectator Experience,Design Research & Critical HCI,2018,8,73
100,Bodily Play & Spectator Experience,Design Research & Critical HCI,2019,15,117
100,Bodily Play & Spectator Experience,Design Research & Critical HCI,2020,9,77
100,Bodily Play & Spectator Experience,Design Research & Critical HCI,2021,10,166
100,Bodily Play & Spectator Experience,Design Research & Critical HCI,2022,5,83
100,Bodily Play & Spectator Experience,Design Research & Critical HCI,2023,4,76
100,Bodily Play & Spectator Experience,Design Research & Critical HCI,2024,6,92
100,Bodily Play & Spectator Experience,Design Research & Critical HCI,2025,7,88
100,Bodily Play & Spectator Experience,Design Research & Critical HCI,2026,4,113
101,Speculative & Critical Design,Design Research & Critical HCI,1981,1,0
101,Speculative & Critical Design,Design Research & Critical HCI,1982,2,0
101,Speculative & Critical Design,Design Research & Critical HCI,1985,1,0
101,Speculative & Critical Design,Design Research & Critical HCI,1986,2,1
101,Speculative & Critical Design,Design Research & Critical HCI,1990,2,3
101,Speculative & Critical Design,Design Research & Critical HCI,1992,1,2
101,Speculative & Critical Design,Design Research & Critical HCI,1994,2,0
101,Speculative & Critical Design,Design Research & Critical HCI,1995,1,0
101,Speculative & Critical Design,Design Research & Critical HCI,1996,1,1
101,Speculative & Critical Design,Design Research & Critical HCI,1997,1,1
101,Speculative & Critical Design,Design Research & Critical HCI,1999,1,1
101,Speculative & Critical Design,Design Research & Critical HCI,2001,0,2
101,Speculative & Critical Design,Design Research & Critical HCI,2002,1,1
101,Speculative & Critical Design,Design Research & Critical HCI,2003,2,3
101,Speculative & Critical Design,Design Research & Critical HCI,2005,1,0
101,Speculative & Critical Design,Design Research & Critical HCI,2006,4,8
101,Speculative & Critical Design,Design Research & Critical HCI,2007,7,20
101,Speculative & Critical Design,Design Research & Critical HCI,2008,1,5
101,Speculative & Critical Design,Design Research & Critical HCI,2009,6,22
101,Speculative & Critical Design,Design Research & Critical HCI,2010,3,11
101,Speculative & Critical Design,Design Research & Critical HCI,2011,6,32
101,Speculative & Critical Design,Design Research & Critical HCI,2012,6,27
101,Speculative & Critical Design,Design Research & Critical HCI,2013,11,27
101,Speculative & Critical Design,Design Research & Critical HCI,2014,12,46
101,Speculative & Critical Design,Design Research & Critical HCI,2015,10,57
101,Speculative & Critical Design,Design Research & Critical HCI,2016,9,93
101,Speculative & Critical Design,Design Research & Critical HCI,2017,11,108
101,Speculative & Critical Design,Design Research & Critical HCI,2018,12,143
101,Speculative & Critical Design,Design Research & Critical HCI,2019,19,163
101,Speculative & Critical Design,Design Research & Critical HCI,2020,10,164
101,Speculative & Critical Design,Design Research & Critical HCI,2021,10,187
101,Speculative & Critical Design,Design Research & Critical HCI,2022,5,119
101,Speculative & Critical Design,Design Research & Critical HCI,2023,13,185
101,Speculative & Critical Design,Design Research & Critical HCI,2024,8,193
101,Speculative & Critical Design,Design Research & Critical HCI,2025,19,270
101,Speculative & Critical Design,Design Research & Critical HCI,2026,20,355
102,Sustainable HCI,Design Research & Critical HCI,1998,1,0
102,Sustainable HCI,Design Research & Critical HCI,1999,0,1
102,Sustainable HCI,Design Research & Critical HCI,2005,1,1
102,Sustainable HCI,Design Research & Critical HCI,2007,1,0
102,Sustainable HCI,Design Research & Critical HCI,2008,3,4
102,Sustainable HCI,Design Research & Critical HCI,2009,9,21
102,Sustainable HCI,Design Research & Critical HCI,2010,11,41
102,Sustainable HCI,Design Research & Critical HCI,2011,8,57
102,Sustainable HCI,Design Research & Critical HCI,2012,9,71
102,Sustainable HCI,Design Research & Critical HCI,2013,12,89
102,Sustainable HCI,Design Research & Critical HCI,2014,10,71
102,Sustainable HCI,Design Research & Critical HCI,2015,11,88
102,Sustainable HCI,Design Research & Critical HCI,2016,10,102
102,Sustainable HCI,Design Research & Critical HCI,2017,10,100
102,Sustainable HCI,Design Research & Critical HCI,2018,13,167
102,Sustainable HCI,Design Research & Critical HCI,2019,10,126
102,Sustainable HCI,Design Research & Critical HCI,2020,7,71
102,Sustainable HCI,Design Research & Critical HCI,2021,10,122
102,Sustainable HCI,Design Research & Critical HCI,2022,9,137
102,Sustainable HCI,Design Research & Critical HCI,2023,14,208
102,Sustainable HCI,Design Research & Critical HCI,2024,7,132
102,Sustainable HCI,Design Research & Critical HCI,2025,13,245
102,Sustainable HCI,Design Research & Critical HCI,2026,20,227
103,Family Video Communication,Design Research & Critical HCI,1996,1,0
103,Family Video Communication,Design Research & Critical HCI,1997,1,1
103,Family Video Communication,Design Research & Critical HCI,1998,1,0
103,Family Video Communication,Design Research & Critical HCI,2000,1,1
103,Family Video Communication,Design Research & Critical HCI,2001,2,2
103,Family Video Communication,Design Research & Critical HCI,2002,2,0
103,Family Video Communication,Design Research & Critical HCI,2003,2,9
103,Family Video Communication,Design Research & Critical HCI,2004,1,3
103,Family Video Communication,Design Research & Critical HCI,2005,4,7
103,Family Video Communication,Design Research & Critical HCI,2006,8,13
103,Family Video Communication,Design Research & Critical HCI,2007,2,21
103,Family Video Communication,Design Research & Critical HCI,2008,2,25
103,Family Video Communication,Design Research & Critical HCI,2009,5,29
103,Family Video Communication,Design Research & Critical HCI,2010,8,41
103,Family Video Communication,Design Research & Critical HCI,2011,7,39
103,Family Video Communication,Design Research & Critical HCI,2012,3,28
103,Family Video Communication,Design Research & Critical HCI,2013,5,35
103,Family Video Communication,Design Research & Critical HCI,2014,7,52
103,Family Video Communication,Design Research & Critical HCI,2015,4,57
103,Family Video Communication,Design Research & Critical HCI,2016,4,49
103,Family Video Communication,Design Research & Critical HCI,2017,3,42
103,Family Video Communication,Design Research & Critical HCI,2018,6,63
103,Family Video Communication,Design Research & Critical HCI,2019,3,54
103,Family Video Communication,Design Research & Critical HCI,2020,3,53
103,Family Video Communication,Design Research & Critical HCI,2021,6,73
103,Family Video Communication,Design Research & Critical HCI,2022,3,50
103,Family Video Communication,Design Research & Critical HCI,2023,6,92
103,Family Video Communication,Design Research & Critical HCI,2024,6,85
103,Family Video Communication,Design Research & Critical HCI,2025,5,109
103,Family Video Communication,Design Research & Critical HCI,2026,6,104
104,Memory & Reminiscence,Design Research & Critical HCI,1999,1,0
104,Memory & Reminiscence,Design Research & Critical HCI,2000,2,2
104,Memory & Reminiscence,Design Research & Critical HCI,2001,1,0
104,Memory & Reminiscence,Design Research & Critical HCI,2002,1,0
104,Memory & Reminiscence,Design Research & Critical HCI,2003,1,6
104,Memory & Reminiscence,Design Research & Critical HCI,2004,1,4
104,Memory & Reminiscence,Design Research & Critical HCI,2005,4,5
104,Memory & Reminiscence,Design Research & Critical HCI,2006,5,12
104,Memory & Reminiscence,Design Research & Critical HCI,2007,6,17
104,Memory & Reminiscence,Design Research & Critical HCI,2008,5,14
104,Memory & Reminiscence,Design Research & Critical HCI,2009,8,36
104,Memory & Reminiscence,Design Research & Critical HCI,2010,6,31
104,Memory & Reminiscence,Design Research & Critical HCI,2011,8,39
104,Memory & Reminiscence,Design Research & Critical HCI,2012,4,28
104,Memory & Reminiscence,Design Research & Critical HCI,2013,9,55
104,Memory & Reminiscence,Design Research & Critical HCI,2014,5,42
104,Memory & Reminiscence,Design Research & Critical HCI,2015,6,49
104,Memory & Reminiscence,Design Research & Critical HCI,2016,7,107
104,Memory & Reminiscence,Design Research & Critical HCI,2017,4,37
104,Memory & Reminiscence,Design Research & Critical HCI,2018,10,84
104,Memory & Reminiscence,Design Research & Critical HCI,2019,8,86
104,Memory & Reminiscence,Design Research & Critical HCI,2020,5,57
104,Memory & Reminiscence,Design Research & Critical HCI,2021,7,95
104,Memory & Reminiscence,Design Research & Critical HCI,2022,2,45
104,Memory & Reminiscence,Design Research & Critical HCI,2023,7,131
104,Memory & Reminiscence,Design Research & Critical HCI,2024,7,111
104,Memory & Reminiscence,Design Research & Critical HCI,2025,12,187
104,Memory & Reminiscence,Design Research & Critical HCI,2026,11,170
105,Interpretation & Critique in Design Research,Design Research & Critical HCI,1989,1,0
105,Interpretation & Critique in Design Research,Design Research & Critical HCI,1990,0,6
105,Interpretation & Critique in Design Research,Design Research & Critical HCI,1991,0,1
105,Interpretation & Critique in Design Research,Design Research & Critical HCI,1996,0,1
105,Interpretation & Critique in Design Research,Design Research & Critical HCI,2000,1,1
105,Interpretation & Critique in Design Research,Design Research & Critical HCI,2003,0,2
105,Interpretation & Critique in Design Research,Design Research & Critical HCI,2007,2,1
105,Interpretation & Critique in Design Research,Design Research & Critical HCI,2008,1,1
105,Interpretation & Critique in Design Research,Design Research & Critical HCI,2009,2,6
105,Interpretation & Critique in Design Research,Design Research & Critical HCI,2010,1,5
105,Interpretation & Critique in Design Research,Design Research & Critical HCI,2011,6,15
105,Interpretation & Critique in Design Research,Design Research & Critical HCI,2012,1,15
105,Interpretation & Critique in Design Research,Design Research & Critical HCI,2013,3,23
105,Interpretation & Critique in Design Research,Design Research & Critical HCI,2014,2,15
105,Interpretation & Critique in Design Research,Design Research & Critical HCI,2015,4,16
105,Interpretation & Critique in Design Research,Design Research & Critical HCI,2016,7,31
105,Interpretation & Critique in Design Research,Design Research & Critical HCI,2017,7,49
105,Interpretation & Critique in Design Research,Design Research & Critical HCI,2018,8,69
105,Interpretation & Critique in Design Research,Design Research & Critical HCI,2019,10,75
105,Interpretation & Critique in Design Research,Design Research & Critical HCI,2020,9,85
105,Interpretation & Critique in Design Research,Design Research & Critical HCI,2021,6,98
105,Interpretation & Critique in Design Research,Design Research & Critical HCI,2022,2,78
105,Interpretation & Critique in Design Research,Design Research & Critical HCI,2023,5,118
105,Interpretation & Critique in Design Research,Design Research & Critical HCI,2024,1,67
105,Interpretation & Critique in Design Research,Design Research & Critical HCI,2025,7,149
105,Interpretation & Critique in Design Research,Design Research & Critical HCI,2026,1,118
106,More-than-human Design,Design Research & Critical HCI,1998,1,0
106,More-than-human Design,Design Research & Critical HCI,2007,1,0
106,More-than-human Design,Design Research & Critical HCI,2011,4,1
106,More-than-human Design,Design Research & Critical HCI,2012,0,2
106,More-than-human Design,Design Research & Critical HCI,2013,2,2
106,More-than-human Design,Design Research & Critical HCI,2014,4,5
106,More-than-human Design,Design Research & Critical HCI,2015,5,9
106,More-than-human Design,Design Research & Critical HCI,2016,1,8
106,More-than-human Design,Design Research & Critical HCI,2017,4,17
106,More-than-human Design,Design Research & Critical HCI,2018,3,13
106,More-than-human Design,Design Research & Critical HCI,2019,1,16
106,More-than-human Design,Design Research & Critical HCI,2020,4,30
106,More-than-human Design,Design Research & Critical HCI,2021,4,25
106,More-than-human Design,Design Research & Critical HCI,2022,4,41
106,More-than-human Design,Design Research & Critical HCI,2023,8,78
106,More-than-human Design,Design Research & Critical HCI,2024,10,92
106,More-than-human Design,Design Research & Critical HCI,2025,12,138
106,More-than-human Design,Design Research & Critical HCI,2026,13,159
107,VR Meditation & Breathing,Design Research & Critical HCI,2007,1,0
107,VR Meditation & Breathing,Design Research & Critical HCI,2008,0,3
107,VR Meditation & Breathing,Design Research & Critical HCI,2009,1,3
107,VR Meditation & Breathing,Design Research & Critical HCI,2010,1,3
107,VR Meditation & Breathing,Design Research & Critical HCI,2011,2,7
107,VR Meditation & Breathing,Design Research & Critical HCI,2012,1,2
107,VR Meditation & Breathing,Design Research & Critical HCI,2013,0,1
107,VR Meditation & Breathing,Design Research & Critical HCI,2014,2,7
107,VR Meditation & Breathing,Design Research & Critical HCI,2015,1,6
107,VR Meditation & Breathing,Design Research & Critical HCI,2016,0,7
107,VR Meditation & Breathing,Design Research & Critical HCI,2017,5,10
107,VR Meditation & Breathing,Design Research & Critical HCI,2018,5,15
107,VR Meditation & Breathing,Design Research & Critical HCI,2019,4,29
107,VR Meditation & Breathing,Design Research & Critical HCI,2020,5,16
107,VR Meditation & Breathing,Design Research & Critical HCI,2021,7,52
107,VR Meditation & Breathing,Design Research & Critical HCI,2022,6,54
107,VR Meditation & Breathing,Design Research & Critical HCI,2023,5,52
107,VR Meditation & Breathing,Design Research & Critical HCI,2024,6,60
107,VR Meditation & Breathing,Design Research & Critical HCI,2025,7,86
107,VR Meditation & Breathing,Design Research & Critical HCI,2026,17,125
108,Playful Food Experiences,Design Research & Critical HCI,2008,1,0
108,Playful Food Experiences,Design Research & Critical HCI,2009,0,2
108,Playful Food Experiences,Design Research & Critical HCI,2010,0,1
108,Playful Food Experiences,Design Research & Critical HCI,2011,1,1
108,Playful Food Experiences,Design Research & Critical HCI,2012,4,3
108,Playful Food Experiences,Design Research & Critical HCI,2013,1,6
108,Playful Food Experiences,Design Research & Critical HCI,2014,2,6
108,Playful Food Experiences,Design Research & Critical HCI,2015,1,6
108,Playful Food Experiences,Design Research & Critical HCI,2016,1,3
108,Playful Food Experiences,Design Research & Critical HCI,2017,2,10
108,Playful Food Experiences,Design Research & Critical HCI,2018,1,10
108,Playful Food Experiences,Design Research & Critical HCI,2019,1,12
108,Playful Food Experiences,Design Research & Critical HCI,2020,1,8
108,Playful Food Experiences,Design Research & Critical HCI,2021,2,22
108,Playful Food Experiences,Design Research & Critical HCI,2022,3,23
108,Playful Food Experiences,Design Research & Critical HCI,2023,3,32
108,Playful Food Experiences,Design Research & Critical HCI,2024,5,39
108,Playful Food Experiences,Design Research & Critical HCI,2025,4,41
108,Playful Food Experiences,Design Research & Critical HCI,2026,7,48
109,Calendars & Scheduling,Design Research & Critical HCI,1986,1,1
109,Calendars & Scheduling,Design Research & Critical HCI,1999,1,1
109,Calendars & Scheduling,Design Research & Critical HCI,2003,0,2
109,Calendars & Scheduling,Design Research & Critical HCI,2004,0,1
109,Calendars & Scheduling,Design Research & Critical HCI,2005,0,1
109,Calendars & Scheduling,Design Research & Critical HCI,2006,0,3
109,Calendars & Scheduling,Design Research & Critical HCI,2008,1,1
109,Calendars & Scheduling,Design Research & Critical HCI,2011,0,5
109,Calendars & Scheduling,Design Research & Critical HCI,2012,0,1
109,Calendars & Scheduling,Design Research & Critical HCI,2014,0,1
109,Calendars & Scheduling,Design Research & Critical HCI,2016,1,1
109,Calendars & Scheduling,Design Research & Critical HCI,2017,0,1
109,Calendars & Scheduling,Design Research & Critical HCI,2021,2,0
109,Calendars & Scheduling,Design Research & Critical HCI,2024,0,1
109,Calendars & Scheduling,Design Research & Critical HCI,2026,1,2
110,Self-tracking & Reflection,Health & Wellbeing,2006,1,0
110,Self-tracking & Reflection,Health & Wellbeing,2007,0,1
110,Self-tracking & Reflection,Health & Wellbeing,2008,2,5
110,Self-tracking & Reflection,Health & Wellbeing,2009,2,5
110,Self-tracking & Reflection,Health & Wellbeing,2010,2,8
110,Self-tracking & Reflection,Health & Wellbeing,2011,8,14
110,Self-tracking & Reflection,Health & Wellbeing,2012,5,24
110,Self-tracking & Reflection,Health & Wellbeing,2013,7,21
110,Self-tracking & Reflection,Health & Wellbeing,2014,7,45
110,Self-tracking & Reflection,Health & Wellbeing,2015,8,52
110,Self-tracking & Reflection,Health & Wellbeing,2016,15,61
110,Self-tracking & Reflection,Health & Wellbeing,2017,19,100
110,Self-tracking & Reflection,Health & Wellbeing,2018,17,106
110,Self-tracking & Reflection,Health & Wellbeing,2019,8,115
110,Self-tracking & Reflection,Health & Wellbeing,2020,9,110
110,Self-tracking & Reflection,Health & Wellbeing,2021,14,152
110,Self-tracking & Reflection,Health & Wellbeing,2022,11,127
110,Self-tracking & Reflection,Health & Wellbeing,2023,8,165
110,Self-tracking & Reflection,Health & Wellbeing,2024,21,258
110,Self-tracking & Reflection,Health & Wellbeing,2025,29,302
110,Self-tracking & Reflection,Health & Wellbeing,2026,24,341
111,Chronic Care & Caregiving,Health & Wellbeing,1996,1,0
111,Chronic Care & Caregiving,Health & Wellbeing,1998,1,0
111,Chronic Care & Caregiving,Health & Wellbeing,2001,1,1
111,Chronic Care & Caregiving,Health & Wellbeing,2002,1,0
111,Chronic Care & Caregiving,Health & Wellbeing,2003,0,1
111,Chronic Care & Caregiving,Health & Wellbeing,2006,3,0
111,Chronic Care & Caregiving,Health & Wellbeing,2007,1,2
111,Chronic Care & Caregiving,Health & Wellbeing,2008,3,6
111,Chronic Care & Caregiving,Health & Wellbeing,2009,2,4
111,Chronic Care & Caregiving,Health & Wellbeing,2010,9,12
111,Chronic Care & Caregiving,Health & Wellbeing,2011,5,16
111,Chronic Care & Caregiving,Health & Wellbeing,2012,5,15
111,Chronic Care & Caregiving,Health & Wellbeing,2013,6,13
111,Chronic Care & Caregiving,Health & Wellbeing,2014,4,17
111,Chronic Care & Caregiving,Health & Wellbeing,2015,8,30
111,Chronic Care & Caregiving,Health & Wellbeing,2016,7,47
111,Chronic Care & Caregiving,Health & Wellbeing,2017,10,82
111,Chronic Care & Caregiving,Health & Wellbeing,2018,8,65
111,Chronic Care & Caregiving,Health & Wellbeing,2019,12,81
111,Chronic Care & Caregiving,Health & Wellbeing,2020,11,85
111,Chronic Care & Caregiving,Health & Wellbeing,2021,4,72
111,Chronic Care & Caregiving,Health & Wellbeing,2022,7,78
111,Chronic Care & Caregiving,Health & Wellbeing,2023,13,123
111,Chronic Care & Caregiving,Health & Wellbeing,2024,16,138
111,Chronic Care & Caregiving,Health & Wellbeing,2025,11,176
111,Chronic Care & Caregiving,Health & Wellbeing,2026,10,182
112,Behavior Sensing,Health & Wellbeing,2011,1,0
112,Behavior Sensing,Health & Wellbeing,2014,2,1
112,Behavior Sensing,Health & Wellbeing,2015,1,2
112,Behavior Sensing,Health & Wellbeing,2016,4,4
112,Behavior Sensing,Health & Wellbeing,2017,1,7
112,Behavior Sensing,Health & Wellbeing,2018,2,6
112,Behavior Sensing,Health & Wellbeing,2019,2,3
112,Behavior Sensing,Health & Wellbeing,2020,3,11
112,Behavior Sensing,Health & Wellbeing,2021,2,4
112,Behavior Sensing,Health & Wellbeing,2022,5,11
112,Behavior Sensing,Health & Wellbeing,2023,6,19
112,Behavior Sensing,Health & Wellbeing,2024,8,40
112,Behavior Sensing,Health & Wellbeing,2025,9,58
112,Behavior Sensing,Health & Wellbeing,2026,7,62
113,Stress & Mood Technology,Health & Wellbeing,2007,1,0
113,Stress & Mood Technology,Health & Wellbeing,2008,1,2
113,Stress & Mood Technology,Health & Wellbeing,2009,1,1
113,Stress & Mood Technology,Health & Wellbeing,2010,1,1
113,Stress & Mood Technology,Health & Wellbeing,2011,3,2
113,Stress & Mood Technology,Health & Wellbeing,2012,1,3
113,Stress & Mood Technology,Health & Wellbeing,2013,2,12
113,Stress & Mood Technology,Health & Wellbeing,2014,1,1
113,Stress & Mood Technology,Health & Wellbeing,2015,3,6
113,Stress & Mood Technology,Health & Wellbeing,2016,5,12
113,Stress & Mood Technology,Health & Wellbeing,2017,2,27
113,Stress & Mood Technology,Health & Wellbeing,2018,3,18
113,Stress & Mood Technology,Health & Wellbeing,2019,5,33
113,Stress & Mood Technology,Health & Wellbeing,2020,10,60
113,Stress & Mood Technology,Health & Wellbeing,2021,7,54
113,Stress & Mood Technology,Health & Wellbeing,2022,13,75
113,Stress & Mood Technology,Health & Wellbeing,2023,8,82
113,Stress & Mood Technology,Health & Wellbeing,2024,15,130
113,Stress & Mood Technology,Health & Wellbeing,2025,11,147
113,Stress & Mood Technology,Health & Wellbeing,2026,12,183
114,Aging & Dementia Care,Health & Wellbeing,1990,1,0
114,Aging & Dementia Care,Health & Wellbeing,1992,1,0
114,Aging & Dementia Care,Health & Wellbeing,2005,1,0
114,Aging & Dementia Care,Health & Wellbeing,2006,0,2
114,Aging & Dementia Care,Health & Wellbeing,2007,1,0
114,Aging & Dementia Care,Health & Wellbeing,2008,1,1
114,Aging & Dementia Care,Health & Wellbeing,2009,1,0
114,Aging & Dementia Care,Health & Wellbeing,2010,2,1
114,Aging & Dementia Care,Health & Wellbeing,2011,4,0
114,Aging & Dementia Care,Health & Wellbeing,2012,5,8
114,Aging & Dementia Care,Health & Wellbeing,2013,3,17
114,Aging & Dementia Care,Health & Wellbeing,2014,12,24
114,Aging & Dementia Care,Health & Wellbeing,2015,4,23
114,Aging & Dementia Care,Health & Wellbeing,2016,5,31
114,Aging & Dementia Care,Health & Wellbeing,2017,8,57
114,Aging & Dementia Care,Health & Wellbeing,2018,6,49
114,Aging & Dementia Care,Health & Wellbeing,2019,10,70
114,Aging & Dementia Care,Health & Wellbeing,2020,11,120
114,Aging & Dementia Care,Health & Wellbeing,2021,7,103
114,Aging & Dementia Care,Health & Wellbeing,2022,7,97
114,Aging & Dementia Care,Health & Wellbeing,2023,4,100
114,Aging & Dementia Care,Health & Wellbeing,2024,14,154
114,Aging & Dementia Care,Health & Wellbeing,2025,14,182
114,Aging & Dementia Care,Health & Wellbeing,2026,13,191
115,Personal Informatics Models,Health & Wellbeing,2005,1,0
115,Personal Informatics Models,Health & Wellbeing,2006,1,0
115,Personal Informatics Models,Health & Wellbeing,2007,0,3
115,Personal Informatics Models,Health & Wellbeing,2008,1,4
115,Personal Informatics Models,Health & Wellbeing,2009,0,2
115,Personal Informatics Models,Health & Wellbeing,2010,2,9
115,Personal Informatics Models,Health & Wellbeing,2011,1,8
115,Personal Informatics Models,Health & Wellbeing,2012,1,7
115,Personal Informatics Models,Health & Wellbeing,2013,1,9
115,Personal Informatics Models,Health & Wellbeing,2014,4,11
115,Personal Informatics Models,Health & Wellbeing,2015,7,33
115,Personal Informatics Models,Health & Wellbeing,2016,6,53
115,Personal Informatics Models,Health & Wellbeing,2017,8,72
115,Personal Informatics Models,Health & Wellbeing,2018,15,105
115,Personal Informatics Models,Health & Wellbeing,2019,12,103
115,Personal Informatics Models,Health & Wellbeing,2020,10,122
115,Personal Informatics Models,Health & Wellbeing,2021,6,128
115,Personal Informatics Models,Health & Wellbeing,2022,9,106
115,Personal Informatics Models,Health & Wellbeing,2023,8,151
115,Personal Informatics Models,Health & Wellbeing,2024,10,204
115,Personal Informatics Models,Health & Wellbeing,2025,8,224
115,Personal Informatics Models,Health & Wellbeing,2026,13,195
116,Clinical Information Work,Health & Wellbeing,1997,1,0
116,Clinical Information Work,Health & Wellbeing,2007,2,0
116,Clinical Information Work,Health & Wellbeing,2008,1,0
116,Clinical Information Work,Health & Wellbeing,2009,2,2
116,Clinical Information Work,Health & Wellbeing,2010,4,8
116,Clinical Information Work,Health & Wellbeing,2011,1,2
116,Clinical Information Work,Health & Wellbeing,2012,1,4
116,Clinical Information Work,Health & Wellbeing,2013,0,3
116,Clinical Information Work,Health & Wellbeing,2016,0,2
116,Clinical Information Work,Health & Wellbeing,2017,0,1
116,Clinical Information Work,Health & Wellbeing,2018,0,2
116,Clinical Information Work,Health & Wellbeing,2019,4,7
116,Clinical Information Work,Health & Wellbeing,2020,8,16
116,Clinical Information Work,Health & Wellbeing,2021,0,4
116,Clinical Information Work,Health & Wellbeing,2022,0,3
116,Clinical Information Work,Health & Wellbeing,2023,1,7
116,Clinical Information Work,Health & Wellbeing,2024,3,12
116,Clinical Information Work,Health & Wellbeing,2025,1,8
116,Clinical Information Work,Health & Wellbeing,2026,2,17
117,"Sleep, ADHD & Lifelogging",Health & Wellbeing,2005,1,0
117,"Sleep, ADHD & Lifelogging",Health & Wellbeing,2006,0,1
117,"Sleep, ADHD & Lifelogging",Health & Wellbeing,2008,1,0
117,"Sleep, ADHD & Lifelogging",Health & Wellbeing,2009,1,0
117,"Sleep, ADHD & Lifelogging",Health & Wellbeing,2010,1,0
117,"Sleep, ADHD & Lifelogging",Health & Wellbeing,2011,2,0
117,"Sleep, ADHD & Lifelogging",Health & Wellbeing,2012,1,2
117,"Sleep, ADHD & Lifelogging",Health & Wellbeing,2013,2,4
117,"Sleep, ADHD & Lifelogging",Health & Wellbeing,2014,2,5
117,"Sleep, ADHD & Lifelogging",Health & Wellbeing,2015,0,5
117,"Sleep, ADHD & Lifelogging",Health & Wellbeing,2016,3,9
117,"Sleep, ADHD & Lifelogging",Health & Wellbeing,2017,1,9
117,"Sleep, ADHD & Lifelogging",Health & Wellbeing,2018,2,11
117,"Sleep, ADHD & Lifelogging",Health & Wellbeing,2019,1,7
117,"Sleep, ADHD & Lifelogging",Health & Wellbeing,2020,8,16
117,"Sleep, ADHD & Lifelogging",Health & Wellbeing,2021,4,18
117,"Sleep, ADHD & Lifelogging",Health & Wellbeing,2022,9,31
117,"Sleep, ADHD & Lifelogging",Health & Wellbeing,2023,4,33
117,"Sleep, ADHD & Lifelogging",Health & Wellbeing,2024,5,49
117,"Sleep, ADHD & Lifelogging",Health & Wellbeing,2025,8,91
117,"Sleep, ADHD & Lifelogging",Health & Wellbeing,2026,4,51
118,Crowdsourcing & Human Computation,"Crowds, Data & Human-AI Decisions",1986,1,0
118,Crowdsourcing & Human Computation,"Crowds, Data & Human-AI Decisions",1999,1,0
118,Crowdsourcing & Human Computation,"Crowds, Data & Human-AI Decisions",2006,3,1
118,Crowdsourcing & Human Computation,"Crowds, Data & Human-AI Decisions",2007,1,1
118,Crowdsourcing & Human Computation,"Crowds, Data & Human-AI Decisions",2008,2,0
118,Crowdsourcing & Human Computation,"Crowds, Data & Human-AI Decisions",2009,4,9
118,Crowdsourcing & Human Computation,"Crowds, Data & Human-AI Decisions",2010,1,8
118,Crowdsourcing & Human Computation,"Crowds, Data & Human-AI Decisions",2011,6,20
118,Crowdsourcing & Human Computation,"Crowds, Data & Human-AI Decisions",2012,6,20
118,Crowdsourcing & Human Computation,"Crowds, Data & Human-AI Decisions",2013,7,18
118,Crowdsourcing & Human Computation,"Crowds, Data & Human-AI Decisions",2014,11,35
118,Crowdsourcing & Human Computation,"Crowds, Data & Human-AI Decisions",2015,10,17
118,Crowdsourcing & Human Computation,"Crowds, Data & Human-AI Decisions",2016,18,91
118,Crowdsourcing & Human Computation,"Crowds, Data & Human-AI Decisions",2017,13,98
118,Crowdsourcing & Human Computation,"Crowds, Data & Human-AI Decisions",2018,6,79
118,Crowdsourcing & Human Computation,"Crowds, Data & Human-AI Decisions",2019,12,70
118,Crowdsourcing & Human Computation,"Crowds, Data & Human-AI Decisions",2020,4,61
118,Crowdsourcing & Human Computation,"Crowds, Data & Human-AI Decisions",2021,8,98
118,Crowdsourcing & Human Computation,"Crowds, Data & Human-AI Decisions",2022,3,62
118,Crowdsourcing & Human Computation,"Crowds, Data & Human-AI Decisions",2023,6,66
118,Crowdsourcing & Human Computation,"Crowds, Data & Human-AI Decisions",2024,5,62
118,Crowdsourcing & Human Computation,"Crowds, Data & Human-AI Decisions",2025,2,53
118,Crowdsourcing & Human Computation,"Crowds, Data & Human-AI Decisions",2026,2,38
119,Explainable Machine Learning,"Crowds, Data & Human-AI Decisions",1983,1,0
119,Explainable Machine Learning,"Crowds, Data & Human-AI Decisions",1986,4,4
119,Explainable Machine Learning,"Crowds, Data & Human-AI Decisions",1989,1,1
119,Explainable Machine Learning,"Crowds, Data & Human-AI Decisions",1996,1,0
119,Explainable Machine Learning,"Crowds, Data & Human-AI Decisions",1997,0,1
119,Explainable Machine Learning,"Crowds, Data & Human-AI Decisions",2002,1,0
119,Explainable Machine Learning,"Crowds, Data & Human-AI Decisions",2007,1,0
119,Explainable Machine Learning,"Crowds, Data & Human-AI Decisions",2009,3,3
119,Explainable Machine Learning,"Crowds, Data & Human-AI Decisions",2010,0,2
119,Explainable Machine Learning,"Crowds, Data & Human-AI Decisions",2011,0,1
119,Explainable Machine Learning,"Crowds, Data & Human-AI Decisions",2012,1,2
119,Explainable Machine Learning,"Crowds, Data & Human-AI Decisions",2014,1,1
119,Explainable Machine Learning,"Crowds, Data & Human-AI Decisions",2015,3,4
119,Explainable Machine Learning,"Crowds, Data & Human-AI Decisions",2016,2,5
119,Explainable Machine Learning,"Crowds, Data & Human-AI Decisions",2017,0,8
119,Explainable Machine Learning,"Crowds, Data & Human-AI Decisions",2018,6,25
119,Explainable Machine Learning,"Crowds, Data & Human-AI Decisions",2019,7,35
119,Explainable Machine Learning,"Crowds, Data & Human-AI Decisions",2020,13,59
119,Explainable Machine Learning,"Crowds, Data & Human-AI Decisions",2021,14,130
119,Explainable Machine Learning,"Crowds, Data & Human-AI Decisions",2022,21,125
119,Explainable Machine Learning,"Crowds, Data & Human-AI Decisions",2023,23,225
119,Explainable Machine Learning,"Crowds, Data & Human-AI Decisions",2024,18,279
119,Explainable Machine Learning,"Crowds, Data & Human-AI Decisions",2025,28,374
119,Explainable Machine Learning,"Crowds, Data & Human-AI Decisions",2026,25,372
120,Data Visualization,"Crowds, Data & Human-AI Decisions",1991,1,0
120,Data Visualization,"Crowds, Data & Human-AI Decisions",1992,1,0
120,Data Visualization,"Crowds, Data & Human-AI Decisions",1996,1,0
120,Data Visualization,"Crowds, Data & Human-AI Decisions",1997,0,2
120,Data Visualization,"Crowds, Data & Human-AI Decisions",1998,1,1
120,Data Visualization,"Crowds, Data & Human-AI Decisions",1999,1,1
120,Data Visualization,"Crowds, Data & Human-AI Decisions",2003,1,1
120,Data Visualization,"Crowds, Data & Human-AI Decisions",2004,2,2
120,Data Visualization,"Crowds, Data & Human-AI Decisions",2005,1,0
120,Data Visualization,"Crowds, Data & Human-AI Decisions",2006,2,0
120,Data Visualization,"Crowds, Data & Human-AI Decisions",2007,2,0
120,Data Visualization,"Crowds, Data & Human-AI Decisions",2008,3,8
120,Data Visualization,"Crowds, Data & Human-AI Decisions",2009,1,7
120,Data Visualization,"Crowds, Data & Human-AI Decisions",2010,4,7
120,Data Visualization,"Crowds, Data & Human-AI Decisions",2011,3,17
120,Data Visualization,"Crowds, Data & Human-AI Decisions",2012,9,13
120,Data Visualization,"Crowds, Data & Human-AI Decisions",2013,9,22
120,Data Visualization,"Crowds, Data & Human-AI Decisions",2014,6,21
120,Data Visualization,"Crowds, Data & Human-AI Decisions",2015,15,37
120,Data Visualization,"Crowds, Data & Human-AI Decisions",2016,12,37
120,Data Visualization,"Crowds, Data & Human-AI Decisions",2017,16,47
120,Data Visualization,"Crowds, Data & Human-AI Decisions",2018,20,61
120,Data Visualization,"Crowds, Data & Human-AI Decisions",2019,24,128
120,Data Visualization,"Crowds, Data & Human-AI Decisions",2020,24,128
120,Data Visualization,"Crowds, Data & Human-AI Decisions",2021,22,172
120,Data Visualization,"Crowds, Data & Human-AI Decisions",2022,23,161
120,Data Visualization,"Crowds, Data & Human-AI Decisions",2023,29,240
120,Data Visualization,"Crowds, Data & Human-AI Decisions",2024,25,223
120,Data Visualization,"Crowds, Data & Human-AI Decisions",2025,33,292
120,Data Visualization,"Crowds, Data & Human-AI Decisions",2026,20,238
121,Fairness & Clinical AI,"Crowds, Data & Human-AI Decisions",2007,1,0
121,Fairness & Clinical AI,"Crowds, Data & Human-AI Decisions",2008,0,1
121,Fairness & Clinical AI,"Crowds, Data & Human-AI Decisions",2009,0,1
121,Fairness & Clinical AI,"Crowds, Data & Human-AI Decisions",2010,1,1
121,Fairness & Clinical AI,"Crowds, Data & Human-AI Decisions",2011,1,1
121,Fairness & Clinical AI,"Crowds, Data & Human-AI Decisions",2012,1,2
121,Fairness & Clinical AI,"Crowds, Data & Human-AI Decisions",2013,0,1
121,Fairness & Clinical AI,"Crowds, Data & Human-AI Decisions",2015,0,1
121,Fairness & Clinical AI,"Crowds, Data & Human-AI Decisions",2016,1,0
121,Fairness & Clinical AI,"Crowds, Data & Human-AI Decisions",2017,2,0
121,Fairness & Clinical AI,"Crowds, Data & Human-AI Decisions",2018,4,9
121,Fairness & Clinical AI,"Crowds, Data & Human-AI Decisions",2019,4,23
121,Fairness & Clinical AI,"Crowds, Data & Human-AI Decisions",2020,7,43
121,Fairness & Clinical AI,"Crowds, Data & Human-AI Decisions",2021,10,82
121,Fairness & Clinical AI,"Crowds, Data & Human-AI Decisions",2022,10,102
121,Fairness & Clinical AI,"Crowds, Data & Human-AI Decisions",2023,25,203
121,Fairness & Clinical AI,"Crowds, Data & Human-AI Decisions",2024,23,326
121,Fairness & Clinical AI,"Crowds, Data & Human-AI Decisions",2025,29,391
121,Fairness & Clinical AI,"Crowds, Data & Human-AI Decisions",2026,24,308
122,Data Work & Infrastructure,"Crowds, Data & Human-AI Decisions",1982,1,0
122,Data Work & Infrastructure,"Crowds, Data & Human-AI Decisions",1983,1,1
122,Data Work & Infrastructure,"Crowds, Data & Human-AI Decisions",2008,1,0
122,Data Work & Infrastructure,"Crowds, Data & Human-AI Decisions",2009,0,2
122,Data Work & Infrastructure,"Crowds, Data & Human-AI Decisions",2010,1,0
122,Data Work & Infrastructure,"Crowds, Data & Human-AI Decisions",2011,2,5
122,Data Work & Infrastructure,"Crowds, Data & Human-AI Decisions",2012,2,4
122,Data Work & Infrastructure,"Crowds, Data & Human-AI Decisions",2013,2,1
122,Data Work & Infrastructure,"Crowds, Data & Human-AI Decisions",2014,3,5
122,Data Work & Infrastructure,"Crowds, Data & Human-AI Decisions",2015,7,7
122,Data Work & Infrastructure,"Crowds, Data & Human-AI Decisions",2016,3,20
122,Data Work & Infrastructure,"Crowds, Data & Human-AI Decisions",2017,5,29
122,Data Work & Infrastructure,"Crowds, Data & Human-AI Decisions",2018,2,26
122,Data Work & Infrastructure,"Crowds, Data & Human-AI Decisions",2019,7,28
122,Data Work & Infrastructure,"Crowds, Data & Human-AI Decisions",2020,4,30
122,Data Work & Infrastructure,"Crowds, Data & Human-AI Decisions",2021,5,41
122,Data Work & Infrastructure,"Crowds, Data & Human-AI Decisions",2022,11,57
122,Data Work & Infrastructure,"Crowds, Data & Human-AI Decisions",2023,13,109
122,Data Work & Infrastructure,"Crowds, Data & Human-AI Decisions",2024,11,142
122,Data Work & Infrastructure,"Crowds, Data & Human-AI Decisions",2025,9,153
122,Data Work & Infrastructure,"Crowds, Data & Human-AI Decisions",2026,18,163
123,Interactive Machine Learning,"Crowds, Data & Human-AI Decisions",1983,1,0
123,Interactive Machine Learning,"Crowds, Data & Human-AI Decisions",2008,2,0
123,Interactive Machine Learning,"Crowds, Data & Human-AI Decisions",2009,1,2
123,Interactive Machine Learning,"Crowds, Data & Human-AI Decisions",2010,2,3
123,Interactive Machine Learning,"Crowds, Data & Human-AI Decisions",2011,2,5
123,Interactive Machine Learning,"Crowds, Data & Human-AI Decisions",2012,3,7
123,Interactive Machine Learning,"Crowds, Data & Human-AI Decisions",2013,0,1
123,Interactive Machine Learning,"Crowds, Data & Human-AI Decisions",2014,4,5
123,Interactive Machine Learning,"Crowds, Data & Human-AI Decisions",2015,2,4
123,Interactive Machine Learning,"Crowds, Data & Human-AI Decisions",2016,2,18
123,Interactive Machine Learning,"Crowds, Data & Human-AI Decisions",2017,1,5
123,Interactive Machine Learning,"Crowds, Data & Human-AI Decisions",2018,2,9
123,Interactive Machine Learning,"Crowds, Data & Human-AI Decisions",2019,2,17
123,Interactive Machine Learning,"Crowds, Data & Human-AI Decisions",2020,5,13
123,Interactive Machine Learning,"Crowds, Data & Human-AI Decisions",2021,6,24
123,Interactive Machine Learning,"Crowds, Data & Human-AI Decisions",2022,2,28
123,Interactive Machine Learning,"Crowds, Data & Human-AI Decisions",2023,7,35
123,Interactive Machine Learning,"Crowds, Data & Human-AI Decisions",2024,2,35
123,Interactive Machine Learning,"Crowds, Data & Human-AI Decisions",2025,5,43
123,Interactive Machine Learning,"Crowds, Data & Human-AI Decisions",2026,1,23
124,Peer & Crowd Feedback,"Crowds, Data & Human-AI Decisions",1986,1,0
124,Peer & Crowd Feedback,"Crowds, Data & Human-AI Decisions",1990,1,0
124,Peer & Crowd Feedback,"Crowds, Data & Human-AI Decisions",1991,2,0
124,Peer & Crowd Feedback,"Crowds, Data & Human-AI Decisions",1992,0,3
124,Peer & Crowd Feedback,"Crowds, Data & Human-AI Decisions",1995,0,1
124,Peer & Crowd Feedback,"Crowds, Data & Human-AI Decisions",1996,1,0
124,Peer & Crowd Feedback,"Crowds, Data & Human-AI Decisions",2003,1,1
124,Peer & Crowd Feedback,"Crowds, Data & Human-AI Decisions",2006,1,0
124,Peer & Crowd Feedback,"Crowds, Data & Human-AI Decisions",2007,1,0
124,Peer & Crowd Feedback,"Crowds, Data & Human-AI Decisions",2008,1,3
124,Peer & Crowd Feedback,"Crowds, Data & Human-AI Decisions",2009,1,5
124,Peer & Crowd Feedback,"Crowds, Data & Human-AI Decisions",2010,1,2
124,Peer & Crowd Feedback,"Crowds, Data & Human-AI Decisions",2011,1,4
124,Peer & Crowd Feedback,"Crowds, Data & Human-AI Decisions",2012,0,5
124,Peer & Crowd Feedback,"Crowds, Data & Human-AI Decisions",2013,1,5
124,Peer & Crowd Feedback,"Crowds, Data & Human-AI Decisions",2014,1,2
124,Peer & Crowd Feedback,"Crowds, Data & Human-AI Decisions",2015,2,2
124,Peer & Crowd Feedback,"Crowds, Data & Human-AI Decisions",2016,4,4
124,Peer & Crowd Feedback,"Crowds, Data & Human-AI Decisions",2017,4,12
124,Peer & Crowd Feedback,"Crowds, Data & Human-AI Decisions",2018,4,14
124,Peer & Crowd Feedback,"Crowds, Data & Human-AI Decisions",2019,2,7
124,Peer & Crowd Feedback,"Crowds, Data & Human-AI Decisions",2020,2,12
124,Peer & Crowd Feedback,"Crowds, Data & Human-AI Decisions",2021,2,20
124,Peer & Crowd Feedback,"Crowds, Data & Human-AI Decisions",2022,0,6
124,Peer & Crowd Feedback,"Crowds, Data & Human-AI Decisions",2023,3,23
124,Peer & Crowd Feedback,"Crowds, Data & Human-AI Decisions",2024,0,14
124,Peer & Crowd Feedback,"Crowds, Data & Human-AI Decisions",2025,1,25
124,Peer & Crowd Feedback,"Crowds, Data & Human-AI Decisions",2026,1,26
125,Computational Notebooks,"Crowds, Data & Human-AI Decisions",1982,1,0
125,Computational Notebooks,"Crowds, Data & Human-AI Decisions",1986,1,0
125,Computational Notebooks,"Crowds, Data & Human-AI Decisions",1989,0,2
125,Computational Notebooks,"Crowds, Data & Human-AI Decisions",2004,1,0
125,Computational Notebooks,"Crowds, Data & Human-AI Decisions",2007,1,1
125,Computational Notebooks,"Crowds, Data & Human-AI Decisions",2008,1,0
125,Computational Notebooks,"Crowds, Data & Human-AI Decisions",2012,0,1
125,Computational Notebooks,"Crowds, Data & Human-AI Decisions",2013,0,2
125,Computational Notebooks,"Crowds, Data & Human-AI Decisions",2014,0,1
125,Computational Notebooks,"Crowds, Data & Human-AI Decisions",2016,1,1
125,Computational Notebooks,"Crowds, Data & Human-AI Decisions",2017,3,4
125,Computational Notebooks,"Crowds, Data & Human-AI Decisions",2018,6,10
125,Computational Notebooks,"Crowds, Data & Human-AI Decisions",2019,4,18
125,Computational Notebooks,"Crowds, Data & Human-AI Decisions",2020,6,36
125,Computational Notebooks,"Crowds, Data & Human-AI Decisions",2021,11,57
125,Computational Notebooks,"Crowds, Data & Human-AI Decisions",2022,5,54
125,Computational Notebooks,"Crowds, Data & Human-AI Decisions",2023,9,122
125,Computational Notebooks,"Crowds, Data & Human-AI Decisions",2024,5,97
125,Computational Notebooks,"Crowds, Data & Human-AI Decisions",2025,6,123
125,Computational Notebooks,"Crowds, Data & Human-AI Decisions",2026,10,97
126,Social Media & Mental Health,"Work, Community & Society",1996,1,0
126,Social Media & Mental Health,"Work, Community & Society",2003,1,0
126,Social Media & Mental Health,"Work, Community & Society",2004,0,2
126,Social Media & Mental Health,"Work, Community & Society",2005,0,3
126,Social Media & Mental Health,"Work, Community & Society",2006,1,7
126,Social Media & Mental Health,"Work, Community & Society",2007,2,4
126,Social Media & Mental Health,"Work, Community & Society",2008,2,5
126,Social Media & Mental Health,"Work, Community & Society",2009,3,11
126,Social Media & Mental Health,"Work, Community & Society",2010,9,22
126,Social Media & Mental Health,"Work, Community & Society",2011,11,40
126,Social Media & Mental Health,"Work, Community & Society",2012,10,44
126,Social Media & Mental Health,"Work, Community & Society",2013,17,47
126,Social Media & Mental Health,"Work, Community & Society",2014,15,63
126,Social Media & Mental Health,"Work, Community & Society",2015,15,66
126,Social Media & Mental Health,"Work, Community & Society",2016,19,119
126,Social Media & Mental Health,"Work, Community & Society",2017,18,114
126,Social Media & Mental Health,"Work, Community & Society",2018,15,130
126,Social Media & Mental Health,"Work, Community & Society",2019,14,156
126,Social Media & Mental Health,"Work, Community & Society",2020,20,157
126,Social Media & Mental Health,"Work, Community & Society",2021,11,162
126,Social Media & Mental Health,"Work, Community & Society",2022,8,133
126,Social Media & Mental Health,"Work, Community & Society",2023,18,177
126,Social Media & Mental Health,"Work, Community & Society",2024,16,213
126,Social Media & Mental Health,"Work, Community & Society",2025,9,172
126,Social Media & Mental Health,"Work, Community & Society",2026,20,238
127,ICTD & Rural Communities,"Work, Community & Society",1997,1,0
127,ICTD & Rural Communities,"Work, Community & Society",2006,1,2
127,ICTD & Rural Communities,"Work, Community & Society",2007,4,2
127,ICTD & Rural Communities,"Work, Community & Society",2008,8,7
127,ICTD & Rural Communities,"Work, Community & Society",2009,6,14
127,ICTD & Rural Communities,"Work, Community & Society",2010,13,18
127,ICTD & Rural Communities,"Work, Community & Society",2011,12,45
127,ICTD & Rural Communities,"Work, Community & Society",2012,11,30
127,ICTD & Rural Communities,"Work, Community & Society",2013,10,44
127,ICTD & Rural Communities,"Work, Community & Society",2014,7,35
127,ICTD & Rural Communities,"Work, Community & Society",2015,7,40
127,ICTD & Rural Communities,"Work, Community & Society",2016,7,63
127,ICTD & Rural Communities,"Work, Community & Society",2017,17,123
127,ICTD & Rural Communities,"Work, Community & Society",2018,18,137
127,ICTD & Rural Communities,"Work, Community & Society",2019,21,161
127,ICTD & Rural Communities,"Work, Community & Society",2020,19,148
127,ICTD & Rural Communities,"Work, Community & Society",2021,17,192
127,ICTD & Rural Communities,"Work, Community & Society",2022,12,184
127,ICTD & Rural Communities,"Work, Community & Society",2023,8,144
127,ICTD & Rural Communities,"Work, Community & Society",2024,24,284
127,ICTD & Rural Communities,"Work, Community & Society",2025,13,223
127,ICTD & Rural Communities,"Work, Community & Society",2026,21,299
128,Wikipedia & Open Source,"Work, Community & Society",1998,1,0
128,Wikipedia & Open Source,"Work, Community & Society",2000,1,1
128,Wikipedia & Open Source,"Work, Community & Society",2001,1,0
128,Wikipedia & Open Source,"Work, Community & Society",2002,2,1
128,Wikipedia & Open Source,"Work, Community & Society",2003,0,2
128,Wikipedia & Open Source,"Work, Community & Society",2004,2,3
128,Wikipedia & Open Source,"Work, Community & Society",2005,2,5
128,Wikipedia & Open Source,"Work, Community & Society",2006,4,10
128,Wikipedia & Open Source,"Work, Community & Society",2007,3,5
128,Wikipedia & Open Source,"Work, Community & Society",2008,7,13
128,Wikipedia & Open Source,"Work, Community & Society",2009,13,26
128,Wikipedia & Open Source,"Work, Community & Society",2010,17,52
128,Wikipedia & Open Source,"Work, Community & Society",2011,12,38
128,Wikipedia & Open Source,"Work, Community & Society",2012,12,41
128,Wikipedia & Open Source,"Work, Community & Society",2013,7,45
128,Wikipedia & Open Source,"Work, Community & Society",2014,10,28
128,Wikipedia & Open Source,"Work, Community & Society",2015,11,44
128,Wikipedia & Open Source,"Work, Community & Society",2016,9,56
128,Wikipedia & Open Source,"Work, Community & Society",2017,8,48
128,Wikipedia & Open Source,"Work, Community & Society",2018,8,56
128,Wikipedia & Open Source,"Work, Community & Society",2019,7,56
128,Wikipedia & Open Source,"Work, Community & Society",2020,7,41
128,Wikipedia & Open Source,"Work, Community & Society",2021,1,27
128,Wikipedia & Open Source,"Work, Community & Society",2022,7,42
128,Wikipedia & Open Source,"Work, Community & Society",2023,5,56
128,Wikipedia & Open Source,"Work, Community & Society",2024,5,65
128,Wikipedia & Open Source,"Work, Community & Society",2025,2,50
128,Wikipedia & Open Source,"Work, Community & Society",2026,6,42
129,Crisis Informatics,"Work, Community & Society",2007,1,0
129,Crisis Informatics,"Work, Community & Society",2008,1,0
129,Crisis Informatics,"Work, Community & Society",2009,2,1
129,Crisis Informatics,"Work, Community & Society",2010,4,5
129,Crisis Informatics,"Work, Community & Society",2011,7,8
129,Crisis Informatics,"Work, Community & Society",2012,5,16
129,Crisis Informatics,"Work, Community & Society",2013,5,12
129,Crisis Informatics,"Work, Community & Society",2014,7,20
129,Crisis Informatics,"Work, Community & Society",2015,9,29
129,Crisis Informatics,"Work, Community & Society",2016,8,28
129,Crisis Informatics,"Work, Community & Society",2017,6,28
129,Crisis Informatics,"Work, Community & Society",2018,16,62
129,Crisis Informatics,"Work, Community & Society",2019,8,42
129,Crisis Informatics,"Work, Community & Society",2020,10,34
129,Crisis Informatics,"Work, Community & Society",2021,9,57
129,Crisis Informatics,"Work, Community & Society",2022,14,82
129,Crisis Informatics,"Work, Community & Society",2023,12,81
129,Crisis Informatics,"Work, Community & Society",2024,15,123
129,Crisis Informatics,"Work, Community & Society",2025,18,155
129,Crisis Informatics,"Work, Community & Society",2026,24,181
130,Gender & Algorithmic Bias,"Work, Community & Society",1983,1,0
130,Gender & Algorithmic Bias,"Work, Community & Society",2009,1,0
130,Gender & Algorithmic Bias,"Work, Community & Society",2012,3,0
130,Gender & Algorithmic Bias,"Work, Community & Society",2014,2,0
130,Gender & Algorithmic Bias,"Work, Community & Society",2015,7,4
130,Gender & Algorithmic Bias,"Work, Community & Society",2016,6,13
130,Gender & Algorithmic Bias,"Work, Community & Society",2017,9,31
130,Gender & Algorithmic Bias,"Work, Community & Society",2018,16,86
130,Gender & Algorithmic Bias,"Work, Community & Society",2019,6,67
130,Gender & Algorithmic Bias,"Work, Community & Society",2020,11,71
130,Gender & Algorithmic Bias,"Work, Community & Society",2021,16,140
130,Gender & Algorithmic Bias,"Work, Community & Society",2022,9,119
130,Gender & Algorithmic Bias,"Work, Community & Society",2023,21,157
130,Gender & Algorithmic Bias,"Work, Community & Society",2024,19,210
130,Gender & Algorithmic Bias,"Work, Community & Society",2025,35,325
130,Gender & Algorithmic Bias,"Work, Community & Society",2026,32,338
131,Civic Participation,"Work, Community & Society",2001,1,0
131,Civic Participation,"Work, Community & Society",2005,1,0
131,Civic Participation,"Work, Community & Society",2006,0,1
131,Civic Participation,"Work, Community & Society",2008,1,0
131,Civic Participation,"Work, Community & Society",2009,1,1
131,Civic Participation,"Work, Community & Society",2010,3,2
131,Civic Participation,"Work, Community & Society",2011,4,6
131,Civic Participation,"Work, Community & Society",2012,4,19
131,Civic Participation,"Work, Community & Society",2013,3,24
131,Civic Participation,"Work, Community & Society",2014,5,20
131,Civic Participation,"Work, Community & Society",2015,9,20
131,Civic Participation,"Work, Community & Society",2016,7,64
131,Civic Participation,"Work, Community & Society",2017,11,116
131,Civic Participation,"Work, Community & Society",2018,11,134
131,Civic Participation,"Work, Community & Society",2019,12,97
131,Civic Participation,"Work, Community & Society",2020,11,115
131,Civic Participation,"Work, Community & Society",2021,14,122
131,Civic Participation,"Work, Community & Society",2022,9,121
131,Civic Participation,"Work, Community & Society",2023,9,183
131,Civic Participation,"Work, Community & Society",2024,10,182
131,Civic Participation,"Work, Community & Society",2025,22,264
131,Civic Participation,"Work, Community & Society",2026,31,364
132,Moderation & Online Harassment,"Work, Community & Society",1985,1,0
132,Moderation & Online Harassment,"Work, Community & Society",1989,1,0
132,Moderation & Online Harassment,"Work, Community & Society",2004,1,0
132,Moderation & Online Harassment,"Work, Community & Society",2005,0,2
132,Moderation & Online Harassment,"Work, Community & Society",2006,0,1
132,Moderation & Online Harassment,"Work, Community & Society",2007,0,1
132,Moderation & Online Harassment,"Work, Community & Society",2008,0,1
132,Moderation & Online Harassment,"Work, Community & Society",2010,0,3
132,Moderation & Online Harassment,"Work, Community & Society",2011,1,2
132,Moderation & Online Harassment,"Work, Community & Society",2012,3,3
132,Moderation & Online Harassment,"Work, Community & Society",2013,1,2
132,Moderation & Online Harassment,"Work, Community & Society",2014,1,3
132,Moderation & Online Harassment,"Work, Community & Society",2015,0,3
132,Moderation & Online Harassment,"Work, Community & Society",2016,6,8
132,Moderation & Online Harassment,"Work, Community & Society",2017,4,11
132,Moderation & Online Harassment,"Work, Community & Society",2018,6,27
132,Moderation & Online Harassment,"Work, Community & Society",2019,4,21
132,Moderation & Online Harassment,"Work, Community & Society",2020,5,18
132,Moderation & Online Harassment,"Work, Community & Society",2021,6,37
132,Moderation & Online Harassment,"Work, Community & Society",2022,8,59
132,Moderation & Online Harassment,"Work, Community & Society",2023,13,100
132,Moderation & Online Harassment,"Work, Community & Society",2024,17,109
132,Moderation & Online Harassment,"Work, Community & Society",2025,22,172
132,Moderation & Online Harassment,"Work, Community & Society",2026,23,208
133,Gig Work & Labor,"Work, Community & Society",1997,1,0
133,Gig Work & Labor,"Work, Community & Society",2010,4,0
133,Gig Work & Labor,"Work, Community & Society",2011,1,6
133,Gig Work & Labor,"Work, Community & Society",2012,2,6
133,Gig Work & Labor,"Work, Community & Society",2013,2,1
133,Gig Work & Labor,"Work, Community & Society",2014,4,3
133,Gig Work & Labor,"Work, Community & Society",2015,8,20
133,Gig Work & Labor,"Work, Community & Society",2016,6,34
133,Gig Work & Labor,"Work, Community & Society",2017,7,62
133,Gig Work & Labor,"Work, Community & Society",2018,11,94
133,Gig Work & Labor,"Work, Community & Society",2019,8,57
133,Gig Work & Labor,"Work, Community & Society",2020,10,66
133,Gig Work & Labor,"Work, Community & Society",2021,8,78
133,Gig Work & Labor,"Work, Community & Society",2022,12,74
133,Gig Work & Labor,"Work, Community & Society",2023,8,75
133,Gig Work & Labor,"Work, Community & Society",2024,16,136
133,Gig Work & Labor,"Work, Community & Society",2025,11,140
133,Gig Work & Labor,"Work, Community & Society",2026,13,155
134,"Gender, Intimacy & Safety","Work, Community & Society",2007,1,0
134,"Gender, Intimacy & Safety","Work, Community & Society",2008,1,2
134,"Gender, Intimacy & Safety","Work, Community & Society",2009,1,4
134,"Gender, Intimacy & Safety","Work, Community & Society",2010,2,0
134,"Gender, Intimacy & Safety","Work, Community & Society",2011,3,7
134,"Gender, Intimacy & Safety","Work, Community & Society",2012,0,9
134,"Gender, Intimacy & Safety","Work, Community & Society",2013,2,8
134,"Gender, Intimacy & Safety","Work, Community & Society",2014,1,11
134,"Gender, Intimacy & Safety","Work, Community & Society",2015,2,10
134,"Gender, Intimacy & Safety","Work, Community & Society",2016,3,30
134,"Gender, Intimacy & Safety","Work, Community & Society",2017,5,45
134,"Gender, Intimacy & Safety","Work, Community & Society",2018,8,51
134,"Gender, Intimacy & Safety","Work, Community & Society",2019,10,91
134,"Gender, Intimacy & Safety","Work, Community & Society",2020,13,110
134,"Gender, Intimacy & Safety","Work, Community & Society",2021,13,167
134,"Gender, Intimacy & Safety","Work, Community & Society",2022,12,134
134,"Gender, Intimacy & Safety","Work, Community & Society",2023,18,198
134,"Gender, Intimacy & Safety","Work, Community & Society",2024,18,248
134,"Gender, Intimacy & Safety","Work, Community & Society",2025,20,298
134,"Gender, Intimacy & Safety","Work, Community & Society",2026,33,436
135,Enterprise Social Media & Crowdfunding,"Work, Community & Society",2003,1,0
135,Enterprise Social Media & Crowdfunding,"Work, Community & Society",2004,0,1
135,Enterprise Social Media & Crowdfunding,"Work, Community & Society",2006,1,1
135,Enterprise Social Media & Crowdfunding,"Work, Community & Society",2007,1,3
135,Enterprise Social Media & Crowdfunding,"Work, Community & Society",2008,8,6
135,Enterprise Social Media & Crowdfunding,"Work, Community & Society",2009,4,12
135,Enterprise Social Media & Crowdfunding,"Work, Community & Society",2010,7,22
135,Enterprise Social Media & Crowdfunding,"Work, Community & Society",2011,6,16
135,Enterprise Social Media & Crowdfunding,"Work, Community & Society",2012,4,21
135,Enterprise Social Media & Crowdfunding,"Work, Community & Society",2013,1,8
135,Enterprise Social Media & Crowdfunding,"Work, Community & Society",2014,5,10
135,Enterprise Social Media & Crowdfunding,"Work, Community & Society",2015,3,10
135,Enterprise Social Media & Crowdfunding,"Work, Community & Society",2016,6,15
135,Enterprise Social Media & Crowdfunding,"Work, Community & Society",2017,2,14
135,Enterprise Social Media & Crowdfunding,"Work, Community & Society",2018,4,24
135,Enterprise Social Media & Crowdfunding,"Work, Community & Society",2019,0,11
135,Enterprise Social Media & Crowdfunding,"Work, Community & Society",2020,1,9
135,Enterprise Social Media & Crowdfunding,"Work, Community & Society",2021,0,9
135,Enterprise Social Media & Crowdfunding,"Work, Community & Society",2022,2,9
135,Enterprise Social Media & Crowdfunding,"Work, Community & Society",2023,0,10
135,Enterprise Social Media & Crowdfunding,"Work, Community & Society",2024,1,11
135,Enterprise Social Media & Crowdfunding,"Work, Community & Society",2025,1,16
135,Enterprise Social Media & Crowdfunding,"Work, Community & Society",2026,0,10
136,"Refugees, Hackathons & Crypto","Work, Community & Society",1995,1,0
136,"Refugees, Hackathons & Crypto","Work, Community & Society",2010,1,1
136,"Refugees, Hackathons & Crypto","Work, Community & Society",2014,1,0
136,"Refugees, Hackathons & Crypto","Work, Community & Society",2015,1,0
136,"Refugees, Hackathons & Crypto","Work, Community & Society",2016,3,2
136,"Refugees, Hackathons & Crypto","Work, Community & Society",2017,3,3
136,"Refugees, Hackathons & Crypto","Work, Community & Society",2018,4,16
136,"Refugees, Hackathons & Crypto","Work, Community & Society",2019,2,15
136,"Refugees, Hackathons & Crypto","Work, Community & Society",2020,4,29
136,"Refugees, Hackathons & Crypto","Work, Community & Society",2021,4,33
136,"Refugees, Hackathons & Crypto","Work, Community & Society",2022,2,18
136,"Refugees, Hackathons & Crypto","Work, Community & Society",2023,4,19
136,"Refugees, Hackathons & Crypto","Work, Community & Society",2024,6,38
136,"Refugees, Hackathons & Crypto","Work, Community & Society",2025,10,56
136,"Refugees, Hackathons & Crypto","Work, Community & Society",2026,9,71
