sub,name,band,year,refs,same_sub_share,same_band_share,other_band_share,mean_age_same_sub
0,Activity Recognition & Sensing,Sensing & Input Techniques,1997,1,0.0,1.0,0.0,
0,Activity Recognition & Sensing,Sensing & Input Techniques,2001,1,1.0,0.0,0.0,6.0
0,Activity Recognition & Sensing,Sensing & Input Techniques,2003,2,0.5,0.0,0.5,2.0
0,Activity Recognition & Sensing,Sensing & Input Techniques,2004,1,0.0,0.0,1.0,
0,Activity Recognition & Sensing,Sensing & Input Techniques,2005,1,1.0,0.0,0.0,2.0
0,Activity Recognition & Sensing,Sensing & Input Techniques,2006,6,0.667,0.0,0.333,2.0
0,Activity Recognition & Sensing,Sensing & Input Techniques,2007,3,0.667,0.333,0.0,2.5
0,Activity Recognition & Sensing,Sensing & Input Techniques,2008,25,0.36,0.08,0.56,3.0
0,Activity Recognition & Sensing,Sensing & Input Techniques,2009,8,0.5,0.375,0.125,3.75
0,Activity Recognition & Sensing,Sensing & Input Techniques,2010,12,0.5,0.0,0.5,5.0
0,Activity Recognition & Sensing,Sensing & Input Techniques,2011,17,0.412,0.353,0.235,6.14
0,Activity Recognition & Sensing,Sensing & Input Techniques,2012,56,0.339,0.125,0.536,4.42
0,Activity Recognition & Sensing,Sensing & Input Techniques,2013,29,0.552,0.069,0.379,3.38
0,Activity Recognition & Sensing,Sensing & Input Techniques,2014,89,0.36,0.36,0.281,3.81
0,Activity Recognition & Sensing,Sensing & Input Techniques,2015,94,0.5,0.106,0.394,3.43
0,Activity Recognition & Sensing,Sensing & Input Techniques,2016,158,0.519,0.304,0.177,2.82
0,Activity Recognition & Sensing,Sensing & Input Techniques,2017,181,0.547,0.21,0.243,2.75
0,Activity Recognition & Sensing,Sensing & Input Techniques,2018,361,0.587,0.186,0.227,3.04
0,Activity Recognition & Sensing,Sensing & Input Techniques,2019,402,0.654,0.137,0.209,2.82
0,Activity Recognition & Sensing,Sensing & Input Techniques,2020,482,0.666,0.178,0.156,2.99
0,Activity Recognition & Sensing,Sensing & Input Techniques,2021,679,0.68,0.135,0.184,3.39
0,Activity Recognition & Sensing,Sensing & Input Techniques,2022,811,0.693,0.143,0.164,3.42
0,Activity Recognition & Sensing,Sensing & Input Techniques,2023,1008,0.699,0.126,0.175,3.45
0,Activity Recognition & Sensing,Sensing & Input Techniques,2024,990,0.757,0.125,0.118,3.8
0,Activity Recognition & Sensing,Sensing & Input Techniques,2025,1129,0.803,0.062,0.135,4.1
0,Activity Recognition & Sensing,Sensing & Input Techniques,2026,532,0.607,0.145,0.248,4.19
1,Touch & Multi-touch Input,Sensing & Input Techniques,1978,1,0.0,1.0,0.0,
1,Touch & Multi-touch Input,Sensing & Input Techniques,1983,2,0.5,0.0,0.5,0.0
1,Touch & Multi-touch Input,Sensing & Input Techniques,1984,2,0.0,1.0,0.0,
1,Touch & Multi-touch Input,Sensing & Input Techniques,1985,1,1.0,0.0,0.0,0.0
1,Touch & Multi-touch Input,Sensing & Input Techniques,1988,2,0.5,0.5,0.0,5.0
1,Touch & Multi-touch Input,Sensing & Input Techniques,1989,3,0.333,0.333,0.333,4.0
1,Touch & Multi-touch Input,Sensing & Input Techniques,1990,11,0.182,0.273,0.545,1.0
1,Touch & Multi-touch Input,Sensing & Input Techniques,1991,1,1.0,0.0,0.0,3.0
1,Touch & Multi-touch Input,Sensing & Input Techniques,1992,4,0.5,0.5,0.0,2.5
1,Touch & Multi-touch Input,Sensing & Input Techniques,1994,13,0.385,0.385,0.231,4.8
1,Touch & Multi-touch Input,Sensing & Input Techniques,1995,4,0.25,0.5,0.25,1.0
1,Touch & Multi-touch Input,Sensing & Input Techniques,1996,7,0.714,0.286,0.0,5.4
1,Touch & Multi-touch Input,Sensing & Input Techniques,1997,24,0.208,0.542,0.25,7.4
1,Touch & Multi-touch Input,Sensing & Input Techniques,1998,36,0.389,0.333,0.278,3.71
1,Touch & Multi-touch Input,Sensing & Input Techniques,1999,58,0.448,0.345,0.207,2.92
1,Touch & Multi-touch Input,Sensing & Input Techniques,2000,74,0.446,0.243,0.311,4.21
1,Touch & Multi-touch Input,Sensing & Input Techniques,2001,9,0.444,0.222,0.333,1.25
1,Touch & Multi-touch Input,Sensing & Input Techniques,2002,39,0.41,0.282,0.308,5.56
1,Touch & Multi-touch Input,Sensing & Input Techniques,2003,48,0.458,0.271,0.271,4.23
1,Touch & Multi-touch Input,Sensing & Input Techniques,2004,106,0.406,0.226,0.368,6.4
1,Touch & Multi-touch Input,Sensing & Input Techniques,2005,126,0.468,0.31,0.222,6.41
1,Touch & Multi-touch Input,Sensing & Input Techniques,2006,160,0.506,0.237,0.256,5.59
1,Touch & Multi-touch Input,Sensing & Input Techniques,2007,222,0.55,0.252,0.198,5.75
1,Touch & Multi-touch Input,Sensing & Input Techniques,2008,238,0.529,0.282,0.189,6.41
1,Touch & Multi-touch Input,Sensing & Input Techniques,2009,254,0.563,0.291,0.146,6.11
1,Touch & Multi-touch Input,Sensing & Input Techniques,2010,281,0.544,0.235,0.221,5.34
1,Touch & Multi-touch Input,Sensing & Input Techniques,2011,419,0.594,0.251,0.155,6.43
1,Touch & Multi-touch Input,Sensing & Input Techniques,2012,400,0.557,0.228,0.215,6.59
1,Touch & Multi-touch Input,Sensing & Input Techniques,2013,443,0.587,0.244,0.169,6.01
1,Touch & Multi-touch Input,Sensing & Input Techniques,2014,499,0.601,0.214,0.184,6.75
1,Touch & Multi-touch Input,Sensing & Input Techniques,2015,280,0.589,0.211,0.2,5.53
1,Touch & Multi-touch Input,Sensing & Input Techniques,2016,451,0.561,0.293,0.146,7.06
1,Touch & Multi-touch Input,Sensing & Input Techniques,2017,617,0.583,0.219,0.198,7.25
1,Touch & Multi-touch Input,Sensing & Input Techniques,2018,612,0.65,0.252,0.098,6.66
1,Touch & Multi-touch Input,Sensing & Input Techniques,2019,515,0.538,0.258,0.204,7.88
1,Touch & Multi-touch Input,Sensing & Input Techniques,2020,526,0.561,0.245,0.194,7.86
1,Touch & Multi-touch Input,Sensing & Input Techniques,2021,554,0.46,0.251,0.289,8.77
1,Touch & Multi-touch Input,Sensing & Input Techniques,2022,463,0.479,0.238,0.283,9.73
1,Touch & Multi-touch Input,Sensing & Input Techniques,2023,255,0.565,0.247,0.188,8.51
1,Touch & Multi-touch Input,Sensing & Input Techniques,2024,357,0.538,0.261,0.202,9.44
1,Touch & Multi-touch Input,Sensing & Input Techniques,2025,394,0.419,0.327,0.254,10.91
1,Touch & Multi-touch Input,Sensing & Input Techniques,2026,118,0.415,0.22,0.364,8.84
2,Hand Sensing & Input,Sensing & Input Techniques,1995,5,0.0,0.2,0.8,
2,Hand Sensing & Input,Sensing & Input Techniques,1997,1,1.0,0.0,0.0,2.0
2,Hand Sensing & Input,Sensing & Input Techniques,1999,5,0.0,0.8,0.2,
2,Hand Sensing & Input,Sensing & Input Techniques,2000,8,0.25,0.75,0.0,1.5
2,Hand Sensing & Input,Sensing & Input Techniques,2001,4,0.75,0.25,0.0,4.67
2,Hand Sensing & Input,Sensing & Input Techniques,2004,4,0.0,0.0,1.0,
2,Hand Sensing & Input,Sensing & Input Techniques,2005,14,0.214,0.357,0.429,5.67
2,Hand Sensing & Input,Sensing & Input Techniques,2006,11,0.091,0.182,0.727,5.0
2,Hand Sensing & Input,Sensing & Input Techniques,2007,22,0.182,0.273,0.545,3.5
2,Hand Sensing & Input,Sensing & Input Techniques,2008,18,0.222,0.556,0.222,1.5
2,Hand Sensing & Input,Sensing & Input Techniques,2009,58,0.207,0.517,0.276,2.92
2,Hand Sensing & Input,Sensing & Input Techniques,2010,58,0.379,0.293,0.328,3.32
2,Hand Sensing & Input,Sensing & Input Techniques,2011,134,0.328,0.455,0.216,3.5
2,Hand Sensing & Input,Sensing & Input Techniques,2012,162,0.457,0.321,0.222,2.77
2,Hand Sensing & Input,Sensing & Input Techniques,2013,158,0.506,0.323,0.171,3.64
2,Hand Sensing & Input,Sensing & Input Techniques,2014,272,0.526,0.243,0.232,3.36
2,Hand Sensing & Input,Sensing & Input Techniques,2015,450,0.569,0.213,0.218,3.68
2,Hand Sensing & Input,Sensing & Input Techniques,2016,464,0.612,0.205,0.183,3.66
2,Hand Sensing & Input,Sensing & Input Techniques,2017,627,0.515,0.195,0.29,4.03
2,Hand Sensing & Input,Sensing & Input Techniques,2018,633,0.531,0.234,0.235,4.6
2,Hand Sensing & Input,Sensing & Input Techniques,2019,808,0.541,0.2,0.259,4.67
2,Hand Sensing & Input,Sensing & Input Techniques,2020,717,0.503,0.232,0.265,5.2
2,Hand Sensing & Input,Sensing & Input Techniques,2021,800,0.492,0.269,0.239,5.88
2,Hand Sensing & Input,Sensing & Input Techniques,2022,911,0.504,0.235,0.261,5.47
2,Hand Sensing & Input,Sensing & Input Techniques,2023,1132,0.515,0.24,0.245,6.94
2,Hand Sensing & Input,Sensing & Input Techniques,2024,936,0.49,0.235,0.275,6.37
2,Hand Sensing & Input,Sensing & Input Techniques,2025,1301,0.537,0.202,0.261,6.77
2,Hand Sensing & Input,Sensing & Input Techniques,2026,512,0.521,0.279,0.199,6.45
3,Gaze in VR,Sensing & Input Techniques,1982,1,1.0,0.0,0.0,2.0
3,Gaze in VR,Sensing & Input Techniques,1983,1,0.0,0.0,1.0,
3,Gaze in VR,Sensing & Input Techniques,1986,1,1.0,0.0,0.0,3.0
3,Gaze in VR,Sensing & Input Techniques,1988,1,1.0,0.0,0.0,2.0
3,Gaze in VR,Sensing & Input Techniques,1989,1,0.0,1.0,0.0,
3,Gaze in VR,Sensing & Input Techniques,1990,17,0.882,0.059,0.059,5.67
3,Gaze in VR,Sensing & Input Techniques,1991,4,0.5,0.5,0.0,2.0
3,Gaze in VR,Sensing & Input Techniques,1992,18,0.5,0.444,0.056,5.89
3,Gaze in VR,Sensing & Input Techniques,1993,3,0.667,0.0,0.333,4.0
3,Gaze in VR,Sensing & Input Techniques,1994,30,0.267,0.533,0.2,6.38
3,Gaze in VR,Sensing & Input Techniques,1995,9,0.333,0.333,0.333,11.33
3,Gaze in VR,Sensing & Input Techniques,1996,20,0.4,0.3,0.3,2.5
3,Gaze in VR,Sensing & Input Techniques,1997,18,0.667,0.056,0.278,3.58
3,Gaze in VR,Sensing & Input Techniques,1998,7,0.714,0.286,0.0,9.2
3,Gaze in VR,Sensing & Input Techniques,1999,16,0.5,0.375,0.125,7.75
3,Gaze in VR,Sensing & Input Techniques,2000,51,0.608,0.216,0.176,6.9
3,Gaze in VR,Sensing & Input Techniques,2001,9,0.667,0.222,0.111,8.5
3,Gaze in VR,Sensing & Input Techniques,2002,28,0.536,0.179,0.286,9.73
3,Gaze in VR,Sensing & Input Techniques,2003,35,0.4,0.257,0.343,9.57
3,Gaze in VR,Sensing & Input Techniques,2004,49,0.306,0.286,0.408,5.73
3,Gaze in VR,Sensing & Input Techniques,2005,68,0.544,0.279,0.176,10.27
3,Gaze in VR,Sensing & Input Techniques,2006,71,0.38,0.296,0.324,7.78
3,Gaze in VR,Sensing & Input Techniques,2007,19,0.368,0.368,0.263,5.0
3,Gaze in VR,Sensing & Input Techniques,2008,47,0.553,0.362,0.085,10.96
3,Gaze in VR,Sensing & Input Techniques,2009,45,0.4,0.333,0.267,6.06
3,Gaze in VR,Sensing & Input Techniques,2010,98,0.408,0.388,0.204,10.12
3,Gaze in VR,Sensing & Input Techniques,2011,94,0.351,0.362,0.287,11.61
3,Gaze in VR,Sensing & Input Techniques,2012,114,0.43,0.316,0.254,7.06
3,Gaze in VR,Sensing & Input Techniques,2013,118,0.585,0.246,0.169,10.45
3,Gaze in VR,Sensing & Input Techniques,2014,138,0.449,0.254,0.297,7.68
3,Gaze in VR,Sensing & Input Techniques,2015,173,0.543,0.266,0.191,8.8
3,Gaze in VR,Sensing & Input Techniques,2016,213,0.563,0.221,0.216,6.94
3,Gaze in VR,Sensing & Input Techniques,2017,320,0.556,0.222,0.222,7.35
3,Gaze in VR,Sensing & Input Techniques,2018,388,0.5,0.247,0.253,9.05
3,Gaze in VR,Sensing & Input Techniques,2019,562,0.489,0.258,0.253,8.73
3,Gaze in VR,Sensing & Input Techniques,2020,517,0.464,0.309,0.226,9.39
3,Gaze in VR,Sensing & Input Techniques,2021,492,0.463,0.27,0.266,9.82
3,Gaze in VR,Sensing & Input Techniques,2022,528,0.57,0.273,0.157,8.3
3,Gaze in VR,Sensing & Input Techniques,2023,550,0.522,0.235,0.244,9.69
3,Gaze in VR,Sensing & Input Techniques,2024,590,0.544,0.229,0.227,9.6
3,Gaze in VR,Sensing & Input Techniques,2025,701,0.549,0.22,0.231,8.78
3,Gaze in VR,Sensing & Input Techniques,2026,359,0.582,0.173,0.245,9.57
4,Pointing & Target Selection,Sensing & Input Techniques,1983,1,1.0,0.0,0.0,1.0
4,Pointing & Target Selection,Sensing & Input Techniques,1985,1,1.0,0.0,0.0,3.0
4,Pointing & Target Selection,Sensing & Input Techniques,1986,3,0.333,0.333,0.333,4.0
4,Pointing & Target Selection,Sensing & Input Techniques,1988,5,0.6,0.0,0.4,4.0
4,Pointing & Target Selection,Sensing & Input Techniques,1989,2,0.5,0.0,0.5,7.0
4,Pointing & Target Selection,Sensing & Input Techniques,1991,3,0.333,0.333,0.333,1.0
4,Pointing & Target Selection,Sensing & Input Techniques,1992,15,0.333,0.333,0.333,1.4
4,Pointing & Target Selection,Sensing & Input Techniques,1994,11,0.727,0.091,0.182,5.25
4,Pointing & Target Selection,Sensing & Input Techniques,1995,8,0.5,0.25,0.25,10.5
4,Pointing & Target Selection,Sensing & Input Techniques,1996,5,0.6,0.2,0.2,4.0
4,Pointing & Target Selection,Sensing & Input Techniques,1997,10,0.4,0.5,0.1,3.25
4,Pointing & Target Selection,Sensing & Input Techniques,1998,14,0.857,0.071,0.071,6.33
4,Pointing & Target Selection,Sensing & Input Techniques,1999,17,0.824,0.118,0.059,4.07
4,Pointing & Target Selection,Sensing & Input Techniques,2000,55,0.309,0.4,0.291,5.94
4,Pointing & Target Selection,Sensing & Input Techniques,2001,37,0.595,0.243,0.162,6.36
4,Pointing & Target Selection,Sensing & Input Techniques,2002,27,0.63,0.37,0.0,5.0
4,Pointing & Target Selection,Sensing & Input Techniques,2003,51,0.647,0.196,0.157,4.82
4,Pointing & Target Selection,Sensing & Input Techniques,2004,113,0.549,0.381,0.071,4.82
4,Pointing & Target Selection,Sensing & Input Techniques,2005,75,0.72,0.107,0.173,5.87
4,Pointing & Target Selection,Sensing & Input Techniques,2006,32,0.844,0.094,0.062,5.11
4,Pointing & Target Selection,Sensing & Input Techniques,2007,142,0.711,0.246,0.042,7.46
4,Pointing & Target Selection,Sensing & Input Techniques,2008,217,0.608,0.272,0.12,6.52
4,Pointing & Target Selection,Sensing & Input Techniques,2009,154,0.584,0.312,0.104,6.7
4,Pointing & Target Selection,Sensing & Input Techniques,2010,166,0.723,0.181,0.096,6.7
4,Pointing & Target Selection,Sensing & Input Techniques,2011,245,0.69,0.224,0.086,7.66
4,Pointing & Target Selection,Sensing & Input Techniques,2012,125,0.688,0.168,0.144,7.0
4,Pointing & Target Selection,Sensing & Input Techniques,2013,167,0.629,0.21,0.162,9.49
4,Pointing & Target Selection,Sensing & Input Techniques,2014,225,0.622,0.236,0.142,8.09
4,Pointing & Target Selection,Sensing & Input Techniques,2015,154,0.448,0.344,0.208,8.58
4,Pointing & Target Selection,Sensing & Input Techniques,2016,143,0.594,0.28,0.126,10.05
4,Pointing & Target Selection,Sensing & Input Techniques,2017,178,0.624,0.242,0.135,9.44
4,Pointing & Target Selection,Sensing & Input Techniques,2018,262,0.664,0.229,0.107,11.01
4,Pointing & Target Selection,Sensing & Input Techniques,2019,349,0.619,0.249,0.132,9.9
4,Pointing & Target Selection,Sensing & Input Techniques,2020,398,0.598,0.259,0.143,9.29
4,Pointing & Target Selection,Sensing & Input Techniques,2021,387,0.605,0.245,0.15,9.72
4,Pointing & Target Selection,Sensing & Input Techniques,2022,474,0.589,0.192,0.219,9.8
4,Pointing & Target Selection,Sensing & Input Techniques,2023,362,0.663,0.18,0.157,9.51
4,Pointing & Target Selection,Sensing & Input Techniques,2024,538,0.569,0.236,0.195,9.34
4,Pointing & Target Selection,Sensing & Input Techniques,2025,509,0.544,0.214,0.242,10.16
4,Pointing & Target Selection,Sensing & Input Techniques,2026,374,0.516,0.201,0.283,10.4
5,Information Navigation,Sensing & Input Techniques,1980,1,1.0,0.0,0.0,2.0
5,Information Navigation,Sensing & Input Techniques,1981,1,0.0,1.0,0.0,
5,Information Navigation,Sensing & Input Techniques,1982,2,0.5,0.0,0.5,2.0
5,Information Navigation,Sensing & Input Techniques,1986,1,0.0,1.0,0.0,
5,Information Navigation,Sensing & Input Techniques,1987,3,0.333,0.0,0.667,6.0
5,Information Navigation,Sensing & Input Techniques,1988,2,0.5,0.0,0.5,7.0
5,Information Navigation,Sensing & Input Techniques,1989,8,0.375,0.25,0.375,3.67
5,Information Navigation,Sensing & Input Techniques,1990,15,0.667,0.067,0.267,3.1
5,Information Navigation,Sensing & Input Techniques,1991,20,0.7,0.05,0.25,1.57
5,Information Navigation,Sensing & Input Techniques,1992,39,0.538,0.077,0.385,2.24
5,Information Navigation,Sensing & Input Techniques,1993,43,0.837,0.047,0.116,2.61
5,Information Navigation,Sensing & Input Techniques,1994,88,0.761,0.08,0.159,3.33
5,Information Navigation,Sensing & Input Techniques,1995,122,0.73,0.131,0.139,3.49
5,Information Navigation,Sensing & Input Techniques,1996,85,0.741,0.118,0.141,3.75
5,Information Navigation,Sensing & Input Techniques,1997,37,0.703,0.027,0.27,3.27
5,Information Navigation,Sensing & Input Techniques,1998,89,0.697,0.067,0.236,4.56
5,Information Navigation,Sensing & Input Techniques,1999,78,0.744,0.051,0.205,4.98
5,Information Navigation,Sensing & Input Techniques,2000,100,0.66,0.07,0.27,4.95
5,Information Navigation,Sensing & Input Techniques,2001,88,0.591,0.068,0.341,6.96
5,Information Navigation,Sensing & Input Techniques,2002,125,0.592,0.128,0.28,5.88
5,Information Navigation,Sensing & Input Techniques,2003,93,0.591,0.108,0.301,6.75
5,Information Navigation,Sensing & Input Techniques,2004,115,0.748,0.13,0.122,7.98
5,Information Navigation,Sensing & Input Techniques,2005,111,0.685,0.162,0.153,8.22
5,Information Navigation,Sensing & Input Techniques,2006,152,0.678,0.105,0.217,7.19
5,Information Navigation,Sensing & Input Techniques,2007,125,0.688,0.192,0.12,7.09
5,Information Navigation,Sensing & Input Techniques,2008,269,0.617,0.182,0.201,8.54
5,Information Navigation,Sensing & Input Techniques,2009,70,0.586,0.143,0.271,7.98
5,Information Navigation,Sensing & Input Techniques,2010,82,0.561,0.171,0.268,11.46
5,Information Navigation,Sensing & Input Techniques,2011,111,0.486,0.207,0.306,10.17
5,Information Navigation,Sensing & Input Techniques,2012,124,0.645,0.113,0.242,11.14
5,Information Navigation,Sensing & Input Techniques,2013,158,0.494,0.184,0.323,10.64
5,Information Navigation,Sensing & Input Techniques,2014,134,0.657,0.134,0.209,11.26
5,Information Navigation,Sensing & Input Techniques,2015,112,0.438,0.375,0.188,8.61
5,Information Navigation,Sensing & Input Techniques,2016,81,0.728,0.173,0.099,10.59
5,Information Navigation,Sensing & Input Techniques,2017,55,0.655,0.127,0.218,14.61
5,Information Navigation,Sensing & Input Techniques,2018,52,0.673,0.058,0.269,12.43
5,Information Navigation,Sensing & Input Techniques,2019,39,0.538,0.282,0.179,15.24
5,Information Navigation,Sensing & Input Techniques,2020,73,0.233,0.479,0.288,14.94
5,Information Navigation,Sensing & Input Techniques,2021,12,0.417,0.167,0.417,19.4
5,Information Navigation,Sensing & Input Techniques,2022,23,0.826,0.087,0.087,19.37
5,Information Navigation,Sensing & Input Techniques,2023,74,0.311,0.338,0.351,21.83
5,Information Navigation,Sensing & Input Techniques,2024,36,0.167,0.139,0.694,18.83
5,Information Navigation,Sensing & Input Techniques,2026,35,0.4,0.486,0.114,15.57
6,Text Entry,Sensing & Input Techniques,1995,1,0.0,0.0,1.0,
6,Text Entry,Sensing & Input Techniques,1997,2,0.5,0.0,0.5,2.0
6,Text Entry,Sensing & Input Techniques,1998,1,0.0,1.0,0.0,
6,Text Entry,Sensing & Input Techniques,1999,6,0.333,0.333,0.333,3.0
6,Text Entry,Sensing & Input Techniques,2000,11,0.545,0.273,0.182,1.33
6,Text Entry,Sensing & Input Techniques,2001,16,0.562,0.375,0.062,2.0
6,Text Entry,Sensing & Input Techniques,2002,15,0.8,0.133,0.067,3.5
6,Text Entry,Sensing & Input Techniques,2003,32,0.5,0.406,0.094,3.19
6,Text Entry,Sensing & Input Techniques,2004,37,0.811,0.189,0.0,3.7
6,Text Entry,Sensing & Input Techniques,2005,16,0.938,0.062,0.0,3.8
6,Text Entry,Sensing & Input Techniques,2006,75,0.56,0.333,0.107,4.07
6,Text Entry,Sensing & Input Techniques,2007,40,0.65,0.325,0.025,3.69
6,Text Entry,Sensing & Input Techniques,2008,46,0.739,0.13,0.13,5.09
6,Text Entry,Sensing & Input Techniques,2009,13,0.692,0.154,0.154,4.78
6,Text Entry,Sensing & Input Techniques,2010,62,0.613,0.339,0.048,7.87
6,Text Entry,Sensing & Input Techniques,2011,54,0.778,0.148,0.074,7.48
6,Text Entry,Sensing & Input Techniques,2012,130,0.546,0.354,0.1,7.04
6,Text Entry,Sensing & Input Techniques,2013,99,0.596,0.323,0.081,7.05
6,Text Entry,Sensing & Input Techniques,2014,135,0.637,0.311,0.052,6.02
6,Text Entry,Sensing & Input Techniques,2015,228,0.64,0.281,0.079,6.11
6,Text Entry,Sensing & Input Techniques,2016,266,0.695,0.214,0.09,5.98
6,Text Entry,Sensing & Input Techniques,2017,261,0.613,0.345,0.042,6.58
6,Text Entry,Sensing & Input Techniques,2018,371,0.704,0.248,0.049,6.66
6,Text Entry,Sensing & Input Techniques,2019,477,0.683,0.256,0.061,6.36
6,Text Entry,Sensing & Input Techniques,2020,442,0.658,0.269,0.072,6.72
6,Text Entry,Sensing & Input Techniques,2021,489,0.542,0.329,0.129,6.38
6,Text Entry,Sensing & Input Techniques,2022,464,0.711,0.153,0.136,7.0
6,Text Entry,Sensing & Input Techniques,2023,469,0.659,0.235,0.107,7.53
6,Text Entry,Sensing & Input Techniques,2024,319,0.639,0.257,0.103,7.31
6,Text Entry,Sensing & Input Techniques,2025,536,0.595,0.293,0.112,7.54
6,Text Entry,Sensing & Input Techniques,2026,162,0.617,0.167,0.216,8.85
7,Gesture Elicitation & Recognition,Sensing & Input Techniques,1982,1,0.0,1.0,0.0,
7,Gesture Elicitation & Recognition,Sensing & Input Techniques,1986,3,0.0,0.333,0.667,
7,Gesture Elicitation & Recognition,Sensing & Input Techniques,1991,4,0.0,0.75,0.25,
7,Gesture Elicitation & Recognition,Sensing & Input Techniques,1992,2,0.5,0.0,0.5,1.0
7,Gesture Elicitation & Recognition,Sensing & Input Techniques,1993,2,0.0,0.0,1.0,
7,Gesture Elicitation & Recognition,Sensing & Input Techniques,1994,5,0.0,0.4,0.6,
7,Gesture Elicitation & Recognition,Sensing & Input Techniques,1995,33,0.333,0.152,0.515,1.45
7,Gesture Elicitation & Recognition,Sensing & Input Techniques,1996,13,0.308,0.231,0.462,1.5
7,Gesture Elicitation & Recognition,Sensing & Input Techniques,1997,19,0.684,0.053,0.263,3.15
7,Gesture Elicitation & Recognition,Sensing & Input Techniques,1998,28,0.429,0.107,0.464,3.58
7,Gesture Elicitation & Recognition,Sensing & Input Techniques,1999,31,0.387,0.258,0.355,3.75
7,Gesture Elicitation & Recognition,Sensing & Input Techniques,2000,55,0.527,0.145,0.327,4.66
7,Gesture Elicitation & Recognition,Sensing & Input Techniques,2001,6,0.167,0.667,0.167,10.0
7,Gesture Elicitation & Recognition,Sensing & Input Techniques,2002,3,0.333,0.333,0.333,1.0
7,Gesture Elicitation & Recognition,Sensing & Input Techniques,2003,24,0.625,0.125,0.25,5.07
7,Gesture Elicitation & Recognition,Sensing & Input Techniques,2004,36,0.944,0.0,0.056,5.56
7,Gesture Elicitation & Recognition,Sensing & Input Techniques,2005,19,0.263,0.421,0.316,4.2
7,Gesture Elicitation & Recognition,Sensing & Input Techniques,2006,7,0.571,0.286,0.143,10.0
7,Gesture Elicitation & Recognition,Sensing & Input Techniques,2007,56,0.375,0.429,0.196,9.05
7,Gesture Elicitation & Recognition,Sensing & Input Techniques,2008,28,0.536,0.071,0.393,9.47
7,Gesture Elicitation & Recognition,Sensing & Input Techniques,2009,34,0.412,0.5,0.088,6.36
7,Gesture Elicitation & Recognition,Sensing & Input Techniques,2010,66,0.439,0.303,0.258,7.72
7,Gesture Elicitation & Recognition,Sensing & Input Techniques,2011,61,0.361,0.393,0.246,3.68
7,Gesture Elicitation & Recognition,Sensing & Input Techniques,2012,190,0.432,0.405,0.163,5.55
7,Gesture Elicitation & Recognition,Sensing & Input Techniques,2013,182,0.5,0.242,0.258,5.34
7,Gesture Elicitation & Recognition,Sensing & Input Techniques,2014,230,0.443,0.313,0.243,6.81
7,Gesture Elicitation & Recognition,Sensing & Input Techniques,2015,135,0.363,0.407,0.23,6.55
7,Gesture Elicitation & Recognition,Sensing & Input Techniques,2016,110,0.627,0.264,0.109,6.42
7,Gesture Elicitation & Recognition,Sensing & Input Techniques,2017,178,0.528,0.236,0.236,8.61
7,Gesture Elicitation & Recognition,Sensing & Input Techniques,2018,277,0.473,0.321,0.206,6.4
7,Gesture Elicitation & Recognition,Sensing & Input Techniques,2019,293,0.464,0.276,0.259,6.29
7,Gesture Elicitation & Recognition,Sensing & Input Techniques,2020,260,0.581,0.296,0.123,6.53
7,Gesture Elicitation & Recognition,Sensing & Input Techniques,2021,138,0.681,0.116,0.203,6.69
7,Gesture Elicitation & Recognition,Sensing & Input Techniques,2022,574,0.434,0.319,0.247,7.72
7,Gesture Elicitation & Recognition,Sensing & Input Techniques,2023,337,0.362,0.318,0.32,7.52
7,Gesture Elicitation & Recognition,Sensing & Input Techniques,2024,145,0.441,0.283,0.276,7.89
7,Gesture Elicitation & Recognition,Sensing & Input Techniques,2025,224,0.527,0.214,0.259,9.3
7,Gesture Elicitation & Recognition,Sensing & Input Techniques,2026,130,0.508,0.246,0.246,9.67
8,Performance Modelling & Latency,Sensing & Input Techniques,1986,9,0.889,0.0,0.111,1.12
8,Performance Modelling & Latency,Sensing & Input Techniques,1988,1,1.0,0.0,0.0,2.0
8,Performance Modelling & Latency,Sensing & Input Techniques,1989,10,0.5,0.1,0.4,2.8
8,Performance Modelling & Latency,Sensing & Input Techniques,1990,8,1.0,0.0,0.0,2.88
8,Performance Modelling & Latency,Sensing & Input Techniques,1991,3,1.0,0.0,0.0,1.33
8,Performance Modelling & Latency,Sensing & Input Techniques,1992,12,0.667,0.167,0.167,1.88
8,Performance Modelling & Latency,Sensing & Input Techniques,1994,15,0.733,0.067,0.2,3.27
8,Performance Modelling & Latency,Sensing & Input Techniques,1995,28,0.607,0.036,0.357,3.59
8,Performance Modelling & Latency,Sensing & Input Techniques,1996,36,0.722,0.083,0.194,4.15
8,Performance Modelling & Latency,Sensing & Input Techniques,1997,16,0.875,0.062,0.062,3.57
8,Performance Modelling & Latency,Sensing & Input Techniques,1998,15,0.467,0.2,0.333,4.43
8,Performance Modelling & Latency,Sensing & Input Techniques,1999,34,0.529,0.088,0.382,5.61
8,Performance Modelling & Latency,Sensing & Input Techniques,2000,32,0.625,0.125,0.25,4.85
8,Performance Modelling & Latency,Sensing & Input Techniques,2001,40,0.675,0.175,0.15,5.41
8,Performance Modelling & Latency,Sensing & Input Techniques,2002,30,0.667,0.2,0.133,6.85
8,Performance Modelling & Latency,Sensing & Input Techniques,2003,41,0.61,0.171,0.22,5.96
8,Performance Modelling & Latency,Sensing & Input Techniques,2004,30,0.667,0.1,0.233,5.25
8,Performance Modelling & Latency,Sensing & Input Techniques,2005,49,0.796,0.122,0.082,5.21
8,Performance Modelling & Latency,Sensing & Input Techniques,2006,26,0.692,0.154,0.154,5.78
8,Performance Modelling & Latency,Sensing & Input Techniques,2007,50,0.72,0.16,0.12,6.72
8,Performance Modelling & Latency,Sensing & Input Techniques,2008,23,0.652,0.174,0.174,5.93
8,Performance Modelling & Latency,Sensing & Input Techniques,2009,18,0.722,0.056,0.222,5.46
8,Performance Modelling & Latency,Sensing & Input Techniques,2010,18,0.444,0.389,0.167,11.38
8,Performance Modelling & Latency,Sensing & Input Techniques,2011,29,0.552,0.345,0.103,10.62
8,Performance Modelling & Latency,Sensing & Input Techniques,2012,23,0.478,0.391,0.13,12.36
8,Performance Modelling & Latency,Sensing & Input Techniques,2013,44,0.409,0.523,0.068,7.67
8,Performance Modelling & Latency,Sensing & Input Techniques,2014,50,0.44,0.46,0.1,5.77
8,Performance Modelling & Latency,Sensing & Input Techniques,2015,19,0.684,0.158,0.158,8.92
8,Performance Modelling & Latency,Sensing & Input Techniques,2016,53,0.547,0.189,0.264,7.45
8,Performance Modelling & Latency,Sensing & Input Techniques,2017,41,0.659,0.122,0.22,5.7
8,Performance Modelling & Latency,Sensing & Input Techniques,2018,33,0.667,0.121,0.212,5.23
8,Performance Modelling & Latency,Sensing & Input Techniques,2019,36,0.472,0.25,0.278,7.06
8,Performance Modelling & Latency,Sensing & Input Techniques,2020,51,0.627,0.137,0.235,9.75
8,Performance Modelling & Latency,Sensing & Input Techniques,2021,57,0.614,0.228,0.158,7.03
8,Performance Modelling & Latency,Sensing & Input Techniques,2022,109,0.514,0.165,0.321,6.61
8,Performance Modelling & Latency,Sensing & Input Techniques,2023,119,0.496,0.311,0.193,8.63
8,Performance Modelling & Latency,Sensing & Input Techniques,2024,34,0.441,0.294,0.265,8.0
8,Performance Modelling & Latency,Sensing & Input Techniques,2025,118,0.5,0.297,0.203,5.85
8,Performance Modelling & Latency,Sensing & Input Techniques,2026,58,0.448,0.362,0.19,11.96
9,Telepresence & Remote Collaboration,"AR, VR & Immersive Displays",1990,4,0.25,0.5,0.25,2.0
9,Telepresence & Remote Collaboration,"AR, VR & Immersive Displays",1991,2,0.0,0.0,1.0,
9,Telepresence & Remote Collaboration,"AR, VR & Immersive Displays",1992,15,0.267,0.4,0.333,1.25
9,Telepresence & Remote Collaboration,"AR, VR & Immersive Displays",1994,24,0.417,0.208,0.375,3.0
9,Telepresence & Remote Collaboration,"AR, VR & Immersive Displays",1995,4,0.25,0.5,0.25,1.0
9,Telepresence & Remote Collaboration,"AR, VR & Immersive Displays",1996,18,0.389,0.111,0.5,1.57
9,Telepresence & Remote Collaboration,"AR, VR & Immersive Displays",1997,8,0.375,0.25,0.375,3.33
9,Telepresence & Remote Collaboration,"AR, VR & Immersive Displays",1998,60,0.55,0.083,0.367,4.12
9,Telepresence & Remote Collaboration,"AR, VR & Immersive Displays",1999,16,0.625,0.25,0.125,3.9
9,Telepresence & Remote Collaboration,"AR, VR & Immersive Displays",2000,41,0.732,0.098,0.171,4.53
9,Telepresence & Remote Collaboration,"AR, VR & Immersive Displays",2001,10,0.5,0.1,0.4,3.4
9,Telepresence & Remote Collaboration,"AR, VR & Immersive Displays",2002,41,0.415,0.098,0.488,5.53
9,Telepresence & Remote Collaboration,"AR, VR & Immersive Displays",2003,36,0.639,0.194,0.167,4.35
9,Telepresence & Remote Collaboration,"AR, VR & Immersive Displays",2004,69,0.565,0.101,0.333,7.44
9,Telepresence & Remote Collaboration,"AR, VR & Immersive Displays",2005,37,0.514,0.135,0.351,6.21
9,Telepresence & Remote Collaboration,"AR, VR & Immersive Displays",2006,51,0.784,0.118,0.098,6.08
9,Telepresence & Remote Collaboration,"AR, VR & Immersive Displays",2007,95,0.6,0.095,0.305,6.6
9,Telepresence & Remote Collaboration,"AR, VR & Immersive Displays",2008,67,0.582,0.179,0.239,8.38
9,Telepresence & Remote Collaboration,"AR, VR & Immersive Displays",2009,50,0.72,0.1,0.18,6.39
9,Telepresence & Remote Collaboration,"AR, VR & Immersive Displays",2010,86,0.558,0.151,0.291,10.08
9,Telepresence & Remote Collaboration,"AR, VR & Immersive Displays",2011,127,0.685,0.039,0.276,8.61
9,Telepresence & Remote Collaboration,"AR, VR & Immersive Displays",2012,159,0.541,0.101,0.358,8.31
9,Telepresence & Remote Collaboration,"AR, VR & Immersive Displays",2013,125,0.592,0.136,0.272,8.03
9,Telepresence & Remote Collaboration,"AR, VR & Immersive Displays",2014,138,0.739,0.123,0.138,8.47
9,Telepresence & Remote Collaboration,"AR, VR & Immersive Displays",2015,156,0.673,0.109,0.218,9.64
9,Telepresence & Remote Collaboration,"AR, VR & Immersive Displays",2016,279,0.559,0.108,0.333,8.38
9,Telepresence & Remote Collaboration,"AR, VR & Immersive Displays",2017,296,0.551,0.071,0.378,8.76
9,Telepresence & Remote Collaboration,"AR, VR & Immersive Displays",2018,299,0.585,0.1,0.314,6.83
9,Telepresence & Remote Collaboration,"AR, VR & Immersive Displays",2019,338,0.678,0.127,0.195,8.14
9,Telepresence & Remote Collaboration,"AR, VR & Immersive Displays",2020,260,0.612,0.192,0.196,7.61
9,Telepresence & Remote Collaboration,"AR, VR & Immersive Displays",2021,451,0.545,0.155,0.299,8.79
9,Telepresence & Remote Collaboration,"AR, VR & Immersive Displays",2022,416,0.495,0.216,0.288,8.67
9,Telepresence & Remote Collaboration,"AR, VR & Immersive Displays",2023,791,0.54,0.212,0.248,8.99
9,Telepresence & Remote Collaboration,"AR, VR & Immersive Displays",2024,844,0.502,0.219,0.278,8.64
9,Telepresence & Remote Collaboration,"AR, VR & Immersive Displays",2025,872,0.483,0.235,0.282,7.45
9,Telepresence & Remote Collaboration,"AR, VR & Immersive Displays",2026,325,0.538,0.175,0.286,7.68
10,AR Authoring & Prototyping,"AR, VR & Immersive Displays",1996,2,0.0,0.0,1.0,
10,AR Authoring & Prototyping,"AR, VR & Immersive Displays",2000,6,0.0,0.167,0.833,
10,AR Authoring & Prototyping,"AR, VR & Immersive Displays",2002,5,0.2,0.0,0.8,6.0
10,AR Authoring & Prototyping,"AR, VR & Immersive Displays",2003,8,0.125,0.25,0.625,1.0
10,AR Authoring & Prototyping,"AR, VR & Immersive Displays",2004,14,0.143,0.071,0.786,3.0
10,AR Authoring & Prototyping,"AR, VR & Immersive Displays",2005,5,0.6,0.2,0.2,3.67
10,AR Authoring & Prototyping,"AR, VR & Immersive Displays",2006,6,0.333,0.167,0.5,6.5
10,AR Authoring & Prototyping,"AR, VR & Immersive Displays",2007,7,0.286,0.0,0.714,3.0
10,AR Authoring & Prototyping,"AR, VR & Immersive Displays",2008,9,0.111,0.222,0.667,3.0
10,AR Authoring & Prototyping,"AR, VR & Immersive Displays",2009,5,0.4,0.2,0.4,3.5
10,AR Authoring & Prototyping,"AR, VR & Immersive Displays",2010,10,0.3,0.0,0.7,4.0
10,AR Authoring & Prototyping,"AR, VR & Immersive Displays",2011,1,1.0,0.0,0.0,14.0
10,AR Authoring & Prototyping,"AR, VR & Immersive Displays",2012,54,0.204,0.222,0.574,7.36
10,AR Authoring & Prototyping,"AR, VR & Immersive Displays",2013,8,0.375,0.5,0.125,9.33
10,AR Authoring & Prototyping,"AR, VR & Immersive Displays",2014,41,0.268,0.244,0.488,7.45
10,AR Authoring & Prototyping,"AR, VR & Immersive Displays",2015,31,0.194,0.258,0.548,5.67
10,AR Authoring & Prototyping,"AR, VR & Immersive Displays",2016,72,0.264,0.208,0.528,5.53
10,AR Authoring & Prototyping,"AR, VR & Immersive Displays",2017,92,0.141,0.261,0.598,6.23
10,AR Authoring & Prototyping,"AR, VR & Immersive Displays",2018,178,0.191,0.202,0.607,7.12
10,AR Authoring & Prototyping,"AR, VR & Immersive Displays",2019,334,0.168,0.246,0.587,5.82
10,AR Authoring & Prototyping,"AR, VR & Immersive Displays",2020,327,0.318,0.159,0.523,4.9
10,AR Authoring & Prototyping,"AR, VR & Immersive Displays",2021,281,0.505,0.21,0.285,4.11
10,AR Authoring & Prototyping,"AR, VR & Immersive Displays",2022,459,0.427,0.174,0.399,4.15
10,AR Authoring & Prototyping,"AR, VR & Immersive Displays",2023,957,0.317,0.235,0.448,3.95
10,AR Authoring & Prototyping,"AR, VR & Immersive Displays",2024,903,0.353,0.192,0.455,4.54
10,AR Authoring & Prototyping,"AR, VR & Immersive Displays",2025,1243,0.404,0.182,0.414,3.71
10,AR Authoring & Prototyping,"AR, VR & Immersive Displays",2026,790,0.38,0.159,0.461,3.56
11,Avatars & Presence,"AR, VR & Immersive Displays",1992,1,0.0,0.0,1.0,
11,Avatars & Presence,"AR, VR & Immersive Displays",1995,1,1.0,0.0,0.0,3.0
11,Avatars & Presence,"AR, VR & Immersive Displays",1996,3,0.333,0.333,0.333,4.0
11,Avatars & Presence,"AR, VR & Immersive Displays",2000,2,0.0,0.5,0.5,
11,Avatars & Presence,"AR, VR & Immersive Displays",2001,1,1.0,0.0,0.0,1.0
11,Avatars & Presence,"AR, VR & Immersive Displays",2002,2,0.0,1.0,0.0,
11,Avatars & Presence,"AR, VR & Immersive Displays",2004,10,0.0,0.2,0.8,
11,Avatars & Presence,"AR, VR & Immersive Displays",2005,3,0.333,0.333,0.333,4.0
11,Avatars & Presence,"AR, VR & Immersive Displays",2006,4,0.25,0.0,0.75,5.0
11,Avatars & Presence,"AR, VR & Immersive Displays",2008,1,0.0,0.0,1.0,
11,Avatars & Presence,"AR, VR & Immersive Displays",2009,5,0.0,0.0,1.0,
11,Avatars & Presence,"AR, VR & Immersive Displays",2010,10,0.1,0.3,0.6,8.0
11,Avatars & Presence,"AR, VR & Immersive Displays",2011,7,0.429,0.0,0.571,2.33
11,Avatars & Presence,"AR, VR & Immersive Displays",2012,1,0.0,1.0,0.0,
11,Avatars & Presence,"AR, VR & Immersive Displays",2013,4,0.0,0.75,0.25,
11,Avatars & Presence,"AR, VR & Immersive Displays",2014,7,0.714,0.143,0.143,6.8
11,Avatars & Presence,"AR, VR & Immersive Displays",2015,10,0.6,0.1,0.3,5.83
11,Avatars & Presence,"AR, VR & Immersive Displays",2016,37,0.108,0.216,0.676,8.5
11,Avatars & Presence,"AR, VR & Immersive Displays",2017,73,0.438,0.123,0.438,4.34
11,Avatars & Presence,"AR, VR & Immersive Displays",2018,95,0.432,0.305,0.263,6.32
11,Avatars & Presence,"AR, VR & Immersive Displays",2019,203,0.429,0.153,0.419,5.15
11,Avatars & Presence,"AR, VR & Immersive Displays",2020,375,0.363,0.259,0.379,3.81
11,Avatars & Presence,"AR, VR & Immersive Displays",2021,377,0.39,0.172,0.438,3.54
11,Avatars & Presence,"AR, VR & Immersive Displays",2022,337,0.392,0.169,0.439,4.28
11,Avatars & Presence,"AR, VR & Immersive Displays",2023,490,0.482,0.112,0.406,4.81
11,Avatars & Presence,"AR, VR & Immersive Displays",2024,617,0.433,0.154,0.413,4.15
11,Avatars & Presence,"AR, VR & Immersive Displays",2025,890,0.481,0.14,0.379,4.7
11,Avatars & Presence,"AR, VR & Immersive Displays",2026,503,0.489,0.109,0.402,4.59
12,VR Locomotion,"AR, VR & Immersive Displays",1986,2,0.5,0.0,0.5,3.0
12,VR Locomotion,"AR, VR & Immersive Displays",1993,1,0.0,0.0,1.0,
12,VR Locomotion,"AR, VR & Immersive Displays",1995,2,0.0,0.0,1.0,
12,VR Locomotion,"AR, VR & Immersive Displays",1996,1,1.0,0.0,0.0,3.0
12,VR Locomotion,"AR, VR & Immersive Displays",1997,11,0.182,0.182,0.636,1.5
12,VR Locomotion,"AR, VR & Immersive Displays",1998,10,0.9,0.0,0.1,6.0
12,VR Locomotion,"AR, VR & Immersive Displays",1999,7,0.714,0.143,0.143,3.6
12,VR Locomotion,"AR, VR & Immersive Displays",2000,2,1.0,0.0,0.0,4.0
12,VR Locomotion,"AR, VR & Immersive Displays",2003,4,0.25,0.5,0.25,7.0
12,VR Locomotion,"AR, VR & Immersive Displays",2004,10,0.7,0.1,0.2,5.71
12,VR Locomotion,"AR, VR & Immersive Displays",2005,10,0.7,0.2,0.1,8.71
12,VR Locomotion,"AR, VR & Immersive Displays",2006,12,0.333,0.0,0.667,10.25
12,VR Locomotion,"AR, VR & Immersive Displays",2007,2,1.0,0.0,0.0,5.5
12,VR Locomotion,"AR, VR & Immersive Displays",2008,16,0.5,0.0,0.5,10.25
12,VR Locomotion,"AR, VR & Immersive Displays",2010,14,0.643,0.0,0.357,11.33
12,VR Locomotion,"AR, VR & Immersive Displays",2011,23,0.783,0.087,0.13,7.67
12,VR Locomotion,"AR, VR & Immersive Displays",2013,16,0.75,0.25,0.0,10.0
12,VR Locomotion,"AR, VR & Immersive Displays",2014,4,0.5,0.0,0.5,13.5
12,VR Locomotion,"AR, VR & Immersive Displays",2015,25,0.52,0.08,0.4,12.69
12,VR Locomotion,"AR, VR & Immersive Displays",2016,32,0.625,0.062,0.312,10.55
12,VR Locomotion,"AR, VR & Immersive Displays",2017,64,0.688,0.094,0.219,11.27
12,VR Locomotion,"AR, VR & Immersive Displays",2018,146,0.719,0.082,0.199,9.08
12,VR Locomotion,"AR, VR & Immersive Displays",2019,235,0.702,0.102,0.196,8.16
12,VR Locomotion,"AR, VR & Immersive Displays",2020,262,0.592,0.134,0.275,6.8
12,VR Locomotion,"AR, VR & Immersive Displays",2021,300,0.627,0.137,0.237,6.3
12,VR Locomotion,"AR, VR & Immersive Displays",2022,438,0.632,0.119,0.249,5.39
12,VR Locomotion,"AR, VR & Immersive Displays",2023,386,0.585,0.142,0.272,5.63
12,VR Locomotion,"AR, VR & Immersive Displays",2024,421,0.667,0.076,0.257,5.8
12,VR Locomotion,"AR, VR & Immersive Displays",2025,553,0.6,0.127,0.273,6.17
12,VR Locomotion,"AR, VR & Immersive Displays",2026,221,0.584,0.086,0.33,6.61
13,Groupware & Tabletops,"AR, VR & Immersive Displays",1986,2,0.5,0.0,0.5,0.0
13,Groupware & Tabletops,"AR, VR & Immersive Displays",1988,3,0.667,0.0,0.333,1.0
13,Groupware & Tabletops,"AR, VR & Immersive Displays",1989,6,0.5,0.167,0.333,1.0
13,Groupware & Tabletops,"AR, VR & Immersive Displays",1990,12,0.5,0.0,0.5,2.67
13,Groupware & Tabletops,"AR, VR & Immersive Displays",1991,7,0.286,0.143,0.571,3.0
13,Groupware & Tabletops,"AR, VR & Immersive Displays",1992,66,0.439,0.106,0.455,2.41
13,Groupware & Tabletops,"AR, VR & Immersive Displays",1994,2,0.0,0.0,1.0,
13,Groupware & Tabletops,"AR, VR & Immersive Displays",1995,8,0.375,0.0,0.625,4.67
13,Groupware & Tabletops,"AR, VR & Immersive Displays",1996,22,0.227,0.136,0.636,4.0
13,Groupware & Tabletops,"AR, VR & Immersive Displays",1997,20,0.25,0.2,0.55,5.2
13,Groupware & Tabletops,"AR, VR & Immersive Displays",1998,45,0.356,0.044,0.6,4.75
13,Groupware & Tabletops,"AR, VR & Immersive Displays",1999,52,0.404,0.077,0.519,3.33
13,Groupware & Tabletops,"AR, VR & Immersive Displays",2000,22,0.318,0.0,0.682,2.0
13,Groupware & Tabletops,"AR, VR & Immersive Displays",2001,80,0.5,0.037,0.463,3.75
13,Groupware & Tabletops,"AR, VR & Immersive Displays",2002,52,0.385,0.019,0.596,4.25
13,Groupware & Tabletops,"AR, VR & Immersive Displays",2003,62,0.532,0.065,0.403,4.82
13,Groupware & Tabletops,"AR, VR & Immersive Displays",2004,131,0.511,0.038,0.45,4.84
13,Groupware & Tabletops,"AR, VR & Immersive Displays",2005,27,0.481,0.111,0.407,6.15
13,Groupware & Tabletops,"AR, VR & Immersive Displays",2006,49,0.673,0.02,0.306,5.55
13,Groupware & Tabletops,"AR, VR & Immersive Displays",2007,76,0.355,0.105,0.539,6.48
13,Groupware & Tabletops,"AR, VR & Immersive Displays",2008,87,0.586,0.023,0.391,6.0
13,Groupware & Tabletops,"AR, VR & Immersive Displays",2009,99,0.525,0.051,0.424,6.71
13,Groupware & Tabletops,"AR, VR & Immersive Displays",2010,86,0.5,0.058,0.442,8.21
13,Groupware & Tabletops,"AR, VR & Immersive Displays",2011,173,0.434,0.121,0.445,9.75
13,Groupware & Tabletops,"AR, VR & Immersive Displays",2012,160,0.487,0.125,0.388,7.9
13,Groupware & Tabletops,"AR, VR & Immersive Displays",2013,190,0.511,0.074,0.416,8.66
13,Groupware & Tabletops,"AR, VR & Immersive Displays",2014,134,0.575,0.119,0.306,7.16
13,Groupware & Tabletops,"AR, VR & Immersive Displays",2015,176,0.511,0.057,0.432,6.61
13,Groupware & Tabletops,"AR, VR & Immersive Displays",2016,231,0.468,0.104,0.429,7.93
13,Groupware & Tabletops,"AR, VR & Immersive Displays",2017,291,0.457,0.093,0.45,7.29
13,Groupware & Tabletops,"AR, VR & Immersive Displays",2018,287,0.634,0.087,0.279,7.63
13,Groupware & Tabletops,"AR, VR & Immersive Displays",2019,297,0.529,0.094,0.377,7.5
13,Groupware & Tabletops,"AR, VR & Immersive Displays",2020,250,0.524,0.104,0.372,7.44
13,Groupware & Tabletops,"AR, VR & Immersive Displays",2021,155,0.484,0.206,0.31,10.05
13,Groupware & Tabletops,"AR, VR & Immersive Displays",2022,172,0.541,0.18,0.279,11.04
13,Groupware & Tabletops,"AR, VR & Immersive Displays",2023,237,0.397,0.16,0.443,12.39
13,Groupware & Tabletops,"AR, VR & Immersive Displays",2024,35,0.457,0.029,0.514,11.62
13,Groupware & Tabletops,"AR, VR & Immersive Displays",2025,76,0.408,0.355,0.237,13.39
13,Groupware & Tabletops,"AR, VR & Immersive Displays",2026,27,0.333,0.074,0.593,9.11
14,Immersive Mixed Reality,"AR, VR & Immersive Displays",1991,7,0.0,0.0,1.0,
14,Immersive Mixed Reality,"AR, VR & Immersive Displays",1993,2,0.5,0.0,0.5,2.0
14,Immersive Mixed Reality,"AR, VR & Immersive Displays",1995,6,0.333,0.5,0.167,3.0
14,Immersive Mixed Reality,"AR, VR & Immersive Displays",1996,3,0.667,0.0,0.333,4.0
14,Immersive Mixed Reality,"AR, VR & Immersive Displays",1998,9,0.222,0.111,0.667,3.5
14,Immersive Mixed Reality,"AR, VR & Immersive Displays",2000,1,0.0,1.0,0.0,
14,Immersive Mixed Reality,"AR, VR & Immersive Displays",2001,11,0.364,0.182,0.455,5.25
14,Immersive Mixed Reality,"AR, VR & Immersive Displays",2002,6,0.167,0.667,0.167,2.0
14,Immersive Mixed Reality,"AR, VR & Immersive Displays",2003,10,0.4,0.4,0.2,2.0
14,Immersive Mixed Reality,"AR, VR & Immersive Displays",2004,9,0.444,0.222,0.333,2.0
14,Immersive Mixed Reality,"AR, VR & Immersive Displays",2005,26,0.231,0.346,0.423,4.5
14,Immersive Mixed Reality,"AR, VR & Immersive Displays",2006,21,0.333,0.333,0.333,3.14
14,Immersive Mixed Reality,"AR, VR & Immersive Displays",2007,14,0.429,0.357,0.214,4.33
14,Immersive Mixed Reality,"AR, VR & Immersive Displays",2008,13,0.462,0.077,0.462,5.67
14,Immersive Mixed Reality,"AR, VR & Immersive Displays",2009,23,0.304,0.087,0.609,5.29
14,Immersive Mixed Reality,"AR, VR & Immersive Displays",2010,27,0.481,0.222,0.296,5.77
14,Immersive Mixed Reality,"AR, VR & Immersive Displays",2011,5,0.4,0.0,0.6,5.5
14,Immersive Mixed Reality,"AR, VR & Immersive Displays",2012,27,0.407,0.111,0.481,9.45
14,Immersive Mixed Reality,"AR, VR & Immersive Displays",2013,34,0.471,0.206,0.324,7.69
14,Immersive Mixed Reality,"AR, VR & Immersive Displays",2014,67,0.358,0.149,0.493,6.58
14,Immersive Mixed Reality,"AR, VR & Immersive Displays",2015,86,0.36,0.209,0.43,6.68
14,Immersive Mixed Reality,"AR, VR & Immersive Displays",2016,55,0.182,0.218,0.6,4.8
14,Immersive Mixed Reality,"AR, VR & Immersive Displays",2017,57,0.211,0.263,0.526,6.08
14,Immersive Mixed Reality,"AR, VR & Immersive Displays",2018,120,0.292,0.225,0.483,5.97
14,Immersive Mixed Reality,"AR, VR & Immersive Displays",2019,265,0.332,0.208,0.46,6.09
14,Immersive Mixed Reality,"AR, VR & Immersive Displays",2020,312,0.321,0.17,0.51,5.14
14,Immersive Mixed Reality,"AR, VR & Immersive Displays",2021,366,0.361,0.202,0.437,4.92
14,Immersive Mixed Reality,"AR, VR & Immersive Displays",2022,405,0.452,0.153,0.395,4.82
14,Immersive Mixed Reality,"AR, VR & Immersive Displays",2023,797,0.449,0.163,0.388,5.04
14,Immersive Mixed Reality,"AR, VR & Immersive Displays",2024,601,0.393,0.193,0.414,5.24
14,Immersive Mixed Reality,"AR, VR & Immersive Displays",2025,633,0.434,0.22,0.346,5.7
14,Immersive Mixed Reality,"AR, VR & Immersive Displays",2026,419,0.525,0.191,0.284,5.67
15,Projection & Spatial AR,"AR, VR & Immersive Displays",1993,3,0.0,0.0,1.0,
15,Projection & Spatial AR,"AR, VR & Immersive Displays",1996,1,1.0,0.0,0.0,3.0
15,Projection & Spatial AR,"AR, VR & Immersive Displays",1998,6,0.333,0.0,0.667,3.5
15,Projection & Spatial AR,"AR, VR & Immersive Displays",1999,6,0.333,0.167,0.5,3.5
15,Projection & Spatial AR,"AR, VR & Immersive Displays",2000,4,0.5,0.25,0.25,4.0
15,Projection & Spatial AR,"AR, VR & Immersive Displays",2001,9,0.667,0.111,0.222,2.17
15,Projection & Spatial AR,"AR, VR & Immersive Displays",2002,11,0.182,0.182,0.636,2.0
15,Projection & Spatial AR,"AR, VR & Immersive Displays",2003,18,0.389,0.278,0.333,2.43
15,Projection & Spatial AR,"AR, VR & Immersive Displays",2004,19,0.474,0.211,0.316,4.67
15,Projection & Spatial AR,"AR, VR & Immersive Displays",2005,32,0.531,0.188,0.281,4.0
15,Projection & Spatial AR,"AR, VR & Immersive Displays",2006,23,0.261,0.217,0.522,6.5
15,Projection & Spatial AR,"AR, VR & Immersive Displays",2007,35,0.343,0.286,0.371,3.08
15,Projection & Spatial AR,"AR, VR & Immersive Displays",2008,18,0.167,0.111,0.722,4.33
15,Projection & Spatial AR,"AR, VR & Immersive Displays",2009,51,0.373,0.098,0.529,4.63
15,Projection & Spatial AR,"AR, VR & Immersive Displays",2010,45,0.4,0.089,0.511,6.44
15,Projection & Spatial AR,"AR, VR & Immersive Displays",2011,50,0.48,0.12,0.4,2.96
15,Projection & Spatial AR,"AR, VR & Immersive Displays",2012,79,0.43,0.152,0.418,5.18
15,Projection & Spatial AR,"AR, VR & Immersive Displays",2013,68,0.574,0.074,0.353,5.23
15,Projection & Spatial AR,"AR, VR & Immersive Displays",2014,84,0.536,0.143,0.321,5.67
15,Projection & Spatial AR,"AR, VR & Immersive Displays",2015,53,0.604,0.189,0.208,4.91
15,Projection & Spatial AR,"AR, VR & Immersive Displays",2016,53,0.547,0.132,0.321,4.59
15,Projection & Spatial AR,"AR, VR & Immersive Displays",2017,91,0.429,0.121,0.451,6.74
15,Projection & Spatial AR,"AR, VR & Immersive Displays",2018,55,0.382,0.164,0.455,6.52
15,Projection & Spatial AR,"AR, VR & Immersive Displays",2019,77,0.481,0.169,0.351,6.57
15,Projection & Spatial AR,"AR, VR & Immersive Displays",2020,37,0.486,0.378,0.135,9.22
15,Projection & Spatial AR,"AR, VR & Immersive Displays",2021,20,0.55,0.1,0.35,7.73
15,Projection & Spatial AR,"AR, VR & Immersive Displays",2022,29,0.138,0.276,0.586,13.25
15,Projection & Spatial AR,"AR, VR & Immersive Displays",2023,24,0.583,0.083,0.333,9.43
15,Projection & Spatial AR,"AR, VR & Immersive Displays",2024,5,0.4,0.6,0.0,11.5
15,Projection & Spatial AR,"AR, VR & Immersive Displays",2025,2,1.0,0.0,0.0,10.0
15,Projection & Spatial AR,"AR, VR & Immersive Displays",2026,39,0.308,0.205,0.487,7.0
16,Asymmetric Mixed Reality,"AR, VR & Immersive Displays",2000,5,0.0,0.8,0.2,
16,Asymmetric Mixed Reality,"AR, VR & Immersive Displays",2001,3,0.333,0.667,0.0,1.0
16,Asymmetric Mixed Reality,"AR, VR & Immersive Displays",2002,9,0.0,0.333,0.667,
16,Asymmetric Mixed Reality,"AR, VR & Immersive Displays",2003,4,0.25,0.25,0.5,3.0
16,Asymmetric Mixed Reality,"AR, VR & Immersive Displays",2005,5,0.2,0.4,0.4,3.0
16,Asymmetric Mixed Reality,"AR, VR & Immersive Displays",2007,6,0.333,0.167,0.5,5.0
16,Asymmetric Mixed Reality,"AR, VR & Immersive Displays",2008,1,1.0,0.0,0.0,5.0
16,Asymmetric Mixed Reality,"AR, VR & Immersive Displays",2009,3,0.0,1.0,0.0,
16,Asymmetric Mixed Reality,"AR, VR & Immersive Displays",2012,1,0.0,0.0,1.0,
16,Asymmetric Mixed Reality,"AR, VR & Immersive Displays",2014,6,0.333,0.0,0.667,8.5
16,Asymmetric Mixed Reality,"AR, VR & Immersive Displays",2015,8,0.375,0.125,0.5,8.67
16,Asymmetric Mixed Reality,"AR, VR & Immersive Displays",2016,29,0.0,0.345,0.655,
16,Asymmetric Mixed Reality,"AR, VR & Immersive Displays",2017,62,0.081,0.419,0.5,0.8
16,Asymmetric Mixed Reality,"AR, VR & Immersive Displays",2018,92,0.217,0.391,0.391,2.15
16,Asymmetric Mixed Reality,"AR, VR & Immersive Displays",2019,130,0.269,0.377,0.354,2.69
16,Asymmetric Mixed Reality,"AR, VR & Immersive Displays",2020,215,0.288,0.316,0.395,3.19
16,Asymmetric Mixed Reality,"AR, VR & Immersive Displays",2021,254,0.374,0.307,0.319,2.85
16,Asymmetric Mixed Reality,"AR, VR & Immersive Displays",2022,266,0.391,0.32,0.289,3.32
16,Asymmetric Mixed Reality,"AR, VR & Immersive Displays",2023,268,0.381,0.265,0.354,3.67
16,Asymmetric Mixed Reality,"AR, VR & Immersive Displays",2024,293,0.362,0.276,0.362,4.27
16,Asymmetric Mixed Reality,"AR, VR & Immersive Displays",2025,523,0.319,0.314,0.367,4.48
16,Asymmetric Mixed Reality,"AR, VR & Immersive Displays",2026,216,0.343,0.231,0.426,4.85
17,AR Training & Guidance,"AR, VR & Immersive Displays",2005,2,0.0,0.0,1.0,
17,AR Training & Guidance,"AR, VR & Immersive Displays",2007,3,0.0,0.0,1.0,
17,AR Training & Guidance,"AR, VR & Immersive Displays",2008,2,0.0,0.5,0.5,
17,AR Training & Guidance,"AR, VR & Immersive Displays",2010,4,0.25,0.5,0.25,2.0
17,AR Training & Guidance,"AR, VR & Immersive Displays",2011,5,0.2,0.2,0.6,3.0
17,AR Training & Guidance,"AR, VR & Immersive Displays",2012,15,0.0,0.533,0.467,
17,AR Training & Guidance,"AR, VR & Immersive Displays",2013,28,0.357,0.143,0.5,3.5
17,AR Training & Guidance,"AR, VR & Immersive Displays",2014,48,0.479,0.104,0.417,2.74
17,AR Training & Guidance,"AR, VR & Immersive Displays",2015,28,0.429,0.071,0.5,2.25
17,AR Training & Guidance,"AR, VR & Immersive Displays",2016,48,0.458,0.146,0.396,3.77
17,AR Training & Guidance,"AR, VR & Immersive Displays",2017,62,0.484,0.048,0.468,3.9
17,AR Training & Guidance,"AR, VR & Immersive Displays",2018,67,0.403,0.149,0.448,3.89
17,AR Training & Guidance,"AR, VR & Immersive Displays",2019,84,0.429,0.131,0.44,3.72
17,AR Training & Guidance,"AR, VR & Immersive Displays",2020,62,0.355,0.29,0.355,4.0
17,AR Training & Guidance,"AR, VR & Immersive Displays",2021,129,0.333,0.14,0.527,6.21
17,AR Training & Guidance,"AR, VR & Immersive Displays",2022,95,0.337,0.211,0.453,5.75
17,AR Training & Guidance,"AR, VR & Immersive Displays",2023,176,0.364,0.273,0.364,5.42
17,AR Training & Guidance,"AR, VR & Immersive Displays",2024,213,0.418,0.235,0.347,5.51
17,AR Training & Guidance,"AR, VR & Immersive Displays",2025,124,0.46,0.25,0.29,4.91
17,AR Training & Guidance,"AR, VR & Immersive Displays",2026,119,0.42,0.151,0.429,5.58
18,Public & Ambient Displays,"AR, VR & Immersive Displays",1998,1,0.0,0.0,1.0,
18,Public & Ambient Displays,"AR, VR & Immersive Displays",2000,2,0.5,0.0,0.5,2.0
18,Public & Ambient Displays,"AR, VR & Immersive Displays",2001,1,1.0,0.0,0.0,3.0
18,Public & Ambient Displays,"AR, VR & Immersive Displays",2002,7,0.286,0.143,0.571,2.5
18,Public & Ambient Displays,"AR, VR & Immersive Displays",2003,6,0.5,0.0,0.5,1.67
18,Public & Ambient Displays,"AR, VR & Immersive Displays",2004,34,0.029,0.265,0.706,2.0
18,Public & Ambient Displays,"AR, VR & Immersive Displays",2005,1,0.0,1.0,0.0,
18,Public & Ambient Displays,"AR, VR & Immersive Displays",2006,4,0.0,0.5,0.5,
18,Public & Ambient Displays,"AR, VR & Immersive Displays",2008,35,0.2,0.171,0.629,4.0
18,Public & Ambient Displays,"AR, VR & Immersive Displays",2009,9,0.111,0.111,0.778,10.0
18,Public & Ambient Displays,"AR, VR & Immersive Displays",2010,19,0.211,0.368,0.421,2.75
18,Public & Ambient Displays,"AR, VR & Immersive Displays",2011,56,0.286,0.232,0.482,2.75
18,Public & Ambient Displays,"AR, VR & Immersive Displays",2012,79,0.519,0.139,0.342,3.22
18,Public & Ambient Displays,"AR, VR & Immersive Displays",2013,107,0.486,0.15,0.364,3.75
18,Public & Ambient Displays,"AR, VR & Immersive Displays",2014,143,0.49,0.182,0.329,3.87
18,Public & Ambient Displays,"AR, VR & Immersive Displays",2015,110,0.509,0.082,0.409,3.79
18,Public & Ambient Displays,"AR, VR & Immersive Displays",2016,153,0.569,0.092,0.34,4.76
18,Public & Ambient Displays,"AR, VR & Immersive Displays",2017,155,0.419,0.11,0.471,5.4
18,Public & Ambient Displays,"AR, VR & Immersive Displays",2018,114,0.447,0.149,0.404,5.67
18,Public & Ambient Displays,"AR, VR & Immersive Displays",2019,97,0.474,0.082,0.443,7.2
18,Public & Ambient Displays,"AR, VR & Immersive Displays",2020,186,0.532,0.048,0.419,6.39
18,Public & Ambient Displays,"AR, VR & Immersive Displays",2021,77,0.545,0.078,0.377,7.76
18,Public & Ambient Displays,"AR, VR & Immersive Displays",2022,112,0.42,0.098,0.482,8.4
18,Public & Ambient Displays,"AR, VR & Immersive Displays",2023,123,0.423,0.195,0.382,8.98
18,Public & Ambient Displays,"AR, VR & Immersive Displays",2024,29,0.448,0.138,0.414,10.38
18,Public & Ambient Displays,"AR, VR & Immersive Displays",2025,44,0.205,0.136,0.659,8.67
18,Public & Ambient Displays,"AR, VR & Immersive Displays",2026,23,0.174,0.087,0.739,3.5
19,In-car & Video AR,"AR, VR & Immersive Displays",1996,3,0.0,0.0,1.0,
19,In-car & Video AR,"AR, VR & Immersive Displays",2002,7,0.0,0.429,0.571,
19,In-car & Video AR,"AR, VR & Immersive Displays",2005,2,0.0,1.0,0.0,
19,In-car & Video AR,"AR, VR & Immersive Displays",2006,4,0.25,0.5,0.25,1.0
19,In-car & Video AR,"AR, VR & Immersive Displays",2007,8,0.25,0.5,0.25,2.0
19,In-car & Video AR,"AR, VR & Immersive Displays",2008,3,0.0,0.0,1.0,
19,In-car & Video AR,"AR, VR & Immersive Displays",2009,6,0.667,0.0,0.333,4.25
19,In-car & Video AR,"AR, VR & Immersive Displays",2010,3,0.667,0.0,0.333,4.5
19,In-car & Video AR,"AR, VR & Immersive Displays",2012,11,0.455,0.273,0.273,4.2
19,In-car & Video AR,"AR, VR & Immersive Displays",2013,11,0.727,0.182,0.091,4.62
19,In-car & Video AR,"AR, VR & Immersive Displays",2014,6,0.333,0.167,0.5,6.0
19,In-car & Video AR,"AR, VR & Immersive Displays",2015,2,0.5,0.5,0.0,9.0
19,In-car & Video AR,"AR, VR & Immersive Displays",2016,17,0.294,0.471,0.235,6.6
19,In-car & Video AR,"AR, VR & Immersive Displays",2017,75,0.293,0.227,0.48,5.18
19,In-car & Video AR,"AR, VR & Immersive Displays",2018,46,0.478,0.152,0.37,2.82
19,In-car & Video AR,"AR, VR & Immersive Displays",2019,73,0.493,0.219,0.288,3.44
19,In-car & Video AR,"AR, VR & Immersive Displays",2020,83,0.687,0.133,0.181,3.98
19,In-car & Video AR,"AR, VR & Immersive Displays",2021,48,0.542,0.208,0.25,4.54
19,In-car & Video AR,"AR, VR & Immersive Displays",2022,69,0.406,0.348,0.246,6.18
19,In-car & Video AR,"AR, VR & Immersive Displays",2023,143,0.287,0.315,0.399,6.59
19,In-car & Video AR,"AR, VR & Immersive Displays",2024,40,0.35,0.2,0.45,9.5
19,In-car & Video AR,"AR, VR & Immersive Displays",2025,64,0.438,0.266,0.297,7.57
19,In-car & Video AR,"AR, VR & Immersive Displays",2026,48,0.354,0.333,0.312,6.88
20,Near-eye & Foveated Displays,"AR, VR & Immersive Displays",1981,1,1.0,0.0,0.0,3.0
20,Near-eye & Foveated Displays,"AR, VR & Immersive Displays",1982,1,1.0,0.0,0.0,4.0
20,Near-eye & Foveated Displays,"AR, VR & Immersive Displays",1995,1,1.0,0.0,0.0,14.0
20,Near-eye & Foveated Displays,"AR, VR & Immersive Displays",1997,2,0.0,0.0,1.0,
20,Near-eye & Foveated Displays,"AR, VR & Immersive Displays",2002,1,1.0,0.0,0.0,5.0
20,Near-eye & Foveated Displays,"AR, VR & Immersive Displays",2004,3,0.333,0.333,0.333,4.0
20,Near-eye & Foveated Displays,"AR, VR & Immersive Displays",2005,2,0.5,0.5,0.0,5.0
20,Near-eye & Foveated Displays,"AR, VR & Immersive Displays",2006,5,0.2,0.4,0.4,6.0
20,Near-eye & Foveated Displays,"AR, VR & Immersive Displays",2007,5,0.6,0.0,0.4,3.33
20,Near-eye & Foveated Displays,"AR, VR & Immersive Displays",2008,1,0.0,1.0,0.0,
20,Near-eye & Foveated Displays,"AR, VR & Immersive Displays",2009,6,0.167,0.333,0.5,1.0
20,Near-eye & Foveated Displays,"AR, VR & Immersive Displays",2010,5,0.6,0.0,0.4,5.67
20,Near-eye & Foveated Displays,"AR, VR & Immersive Displays",2011,14,0.5,0.071,0.429,4.86
20,Near-eye & Foveated Displays,"AR, VR & Immersive Displays",2012,15,0.867,0.0,0.133,4.85
20,Near-eye & Foveated Displays,"AR, VR & Immersive Displays",2013,36,0.611,0.056,0.333,3.77
20,Near-eye & Foveated Displays,"AR, VR & Immersive Displays",2014,40,0.775,0.125,0.1,6.39
20,Near-eye & Foveated Displays,"AR, VR & Immersive Displays",2015,48,0.583,0.146,0.271,4.21
20,Near-eye & Foveated Displays,"AR, VR & Immersive Displays",2016,39,0.692,0.128,0.179,3.0
20,Near-eye & Foveated Displays,"AR, VR & Immersive Displays",2017,73,0.849,0.055,0.096,4.18
20,Near-eye & Foveated Displays,"AR, VR & Immersive Displays",2018,52,0.596,0.173,0.231,3.06
20,Near-eye & Foveated Displays,"AR, VR & Immersive Displays",2019,56,0.786,0.018,0.196,4.34
20,Near-eye & Foveated Displays,"AR, VR & Immersive Displays",2020,60,0.867,0.033,0.1,4.27
20,Near-eye & Foveated Displays,"AR, VR & Immersive Displays",2021,31,0.742,0.129,0.129,4.57
20,Near-eye & Foveated Displays,"AR, VR & Immersive Displays",2022,41,0.78,0.122,0.098,6.22
20,Near-eye & Foveated Displays,"AR, VR & Immersive Displays",2023,33,0.758,0.121,0.121,6.28
20,Near-eye & Foveated Displays,"AR, VR & Immersive Displays",2024,37,0.865,0.054,0.081,8.59
20,Near-eye & Foveated Displays,"AR, VR & Immersive Displays",2025,21,0.667,0.095,0.238,4.43
20,Near-eye & Foveated Displays,"AR, VR & Immersive Displays",2026,7,0.429,0.286,0.286,7.0
21,AR Depth Perception,"AR, VR & Immersive Displays",1991,4,0.25,0.0,0.75,4.0
21,AR Depth Perception,"AR, VR & Immersive Displays",1992,2,0.0,0.0,1.0,
21,AR Depth Perception,"AR, VR & Immersive Displays",1993,2,0.5,0.0,0.5,2.0
21,AR Depth Perception,"AR, VR & Immersive Displays",1994,5,0.4,0.2,0.4,1.5
21,AR Depth Perception,"AR, VR & Immersive Displays",1996,10,0.4,0.0,0.6,2.0
21,AR Depth Perception,"AR, VR & Immersive Displays",1997,4,0.75,0.0,0.25,2.67
21,AR Depth Perception,"AR, VR & Immersive Displays",1998,14,0.571,0.0,0.429,4.25
21,AR Depth Perception,"AR, VR & Immersive Displays",1999,8,0.25,0.125,0.625,5.5
21,AR Depth Perception,"AR, VR & Immersive Displays",2000,7,0.571,0.286,0.143,4.25
21,AR Depth Perception,"AR, VR & Immersive Displays",2001,16,0.5,0.125,0.375,3.75
21,AR Depth Perception,"AR, VR & Immersive Displays",2002,16,0.5,0.188,0.312,2.0
21,AR Depth Perception,"AR, VR & Immersive Displays",2003,5,1.0,0.0,0.0,4.4
21,AR Depth Perception,"AR, VR & Immersive Displays",2004,5,1.0,0.0,0.0,4.8
21,AR Depth Perception,"AR, VR & Immersive Displays",2005,11,0.727,0.091,0.182,4.12
21,AR Depth Perception,"AR, VR & Immersive Displays",2006,5,0.4,0.2,0.4,8.5
21,AR Depth Perception,"AR, VR & Immersive Displays",2007,1,0.0,0.0,1.0,
21,AR Depth Perception,"AR, VR & Immersive Displays",2008,22,0.318,0.364,0.318,4.86
21,AR Depth Perception,"AR, VR & Immersive Displays",2009,8,0.625,0.125,0.25,7.0
21,AR Depth Perception,"AR, VR & Immersive Displays",2010,3,0.333,0.0,0.667,2.0
21,AR Depth Perception,"AR, VR & Immersive Displays",2011,9,0.667,0.111,0.222,6.67
21,AR Depth Perception,"AR, VR & Immersive Displays",2012,7,1.0,0.0,0.0,4.0
21,AR Depth Perception,"AR, VR & Immersive Displays",2013,20,0.45,0.3,0.25,6.22
21,AR Depth Perception,"AR, VR & Immersive Displays",2014,11,0.727,0.091,0.182,5.0
21,AR Depth Perception,"AR, VR & Immersive Displays",2015,17,0.294,0.059,0.647,5.4
21,AR Depth Perception,"AR, VR & Immersive Displays",2016,25,0.24,0.16,0.6,3.5
21,AR Depth Perception,"AR, VR & Immersive Displays",2017,23,0.565,0.087,0.348,3.77
21,AR Depth Perception,"AR, VR & Immersive Displays",2018,81,0.469,0.173,0.358,4.61
21,AR Depth Perception,"AR, VR & Immersive Displays",2019,62,0.435,0.113,0.452,4.22
21,AR Depth Perception,"AR, VR & Immersive Displays",2020,41,0.561,0.122,0.317,5.3
21,AR Depth Perception,"AR, VR & Immersive Displays",2021,102,0.529,0.137,0.333,7.17
21,AR Depth Perception,"AR, VR & Immersive Displays",2022,112,0.482,0.196,0.321,6.33
21,AR Depth Perception,"AR, VR & Immersive Displays",2023,96,0.385,0.323,0.292,6.43
21,AR Depth Perception,"AR, VR & Immersive Displays",2024,112,0.411,0.125,0.464,6.7
21,AR Depth Perception,"AR, VR & Immersive Displays",2025,147,0.449,0.252,0.299,6.85
21,AR Depth Perception,"AR, VR & Immersive Displays",2026,32,0.5,0.156,0.344,6.12
22,Vibrotactile Feedback,Haptics & Touch Feedback,2002,12,0.0,0.083,0.917,
22,Vibrotactile Feedback,Haptics & Touch Feedback,2003,3,0.333,0.0,0.667,1.0
22,Vibrotactile Feedback,Haptics & Touch Feedback,2004,10,0.1,0.2,0.7,1.0
22,Vibrotactile Feedback,Haptics & Touch Feedback,2005,1,1.0,0.0,0.0,1.0
22,Vibrotactile Feedback,Haptics & Touch Feedback,2006,5,0.6,0.0,0.4,4.33
22,Vibrotactile Feedback,Haptics & Touch Feedback,2007,18,0.444,0.111,0.444,2.88
22,Vibrotactile Feedback,Haptics & Touch Feedback,2008,24,0.667,0.083,0.25,3.06
22,Vibrotactile Feedback,Haptics & Touch Feedback,2009,57,0.474,0.105,0.421,3.37
22,Vibrotactile Feedback,Haptics & Touch Feedback,2010,30,0.7,0.0,0.3,4.43
22,Vibrotactile Feedback,Haptics & Touch Feedback,2011,62,0.532,0.081,0.387,4.33
22,Vibrotactile Feedback,Haptics & Touch Feedback,2012,35,0.6,0.143,0.257,5.24
22,Vibrotactile Feedback,Haptics & Touch Feedback,2013,42,0.524,0.143,0.333,3.73
22,Vibrotactile Feedback,Haptics & Touch Feedback,2014,28,0.536,0.143,0.321,4.93
22,Vibrotactile Feedback,Haptics & Touch Feedback,2015,57,0.684,0.088,0.228,5.38
22,Vibrotactile Feedback,Haptics & Touch Feedback,2016,106,0.519,0.179,0.302,4.22
22,Vibrotactile Feedback,Haptics & Touch Feedback,2017,143,0.455,0.252,0.294,5.77
22,Vibrotactile Feedback,Haptics & Touch Feedback,2018,147,0.551,0.156,0.293,5.57
22,Vibrotactile Feedback,Haptics & Touch Feedback,2019,220,0.509,0.255,0.236,5.07
22,Vibrotactile Feedback,Haptics & Touch Feedback,2020,195,0.6,0.205,0.195,5.86
22,Vibrotactile Feedback,Haptics & Touch Feedback,2021,142,0.634,0.204,0.162,5.09
22,Vibrotactile Feedback,Haptics & Touch Feedback,2022,49,0.592,0.245,0.163,7.83
22,Vibrotactile Feedback,Haptics & Touch Feedback,2023,185,0.546,0.243,0.211,6.95
22,Vibrotactile Feedback,Haptics & Touch Feedback,2024,139,0.518,0.223,0.259,8.38
22,Vibrotactile Feedback,Haptics & Touch Feedback,2025,230,0.422,0.3,0.278,7.88
22,Vibrotactile Feedback,Haptics & Touch Feedback,2026,71,0.394,0.338,0.268,9.18
23,Thermal & Olfactory Displays,Haptics & Touch Feedback,2004,1,1.0,0.0,0.0,1.0
23,Thermal & Olfactory Displays,Haptics & Touch Feedback,2006,4,0.25,0.0,0.75,2.0
23,Thermal & Olfactory Displays,Haptics & Touch Feedback,2007,4,0.5,0.25,0.25,1.0
23,Thermal & Olfactory Displays,Haptics & Touch Feedback,2010,3,1.0,0.0,0.0,2.0
23,Thermal & Olfactory Displays,Haptics & Touch Feedback,2011,10,0.9,0.0,0.1,3.44
23,Thermal & Olfactory Displays,Haptics & Touch Feedback,2012,8,0.5,0.0,0.5,2.25
23,Thermal & Olfactory Displays,Haptics & Touch Feedback,2013,2,0.5,0.0,0.5,3.0
23,Thermal & Olfactory Displays,Haptics & Touch Feedback,2014,7,0.429,0.0,0.571,4.33
23,Thermal & Olfactory Displays,Haptics & Touch Feedback,2015,6,0.5,0.167,0.333,3.33
23,Thermal & Olfactory Displays,Haptics & Touch Feedback,2016,22,0.636,0.136,0.227,4.14
23,Thermal & Olfactory Displays,Haptics & Touch Feedback,2017,72,0.472,0.194,0.333,4.21
23,Thermal & Olfactory Displays,Haptics & Touch Feedback,2018,68,0.397,0.338,0.265,6.19
23,Thermal & Olfactory Displays,Haptics & Touch Feedback,2019,93,0.495,0.355,0.151,3.7
23,Thermal & Olfactory Displays,Haptics & Touch Feedback,2020,232,0.487,0.297,0.216,4.62
23,Thermal & Olfactory Displays,Haptics & Touch Feedback,2021,139,0.374,0.345,0.281,3.15
23,Thermal & Olfactory Displays,Haptics & Touch Feedback,2022,198,0.263,0.278,0.46,4.62
23,Thermal & Olfactory Displays,Haptics & Touch Feedback,2023,189,0.45,0.206,0.344,4.46
23,Thermal & Olfactory Displays,Haptics & Touch Feedback,2024,453,0.539,0.225,0.236,5.64
23,Thermal & Olfactory Displays,Haptics & Touch Feedback,2025,251,0.438,0.187,0.375,5.18
23,Thermal & Olfactory Displays,Haptics & Touch Feedback,2026,422,0.431,0.149,0.419,5.83
24,Force Feedback Devices,Haptics & Touch Feedback,1990,2,0.0,0.0,1.0,
24,Force Feedback Devices,Haptics & Touch Feedback,2008,1,0.0,1.0,0.0,
24,Force Feedback Devices,Haptics & Touch Feedback,2009,2,0.0,0.5,0.5,
24,Force Feedback Devices,Haptics & Touch Feedback,2010,3,0.0,0.333,0.667,
24,Force Feedback Devices,Haptics & Touch Feedback,2012,10,0.2,0.8,0.0,2.0
24,Force Feedback Devices,Haptics & Touch Feedback,2013,7,0.286,0.429,0.286,12.0
24,Force Feedback Devices,Haptics & Touch Feedback,2014,9,0.444,0.0,0.556,4.25
24,Force Feedback Devices,Haptics & Touch Feedback,2015,16,0.5,0.125,0.375,5.5
24,Force Feedback Devices,Haptics & Touch Feedback,2016,40,0.2,0.5,0.3,3.5
24,Force Feedback Devices,Haptics & Touch Feedback,2017,49,0.388,0.327,0.286,4.79
24,Force Feedback Devices,Haptics & Touch Feedback,2018,199,0.362,0.427,0.211,2.69
24,Force Feedback Devices,Haptics & Touch Feedback,2019,291,0.502,0.364,0.134,2.95
24,Force Feedback Devices,Haptics & Touch Feedback,2020,295,0.512,0.281,0.207,2.68
24,Force Feedback Devices,Haptics & Touch Feedback,2021,240,0.475,0.296,0.229,2.89
24,Force Feedback Devices,Haptics & Touch Feedback,2022,258,0.624,0.271,0.105,3.74
24,Force Feedback Devices,Haptics & Touch Feedback,2023,229,0.568,0.288,0.144,4.6
24,Force Feedback Devices,Haptics & Touch Feedback,2024,386,0.547,0.295,0.158,5.72
24,Force Feedback Devices,Haptics & Touch Feedback,2025,351,0.41,0.399,0.191,5.93
24,Force Feedback Devices,Haptics & Touch Feedback,2026,173,0.503,0.301,0.197,6.34
25,Haptic Redirection in VR,Haptics & Touch Feedback,1994,8,0.125,0.0,0.875,2.0
25,Haptic Redirection in VR,Haptics & Touch Feedback,2004,4,0.5,0.0,0.5,6.0
25,Haptic Redirection in VR,Haptics & Touch Feedback,2006,3,0.333,0.0,0.667,2.0
25,Haptic Redirection in VR,Haptics & Touch Feedback,2007,1,0.0,0.0,1.0,
25,Haptic Redirection in VR,Haptics & Touch Feedback,2008,3,0.0,0.333,0.667,
25,Haptic Redirection in VR,Haptics & Touch Feedback,2009,3,0.0,0.333,0.667,
25,Haptic Redirection in VR,Haptics & Touch Feedback,2010,1,1.0,0.0,0.0,2.0
25,Haptic Redirection in VR,Haptics & Touch Feedback,2011,1,1.0,0.0,0.0,3.0
25,Haptic Redirection in VR,Haptics & Touch Feedback,2012,4,0.5,0.25,0.25,4.0
25,Haptic Redirection in VR,Haptics & Touch Feedback,2013,6,0.5,0.5,0.0,2.0
25,Haptic Redirection in VR,Haptics & Touch Feedback,2015,15,0.467,0.067,0.467,14.14
25,Haptic Redirection in VR,Haptics & Touch Feedback,2016,39,0.282,0.231,0.487,6.64
25,Haptic Redirection in VR,Haptics & Touch Feedback,2017,56,0.375,0.179,0.446,4.19
25,Haptic Redirection in VR,Haptics & Touch Feedback,2018,120,0.325,0.158,0.517,4.03
25,Haptic Redirection in VR,Haptics & Touch Feedback,2019,224,0.42,0.25,0.33,4.91
25,Haptic Redirection in VR,Haptics & Touch Feedback,2020,260,0.454,0.231,0.315,3.7
25,Haptic Redirection in VR,Haptics & Touch Feedback,2021,296,0.405,0.28,0.314,3.88
25,Haptic Redirection in VR,Haptics & Touch Feedback,2022,257,0.541,0.198,0.261,4.29
25,Haptic Redirection in VR,Haptics & Touch Feedback,2023,360,0.511,0.136,0.353,4.86
25,Haptic Redirection in VR,Haptics & Touch Feedback,2024,298,0.527,0.148,0.326,4.74
25,Haptic Redirection in VR,Haptics & Touch Feedback,2025,477,0.547,0.168,0.285,5.49
25,Haptic Redirection in VR,Haptics & Touch Feedback,2026,131,0.344,0.397,0.26,6.24
26,Wearable Fingertip Haptics,Haptics & Touch Feedback,2007,2,0.0,0.0,1.0,
26,Wearable Fingertip Haptics,Haptics & Touch Feedback,2009,2,0.5,0.5,0.0,2.0
26,Wearable Fingertip Haptics,Haptics & Touch Feedback,2010,2,1.0,0.0,0.0,0.0
26,Wearable Fingertip Haptics,Haptics & Touch Feedback,2011,15,0.2,0.733,0.067,1.0
26,Wearable Fingertip Haptics,Haptics & Touch Feedback,2012,16,0.688,0.312,0.0,2.36
26,Wearable Fingertip Haptics,Haptics & Touch Feedback,2013,7,0.857,0.143,0.0,2.5
26,Wearable Fingertip Haptics,Haptics & Touch Feedback,2014,5,0.6,0.0,0.4,3.33
26,Wearable Fingertip Haptics,Haptics & Touch Feedback,2015,34,0.618,0.265,0.118,4.29
26,Wearable Fingertip Haptics,Haptics & Touch Feedback,2016,37,0.514,0.378,0.108,4.95
26,Wearable Fingertip Haptics,Haptics & Touch Feedback,2017,66,0.682,0.273,0.045,3.91
26,Wearable Fingertip Haptics,Haptics & Touch Feedback,2018,66,0.424,0.409,0.167,3.54
26,Wearable Fingertip Haptics,Haptics & Touch Feedback,2019,83,0.53,0.398,0.072,5.18
26,Wearable Fingertip Haptics,Haptics & Touch Feedback,2020,36,0.528,0.417,0.056,5.68
26,Wearable Fingertip Haptics,Haptics & Touch Feedback,2021,101,0.545,0.406,0.05,5.95
26,Wearable Fingertip Haptics,Haptics & Touch Feedback,2022,69,0.551,0.246,0.203,6.97
26,Wearable Fingertip Haptics,Haptics & Touch Feedback,2023,166,0.47,0.38,0.151,6.82
26,Wearable Fingertip Haptics,Haptics & Touch Feedback,2024,212,0.472,0.392,0.137,6.84
26,Wearable Fingertip Haptics,Haptics & Touch Feedback,2025,212,0.458,0.245,0.297,6.84
26,Wearable Fingertip Haptics,Haptics & Touch Feedback,2026,151,0.384,0.417,0.199,6.52
27,Tactile Texture Rendering,Haptics & Touch Feedback,2009,3,0.0,0.667,0.333,
27,Tactile Texture Rendering,Haptics & Touch Feedback,2010,6,0.0,0.5,0.5,
27,Tactile Texture Rendering,Haptics & Touch Feedback,2011,2,0.0,1.0,0.0,
27,Tactile Texture Rendering,Haptics & Touch Feedback,2012,9,0.444,0.111,0.444,1.75
27,Tactile Texture Rendering,Haptics & Touch Feedback,2013,23,0.348,0.522,0.13,3.25
27,Tactile Texture Rendering,Haptics & Touch Feedback,2014,19,0.684,0.211,0.105,2.46
27,Tactile Texture Rendering,Haptics & Touch Feedback,2015,20,0.55,0.3,0.15,3.27
27,Tactile Texture Rendering,Haptics & Touch Feedback,2016,67,0.313,0.313,0.373,3.29
27,Tactile Texture Rendering,Haptics & Touch Feedback,2017,61,0.344,0.164,0.492,3.05
27,Tactile Texture Rendering,Haptics & Touch Feedback,2018,34,0.382,0.5,0.118,3.62
27,Tactile Texture Rendering,Haptics & Touch Feedback,2019,40,0.5,0.35,0.15,5.1
27,Tactile Texture Rendering,Haptics & Touch Feedback,2020,131,0.321,0.351,0.328,4.83
27,Tactile Texture Rendering,Haptics & Touch Feedback,2021,91,0.451,0.319,0.231,4.68
27,Tactile Texture Rendering,Haptics & Touch Feedback,2022,81,0.593,0.309,0.099,5.0
27,Tactile Texture Rendering,Haptics & Touch Feedback,2023,264,0.5,0.307,0.193,5.85
27,Tactile Texture Rendering,Haptics & Touch Feedback,2024,117,0.496,0.299,0.205,5.45
27,Tactile Texture Rendering,Haptics & Touch Feedback,2025,394,0.409,0.305,0.287,5.83
27,Tactile Texture Rendering,Haptics & Touch Feedback,2026,201,0.493,0.259,0.249,6.26
28,Mid-air Ultrasound Haptics,Haptics & Touch Feedback,2009,1,1.0,0.0,0.0,1.0
28,Mid-air Ultrasound Haptics,Haptics & Touch Feedback,2010,2,0.5,0.5,0.0,1.0
28,Mid-air Ultrasound Haptics,Haptics & Touch Feedback,2011,16,0.188,0.062,0.75,5.0
28,Mid-air Ultrasound Haptics,Haptics & Touch Feedback,2013,29,0.207,0.379,0.414,2.67
28,Mid-air Ultrasound Haptics,Haptics & Touch Feedback,2014,56,0.446,0.054,0.5,2.68
28,Mid-air Ultrasound Haptics,Haptics & Touch Feedback,2015,8,0.375,0.375,0.25,1.67
28,Mid-air Ultrasound Haptics,Haptics & Touch Feedback,2016,70,0.529,0.214,0.257,3.38
28,Mid-air Ultrasound Haptics,Haptics & Touch Feedback,2017,92,0.38,0.207,0.413,3.86
28,Mid-air Ultrasound Haptics,Haptics & Touch Feedback,2018,50,0.5,0.2,0.3,4.48
28,Mid-air Ultrasound Haptics,Haptics & Touch Feedback,2019,94,0.596,0.255,0.149,5.07
28,Mid-air Ultrasound Haptics,Haptics & Touch Feedback,2020,129,0.736,0.062,0.202,4.52
28,Mid-air Ultrasound Haptics,Haptics & Touch Feedback,2021,140,0.564,0.179,0.257,4.65
28,Mid-air Ultrasound Haptics,Haptics & Touch Feedback,2022,144,0.514,0.201,0.285,5.03
28,Mid-air Ultrasound Haptics,Haptics & Touch Feedback,2023,298,0.557,0.292,0.151,6.02
28,Mid-air Ultrasound Haptics,Haptics & Touch Feedback,2024,216,0.611,0.25,0.139,5.06
28,Mid-air Ultrasound Haptics,Haptics & Touch Feedback,2025,203,0.601,0.232,0.167,6.21
28,Mid-air Ultrasound Haptics,Haptics & Touch Feedback,2026,69,0.464,0.159,0.377,5.03
29,Electrical Muscle Stimulation,Haptics & Touch Feedback,2004,1,0.0,0.0,1.0,
29,Electrical Muscle Stimulation,Haptics & Touch Feedback,2010,1,0.0,1.0,0.0,
29,Electrical Muscle Stimulation,Haptics & Touch Feedback,2011,3,0.667,0.333,0.0,2.5
29,Electrical Muscle Stimulation,Haptics & Touch Feedback,2012,6,0.0,0.0,1.0,
29,Electrical Muscle Stimulation,Haptics & Touch Feedback,2013,10,0.2,0.3,0.5,4.0
29,Electrical Muscle Stimulation,Haptics & Touch Feedback,2015,45,0.178,0.356,0.467,4.12
29,Electrical Muscle Stimulation,Haptics & Touch Feedback,2016,49,0.469,0.204,0.327,2.78
29,Electrical Muscle Stimulation,Haptics & Touch Feedback,2017,79,0.658,0.152,0.19,2.77
29,Electrical Muscle Stimulation,Haptics & Touch Feedback,2018,196,0.393,0.219,0.388,2.94
29,Electrical Muscle Stimulation,Haptics & Touch Feedback,2019,88,0.602,0.227,0.17,3.68
29,Electrical Muscle Stimulation,Haptics & Touch Feedback,2020,54,0.315,0.13,0.556,4.0
29,Electrical Muscle Stimulation,Haptics & Touch Feedback,2021,105,0.762,0.086,0.152,5.04
29,Electrical Muscle Stimulation,Haptics & Touch Feedback,2022,112,0.536,0.17,0.295,5.62
29,Electrical Muscle Stimulation,Haptics & Touch Feedback,2023,251,0.323,0.028,0.649,5.15
29,Electrical Muscle Stimulation,Haptics & Touch Feedback,2024,275,0.513,0.185,0.302,5.82
29,Electrical Muscle Stimulation,Haptics & Touch Feedback,2025,213,0.512,0.183,0.305,6.59
29,Electrical Muscle Stimulation,Haptics & Touch Feedback,2026,192,0.474,0.219,0.307,5.44
30,Surface Haptics,Haptics & Touch Feedback,1991,4,0.0,0.25,0.75,
30,Surface Haptics,Haptics & Touch Feedback,1996,2,0.0,0.0,1.0,
30,Surface Haptics,Haptics & Touch Feedback,1997,3,0.333,0.0,0.667,1.0
30,Surface Haptics,Haptics & Touch Feedback,1998,7,0.286,0.143,0.571,1.5
30,Surface Haptics,Haptics & Touch Feedback,1999,4,0.25,0.0,0.75,2.0
30,Surface Haptics,Haptics & Touch Feedback,2001,3,0.333,0.0,0.667,2.0
30,Surface Haptics,Haptics & Touch Feedback,2002,6,0.167,0.0,0.833,4.0
30,Surface Haptics,Haptics & Touch Feedback,2004,1,1.0,0.0,0.0,4.0
30,Surface Haptics,Haptics & Touch Feedback,2007,12,0.667,0.0,0.333,7.62
30,Surface Haptics,Haptics & Touch Feedback,2008,6,0.333,0.0,0.667,4.5
30,Surface Haptics,Haptics & Touch Feedback,2009,6,0.5,0.0,0.5,7.67
30,Surface Haptics,Haptics & Touch Feedback,2010,20,0.15,0.3,0.55,8.0
30,Surface Haptics,Haptics & Touch Feedback,2011,26,0.154,0.231,0.615,4.25
30,Surface Haptics,Haptics & Touch Feedback,2012,69,0.377,0.13,0.493,7.0
30,Surface Haptics,Haptics & Touch Feedback,2013,67,0.403,0.194,0.403,5.44
30,Surface Haptics,Haptics & Touch Feedback,2014,63,0.54,0.095,0.365,5.94
30,Surface Haptics,Haptics & Touch Feedback,2015,22,0.5,0.182,0.318,4.36
30,Surface Haptics,Haptics & Touch Feedback,2016,38,0.553,0.184,0.263,4.05
30,Surface Haptics,Haptics & Touch Feedback,2017,147,0.544,0.088,0.367,6.65
30,Surface Haptics,Haptics & Touch Feedback,2018,50,0.7,0.1,0.2,5.11
30,Surface Haptics,Haptics & Touch Feedback,2019,88,0.83,0.08,0.091,3.78
30,Surface Haptics,Haptics & Touch Feedback,2020,216,0.514,0.273,0.213,5.16
30,Surface Haptics,Haptics & Touch Feedback,2021,105,0.562,0.181,0.257,6.14
30,Surface Haptics,Haptics & Touch Feedback,2022,131,0.466,0.26,0.275,7.38
30,Surface Haptics,Haptics & Touch Feedback,2023,105,0.514,0.114,0.371,9.19
30,Surface Haptics,Haptics & Touch Feedback,2024,52,0.615,0.135,0.25,6.75
30,Surface Haptics,Haptics & Touch Feedback,2025,128,0.578,0.219,0.203,9.24
30,Surface Haptics,Haptics & Touch Feedback,2026,110,0.482,0.127,0.391,8.57
31,Tangibles for Learning,Tangible Interaction & Fabrication,1995,3,0.0,0.0,1.0,
31,Tangibles for Learning,Tangible Interaction & Fabrication,1996,1,0.0,0.0,1.0,
31,Tangibles for Learning,Tangible Interaction & Fabrication,1997,13,0.385,0.0,0.615,1.6
31,Tangibles for Learning,Tangible Interaction & Fabrication,1998,25,0.6,0.04,0.36,1.53
31,Tangibles for Learning,Tangible Interaction & Fabrication,1999,54,0.537,0.0,0.463,2.03
31,Tangibles for Learning,Tangible Interaction & Fabrication,2000,45,0.467,0.0,0.533,2.52
31,Tangibles for Learning,Tangible Interaction & Fabrication,2001,36,0.528,0.0,0.472,3.47
31,Tangibles for Learning,Tangible Interaction & Fabrication,2002,67,0.582,0.09,0.328,4.03
31,Tangibles for Learning,Tangible Interaction & Fabrication,2003,12,0.417,0.083,0.5,2.8
31,Tangibles for Learning,Tangible Interaction & Fabrication,2004,46,0.565,0.022,0.413,4.27
31,Tangibles for Learning,Tangible Interaction & Fabrication,2005,45,0.689,0.089,0.222,5.61
31,Tangibles for Learning,Tangible Interaction & Fabrication,2006,66,0.5,0.015,0.485,5.61
31,Tangibles for Learning,Tangible Interaction & Fabrication,2007,122,0.598,0.016,0.385,6.52
31,Tangibles for Learning,Tangible Interaction & Fabrication,2008,223,0.641,0.076,0.283,5.69
31,Tangibles for Learning,Tangible Interaction & Fabrication,2009,200,0.575,0.09,0.335,5.53
31,Tangibles for Learning,Tangible Interaction & Fabrication,2010,233,0.618,0.099,0.283,5.62
31,Tangibles for Learning,Tangible Interaction & Fabrication,2011,34,0.588,0.059,0.353,5.15
31,Tangibles for Learning,Tangible Interaction & Fabrication,2012,242,0.566,0.091,0.343,6.37
31,Tangibles for Learning,Tangible Interaction & Fabrication,2013,211,0.654,0.062,0.284,6.75
31,Tangibles for Learning,Tangible Interaction & Fabrication,2014,91,0.615,0.066,0.319,7.61
31,Tangibles for Learning,Tangible Interaction & Fabrication,2015,210,0.619,0.119,0.262,7.65
31,Tangibles for Learning,Tangible Interaction & Fabrication,2016,202,0.574,0.099,0.327,6.89
31,Tangibles for Learning,Tangible Interaction & Fabrication,2017,213,0.653,0.094,0.254,8.47
31,Tangibles for Learning,Tangible Interaction & Fabrication,2018,316,0.522,0.149,0.329,8.73
31,Tangibles for Learning,Tangible Interaction & Fabrication,2019,186,0.505,0.124,0.371,8.64
31,Tangibles for Learning,Tangible Interaction & Fabrication,2020,214,0.444,0.192,0.364,10.03
31,Tangibles for Learning,Tangible Interaction & Fabrication,2021,242,0.426,0.107,0.467,10.96
31,Tangibles for Learning,Tangible Interaction & Fabrication,2022,289,0.574,0.059,0.367,9.87
31,Tangibles for Learning,Tangible Interaction & Fabrication,2023,53,0.453,0.094,0.453,9.38
31,Tangibles for Learning,Tangible Interaction & Fabrication,2024,153,0.484,0.183,0.333,12.28
31,Tangibles for Learning,Tangible Interaction & Fabrication,2025,288,0.441,0.149,0.41,14.04
31,Tangibles for Learning,Tangible Interaction & Fabrication,2026,331,0.408,0.148,0.444,15.33
32,Shape-changing Interfaces,Tangible Interaction & Fabrication,1991,4,0.0,0.0,1.0,
32,Shape-changing Interfaces,Tangible Interaction & Fabrication,1992,2,0.0,0.0,1.0,
32,Shape-changing Interfaces,Tangible Interaction & Fabrication,1995,4,0.25,0.0,0.75,4.0
32,Shape-changing Interfaces,Tangible Interaction & Fabrication,1998,9,0.0,0.556,0.444,
32,Shape-changing Interfaces,Tangible Interaction & Fabrication,2001,6,0.0,0.333,0.667,
32,Shape-changing Interfaces,Tangible Interaction & Fabrication,2002,5,0.2,0.8,0.0,4.0
32,Shape-changing Interfaces,Tangible Interaction & Fabrication,2004,14,0.0,0.0,1.0,
32,Shape-changing Interfaces,Tangible Interaction & Fabrication,2005,12,0.083,0.25,0.667,1.0
32,Shape-changing Interfaces,Tangible Interaction & Fabrication,2006,5,0.0,0.2,0.8,
32,Shape-changing Interfaces,Tangible Interaction & Fabrication,2007,31,0.29,0.29,0.419,5.44
32,Shape-changing Interfaces,Tangible Interaction & Fabrication,2008,29,0.276,0.138,0.586,4.5
32,Shape-changing Interfaces,Tangible Interaction & Fabrication,2009,40,0.375,0.125,0.5,3.67
32,Shape-changing Interfaces,Tangible Interaction & Fabrication,2010,81,0.444,0.259,0.296,3.78
32,Shape-changing Interfaces,Tangible Interaction & Fabrication,2011,82,0.537,0.244,0.22,4.89
32,Shape-changing Interfaces,Tangible Interaction & Fabrication,2012,138,0.442,0.232,0.326,4.59
32,Shape-changing Interfaces,Tangible Interaction & Fabrication,2013,195,0.605,0.159,0.236,4.65
32,Shape-changing Interfaces,Tangible Interaction & Fabrication,2014,179,0.648,0.095,0.257,3.67
32,Shape-changing Interfaces,Tangible Interaction & Fabrication,2015,224,0.58,0.183,0.237,4.22
32,Shape-changing Interfaces,Tangible Interaction & Fabrication,2016,595,0.56,0.133,0.308,4.49
32,Shape-changing Interfaces,Tangible Interaction & Fabrication,2017,403,0.566,0.151,0.283,5.11
32,Shape-changing Interfaces,Tangible Interaction & Fabrication,2018,435,0.563,0.234,0.202,4.75
32,Shape-changing Interfaces,Tangible Interaction & Fabrication,2019,519,0.536,0.224,0.241,5.12
32,Shape-changing Interfaces,Tangible Interaction & Fabrication,2020,397,0.552,0.262,0.186,5.46
32,Shape-changing Interfaces,Tangible Interaction & Fabrication,2021,476,0.46,0.258,0.282,6.06
32,Shape-changing Interfaces,Tangible Interaction & Fabrication,2022,845,0.463,0.233,0.304,6.67
32,Shape-changing Interfaces,Tangible Interaction & Fabrication,2023,660,0.489,0.2,0.311,6.08
32,Shape-changing Interfaces,Tangible Interaction & Fabrication,2024,763,0.526,0.229,0.245,6.76
32,Shape-changing Interfaces,Tangible Interaction & Fabrication,2025,1001,0.473,0.246,0.282,6.87
32,Shape-changing Interfaces,Tangible Interaction & Fabrication,2026,591,0.489,0.193,0.318,7.59
33,Printed & Paper Electronics,Tangible Interaction & Fabrication,1997,7,0.0,0.143,0.857,
33,Printed & Paper Electronics,Tangible Interaction & Fabrication,2001,13,0.154,0.538,0.308,2.5
33,Printed & Paper Electronics,Tangible Interaction & Fabrication,2004,5,0.0,0.2,0.8,
33,Printed & Paper Electronics,Tangible Interaction & Fabrication,2005,15,0.2,0.133,0.667,4.33
33,Printed & Paper Electronics,Tangible Interaction & Fabrication,2006,6,0.5,0.167,0.333,7.67
33,Printed & Paper Electronics,Tangible Interaction & Fabrication,2007,6,0.333,0.667,0.0,4.0
33,Printed & Paper Electronics,Tangible Interaction & Fabrication,2008,12,0.417,0.083,0.5,8.0
33,Printed & Paper Electronics,Tangible Interaction & Fabrication,2009,59,0.203,0.339,0.458,4.92
33,Printed & Paper Electronics,Tangible Interaction & Fabrication,2010,77,0.299,0.26,0.442,2.78
33,Printed & Paper Electronics,Tangible Interaction & Fabrication,2011,139,0.324,0.288,0.388,4.29
33,Printed & Paper Electronics,Tangible Interaction & Fabrication,2012,141,0.34,0.241,0.418,2.48
33,Printed & Paper Electronics,Tangible Interaction & Fabrication,2013,198,0.338,0.343,0.318,2.94
33,Printed & Paper Electronics,Tangible Interaction & Fabrication,2014,187,0.39,0.369,0.241,3.23
33,Printed & Paper Electronics,Tangible Interaction & Fabrication,2015,303,0.535,0.238,0.228,2.77
33,Printed & Paper Electronics,Tangible Interaction & Fabrication,2016,254,0.453,0.276,0.272,3.19
33,Printed & Paper Electronics,Tangible Interaction & Fabrication,2017,506,0.445,0.221,0.334,3.89
33,Printed & Paper Electronics,Tangible Interaction & Fabrication,2018,656,0.488,0.276,0.236,4.01
33,Printed & Paper Electronics,Tangible Interaction & Fabrication,2019,498,0.536,0.225,0.239,4.01
33,Printed & Paper Electronics,Tangible Interaction & Fabrication,2020,585,0.564,0.222,0.214,4.72
33,Printed & Paper Electronics,Tangible Interaction & Fabrication,2021,787,0.524,0.23,0.247,5.27
33,Printed & Paper Electronics,Tangible Interaction & Fabrication,2022,825,0.469,0.288,0.242,5.61
33,Printed & Paper Electronics,Tangible Interaction & Fabrication,2023,720,0.526,0.292,0.182,5.54
33,Printed & Paper Electronics,Tangible Interaction & Fabrication,2024,634,0.555,0.227,0.218,6.28
33,Printed & Paper Electronics,Tangible Interaction & Fabrication,2025,542,0.496,0.275,0.229,7.09
33,Printed & Paper Electronics,Tangible Interaction & Fabrication,2026,403,0.511,0.313,0.176,8.32
34,Textiles & Cloth Simulation,Tangible Interaction & Fabrication,1992,1,1.0,0.0,0.0,5.0
34,Textiles & Cloth Simulation,Tangible Interaction & Fabrication,1994,2,0.5,0.0,0.5,2.0
34,Textiles & Cloth Simulation,Tangible Interaction & Fabrication,1998,8,0.625,0.0,0.375,7.2
34,Textiles & Cloth Simulation,Tangible Interaction & Fabrication,2002,7,0.571,0.0,0.429,6.0
34,Textiles & Cloth Simulation,Tangible Interaction & Fabrication,2003,7,0.857,0.143,0.0,7.83
34,Textiles & Cloth Simulation,Tangible Interaction & Fabrication,2006,4,0.0,0.25,0.75,
34,Textiles & Cloth Simulation,Tangible Interaction & Fabrication,2008,4,0.5,0.5,0.0,8.0
34,Textiles & Cloth Simulation,Tangible Interaction & Fabrication,2009,14,0.214,0.714,0.071,4.33
34,Textiles & Cloth Simulation,Tangible Interaction & Fabrication,2010,25,0.44,0.32,0.24,2.82
34,Textiles & Cloth Simulation,Tangible Interaction & Fabrication,2011,6,0.667,0.0,0.333,1.75
34,Textiles & Cloth Simulation,Tangible Interaction & Fabrication,2012,26,0.423,0.462,0.115,6.36
34,Textiles & Cloth Simulation,Tangible Interaction & Fabrication,2013,26,0.5,0.231,0.269,8.92
34,Textiles & Cloth Simulation,Tangible Interaction & Fabrication,2014,39,0.282,0.487,0.231,8.45
34,Textiles & Cloth Simulation,Tangible Interaction & Fabrication,2015,70,0.229,0.171,0.6,4.81
34,Textiles & Cloth Simulation,Tangible Interaction & Fabrication,2016,81,0.333,0.358,0.309,4.56
34,Textiles & Cloth Simulation,Tangible Interaction & Fabrication,2017,145,0.255,0.324,0.421,4.35
34,Textiles & Cloth Simulation,Tangible Interaction & Fabrication,2018,214,0.495,0.271,0.234,5.05
34,Textiles & Cloth Simulation,Tangible Interaction & Fabrication,2019,292,0.531,0.281,0.188,4.43
34,Textiles & Cloth Simulation,Tangible Interaction & Fabrication,2020,420,0.531,0.298,0.171,3.97
34,Textiles & Cloth Simulation,Tangible Interaction & Fabrication,2021,756,0.479,0.225,0.296,4.42
34,Textiles & Cloth Simulation,Tangible Interaction & Fabrication,2022,722,0.494,0.263,0.242,4.49
34,Textiles & Cloth Simulation,Tangible Interaction & Fabrication,2023,718,0.489,0.279,0.233,4.75
34,Textiles & Cloth Simulation,Tangible Interaction & Fabrication,2024,1010,0.599,0.237,0.164,4.97
34,Textiles & Cloth Simulation,Tangible Interaction & Fabrication,2025,858,0.624,0.262,0.114,4.82
34,Textiles & Cloth Simulation,Tangible Interaction & Fabrication,2026,477,0.516,0.319,0.166,5.16
35,Digital Fabrication,Tangible Interaction & Fabrication,2000,6,0.0,0.667,0.333,
35,Digital Fabrication,Tangible Interaction & Fabrication,2003,12,0.083,0.167,0.75,1.0
35,Digital Fabrication,Tangible Interaction & Fabrication,2006,21,0.0,0.381,0.619,
35,Digital Fabrication,Tangible Interaction & Fabrication,2010,13,0.077,0.154,0.769,1.0
35,Digital Fabrication,Tangible Interaction & Fabrication,2011,7,0.0,0.0,1.0,
35,Digital Fabrication,Tangible Interaction & Fabrication,2012,79,0.165,0.392,0.443,4.38
35,Digital Fabrication,Tangible Interaction & Fabrication,2013,56,0.446,0.25,0.304,2.68
35,Digital Fabrication,Tangible Interaction & Fabrication,2014,79,0.38,0.253,0.367,2.83
35,Digital Fabrication,Tangible Interaction & Fabrication,2015,225,0.4,0.329,0.271,3.48
35,Digital Fabrication,Tangible Interaction & Fabrication,2016,330,0.439,0.279,0.282,2.53
35,Digital Fabrication,Tangible Interaction & Fabrication,2017,211,0.474,0.313,0.213,3.15
35,Digital Fabrication,Tangible Interaction & Fabrication,2018,283,0.399,0.304,0.297,3.8
35,Digital Fabrication,Tangible Interaction & Fabrication,2019,496,0.472,0.302,0.226,4.14
35,Digital Fabrication,Tangible Interaction & Fabrication,2020,324,0.481,0.265,0.253,4.7
35,Digital Fabrication,Tangible Interaction & Fabrication,2021,397,0.456,0.32,0.224,4.71
35,Digital Fabrication,Tangible Interaction & Fabrication,2022,349,0.527,0.281,0.192,5.32
35,Digital Fabrication,Tangible Interaction & Fabrication,2023,837,0.516,0.302,0.182,5.34
35,Digital Fabrication,Tangible Interaction & Fabrication,2024,1035,0.513,0.299,0.188,5.42
35,Digital Fabrication,Tangible Interaction & Fabrication,2025,492,0.577,0.289,0.134,5.26
35,Digital Fabrication,Tangible Interaction & Fabrication,2026,766,0.544,0.249,0.206,5.87
36,Computational Fabrication,Tangible Interaction & Fabrication,1996,1,0.0,0.0,1.0,
36,Computational Fabrication,Tangible Interaction & Fabrication,2001,1,0.0,0.0,1.0,
36,Computational Fabrication,Tangible Interaction & Fabrication,2002,1,0.0,0.0,1.0,
36,Computational Fabrication,Tangible Interaction & Fabrication,2003,3,0.0,0.0,1.0,
36,Computational Fabrication,Tangible Interaction & Fabrication,2004,2,0.0,0.0,1.0,
36,Computational Fabrication,Tangible Interaction & Fabrication,2005,2,0.5,0.0,0.5,2.0
36,Computational Fabrication,Tangible Interaction & Fabrication,2007,8,0.125,0.25,0.625,4.0
36,Computational Fabrication,Tangible Interaction & Fabrication,2008,1,0.0,1.0,0.0,
36,Computational Fabrication,Tangible Interaction & Fabrication,2009,3,0.0,0.0,1.0,
36,Computational Fabrication,Tangible Interaction & Fabrication,2010,7,0.143,0.143,0.714,3.0
36,Computational Fabrication,Tangible Interaction & Fabrication,2011,18,0.333,0.167,0.5,4.83
36,Computational Fabrication,Tangible Interaction & Fabrication,2012,52,0.404,0.058,0.538,2.67
36,Computational Fabrication,Tangible Interaction & Fabrication,2013,66,0.727,0.061,0.212,1.6
36,Computational Fabrication,Tangible Interaction & Fabrication,2014,155,0.794,0.039,0.168,2.08
36,Computational Fabrication,Tangible Interaction & Fabrication,2015,331,0.773,0.079,0.148,2.36
36,Computational Fabrication,Tangible Interaction & Fabrication,2016,313,0.728,0.093,0.179,2.46
36,Computational Fabrication,Tangible Interaction & Fabrication,2017,364,0.775,0.135,0.091,3.1
36,Computational Fabrication,Tangible Interaction & Fabrication,2018,400,0.738,0.12,0.142,3.54
36,Computational Fabrication,Tangible Interaction & Fabrication,2019,370,0.716,0.17,0.114,3.56
36,Computational Fabrication,Tangible Interaction & Fabrication,2020,307,0.635,0.231,0.134,4.12
36,Computational Fabrication,Tangible Interaction & Fabrication,2021,318,0.733,0.195,0.072,4.46
36,Computational Fabrication,Tangible Interaction & Fabrication,2022,273,0.692,0.22,0.088,5.06
36,Computational Fabrication,Tangible Interaction & Fabrication,2023,441,0.594,0.249,0.156,5.76
36,Computational Fabrication,Tangible Interaction & Fabrication,2024,209,0.67,0.273,0.057,5.87
36,Computational Fabrication,Tangible Interaction & Fabrication,2025,340,0.574,0.335,0.091,6.22
36,Computational Fabrication,Tangible Interaction & Fabrication,2026,215,0.498,0.4,0.102,7.0
37,Sustainable Materials,Tangible Interaction & Fabrication,1998,1,0.0,1.0,0.0,
37,Sustainable Materials,Tangible Interaction & Fabrication,2004,1,0.0,1.0,0.0,
37,Sustainable Materials,Tangible Interaction & Fabrication,2007,1,0.0,1.0,0.0,
37,Sustainable Materials,Tangible Interaction & Fabrication,2008,3,0.667,0.333,0.0,2.0
37,Sustainable Materials,Tangible Interaction & Fabrication,2010,19,0.421,0.421,0.158,2.62
37,Sustainable Materials,Tangible Interaction & Fabrication,2011,12,0.25,0.417,0.333,2.33
37,Sustainable Materials,Tangible Interaction & Fabrication,2012,40,0.125,0.125,0.75,2.8
37,Sustainable Materials,Tangible Interaction & Fabrication,2013,65,0.323,0.308,0.369,3.52
37,Sustainable Materials,Tangible Interaction & Fabrication,2014,61,0.328,0.328,0.344,3.7
37,Sustainable Materials,Tangible Interaction & Fabrication,2015,76,0.382,0.224,0.395,3.52
37,Sustainable Materials,Tangible Interaction & Fabrication,2016,56,0.429,0.25,0.321,3.17
37,Sustainable Materials,Tangible Interaction & Fabrication,2017,102,0.304,0.265,0.431,4.81
37,Sustainable Materials,Tangible Interaction & Fabrication,2018,81,0.481,0.16,0.358,4.85
37,Sustainable Materials,Tangible Interaction & Fabrication,2019,132,0.295,0.326,0.379,5.87
37,Sustainable Materials,Tangible Interaction & Fabrication,2020,132,0.242,0.258,0.5,4.84
37,Sustainable Materials,Tangible Interaction & Fabrication,2021,165,0.388,0.267,0.345,6.86
37,Sustainable Materials,Tangible Interaction & Fabrication,2022,283,0.466,0.244,0.29,5.84
37,Sustainable Materials,Tangible Interaction & Fabrication,2023,562,0.388,0.274,0.338,4.6
37,Sustainable Materials,Tangible Interaction & Fabrication,2024,647,0.484,0.278,0.238,4.76
37,Sustainable Materials,Tangible Interaction & Fabrication,2025,1004,0.454,0.294,0.252,3.88
37,Sustainable Materials,Tangible Interaction & Fabrication,2026,425,0.527,0.245,0.228,4.83
38,Data Physicalization,Tangible Interaction & Fabrication,1997,3,0.667,0.333,0.0,2.5
38,Data Physicalization,Tangible Interaction & Fabrication,1998,1,1.0,0.0,0.0,3.0
38,Data Physicalization,Tangible Interaction & Fabrication,2001,8,0.125,0.5,0.375,3.0
38,Data Physicalization,Tangible Interaction & Fabrication,2002,18,0.111,0.278,0.611,1.0
38,Data Physicalization,Tangible Interaction & Fabrication,2003,16,0.062,0.188,0.75,2.0
38,Data Physicalization,Tangible Interaction & Fabrication,2004,32,0.281,0.156,0.562,2.11
38,Data Physicalization,Tangible Interaction & Fabrication,2006,24,0.583,0.0,0.417,3.36
38,Data Physicalization,Tangible Interaction & Fabrication,2007,46,0.565,0.152,0.283,3.15
38,Data Physicalization,Tangible Interaction & Fabrication,2008,25,0.32,0.16,0.52,4.0
38,Data Physicalization,Tangible Interaction & Fabrication,2009,26,0.692,0.192,0.115,5.17
38,Data Physicalization,Tangible Interaction & Fabrication,2010,61,0.459,0.328,0.213,5.11
38,Data Physicalization,Tangible Interaction & Fabrication,2011,14,0.571,0.143,0.286,2.12
38,Data Physicalization,Tangible Interaction & Fabrication,2012,35,0.4,0.229,0.371,6.86
38,Data Physicalization,Tangible Interaction & Fabrication,2013,40,0.175,0.175,0.65,6.86
38,Data Physicalization,Tangible Interaction & Fabrication,2014,43,0.302,0.465,0.233,7.0
38,Data Physicalization,Tangible Interaction & Fabrication,2015,52,0.269,0.423,0.308,5.93
38,Data Physicalization,Tangible Interaction & Fabrication,2016,120,0.283,0.45,0.267,6.18
38,Data Physicalization,Tangible Interaction & Fabrication,2017,168,0.458,0.19,0.351,5.87
38,Data Physicalization,Tangible Interaction & Fabrication,2018,138,0.304,0.167,0.529,7.57
38,Data Physicalization,Tangible Interaction & Fabrication,2019,200,0.54,0.15,0.31,4.41
38,Data Physicalization,Tangible Interaction & Fabrication,2020,87,0.563,0.379,0.057,4.73
38,Data Physicalization,Tangible Interaction & Fabrication,2021,293,0.413,0.328,0.259,6.07
38,Data Physicalization,Tangible Interaction & Fabrication,2022,282,0.358,0.291,0.351,5.51
38,Data Physicalization,Tangible Interaction & Fabrication,2023,232,0.328,0.31,0.362,5.72
38,Data Physicalization,Tangible Interaction & Fabrication,2024,510,0.325,0.355,0.32,5.79
38,Data Physicalization,Tangible Interaction & Fabrication,2025,337,0.377,0.228,0.395,5.39
38,Data Physicalization,Tangible Interaction & Fabrication,2026,193,0.43,0.269,0.301,6.49
39,Neural Rendering & Reconstruction,"Graphics, Animation & Modelling",1980,1,0.0,0.0,1.0,
39,Neural Rendering & Reconstruction,"Graphics, Animation & Modelling",1987,5,0.4,0.4,0.2,6.0
39,Neural Rendering & Reconstruction,"Graphics, Animation & Modelling",1988,3,0.333,0.667,0.0,6.0
39,Neural Rendering & Reconstruction,"Graphics, Animation & Modelling",1992,1,0.0,1.0,0.0,
39,Neural Rendering & Reconstruction,"Graphics, Animation & Modelling",1994,4,0.75,0.25,0.0,9.0
39,Neural Rendering & Reconstruction,"Graphics, Animation & Modelling",1995,14,0.357,0.357,0.286,10.2
39,Neural Rendering & Reconstruction,"Graphics, Animation & Modelling",1996,24,0.708,0.208,0.083,2.76
39,Neural Rendering & Reconstruction,"Graphics, Animation & Modelling",1997,19,0.632,0.263,0.105,1.5
39,Neural Rendering & Reconstruction,"Graphics, Animation & Modelling",1998,13,1.0,0.0,0.0,2.62
39,Neural Rendering & Reconstruction,"Graphics, Animation & Modelling",1999,13,0.615,0.385,0.0,5.12
39,Neural Rendering & Reconstruction,"Graphics, Animation & Modelling",2000,11,0.818,0.182,0.0,8.0
39,Neural Rendering & Reconstruction,"Graphics, Animation & Modelling",2001,20,0.75,0.25,0.0,5.07
39,Neural Rendering & Reconstruction,"Graphics, Animation & Modelling",2002,5,0.8,0.2,0.0,4.5
39,Neural Rendering & Reconstruction,"Graphics, Animation & Modelling",2003,3,0.333,0.0,0.667,3.0
39,Neural Rendering & Reconstruction,"Graphics, Animation & Modelling",2004,14,0.5,0.214,0.286,8.86
39,Neural Rendering & Reconstruction,"Graphics, Animation & Modelling",2005,12,0.833,0.0,0.167,8.0
39,Neural Rendering & Reconstruction,"Graphics, Animation & Modelling",2007,8,0.875,0.125,0.0,9.71
39,Neural Rendering & Reconstruction,"Graphics, Animation & Modelling",2008,14,0.857,0.071,0.071,11.67
39,Neural Rendering & Reconstruction,"Graphics, Animation & Modelling",2009,9,0.889,0.0,0.111,11.38
39,Neural Rendering & Reconstruction,"Graphics, Animation & Modelling",2010,21,0.619,0.095,0.286,12.15
39,Neural Rendering & Reconstruction,"Graphics, Animation & Modelling",2011,17,0.588,0.118,0.294,10.4
39,Neural Rendering & Reconstruction,"Graphics, Animation & Modelling",2012,8,0.5,0.0,0.5,15.5
39,Neural Rendering & Reconstruction,"Graphics, Animation & Modelling",2013,17,0.765,0.059,0.176,13.46
39,Neural Rendering & Reconstruction,"Graphics, Animation & Modelling",2014,33,0.636,0.061,0.303,14.1
39,Neural Rendering & Reconstruction,"Graphics, Animation & Modelling",2015,28,0.571,0.107,0.321,8.38
39,Neural Rendering & Reconstruction,"Graphics, Animation & Modelling",2016,39,0.641,0.128,0.231,13.08
39,Neural Rendering & Reconstruction,"Graphics, Animation & Modelling",2017,50,0.7,0.08,0.22,10.63
39,Neural Rendering & Reconstruction,"Graphics, Animation & Modelling",2018,33,0.667,0.061,0.273,11.27
39,Neural Rendering & Reconstruction,"Graphics, Animation & Modelling",2019,59,0.712,0.102,0.186,10.26
39,Neural Rendering & Reconstruction,"Graphics, Animation & Modelling",2020,35,0.657,0.057,0.286,9.96
39,Neural Rendering & Reconstruction,"Graphics, Animation & Modelling",2021,31,0.452,0.097,0.452,6.93
39,Neural Rendering & Reconstruction,"Graphics, Animation & Modelling",2022,50,0.72,0.06,0.22,10.19
39,Neural Rendering & Reconstruction,"Graphics, Animation & Modelling",2023,54,0.63,0.185,0.185,10.18
39,Neural Rendering & Reconstruction,"Graphics, Animation & Modelling",2024,51,0.588,0.137,0.275,7.73
39,Neural Rendering & Reconstruction,"Graphics, Animation & Modelling",2025,70,0.629,0.043,0.329,8.98
39,Neural Rendering & Reconstruction,"Graphics, Animation & Modelling",2026,2,0.5,0.0,0.5,3.0
40,Texture & Image Synthesis,"Graphics, Animation & Modelling",1989,3,0.667,0.333,0.0,3.0
40,Texture & Image Synthesis,"Graphics, Animation & Modelling",1990,3,0.667,0.333,0.0,2.5
40,Texture & Image Synthesis,"Graphics, Animation & Modelling",1991,4,0.5,0.25,0.25,1.0
40,Texture & Image Synthesis,"Graphics, Animation & Modelling",1992,1,1.0,0.0,0.0,1.0
40,Texture & Image Synthesis,"Graphics, Animation & Modelling",1993,1,1.0,0.0,0.0,9.0
40,Texture & Image Synthesis,"Graphics, Animation & Modelling",1994,9,0.556,0.333,0.111,2.6
40,Texture & Image Synthesis,"Graphics, Animation & Modelling",1995,11,0.545,0.273,0.182,3.5
40,Texture & Image Synthesis,"Graphics, Animation & Modelling",1996,11,0.818,0.182,0.0,3.44
40,Texture & Image Synthesis,"Graphics, Animation & Modelling",1997,10,0.7,0.3,0.0,4.14
40,Texture & Image Synthesis,"Graphics, Animation & Modelling",1998,16,0.75,0.188,0.062,3.33
40,Texture & Image Synthesis,"Graphics, Animation & Modelling",1999,15,0.6,0.333,0.067,4.67
40,Texture & Image Synthesis,"Graphics, Animation & Modelling",2000,26,0.769,0.077,0.154,6.0
40,Texture & Image Synthesis,"Graphics, Animation & Modelling",2001,32,0.812,0.188,0.0,4.38
40,Texture & Image Synthesis,"Graphics, Animation & Modelling",2002,27,0.815,0.148,0.037,3.95
40,Texture & Image Synthesis,"Graphics, Animation & Modelling",2003,43,0.767,0.233,0.0,5.03
40,Texture & Image Synthesis,"Graphics, Animation & Modelling",2004,15,0.6,0.133,0.267,5.56
40,Texture & Image Synthesis,"Graphics, Animation & Modelling",2005,18,0.889,0.111,0.0,5.12
40,Texture & Image Synthesis,"Graphics, Animation & Modelling",2006,27,0.556,0.074,0.37,6.0
40,Texture & Image Synthesis,"Graphics, Animation & Modelling",2007,21,0.714,0.286,0.0,8.47
40,Texture & Image Synthesis,"Graphics, Animation & Modelling",2008,14,0.857,0.143,0.0,5.75
40,Texture & Image Synthesis,"Graphics, Animation & Modelling",2009,9,0.889,0.0,0.111,5.88
40,Texture & Image Synthesis,"Graphics, Animation & Modelling",2010,5,0.8,0.2,0.0,11.5
40,Texture & Image Synthesis,"Graphics, Animation & Modelling",2011,13,0.923,0.077,0.0,8.5
40,Texture & Image Synthesis,"Graphics, Animation & Modelling",2012,44,0.5,0.364,0.136,9.05
40,Texture & Image Synthesis,"Graphics, Animation & Modelling",2013,39,0.462,0.41,0.128,9.28
40,Texture & Image Synthesis,"Graphics, Animation & Modelling",2014,30,0.533,0.333,0.133,3.62
40,Texture & Image Synthesis,"Graphics, Animation & Modelling",2015,25,0.72,0.16,0.12,10.44
40,Texture & Image Synthesis,"Graphics, Animation & Modelling",2016,47,0.681,0.191,0.128,6.0
40,Texture & Image Synthesis,"Graphics, Animation & Modelling",2017,44,0.75,0.227,0.023,7.79
40,Texture & Image Synthesis,"Graphics, Animation & Modelling",2018,27,0.704,0.074,0.222,8.53
40,Texture & Image Synthesis,"Graphics, Animation & Modelling",2019,30,0.667,0.0,0.333,8.8
40,Texture & Image Synthesis,"Graphics, Animation & Modelling",2020,72,0.625,0.139,0.236,6.49
40,Texture & Image Synthesis,"Graphics, Animation & Modelling",2021,16,0.5,0.375,0.125,7.12
40,Texture & Image Synthesis,"Graphics, Animation & Modelling",2022,58,0.534,0.241,0.224,7.58
40,Texture & Image Synthesis,"Graphics, Animation & Modelling",2023,8,0.75,0.125,0.125,4.5
40,Texture & Image Synthesis,"Graphics, Animation & Modelling",2024,20,0.6,0.3,0.1,10.67
40,Texture & Image Synthesis,"Graphics, Animation & Modelling",2025,12,0.667,0.083,0.25,7.25
41,Animation Principles,"Graphics, Animation & Modelling",1979,4,0.5,0.5,0.0,2.5
41,Animation Principles,"Graphics, Animation & Modelling",1982,1,1.0,0.0,0.0,2.0
41,Animation Principles,"Graphics, Animation & Modelling",1984,1,1.0,0.0,0.0,3.0
41,Animation Principles,"Graphics, Animation & Modelling",1986,1,1.0,0.0,0.0,4.0
41,Animation Principles,"Graphics, Animation & Modelling",1987,2,1.0,0.0,0.0,4.5
41,Animation Principles,"Graphics, Animation & Modelling",1991,7,0.571,0.143,0.286,6.5
41,Animation Principles,"Graphics, Animation & Modelling",1992,1,0.0,1.0,0.0,
41,Animation Principles,"Graphics, Animation & Modelling",1993,16,0.375,0.0,0.625,5.33
41,Animation Principles,"Graphics, Animation & Modelling",1994,3,0.667,0.0,0.333,2.0
41,Animation Principles,"Graphics, Animation & Modelling",1995,8,0.375,0.0,0.625,4.0
41,Animation Principles,"Graphics, Animation & Modelling",1996,8,0.625,0.125,0.25,4.2
41,Animation Principles,"Graphics, Animation & Modelling",1999,21,0.476,0.381,0.143,11.1
41,Animation Principles,"Graphics, Animation & Modelling",2000,10,0.4,0.1,0.5,6.25
41,Animation Principles,"Graphics, Animation & Modelling",2001,20,0.45,0.05,0.5,6.11
41,Animation Principles,"Graphics, Animation & Modelling",2002,26,0.462,0.077,0.462,7.08
41,Animation Principles,"Graphics, Animation & Modelling",2003,12,0.583,0.0,0.417,7.86
41,Animation Principles,"Graphics, Animation & Modelling",2004,7,0.714,0.143,0.143,14.8
41,Animation Principles,"Graphics, Animation & Modelling",2005,7,0.429,0.429,0.143,6.67
41,Animation Principles,"Graphics, Animation & Modelling",2006,5,0.6,0.0,0.4,4.67
41,Animation Principles,"Graphics, Animation & Modelling",2008,67,0.164,0.104,0.731,9.73
41,Animation Principles,"Graphics, Animation & Modelling",2009,5,0.4,0.0,0.6,11.0
41,Animation Principles,"Graphics, Animation & Modelling",2010,11,0.455,0.545,0.0,12.0
41,Animation Principles,"Graphics, Animation & Modelling",2011,43,0.349,0.186,0.465,15.73
41,Animation Principles,"Graphics, Animation & Modelling",2013,25,0.24,0.24,0.52,7.5
41,Animation Principles,"Graphics, Animation & Modelling",2014,64,0.266,0.312,0.422,3.94
41,Animation Principles,"Graphics, Animation & Modelling",2015,81,0.432,0.247,0.321,5.77
41,Animation Principles,"Graphics, Animation & Modelling",2016,39,0.564,0.41,0.026,7.0
41,Animation Principles,"Graphics, Animation & Modelling",2017,72,0.431,0.181,0.389,7.58
41,Animation Principles,"Graphics, Animation & Modelling",2018,95,0.463,0.316,0.221,6.0
41,Animation Principles,"Graphics, Animation & Modelling",2019,14,0.714,0.0,0.286,4.8
41,Animation Principles,"Graphics, Animation & Modelling",2020,37,0.486,0.297,0.216,6.22
41,Animation Principles,"Graphics, Animation & Modelling",2021,19,0.421,0.105,0.474,14.75
41,Animation Principles,"Graphics, Animation & Modelling",2022,46,0.261,0.109,0.63,10.67
41,Animation Principles,"Graphics, Animation & Modelling",2023,76,0.434,0.276,0.289,9.18
41,Animation Principles,"Graphics, Animation & Modelling",2024,89,0.225,0.034,0.742,9.05
41,Animation Principles,"Graphics, Animation & Modelling",2025,106,0.349,0.132,0.519,8.16
41,Animation Principles,"Graphics, Animation & Modelling",2026,98,0.459,0.143,0.398,8.84
42,Sketch-based Modelling,"Graphics, Animation & Modelling",1991,3,0.0,1.0,0.0,
42,Sketch-based Modelling,"Graphics, Animation & Modelling",1993,1,0.0,0.0,1.0,
42,Sketch-based Modelling,"Graphics, Animation & Modelling",1994,2,0.5,0.5,0.0,1.0
42,Sketch-based Modelling,"Graphics, Animation & Modelling",1995,7,0.429,0.0,0.571,2.33
42,Sketch-based Modelling,"Graphics, Animation & Modelling",2001,19,0.211,0.0,0.789,5.0
42,Sketch-based Modelling,"Graphics, Animation & Modelling",2002,9,0.222,0.0,0.778,2.0
42,Sketch-based Modelling,"Graphics, Animation & Modelling",2003,8,0.5,0.5,0.0,4.75
42,Sketch-based Modelling,"Graphics, Animation & Modelling",2004,15,0.267,0.067,0.667,4.75
42,Sketch-based Modelling,"Graphics, Animation & Modelling",2005,2,1.0,0.0,0.0,2.0
42,Sketch-based Modelling,"Graphics, Animation & Modelling",2006,7,0.429,0.143,0.429,9.0
42,Sketch-based Modelling,"Graphics, Animation & Modelling",2007,10,0.2,0.7,0.1,8.0
42,Sketch-based Modelling,"Graphics, Animation & Modelling",2008,19,0.263,0.053,0.684,4.2
42,Sketch-based Modelling,"Graphics, Animation & Modelling",2009,34,0.618,0.235,0.147,6.19
42,Sketch-based Modelling,"Graphics, Animation & Modelling",2010,14,0.5,0.286,0.214,5.86
42,Sketch-based Modelling,"Graphics, Animation & Modelling",2011,41,0.39,0.244,0.366,8.12
42,Sketch-based Modelling,"Graphics, Animation & Modelling",2012,14,0.571,0.214,0.214,6.75
42,Sketch-based Modelling,"Graphics, Animation & Modelling",2013,32,0.5,0.375,0.125,6.81
42,Sketch-based Modelling,"Graphics, Animation & Modelling",2014,26,0.615,0.154,0.231,5.62
42,Sketch-based Modelling,"Graphics, Animation & Modelling",2015,56,0.607,0.25,0.143,5.56
42,Sketch-based Modelling,"Graphics, Animation & Modelling",2016,86,0.407,0.291,0.302,6.6
42,Sketch-based Modelling,"Graphics, Animation & Modelling",2017,116,0.603,0.207,0.19,6.47
42,Sketch-based Modelling,"Graphics, Animation & Modelling",2018,53,0.755,0.132,0.113,8.12
42,Sketch-based Modelling,"Graphics, Animation & Modelling",2019,35,0.714,0.171,0.114,8.28
42,Sketch-based Modelling,"Graphics, Animation & Modelling",2020,46,0.63,0.13,0.239,8.52
42,Sketch-based Modelling,"Graphics, Animation & Modelling",2021,151,0.616,0.172,0.212,8.32
42,Sketch-based Modelling,"Graphics, Animation & Modelling",2022,66,0.561,0.212,0.227,7.3
42,Sketch-based Modelling,"Graphics, Animation & Modelling",2023,84,0.464,0.226,0.31,7.38
42,Sketch-based Modelling,"Graphics, Animation & Modelling",2024,130,0.562,0.162,0.277,8.45
42,Sketch-based Modelling,"Graphics, Animation & Modelling",2025,147,0.571,0.218,0.211,9.87
42,Sketch-based Modelling,"Graphics, Animation & Modelling",2026,51,0.471,0.02,0.51,8.54
43,Motion Synthesis & Control,"Graphics, Animation & Modelling",1988,4,0.25,0.0,0.75,1.0
43,Motion Synthesis & Control,"Graphics, Animation & Modelling",1989,1,1.0,0.0,0.0,2.0
43,Motion Synthesis & Control,"Graphics, Animation & Modelling",1990,3,1.0,0.0,0.0,2.0
43,Motion Synthesis & Control,"Graphics, Animation & Modelling",1991,4,1.0,0.0,0.0,2.5
43,Motion Synthesis & Control,"Graphics, Animation & Modelling",1994,9,0.444,0.222,0.333,3.5
43,Motion Synthesis & Control,"Graphics, Animation & Modelling",1995,16,0.5,0.375,0.125,3.75
43,Motion Synthesis & Control,"Graphics, Animation & Modelling",1996,5,0.8,0.2,0.0,1.25
43,Motion Synthesis & Control,"Graphics, Animation & Modelling",1997,1,1.0,0.0,0.0,3.0
43,Motion Synthesis & Control,"Graphics, Animation & Modelling",1998,12,0.667,0.083,0.25,2.88
43,Motion Synthesis & Control,"Graphics, Animation & Modelling",1999,6,0.667,0.0,0.333,3.5
43,Motion Synthesis & Control,"Graphics, Animation & Modelling",2000,12,0.833,0.167,0.0,6.3
43,Motion Synthesis & Control,"Graphics, Animation & Modelling",2001,12,0.667,0.167,0.167,5.0
43,Motion Synthesis & Control,"Graphics, Animation & Modelling",2002,15,0.867,0.133,0.0,5.15
43,Motion Synthesis & Control,"Graphics, Animation & Modelling",2003,11,0.818,0.091,0.091,5.78
43,Motion Synthesis & Control,"Graphics, Animation & Modelling",2004,12,0.833,0.083,0.083,8.6
43,Motion Synthesis & Control,"Graphics, Animation & Modelling",2005,5,1.0,0.0,0.0,8.6
43,Motion Synthesis & Control,"Graphics, Animation & Modelling",2007,6,0.833,0.167,0.0,5.8
43,Motion Synthesis & Control,"Graphics, Animation & Modelling",2008,8,0.625,0.375,0.0,12.6
43,Motion Synthesis & Control,"Graphics, Animation & Modelling",2009,21,0.762,0.143,0.095,8.19
43,Motion Synthesis & Control,"Graphics, Animation & Modelling",2010,15,0.933,0.067,0.0,6.57
43,Motion Synthesis & Control,"Graphics, Animation & Modelling",2011,2,0.5,0.0,0.5,17.0
43,Motion Synthesis & Control,"Graphics, Animation & Modelling",2012,14,0.857,0.143,0.0,11.92
43,Motion Synthesis & Control,"Graphics, Animation & Modelling",2014,19,0.737,0.211,0.053,12.36
43,Motion Synthesis & Control,"Graphics, Animation & Modelling",2015,6,0.667,0.0,0.333,3.25
43,Motion Synthesis & Control,"Graphics, Animation & Modelling",2016,7,1.0,0.0,0.0,7.86
43,Motion Synthesis & Control,"Graphics, Animation & Modelling",2017,16,0.75,0.188,0.062,6.58
43,Motion Synthesis & Control,"Graphics, Animation & Modelling",2018,52,0.846,0.038,0.115,5.48
43,Motion Synthesis & Control,"Graphics, Animation & Modelling",2019,36,0.972,0.028,0.0,5.51
43,Motion Synthesis & Control,"Graphics, Animation & Modelling",2020,72,0.792,0.056,0.153,4.65
43,Motion Synthesis & Control,"Graphics, Animation & Modelling",2021,39,0.718,0.103,0.179,5.11
43,Motion Synthesis & Control,"Graphics, Animation & Modelling",2022,53,0.868,0.038,0.094,5.85
43,Motion Synthesis & Control,"Graphics, Animation & Modelling",2023,71,0.718,0.07,0.211,5.84
43,Motion Synthesis & Control,"Graphics, Animation & Modelling",2024,20,0.95,0.0,0.05,4.21
43,Motion Synthesis & Control,"Graphics, Animation & Modelling",2025,46,0.543,0.0,0.457,5.52
43,Motion Synthesis & Control,"Graphics, Animation & Modelling",2026,17,0.353,0.059,0.588,7.5
44,Procedural Shape Modelling,"Graphics, Animation & Modelling",1989,1,0.0,1.0,0.0,
44,Procedural Shape Modelling,"Graphics, Animation & Modelling",1994,2,0.5,0.5,0.0,5.0
44,Procedural Shape Modelling,"Graphics, Animation & Modelling",1995,6,0.167,0.667,0.167,1.0
44,Procedural Shape Modelling,"Graphics, Animation & Modelling",1996,3,1.0,0.0,0.0,3.33
44,Procedural Shape Modelling,"Graphics, Animation & Modelling",1998,6,0.5,0.5,0.0,5.0
44,Procedural Shape Modelling,"Graphics, Animation & Modelling",2001,3,0.667,0.333,0.0,6.0
44,Procedural Shape Modelling,"Graphics, Animation & Modelling",2002,2,1.0,0.0,0.0,9.0
44,Procedural Shape Modelling,"Graphics, Animation & Modelling",2003,2,0.5,0.0,0.5,8.0
44,Procedural Shape Modelling,"Graphics, Animation & Modelling",2004,1,0.0,1.0,0.0,
44,Procedural Shape Modelling,"Graphics, Animation & Modelling",2006,4,0.75,0.0,0.25,10.0
44,Procedural Shape Modelling,"Graphics, Animation & Modelling",2007,7,0.286,0.571,0.143,11.5
44,Procedural Shape Modelling,"Graphics, Animation & Modelling",2008,2,1.0,0.0,0.0,12.5
44,Procedural Shape Modelling,"Graphics, Animation & Modelling",2009,7,0.857,0.0,0.143,15.67
44,Procedural Shape Modelling,"Graphics, Animation & Modelling",2010,7,0.429,0.143,0.429,9.0
44,Procedural Shape Modelling,"Graphics, Animation & Modelling",2011,29,0.552,0.31,0.138,3.62
44,Procedural Shape Modelling,"Graphics, Animation & Modelling",2012,77,0.623,0.195,0.182,2.04
44,Procedural Shape Modelling,"Graphics, Animation & Modelling",2013,25,0.92,0.08,0.0,1.7
44,Procedural Shape Modelling,"Graphics, Animation & Modelling",2014,115,0.713,0.2,0.087,3.38
44,Procedural Shape Modelling,"Graphics, Animation & Modelling",2015,92,0.717,0.098,0.185,4.42
44,Procedural Shape Modelling,"Graphics, Animation & Modelling",2016,96,0.531,0.24,0.229,4.33
44,Procedural Shape Modelling,"Graphics, Animation & Modelling",2017,50,0.86,0.12,0.02,3.95
44,Procedural Shape Modelling,"Graphics, Animation & Modelling",2018,72,0.722,0.097,0.181,4.79
44,Procedural Shape Modelling,"Graphics, Animation & Modelling",2019,54,0.87,0.074,0.056,5.36
44,Procedural Shape Modelling,"Graphics, Animation & Modelling",2020,43,0.791,0.093,0.116,7.24
44,Procedural Shape Modelling,"Graphics, Animation & Modelling",2021,64,0.625,0.234,0.141,8.6
44,Procedural Shape Modelling,"Graphics, Animation & Modelling",2022,5,0.6,0.4,0.0,4.67
44,Procedural Shape Modelling,"Graphics, Animation & Modelling",2023,38,0.711,0.184,0.105,8.59
44,Procedural Shape Modelling,"Graphics, Animation & Modelling",2024,10,0.7,0.3,0.0,10.0
44,Procedural Shape Modelling,"Graphics, Animation & Modelling",2025,10,0.2,0.3,0.5,13.5
45,Image & Facial Synthesis,"Graphics, Animation & Modelling",1978,1,1.0,0.0,0.0,1.0
45,Image & Facial Synthesis,"Graphics, Animation & Modelling",1979,4,0.75,0.0,0.25,1.0
45,Image & Facial Synthesis,"Graphics, Animation & Modelling",1980,4,1.0,0.0,0.0,1.5
45,Image & Facial Synthesis,"Graphics, Animation & Modelling",1981,2,1.0,0.0,0.0,2.0
45,Image & Facial Synthesis,"Graphics, Animation & Modelling",1982,3,1.0,0.0,0.0,2.0
45,Image & Facial Synthesis,"Graphics, Animation & Modelling",1983,4,0.75,0.0,0.25,3.33
45,Image & Facial Synthesis,"Graphics, Animation & Modelling",1984,4,0.75,0.25,0.0,2.33
45,Image & Facial Synthesis,"Graphics, Animation & Modelling",1985,2,0.5,0.0,0.5,1.0
45,Image & Facial Synthesis,"Graphics, Animation & Modelling",1986,1,0.0,1.0,0.0,
45,Image & Facial Synthesis,"Graphics, Animation & Modelling",1987,3,0.667,0.0,0.333,9.0
45,Image & Facial Synthesis,"Graphics, Animation & Modelling",1988,7,0.571,0.0,0.429,6.5
45,Image & Facial Synthesis,"Graphics, Animation & Modelling",1989,13,0.231,0.385,0.385,3.67
45,Image & Facial Synthesis,"Graphics, Animation & Modelling",1990,9,0.556,0.111,0.333,5.2
45,Image & Facial Synthesis,"Graphics, Animation & Modelling",1991,11,0.636,0.182,0.182,3.43
45,Image & Facial Synthesis,"Graphics, Animation & Modelling",1992,6,0.667,0.0,0.333,5.0
45,Image & Facial Synthesis,"Graphics, Animation & Modelling",1993,12,1.0,0.0,0.0,7.33
45,Image & Facial Synthesis,"Graphics, Animation & Modelling",1994,37,0.459,0.324,0.216,6.71
45,Image & Facial Synthesis,"Graphics, Animation & Modelling",1995,19,0.632,0.158,0.211,8.33
45,Image & Facial Synthesis,"Graphics, Animation & Modelling",1996,14,0.786,0.214,0.0,7.82
45,Image & Facial Synthesis,"Graphics, Animation & Modelling",1997,31,0.774,0.161,0.065,4.42
45,Image & Facial Synthesis,"Graphics, Animation & Modelling",1998,26,0.846,0.038,0.115,3.59
45,Image & Facial Synthesis,"Graphics, Animation & Modelling",1999,40,0.475,0.325,0.2,7.89
45,Image & Facial Synthesis,"Graphics, Animation & Modelling",2000,33,0.455,0.424,0.121,3.87
45,Image & Facial Synthesis,"Graphics, Animation & Modelling",2001,18,0.611,0.278,0.111,4.73
45,Image & Facial Synthesis,"Graphics, Animation & Modelling",2002,57,0.614,0.193,0.193,5.63
45,Image & Facial Synthesis,"Graphics, Animation & Modelling",2003,38,0.553,0.316,0.132,4.48
45,Image & Facial Synthesis,"Graphics, Animation & Modelling",2004,25,0.6,0.36,0.04,6.73
45,Image & Facial Synthesis,"Graphics, Animation & Modelling",2005,16,0.812,0.125,0.062,9.85
45,Image & Facial Synthesis,"Graphics, Animation & Modelling",2006,10,0.6,0.1,0.3,11.5
45,Image & Facial Synthesis,"Graphics, Animation & Modelling",2007,51,0.706,0.176,0.118,8.47
45,Image & Facial Synthesis,"Graphics, Animation & Modelling",2008,23,0.696,0.174,0.13,7.88
45,Image & Facial Synthesis,"Graphics, Animation & Modelling",2009,37,0.784,0.054,0.162,7.79
45,Image & Facial Synthesis,"Graphics, Animation & Modelling",2010,40,0.625,0.225,0.15,12.12
45,Image & Facial Synthesis,"Graphics, Animation & Modelling",2011,54,0.556,0.259,0.185,7.53
45,Image & Facial Synthesis,"Graphics, Animation & Modelling",2012,61,0.607,0.197,0.197,11.14
45,Image & Facial Synthesis,"Graphics, Animation & Modelling",2013,76,0.671,0.211,0.118,6.47
45,Image & Facial Synthesis,"Graphics, Animation & Modelling",2014,100,0.65,0.12,0.23,5.54
45,Image & Facial Synthesis,"Graphics, Animation & Modelling",2015,155,0.626,0.187,0.187,7.85
45,Image & Facial Synthesis,"Graphics, Animation & Modelling",2016,175,0.651,0.223,0.126,7.04
45,Image & Facial Synthesis,"Graphics, Animation & Modelling",2017,139,0.763,0.079,0.158,6.51
45,Image & Facial Synthesis,"Graphics, Animation & Modelling",2018,203,0.695,0.123,0.182,6.3
45,Image & Facial Synthesis,"Graphics, Animation & Modelling",2019,165,0.594,0.206,0.2,5.86
45,Image & Facial Synthesis,"Graphics, Animation & Modelling",2020,136,0.684,0.118,0.199,7.23
45,Image & Facial Synthesis,"Graphics, Animation & Modelling",2021,132,0.629,0.136,0.235,7.33
45,Image & Facial Synthesis,"Graphics, Animation & Modelling",2022,97,0.722,0.155,0.124,7.74
45,Image & Facial Synthesis,"Graphics, Animation & Modelling",2023,110,0.636,0.155,0.209,9.71
45,Image & Facial Synthesis,"Graphics, Animation & Modelling",2024,122,0.689,0.164,0.148,11.1
45,Image & Facial Synthesis,"Graphics, Animation & Modelling",2025,54,0.685,0.148,0.167,9.78
45,Image & Facial Synthesis,"Graphics, Animation & Modelling",2026,61,0.459,0.18,0.361,11.82
46,UI Toolkits & Constraints,UI Toolkits & Groupware,1982,1,0.0,0.0,1.0,
46,UI Toolkits & Constraints,UI Toolkits & Groupware,1986,12,0.417,0.5,0.083,2.0
46,UI Toolkits & Constraints,UI Toolkits & Groupware,1988,14,0.5,0.429,0.071,2.29
46,UI Toolkits & Constraints,UI Toolkits & Groupware,1989,41,0.512,0.39,0.098,2.48
46,UI Toolkits & Constraints,UI Toolkits & Groupware,1990,33,0.515,0.424,0.061,2.41
46,UI Toolkits & Constraints,UI Toolkits & Groupware,1991,69,0.754,0.13,0.116,2.17
46,UI Toolkits & Constraints,UI Toolkits & Groupware,1992,61,0.639,0.23,0.131,2.46
46,UI Toolkits & Constraints,UI Toolkits & Groupware,1993,30,0.767,0.0,0.233,3.22
46,UI Toolkits & Constraints,UI Toolkits & Groupware,1994,57,0.789,0.088,0.123,4.18
46,UI Toolkits & Constraints,UI Toolkits & Groupware,1995,44,0.841,0.136,0.023,4.03
46,UI Toolkits & Constraints,UI Toolkits & Groupware,1996,44,0.773,0.091,0.136,3.91
46,UI Toolkits & Constraints,UI Toolkits & Groupware,1997,32,0.688,0.156,0.156,5.73
46,UI Toolkits & Constraints,UI Toolkits & Groupware,1998,23,0.87,0.0,0.13,4.3
46,UI Toolkits & Constraints,UI Toolkits & Groupware,1999,14,0.929,0.0,0.071,5.85
46,UI Toolkits & Constraints,UI Toolkits & Groupware,2001,23,0.913,0.0,0.087,7.19
46,UI Toolkits & Constraints,UI Toolkits & Groupware,2002,17,0.706,0.059,0.235,6.92
46,UI Toolkits & Constraints,UI Toolkits & Groupware,2003,13,0.692,0.154,0.154,9.67
46,UI Toolkits & Constraints,UI Toolkits & Groupware,2004,21,0.333,0.143,0.524,10.0
46,UI Toolkits & Constraints,UI Toolkits & Groupware,2005,37,0.432,0.054,0.514,10.25
46,UI Toolkits & Constraints,UI Toolkits & Groupware,2006,1,1.0,0.0,0.0,3.0
46,UI Toolkits & Constraints,UI Toolkits & Groupware,2008,2,1.0,0.0,0.0,12.5
46,UI Toolkits & Constraints,UI Toolkits & Groupware,2010,19,0.158,0.105,0.737,11.67
46,UI Toolkits & Constraints,UI Toolkits & Groupware,2013,10,0.7,0.2,0.1,18.86
46,UI Toolkits & Constraints,UI Toolkits & Groupware,2014,12,0.75,0.167,0.083,17.44
46,UI Toolkits & Constraints,UI Toolkits & Groupware,2015,5,0.8,0.2,0.0,14.0
46,UI Toolkits & Constraints,UI Toolkits & Groupware,2019,15,0.6,0.2,0.2,21.0
46,UI Toolkits & Constraints,UI Toolkits & Groupware,2020,23,0.522,0.087,0.391,20.5
46,UI Toolkits & Constraints,UI Toolkits & Groupware,2024,19,0.474,0.053,0.474,32.89
47,UI Software Tools,UI Toolkits & Groupware,1979,1,0.0,0.0,1.0,
47,UI Software Tools,UI Toolkits & Groupware,1980,1,1.0,0.0,0.0,1.0
47,UI Software Tools,UI Toolkits & Groupware,1982,16,0.562,0.062,0.375,1.67
47,UI Software Tools,UI Toolkits & Groupware,1983,14,1.0,0.0,0.0,1.14
47,UI Software Tools,UI Toolkits & Groupware,1984,7,1.0,0.0,0.0,2.0
47,UI Software Tools,UI Toolkits & Groupware,1985,7,1.0,0.0,0.0,2.57
47,UI Software Tools,UI Toolkits & Groupware,1986,54,0.926,0.037,0.037,2.94
47,UI Software Tools,UI Toolkits & Groupware,1988,52,0.808,0.096,0.096,3.55
47,UI Software Tools,UI Toolkits & Groupware,1989,57,0.895,0.07,0.035,3.06
47,UI Software Tools,UI Toolkits & Groupware,1990,43,0.767,0.163,0.07,2.21
47,UI Software Tools,UI Toolkits & Groupware,1991,56,0.661,0.268,0.071,3.22
47,UI Software Tools,UI Toolkits & Groupware,1992,45,0.778,0.156,0.067,3.23
47,UI Software Tools,UI Toolkits & Groupware,1993,25,0.88,0.04,0.08,3.0
47,UI Software Tools,UI Toolkits & Groupware,1994,13,0.538,0.385,0.077,7.0
47,UI Software Tools,UI Toolkits & Groupware,1995,59,0.492,0.271,0.237,6.45
47,UI Software Tools,UI Toolkits & Groupware,1996,4,1.0,0.0,0.0,4.5
47,UI Software Tools,UI Toolkits & Groupware,1997,11,0.636,0.0,0.364,7.14
47,UI Software Tools,UI Toolkits & Groupware,1998,4,0.25,0.5,0.25,4.0
47,UI Software Tools,UI Toolkits & Groupware,1999,23,0.391,0.217,0.391,10.33
47,UI Software Tools,UI Toolkits & Groupware,2000,27,0.444,0.222,0.333,13.42
47,UI Software Tools,UI Toolkits & Groupware,2003,1,1.0,0.0,0.0,12.0
47,UI Software Tools,UI Toolkits & Groupware,2006,8,0.625,0.125,0.25,12.8
47,UI Software Tools,UI Toolkits & Groupware,2008,5,0.4,0.0,0.6,13.0
47,UI Software Tools,UI Toolkits & Groupware,2012,7,0.286,0.429,0.286,16.5
47,UI Software Tools,UI Toolkits & Groupware,2014,11,0.545,0.364,0.091,16.83
47,UI Software Tools,UI Toolkits & Groupware,2019,50,0.18,0.04,0.78,17.56
47,UI Software Tools,UI Toolkits & Groupware,2020,5,0.2,0.0,0.8,20.0
47,UI Software Tools,UI Toolkits & Groupware,2024,10,0.4,0.1,0.5,27.5
47,UI Software Tools,UI Toolkits & Groupware,2025,1,1.0,0.0,0.0,28.0
48,Real-time Groupware,UI Toolkits & Groupware,1983,3,1.0,0.0,0.0,1.0
48,Real-time Groupware,UI Toolkits & Groupware,1984,2,1.0,0.0,0.0,1.5
48,Real-time Groupware,UI Toolkits & Groupware,1985,1,1.0,0.0,0.0,2.0
48,Real-time Groupware,UI Toolkits & Groupware,1986,21,0.714,0.143,0.143,1.8
48,Real-time Groupware,UI Toolkits & Groupware,1988,10,0.9,0.0,0.1,2.11
48,Real-time Groupware,UI Toolkits & Groupware,1989,11,0.909,0.0,0.091,2.8
48,Real-time Groupware,UI Toolkits & Groupware,1990,35,0.543,0.114,0.343,2.63
48,Real-time Groupware,UI Toolkits & Groupware,1991,18,0.833,0.056,0.111,2.73
48,Real-time Groupware,UI Toolkits & Groupware,1992,97,0.66,0.103,0.237,2.75
48,Real-time Groupware,UI Toolkits & Groupware,1993,32,0.688,0.094,0.219,3.36
48,Real-time Groupware,UI Toolkits & Groupware,1994,98,0.684,0.122,0.194,3.18
48,Real-time Groupware,UI Toolkits & Groupware,1995,78,0.628,0.154,0.218,3.92
48,Real-time Groupware,UI Toolkits & Groupware,1996,120,0.667,0.042,0.292,3.5
48,Real-time Groupware,UI Toolkits & Groupware,1997,57,0.702,0.105,0.193,3.58
48,Real-time Groupware,UI Toolkits & Groupware,1998,125,0.784,0.008,0.208,3.7
48,Real-time Groupware,UI Toolkits & Groupware,1999,51,0.784,0.02,0.196,3.8
48,Real-time Groupware,UI Toolkits & Groupware,2000,90,0.622,0.089,0.289,3.48
48,Real-time Groupware,UI Toolkits & Groupware,2001,13,0.692,0.0,0.308,2.78
48,Real-time Groupware,UI Toolkits & Groupware,2002,86,0.837,0.023,0.14,6.53
48,Real-time Groupware,UI Toolkits & Groupware,2003,22,0.455,0.182,0.364,6.4
48,Real-time Groupware,UI Toolkits & Groupware,2004,131,0.802,0.031,0.168,5.83
48,Real-time Groupware,UI Toolkits & Groupware,2005,65,0.415,0.077,0.508,5.48
48,Real-time Groupware,UI Toolkits & Groupware,2006,66,0.803,0.03,0.167,6.45
48,Real-time Groupware,UI Toolkits & Groupware,2007,21,0.667,0.0,0.333,5.71
48,Real-time Groupware,UI Toolkits & Groupware,2008,9,0.667,0.111,0.222,10.5
48,Real-time Groupware,UI Toolkits & Groupware,2010,23,0.696,0.0,0.304,9.69
48,Real-time Groupware,UI Toolkits & Groupware,2011,29,0.724,0.0,0.276,11.14
48,Real-time Groupware,UI Toolkits & Groupware,2012,80,0.787,0.0,0.212,11.84
48,Real-time Groupware,UI Toolkits & Groupware,2013,34,0.618,0.0,0.382,12.0
48,Real-time Groupware,UI Toolkits & Groupware,2014,52,0.788,0.077,0.135,11.73
48,Real-time Groupware,UI Toolkits & Groupware,2015,7,0.571,0.0,0.429,6.75
48,Real-time Groupware,UI Toolkits & Groupware,2016,2,0.5,0.0,0.5,25.0
48,Real-time Groupware,UI Toolkits & Groupware,2017,30,0.7,0.0,0.3,16.14
48,Real-time Groupware,UI Toolkits & Groupware,2018,26,0.346,0.192,0.462,14.11
48,Real-time Groupware,UI Toolkits & Groupware,2019,27,0.593,0.148,0.259,18.31
48,Real-time Groupware,UI Toolkits & Groupware,2020,83,0.687,0.024,0.289,15.16
48,Real-time Groupware,UI Toolkits & Groupware,2021,8,0.625,0.0,0.375,5.6
48,Real-time Groupware,UI Toolkits & Groupware,2022,29,0.448,0.069,0.483,16.15
48,Real-time Groupware,UI Toolkits & Groupware,2024,12,0.417,0.083,0.5,3.8
48,Real-time Groupware,UI Toolkits & Groupware,2025,12,0.333,0.167,0.5,13.0
48,Real-time Groupware,UI Toolkits & Groupware,2026,3,0.667,0.333,0.0,5.0
49,Semantic Media & Documentation,Miscellaneous,1986,5,1.0,0.0,0.0,3.2
49,Semantic Media & Documentation,Miscellaneous,1992,3,1.0,0.0,0.0,1.33
49,Semantic Media & Documentation,Miscellaneous,1994,1,1.0,0.0,0.0,0.0
49,Semantic Media & Documentation,Miscellaneous,2002,1,1.0,0.0,0.0,2.0
49,Semantic Media & Documentation,Miscellaneous,2003,1,1.0,0.0,0.0,0.0
49,Semantic Media & Documentation,Miscellaneous,2005,1,1.0,0.0,0.0,2.0
49,Semantic Media & Documentation,Miscellaneous,2006,1,1.0,0.0,0.0,0.0
49,Semantic Media & Documentation,Miscellaneous,2009,3,1.0,0.0,0.0,3.0
49,Semantic Media & Documentation,Miscellaneous,2010,7,1.0,0.0,0.0,2.43
49,Semantic Media & Documentation,Miscellaneous,2011,3,1.0,0.0,0.0,4.33
49,Semantic Media & Documentation,Miscellaneous,2012,4,1.0,0.0,0.0,4.5
49,Semantic Media & Documentation,Miscellaneous,2013,3,1.0,0.0,0.0,2.33
49,Semantic Media & Documentation,Miscellaneous,2016,1,1.0,0.0,0.0,3.0
49,Semantic Media & Documentation,Miscellaneous,2017,1,1.0,0.0,0.0,3.0
49,Semantic Media & Documentation,Miscellaneous,2018,2,1.0,0.0,0.0,7.0
49,Semantic Media & Documentation,Miscellaneous,2019,1,1.0,0.0,0.0,1.0
49,Semantic Media & Documentation,Miscellaneous,2023,3,1.0,0.0,0.0,1.67
49,Semantic Media & Documentation,Miscellaneous,2024,2,1.0,0.0,0.0,18.0
49,Semantic Media & Documentation,Miscellaneous,2025,1,1.0,0.0,0.0,3.0
49,Semantic Media & Documentation,Miscellaneous,2026,1,1.0,0.0,0.0,1.0
50,Autism & Neurodiversity,Accessibility & Assistive Tech,2003,3,0.667,0.0,0.333,6.0
50,Autism & Neurodiversity,Accessibility & Assistive Tech,2004,2,0.0,0.0,1.0,
50,Autism & Neurodiversity,Accessibility & Assistive Tech,2005,9,0.333,0.0,0.667,3.67
50,Autism & Neurodiversity,Accessibility & Assistive Tech,2006,17,0.235,0.059,0.706,2.0
50,Autism & Neurodiversity,Accessibility & Assistive Tech,2007,1,0.0,0.0,1.0,
50,Autism & Neurodiversity,Accessibility & Assistive Tech,2008,9,0.333,0.222,0.444,3.0
50,Autism & Neurodiversity,Accessibility & Assistive Tech,2009,22,0.636,0.045,0.318,4.07
50,Autism & Neurodiversity,Accessibility & Assistive Tech,2010,44,0.25,0.159,0.591,3.0
50,Autism & Neurodiversity,Accessibility & Assistive Tech,2011,17,0.412,0.0,0.588,2.29
50,Autism & Neurodiversity,Accessibility & Assistive Tech,2012,22,0.409,0.0,0.591,3.89
50,Autism & Neurodiversity,Accessibility & Assistive Tech,2013,35,0.514,0.143,0.343,3.5
50,Autism & Neurodiversity,Accessibility & Assistive Tech,2014,53,0.547,0.019,0.434,3.69
50,Autism & Neurodiversity,Accessibility & Assistive Tech,2015,49,0.388,0.143,0.469,4.05
50,Autism & Neurodiversity,Accessibility & Assistive Tech,2016,116,0.431,0.086,0.483,4.14
50,Autism & Neurodiversity,Accessibility & Assistive Tech,2017,125,0.56,0.096,0.344,4.07
50,Autism & Neurodiversity,Accessibility & Assistive Tech,2018,134,0.597,0.067,0.336,3.81
50,Autism & Neurodiversity,Accessibility & Assistive Tech,2019,146,0.562,0.123,0.315,5.55
50,Autism & Neurodiversity,Accessibility & Assistive Tech,2020,162,0.512,0.148,0.34,4.94
50,Autism & Neurodiversity,Accessibility & Assistive Tech,2021,580,0.372,0.286,0.341,5.25
50,Autism & Neurodiversity,Accessibility & Assistive Tech,2022,279,0.487,0.179,0.333,4.71
50,Autism & Neurodiversity,Accessibility & Assistive Tech,2023,337,0.501,0.128,0.371,5.15
50,Autism & Neurodiversity,Accessibility & Assistive Tech,2024,587,0.492,0.114,0.394,5.55
50,Autism & Neurodiversity,Accessibility & Assistive Tech,2025,924,0.539,0.207,0.254,4.6
50,Autism & Neurodiversity,Accessibility & Assistive Tech,2026,493,0.363,0.156,0.481,4.13
51,Web Accessibility,Accessibility & Assistive Tech,1991,1,0.0,0.0,1.0,
51,Web Accessibility,Accessibility & Assistive Tech,1992,3,0.333,0.333,0.333,6.0
51,Web Accessibility,Accessibility & Assistive Tech,1994,8,0.875,0.0,0.125,2.71
51,Web Accessibility,Accessibility & Assistive Tech,1995,12,0.333,0.0,0.667,1.75
51,Web Accessibility,Accessibility & Assistive Tech,1996,15,0.933,0.0,0.067,2.57
51,Web Accessibility,Accessibility & Assistive Tech,1997,1,0.0,0.0,1.0,
51,Web Accessibility,Accessibility & Assistive Tech,1998,21,0.714,0.048,0.238,4.47
51,Web Accessibility,Accessibility & Assistive Tech,1999,2,1.0,0.0,0.0,2.5
51,Web Accessibility,Accessibility & Assistive Tech,2000,21,0.905,0.0,0.095,2.79
51,Web Accessibility,Accessibility & Assistive Tech,2002,31,0.806,0.0,0.194,3.56
51,Web Accessibility,Accessibility & Assistive Tech,2003,44,0.795,0.0,0.205,3.86
51,Web Accessibility,Accessibility & Assistive Tech,2004,8,0.125,0.25,0.625,10.0
51,Web Accessibility,Accessibility & Assistive Tech,2005,25,0.56,0.0,0.44,4.71
51,Web Accessibility,Accessibility & Assistive Tech,2006,34,0.412,0.088,0.5,5.5
51,Web Accessibility,Accessibility & Assistive Tech,2007,69,0.623,0.101,0.275,4.33
51,Web Accessibility,Accessibility & Assistive Tech,2008,68,0.515,0.118,0.368,3.6
51,Web Accessibility,Accessibility & Assistive Tech,2009,56,0.732,0.054,0.214,3.9
51,Web Accessibility,Accessibility & Assistive Tech,2010,50,0.7,0.04,0.26,4.11
51,Web Accessibility,Accessibility & Assistive Tech,2011,57,0.544,0.211,0.246,4.1
51,Web Accessibility,Accessibility & Assistive Tech,2012,43,0.767,0.093,0.14,6.58
51,Web Accessibility,Accessibility & Assistive Tech,2013,25,0.64,0.04,0.32,3.31
51,Web Accessibility,Accessibility & Assistive Tech,2014,26,0.769,0.077,0.154,5.95
51,Web Accessibility,Accessibility & Assistive Tech,2015,36,0.667,0.028,0.306,6.17
51,Web Accessibility,Accessibility & Assistive Tech,2016,34,0.618,0.088,0.294,8.67
51,Web Accessibility,Accessibility & Assistive Tech,2017,101,0.396,0.327,0.277,7.75
51,Web Accessibility,Accessibility & Assistive Tech,2018,186,0.285,0.231,0.484,9.42
51,Web Accessibility,Accessibility & Assistive Tech,2019,157,0.459,0.261,0.28,5.07
51,Web Accessibility,Accessibility & Assistive Tech,2020,188,0.42,0.245,0.335,5.72
51,Web Accessibility,Accessibility & Assistive Tech,2021,164,0.396,0.409,0.195,5.2
51,Web Accessibility,Accessibility & Assistive Tech,2022,301,0.435,0.239,0.326,7.04
51,Web Accessibility,Accessibility & Assistive Tech,2023,190,0.526,0.211,0.263,8.97
51,Web Accessibility,Accessibility & Assistive Tech,2024,354,0.356,0.427,0.218,8.17
51,Web Accessibility,Accessibility & Assistive Tech,2025,514,0.395,0.313,0.292,6.04
51,Web Accessibility,Accessibility & Assistive Tech,2026,216,0.287,0.375,0.338,4.79
52,Non-visual Navigation,Accessibility & Assistive Tech,1996,1,1.0,0.0,0.0,2.0
52,Non-visual Navigation,Accessibility & Assistive Tech,2002,2,0.5,0.0,0.5,4.0
52,Non-visual Navigation,Accessibility & Assistive Tech,2003,3,1.0,0.0,0.0,1.33
52,Non-visual Navigation,Accessibility & Assistive Tech,2006,4,0.75,0.25,0.0,5.0
52,Non-visual Navigation,Accessibility & Assistive Tech,2007,6,0.667,0.0,0.333,3.75
52,Non-visual Navigation,Accessibility & Assistive Tech,2008,8,0.625,0.125,0.25,6.2
52,Non-visual Navigation,Accessibility & Assistive Tech,2009,26,0.346,0.269,0.385,3.56
52,Non-visual Navigation,Accessibility & Assistive Tech,2010,15,0.667,0.133,0.2,2.4
52,Non-visual Navigation,Accessibility & Assistive Tech,2011,31,0.355,0.387,0.258,3.91
52,Non-visual Navigation,Accessibility & Assistive Tech,2012,26,0.731,0.192,0.077,6.58
52,Non-visual Navigation,Accessibility & Assistive Tech,2013,51,0.627,0.196,0.176,4.0
52,Non-visual Navigation,Accessibility & Assistive Tech,2014,63,0.508,0.222,0.27,3.25
52,Non-visual Navigation,Accessibility & Assistive Tech,2015,127,0.362,0.323,0.315,4.11
52,Non-visual Navigation,Accessibility & Assistive Tech,2016,121,0.504,0.223,0.273,3.31
52,Non-visual Navigation,Accessibility & Assistive Tech,2017,188,0.569,0.223,0.207,3.75
52,Non-visual Navigation,Accessibility & Assistive Tech,2018,266,0.564,0.188,0.248,3.65
52,Non-visual Navigation,Accessibility & Assistive Tech,2019,345,0.591,0.174,0.235,4.29
52,Non-visual Navigation,Accessibility & Assistive Tech,2020,468,0.515,0.278,0.207,4.56
52,Non-visual Navigation,Accessibility & Assistive Tech,2021,276,0.623,0.145,0.232,4.73
52,Non-visual Navigation,Accessibility & Assistive Tech,2022,373,0.499,0.201,0.3,5.19
52,Non-visual Navigation,Accessibility & Assistive Tech,2023,375,0.48,0.309,0.211,5.93
52,Non-visual Navigation,Accessibility & Assistive Tech,2024,499,0.573,0.23,0.196,5.54
52,Non-visual Navigation,Accessibility & Assistive Tech,2025,578,0.562,0.254,0.183,6.15
52,Non-visual Navigation,Accessibility & Assistive Tech,2026,240,0.492,0.279,0.229,6.67
53,Deaf & Sign Language,Accessibility & Assistive Tech,2002,5,0.2,0.8,0.0,4.0
53,Deaf & Sign Language,Accessibility & Assistive Tech,2003,5,0.2,0.2,0.6,3.0
53,Deaf & Sign Language,Accessibility & Assistive Tech,2005,2,0.5,0.0,0.5,2.0
53,Deaf & Sign Language,Accessibility & Assistive Tech,2006,7,0.143,0.0,0.857,1.0
53,Deaf & Sign Language,Accessibility & Assistive Tech,2007,5,0.6,0.0,0.4,1.33
53,Deaf & Sign Language,Accessibility & Assistive Tech,2008,21,0.333,0.095,0.571,3.14
53,Deaf & Sign Language,Accessibility & Assistive Tech,2009,10,0.3,0.0,0.7,4.0
53,Deaf & Sign Language,Accessibility & Assistive Tech,2010,10,0.7,0.1,0.2,2.71
53,Deaf & Sign Language,Accessibility & Assistive Tech,2011,14,0.786,0.143,0.071,3.64
53,Deaf & Sign Language,Accessibility & Assistive Tech,2012,13,0.538,0.077,0.385,2.14
53,Deaf & Sign Language,Accessibility & Assistive Tech,2013,18,0.556,0.0,0.444,3.8
53,Deaf & Sign Language,Accessibility & Assistive Tech,2014,10,0.6,0.3,0.1,5.83
53,Deaf & Sign Language,Accessibility & Assistive Tech,2015,29,0.621,0.0,0.379,5.39
53,Deaf & Sign Language,Accessibility & Assistive Tech,2016,20,0.7,0.05,0.25,7.29
53,Deaf & Sign Language,Accessibility & Assistive Tech,2017,57,0.825,0.053,0.123,4.26
53,Deaf & Sign Language,Accessibility & Assistive Tech,2018,134,0.552,0.164,0.284,4.57
53,Deaf & Sign Language,Accessibility & Assistive Tech,2019,75,0.747,0.093,0.16,5.55
53,Deaf & Sign Language,Accessibility & Assistive Tech,2020,129,0.698,0.14,0.163,4.99
53,Deaf & Sign Language,Accessibility & Assistive Tech,2021,209,0.426,0.278,0.297,5.55
53,Deaf & Sign Language,Accessibility & Assistive Tech,2022,199,0.653,0.216,0.131,5.18
53,Deaf & Sign Language,Accessibility & Assistive Tech,2023,438,0.582,0.224,0.194,4.67
53,Deaf & Sign Language,Accessibility & Assistive Tech,2024,525,0.495,0.225,0.28,4.35
53,Deaf & Sign Language,Accessibility & Assistive Tech,2025,642,0.569,0.218,0.213,5.12
53,Deaf & Sign Language,Accessibility & Assistive Tech,2026,436,0.546,0.197,0.257,4.9
54,Visual Accessibility,Accessibility & Assistive Tech,2006,4,0.0,1.0,0.0,
54,Visual Accessibility,Accessibility & Assistive Tech,2007,1,1.0,0.0,0.0,1.0
54,Visual Accessibility,Accessibility & Assistive Tech,2009,2,0.0,1.0,0.0,
54,Visual Accessibility,Accessibility & Assistive Tech,2010,17,0.176,0.588,0.235,3.0
54,Visual Accessibility,Accessibility & Assistive Tech,2011,16,0.312,0.5,0.188,3.4
54,Visual Accessibility,Accessibility & Assistive Tech,2012,10,0.4,0.5,0.1,1.5
54,Visual Accessibility,Accessibility & Assistive Tech,2013,61,0.41,0.197,0.393,1.84
54,Visual Accessibility,Accessibility & Assistive Tech,2014,33,0.364,0.182,0.455,2.0
54,Visual Accessibility,Accessibility & Assistive Tech,2015,51,0.392,0.294,0.314,2.7
54,Visual Accessibility,Accessibility & Assistive Tech,2016,60,0.517,0.2,0.283,3.42
54,Visual Accessibility,Accessibility & Assistive Tech,2017,109,0.468,0.22,0.312,3.39
54,Visual Accessibility,Accessibility & Assistive Tech,2018,177,0.52,0.254,0.226,4.45
54,Visual Accessibility,Accessibility & Assistive Tech,2019,118,0.559,0.22,0.22,4.86
54,Visual Accessibility,Accessibility & Assistive Tech,2020,302,0.457,0.202,0.341,4.36
54,Visual Accessibility,Accessibility & Assistive Tech,2021,489,0.47,0.309,0.221,4.24
54,Visual Accessibility,Accessibility & Assistive Tech,2022,472,0.534,0.229,0.237,4.44
54,Visual Accessibility,Accessibility & Assistive Tech,2023,529,0.457,0.272,0.27,4.41
54,Visual Accessibility,Accessibility & Assistive Tech,2024,1037,0.489,0.282,0.23,4.43
54,Visual Accessibility,Accessibility & Assistive Tech,2025,1185,0.494,0.289,0.217,4.39
54,Visual Accessibility,Accessibility & Assistive Tech,2026,408,0.326,0.299,0.375,4.13
55,Non-visual Touch Interfaces,Accessibility & Assistive Tech,1985,1,1.0,0.0,0.0,3.0
55,Non-visual Touch Interfaces,Accessibility & Assistive Tech,1990,1,1.0,0.0,0.0,8.0
55,Non-visual Touch Interfaces,Accessibility & Assistive Tech,1996,4,0.0,0.5,0.5,
55,Non-visual Touch Interfaces,Accessibility & Assistive Tech,1997,4,0.5,0.25,0.25,1.0
55,Non-visual Touch Interfaces,Accessibility & Assistive Tech,1998,5,0.8,0.0,0.2,5.25
55,Non-visual Touch Interfaces,Accessibility & Assistive Tech,2000,7,0.571,0.0,0.429,3.5
55,Non-visual Touch Interfaces,Accessibility & Assistive Tech,2002,10,0.7,0.3,0.0,6.57
55,Non-visual Touch Interfaces,Accessibility & Assistive Tech,2003,1,0.0,0.0,1.0,
55,Non-visual Touch Interfaces,Accessibility & Assistive Tech,2004,11,0.455,0.455,0.091,5.6
55,Non-visual Touch Interfaces,Accessibility & Assistive Tech,2005,4,1.0,0.0,0.0,4.0
55,Non-visual Touch Interfaces,Accessibility & Assistive Tech,2006,6,1.0,0.0,0.0,4.67
55,Non-visual Touch Interfaces,Accessibility & Assistive Tech,2007,12,0.417,0.167,0.417,7.2
55,Non-visual Touch Interfaces,Accessibility & Assistive Tech,2008,8,0.875,0.0,0.125,5.57
55,Non-visual Touch Interfaces,Accessibility & Assistive Tech,2009,17,0.529,0.0,0.471,7.11
55,Non-visual Touch Interfaces,Accessibility & Assistive Tech,2010,15,0.8,0.067,0.133,5.25
55,Non-visual Touch Interfaces,Accessibility & Assistive Tech,2011,41,0.439,0.146,0.415,4.5
55,Non-visual Touch Interfaces,Accessibility & Assistive Tech,2012,14,0.714,0.143,0.143,3.3
55,Non-visual Touch Interfaces,Accessibility & Assistive Tech,2013,26,0.269,0.269,0.462,4.71
55,Non-visual Touch Interfaces,Accessibility & Assistive Tech,2014,27,0.778,0.222,0.0,7.76
55,Non-visual Touch Interfaces,Accessibility & Assistive Tech,2015,47,0.66,0.128,0.213,4.48
55,Non-visual Touch Interfaces,Accessibility & Assistive Tech,2016,75,0.507,0.173,0.32,4.13
55,Non-visual Touch Interfaces,Accessibility & Assistive Tech,2017,139,0.504,0.223,0.273,3.24
55,Non-visual Touch Interfaces,Accessibility & Assistive Tech,2018,120,0.508,0.208,0.283,5.13
55,Non-visual Touch Interfaces,Accessibility & Assistive Tech,2019,161,0.634,0.155,0.211,4.18
55,Non-visual Touch Interfaces,Accessibility & Assistive Tech,2020,167,0.593,0.168,0.24,5.95
55,Non-visual Touch Interfaces,Accessibility & Assistive Tech,2021,226,0.398,0.261,0.341,5.5
55,Non-visual Touch Interfaces,Accessibility & Assistive Tech,2022,243,0.523,0.288,0.189,5.55
55,Non-visual Touch Interfaces,Accessibility & Assistive Tech,2023,482,0.568,0.278,0.154,5.49
55,Non-visual Touch Interfaces,Accessibility & Assistive Tech,2024,358,0.587,0.223,0.19,4.75
55,Non-visual Touch Interfaces,Accessibility & Assistive Tech,2025,425,0.616,0.233,0.151,5.82
55,Non-visual Touch Interfaces,Accessibility & Assistive Tech,2026,80,0.575,0.2,0.225,5.37
56,AAC & Aphasia,Accessibility & Assistive Tech,1997,1,1.0,0.0,0.0,3.0
56,AAC & Aphasia,Accessibility & Assistive Tech,2002,1,1.0,0.0,0.0,2.0
56,AAC & Aphasia,Accessibility & Assistive Tech,2003,9,0.111,0.0,0.889,6.0
56,AAC & Aphasia,Accessibility & Assistive Tech,2004,2,0.0,1.0,0.0,
56,AAC & Aphasia,Accessibility & Assistive Tech,2005,5,0.6,0.2,0.2,1.33
56,AAC & Aphasia,Accessibility & Assistive Tech,2006,3,0.667,0.0,0.333,2.5
56,AAC & Aphasia,Accessibility & Assistive Tech,2007,4,0.75,0.25,0.0,2.67
56,AAC & Aphasia,Accessibility & Assistive Tech,2008,2,0.5,0.5,0.0,1.0
56,AAC & Aphasia,Accessibility & Assistive Tech,2009,10,0.9,0.0,0.1,3.33
56,AAC & Aphasia,Accessibility & Assistive Tech,2010,8,0.875,0.125,0.0,1.86
56,AAC & Aphasia,Accessibility & Assistive Tech,2011,10,0.6,0.2,0.2,4.33
56,AAC & Aphasia,Accessibility & Assistive Tech,2012,18,0.667,0.111,0.222,4.25
56,AAC & Aphasia,Accessibility & Assistive Tech,2013,20,0.6,0.05,0.35,5.08
56,AAC & Aphasia,Accessibility & Assistive Tech,2014,2,0.5,0.0,0.5,2.0
56,AAC & Aphasia,Accessibility & Assistive Tech,2015,12,0.75,0.083,0.167,6.22
56,AAC & Aphasia,Accessibility & Assistive Tech,2016,24,0.542,0.083,0.375,6.23
56,AAC & Aphasia,Accessibility & Assistive Tech,2017,68,0.368,0.162,0.471,4.92
56,AAC & Aphasia,Accessibility & Assistive Tech,2018,19,0.632,0.211,0.158,7.0
56,AAC & Aphasia,Accessibility & Assistive Tech,2019,20,0.35,0.0,0.65,5.29
56,AAC & Aphasia,Accessibility & Assistive Tech,2020,128,0.453,0.172,0.375,4.6
56,AAC & Aphasia,Accessibility & Assistive Tech,2021,103,0.379,0.252,0.369,5.46
56,AAC & Aphasia,Accessibility & Assistive Tech,2022,121,0.504,0.149,0.347,4.48
56,AAC & Aphasia,Accessibility & Assistive Tech,2023,90,0.489,0.156,0.356,5.14
56,AAC & Aphasia,Accessibility & Assistive Tech,2024,198,0.5,0.263,0.237,4.94
56,AAC & Aphasia,Accessibility & Assistive Tech,2025,326,0.518,0.199,0.282,5.57
56,AAC & Aphasia,Accessibility & Assistive Tech,2026,96,0.469,0.135,0.396,4.64
57,Assistive Music & Audio,Accessibility & Assistive Tech,2007,11,0.091,0.0,0.909,1.0
57,Assistive Music & Audio,Accessibility & Assistive Tech,2008,3,0.667,0.333,0.0,2.0
57,Assistive Music & Audio,Accessibility & Assistive Tech,2009,1,0.0,0.0,1.0,
57,Assistive Music & Audio,Accessibility & Assistive Tech,2011,9,0.556,0.333,0.111,4.4
57,Assistive Music & Audio,Accessibility & Assistive Tech,2012,2,0.0,0.0,1.0,
57,Assistive Music & Audio,Accessibility & Assistive Tech,2013,24,0.125,0.167,0.708,4.0
57,Assistive Music & Audio,Accessibility & Assistive Tech,2014,14,0.071,0.143,0.786,1.0
57,Assistive Music & Audio,Accessibility & Assistive Tech,2015,21,0.238,0.333,0.429,5.6
57,Assistive Music & Audio,Accessibility & Assistive Tech,2016,48,0.271,0.25,0.479,3.0
57,Assistive Music & Audio,Accessibility & Assistive Tech,2017,25,0.44,0.16,0.4,2.45
57,Assistive Music & Audio,Accessibility & Assistive Tech,2018,61,0.213,0.41,0.377,3.46
57,Assistive Music & Audio,Accessibility & Assistive Tech,2019,78,0.244,0.321,0.436,3.84
57,Assistive Music & Audio,Accessibility & Assistive Tech,2020,153,0.261,0.353,0.386,3.18
57,Assistive Music & Audio,Accessibility & Assistive Tech,2021,57,0.404,0.228,0.368,4.61
57,Assistive Music & Audio,Accessibility & Assistive Tech,2022,129,0.302,0.357,0.341,4.64
57,Assistive Music & Audio,Accessibility & Assistive Tech,2023,338,0.207,0.444,0.349,5.31
57,Assistive Music & Audio,Accessibility & Assistive Tech,2024,228,0.294,0.289,0.417,5.96
57,Assistive Music & Audio,Accessibility & Assistive Tech,2025,317,0.293,0.309,0.397,6.73
57,Assistive Music & Audio,Accessibility & Assistive Tech,2026,190,0.232,0.389,0.379,6.02
58,Blind Access to VR,Accessibility & Assistive Tech,1996,5,0.0,1.0,0.0,
58,Blind Access to VR,Accessibility & Assistive Tech,1999,3,0.667,0.0,0.333,3.0
58,Blind Access to VR,Accessibility & Assistive Tech,2003,3,0.667,0.0,0.333,5.5
58,Blind Access to VR,Accessibility & Assistive Tech,2005,8,0.5,0.25,0.25,6.5
58,Blind Access to VR,Accessibility & Assistive Tech,2008,9,0.333,0.222,0.444,2.0
58,Blind Access to VR,Accessibility & Assistive Tech,2009,8,0.625,0.375,0.0,2.0
58,Blind Access to VR,Accessibility & Assistive Tech,2010,20,0.45,0.2,0.35,5.89
58,Blind Access to VR,Accessibility & Assistive Tech,2011,4,0.5,0.5,0.0,2.0
58,Blind Access to VR,Accessibility & Assistive Tech,2013,10,0.7,0.1,0.2,3.71
58,Blind Access to VR,Accessibility & Assistive Tech,2014,17,0.471,0.412,0.118,4.38
58,Blind Access to VR,Accessibility & Assistive Tech,2015,17,0.294,0.294,0.412,3.8
58,Blind Access to VR,Accessibility & Assistive Tech,2016,2,0.0,0.0,1.0,
58,Blind Access to VR,Accessibility & Assistive Tech,2017,7,0.857,0.0,0.143,3.0
58,Blind Access to VR,Accessibility & Assistive Tech,2018,18,0.778,0.167,0.056,9.93
58,Blind Access to VR,Accessibility & Assistive Tech,2019,46,0.217,0.348,0.435,7.1
58,Blind Access to VR,Accessibility & Assistive Tech,2020,110,0.245,0.255,0.5,5.41
58,Blind Access to VR,Accessibility & Assistive Tech,2021,116,0.362,0.224,0.414,6.86
58,Blind Access to VR,Accessibility & Assistive Tech,2022,125,0.224,0.352,0.424,5.36
58,Blind Access to VR,Accessibility & Assistive Tech,2023,118,0.322,0.441,0.237,5.24
58,Blind Access to VR,Accessibility & Assistive Tech,2024,190,0.389,0.347,0.263,5.45
58,Blind Access to VR,Accessibility & Assistive Tech,2025,352,0.355,0.236,0.409,4.71
58,Blind Access to VR,Accessibility & Assistive Tech,2026,108,0.269,0.481,0.25,6.28
59,Low-vision Accessibility,Accessibility & Assistive Tech,2002,3,0.667,0.0,0.333,2.0
59,Low-vision Accessibility,Accessibility & Assistive Tech,2003,1,1.0,0.0,0.0,5.0
59,Low-vision Accessibility,Accessibility & Assistive Tech,2005,5,0.2,0.6,0.2,2.0
59,Low-vision Accessibility,Accessibility & Assistive Tech,2006,6,0.5,0.333,0.167,1.0
59,Low-vision Accessibility,Accessibility & Assistive Tech,2007,4,0.75,0.25,0.0,2.67
59,Low-vision Accessibility,Accessibility & Assistive Tech,2008,8,0.125,0.0,0.875,3.0
59,Low-vision Accessibility,Accessibility & Assistive Tech,2009,19,0.526,0.263,0.211,3.3
59,Low-vision Accessibility,Accessibility & Assistive Tech,2010,6,1.0,0.0,0.0,2.5
59,Low-vision Accessibility,Accessibility & Assistive Tech,2011,16,0.5,0.125,0.375,4.25
59,Low-vision Accessibility,Accessibility & Assistive Tech,2012,30,0.433,0.267,0.3,4.0
59,Low-vision Accessibility,Accessibility & Assistive Tech,2013,48,0.5,0.188,0.312,3.12
59,Low-vision Accessibility,Accessibility & Assistive Tech,2014,31,0.645,0.258,0.097,4.9
59,Low-vision Accessibility,Accessibility & Assistive Tech,2015,29,0.724,0.103,0.172,3.9
59,Low-vision Accessibility,Accessibility & Assistive Tech,2016,48,0.542,0.042,0.417,6.15
59,Low-vision Accessibility,Accessibility & Assistive Tech,2017,40,0.525,0.25,0.225,5.52
59,Low-vision Accessibility,Accessibility & Assistive Tech,2018,60,0.5,0.05,0.45,5.17
59,Low-vision Accessibility,Accessibility & Assistive Tech,2019,156,0.468,0.167,0.365,6.07
59,Low-vision Accessibility,Accessibility & Assistive Tech,2020,61,0.508,0.295,0.197,5.71
59,Low-vision Accessibility,Accessibility & Assistive Tech,2021,227,0.458,0.269,0.273,6.82
59,Low-vision Accessibility,Accessibility & Assistive Tech,2022,210,0.586,0.138,0.276,6.43
59,Low-vision Accessibility,Accessibility & Assistive Tech,2023,152,0.533,0.263,0.204,5.86
59,Low-vision Accessibility,Accessibility & Assistive Tech,2024,205,0.424,0.195,0.38,7.24
59,Low-vision Accessibility,Accessibility & Assistive Tech,2025,278,0.435,0.302,0.263,6.12
59,Low-vision Accessibility,Accessibility & Assistive Tech,2026,14,0.5,0.214,0.286,4.14
60,Visual Aesthetics & UX,Gamification & Engagement,1988,1,1.0,0.0,0.0,5.0
60,Visual Aesthetics & UX,Gamification & Engagement,1994,1,0.0,0.0,1.0,
60,Visual Aesthetics & UX,Gamification & Engagement,1997,5,0.2,0.0,0.8,9.0
60,Visual Aesthetics & UX,Gamification & Engagement,2000,10,0.3,0.0,0.7,7.0
60,Visual Aesthetics & UX,Gamification & Engagement,2001,4,0.25,0.0,0.75,4.0
60,Visual Aesthetics & UX,Gamification & Engagement,2003,6,0.5,0.0,0.5,5.67
60,Visual Aesthetics & UX,Gamification & Engagement,2004,13,0.692,0.077,0.231,6.56
60,Visual Aesthetics & UX,Gamification & Engagement,2005,46,0.304,0.0,0.696,7.93
60,Visual Aesthetics & UX,Gamification & Engagement,2006,6,0.833,0.0,0.167,4.8
60,Visual Aesthetics & UX,Gamification & Engagement,2007,26,0.615,0.038,0.346,9.25
60,Visual Aesthetics & UX,Gamification & Engagement,2008,15,0.467,0.133,0.4,4.0
60,Visual Aesthetics & UX,Gamification & Engagement,2009,43,0.628,0.0,0.372,6.93
60,Visual Aesthetics & UX,Gamification & Engagement,2010,46,0.717,0.0,0.283,7.42
60,Visual Aesthetics & UX,Gamification & Engagement,2011,56,0.607,0.054,0.339,5.76
60,Visual Aesthetics & UX,Gamification & Engagement,2012,37,0.703,0.027,0.27,6.5
60,Visual Aesthetics & UX,Gamification & Engagement,2013,60,0.65,0.017,0.333,5.13
60,Visual Aesthetics & UX,Gamification & Engagement,2014,57,0.649,0.07,0.281,5.54
60,Visual Aesthetics & UX,Gamification & Engagement,2015,37,0.946,0.0,0.054,6.97
60,Visual Aesthetics & UX,Gamification & Engagement,2016,62,0.71,0.081,0.21,7.11
60,Visual Aesthetics & UX,Gamification & Engagement,2017,54,0.889,0.0,0.111,8.62
60,Visual Aesthetics & UX,Gamification & Engagement,2018,106,0.358,0.075,0.566,7.37
60,Visual Aesthetics & UX,Gamification & Engagement,2019,36,0.778,0.028,0.194,8.71
60,Visual Aesthetics & UX,Gamification & Engagement,2020,82,0.61,0.037,0.354,9.22
60,Visual Aesthetics & UX,Gamification & Engagement,2021,23,0.478,0.087,0.435,7.45
60,Visual Aesthetics & UX,Gamification & Engagement,2022,47,0.468,0.0,0.532,10.14
60,Visual Aesthetics & UX,Gamification & Engagement,2023,34,0.471,0.0,0.529,10.19
60,Visual Aesthetics & UX,Gamification & Engagement,2024,56,0.304,0.25,0.446,14.47
60,Visual Aesthetics & UX,Gamification & Engagement,2025,32,0.5,0.094,0.406,9.94
60,Visual Aesthetics & UX,Gamification & Engagement,2026,20,0.45,0.05,0.5,13.33
61,Player Experience & Immersion,Gamification & Engagement,2007,5,0.0,0.4,0.6,
61,Player Experience & Immersion,Gamification & Engagement,2008,1,0.0,0.0,1.0,
61,Player Experience & Immersion,Gamification & Engagement,2012,12,0.167,0.25,0.583,3.0
61,Player Experience & Immersion,Gamification & Engagement,2013,3,0.333,0.333,0.333,5.0
61,Player Experience & Immersion,Gamification & Engagement,2014,32,0.375,0.438,0.188,3.5
61,Player Experience & Immersion,Gamification & Engagement,2015,17,0.529,0.059,0.412,2.67
61,Player Experience & Immersion,Gamification & Engagement,2016,42,0.5,0.167,0.333,3.57
61,Player Experience & Immersion,Gamification & Engagement,2017,33,0.606,0.303,0.091,3.8
61,Player Experience & Immersion,Gamification & Engagement,2018,110,0.418,0.355,0.227,4.07
61,Player Experience & Immersion,Gamification & Engagement,2019,121,0.397,0.19,0.413,3.98
61,Player Experience & Immersion,Gamification & Engagement,2020,98,0.612,0.214,0.173,4.6
61,Player Experience & Immersion,Gamification & Engagement,2021,189,0.497,0.275,0.228,3.28
61,Player Experience & Immersion,Gamification & Engagement,2022,121,0.521,0.264,0.215,4.4
61,Player Experience & Immersion,Gamification & Engagement,2023,165,0.545,0.188,0.267,5.61
61,Player Experience & Immersion,Gamification & Engagement,2024,298,0.473,0.174,0.352,5.63
61,Player Experience & Immersion,Gamification & Engagement,2025,182,0.478,0.203,0.319,6.08
61,Player Experience & Immersion,Gamification & Engagement,2026,211,0.545,0.095,0.36,5.54
62,Rehabilitation Exergames,Gamification & Engagement,2008,1,0.0,1.0,0.0,
62,Rehabilitation Exergames,Gamification & Engagement,2010,1,1.0,0.0,0.0,0.0
62,Rehabilitation Exergames,Gamification & Engagement,2011,14,0.0,0.0,1.0,
62,Rehabilitation Exergames,Gamification & Engagement,2012,23,0.217,0.174,0.609,1.0
62,Rehabilitation Exergames,Gamification & Engagement,2013,21,0.571,0.0,0.429,2.0
62,Rehabilitation Exergames,Gamification & Engagement,2014,26,0.462,0.077,0.462,2.08
62,Rehabilitation Exergames,Gamification & Engagement,2015,52,0.558,0.0,0.442,2.48
62,Rehabilitation Exergames,Gamification & Engagement,2016,77,0.597,0.078,0.325,2.72
62,Rehabilitation Exergames,Gamification & Engagement,2017,40,0.675,0.1,0.225,2.78
62,Rehabilitation Exergames,Gamification & Engagement,2018,47,0.404,0.191,0.404,4.16
62,Rehabilitation Exergames,Gamification & Engagement,2019,140,0.429,0.207,0.364,4.67
62,Rehabilitation Exergames,Gamification & Engagement,2020,50,0.5,0.14,0.36,4.0
62,Rehabilitation Exergames,Gamification & Engagement,2021,97,0.381,0.175,0.443,4.92
62,Rehabilitation Exergames,Gamification & Engagement,2022,131,0.237,0.214,0.55,6.52
62,Rehabilitation Exergames,Gamification & Engagement,2023,92,0.489,0.163,0.348,5.91
62,Rehabilitation Exergames,Gamification & Engagement,2024,206,0.35,0.223,0.427,5.89
62,Rehabilitation Exergames,Gamification & Engagement,2025,127,0.504,0.213,0.283,7.02
62,Rehabilitation Exergames,Gamification & Engagement,2026,152,0.434,0.138,0.428,6.18
63,Multiplayer & Location-based Games,Gamification & Engagement,2004,17,0.0,0.0,1.0,
63,Multiplayer & Location-based Games,Gamification & Engagement,2006,11,0.545,0.0,0.455,2.0
63,Multiplayer & Location-based Games,Gamification & Engagement,2007,12,0.333,0.0,0.667,2.0
63,Multiplayer & Location-based Games,Gamification & Engagement,2008,19,0.526,0.0,0.474,2.6
63,Multiplayer & Location-based Games,Gamification & Engagement,2010,31,0.323,0.032,0.645,3.8
63,Multiplayer & Location-based Games,Gamification & Engagement,2011,15,0.6,0.0,0.4,4.33
63,Multiplayer & Location-based Games,Gamification & Engagement,2012,49,0.551,0.041,0.408,4.56
63,Multiplayer & Location-based Games,Gamification & Engagement,2013,12,0.75,0.0,0.25,3.33
63,Multiplayer & Location-based Games,Gamification & Engagement,2014,46,0.63,0.13,0.239,5.69
63,Multiplayer & Location-based Games,Gamification & Engagement,2015,28,0.321,0.571,0.107,2.0
63,Multiplayer & Location-based Games,Gamification & Engagement,2016,97,0.433,0.113,0.454,4.81
63,Multiplayer & Location-based Games,Gamification & Engagement,2017,63,0.413,0.159,0.429,4.35
63,Multiplayer & Location-based Games,Gamification & Engagement,2018,109,0.422,0.174,0.404,5.07
63,Multiplayer & Location-based Games,Gamification & Engagement,2019,50,0.54,0.1,0.36,6.11
63,Multiplayer & Location-based Games,Gamification & Engagement,2020,134,0.306,0.119,0.575,6.17
63,Multiplayer & Location-based Games,Gamification & Engagement,2021,173,0.439,0.191,0.37,6.2
63,Multiplayer & Location-based Games,Gamification & Engagement,2022,107,0.467,0.112,0.421,6.42
63,Multiplayer & Location-based Games,Gamification & Engagement,2023,56,0.589,0.107,0.304,5.52
63,Multiplayer & Location-based Games,Gamification & Engagement,2024,153,0.484,0.111,0.405,8.09
63,Multiplayer & Location-based Games,Gamification & Engagement,2025,98,0.408,0.204,0.388,7.48
63,Multiplayer & Location-based Games,Gamification & Engagement,2026,70,0.4,0.143,0.457,6.71
64,Gamification & Usability,Gamification & Engagement,1982,4,1.0,0.0,0.0,0.0
64,Gamification & Usability,Gamification & Engagement,1983,9,1.0,0.0,0.0,1.0
64,Gamification & Usability,Gamification & Engagement,1985,2,1.0,0.0,0.0,2.0
64,Gamification & Usability,Gamification & Engagement,1986,3,1.0,0.0,0.0,2.67
64,Gamification & Usability,Gamification & Engagement,1990,1,0.0,0.0,1.0,
64,Gamification & Usability,Gamification & Engagement,1991,8,0.75,0.0,0.25,3.5
64,Gamification & Usability,Gamification & Engagement,1992,37,0.784,0.0,0.216,1.17
64,Gamification & Usability,Gamification & Engagement,1994,7,1.0,0.0,0.0,3.0
64,Gamification & Usability,Gamification & Engagement,1995,7,0.857,0.0,0.143,5.17
64,Gamification & Usability,Gamification & Engagement,1996,7,0.714,0.0,0.286,5.0
64,Gamification & Usability,Gamification & Engagement,1997,4,0.5,0.0,0.5,11.0
64,Gamification & Usability,Gamification & Engagement,1998,9,0.556,0.0,0.444,6.2
64,Gamification & Usability,Gamification & Engagement,2000,8,0.625,0.0,0.375,6.4
64,Gamification & Usability,Gamification & Engagement,2001,9,1.0,0.0,0.0,9.44
64,Gamification & Usability,Gamification & Engagement,2002,6,0.5,0.0,0.5,3.67
64,Gamification & Usability,Gamification & Engagement,2003,4,0.25,0.0,0.75,13.0
64,Gamification & Usability,Gamification & Engagement,2004,7,0.0,0.0,1.0,
64,Gamification & Usability,Gamification & Engagement,2005,8,0.75,0.0,0.25,10.67
64,Gamification & Usability,Gamification & Engagement,2006,31,0.484,0.065,0.452,9.6
64,Gamification & Usability,Gamification & Engagement,2007,16,0.562,0.0,0.438,6.67
64,Gamification & Usability,Gamification & Engagement,2008,37,0.676,0.0,0.324,10.24
64,Gamification & Usability,Gamification & Engagement,2009,32,0.562,0.0,0.438,11.61
64,Gamification & Usability,Gamification & Engagement,2010,22,0.591,0.091,0.318,10.54
64,Gamification & Usability,Gamification & Engagement,2011,60,0.683,0.033,0.283,9.95
64,Gamification & Usability,Gamification & Engagement,2012,78,0.474,0.038,0.487,7.65
64,Gamification & Usability,Gamification & Engagement,2013,66,0.424,0.076,0.5,7.75
64,Gamification & Usability,Gamification & Engagement,2014,124,0.419,0.097,0.484,5.75
64,Gamification & Usability,Gamification & Engagement,2015,159,0.509,0.176,0.314,4.99
64,Gamification & Usability,Gamification & Engagement,2016,188,0.42,0.181,0.399,4.53
64,Gamification & Usability,Gamification & Engagement,2017,228,0.535,0.118,0.346,3.98
64,Gamification & Usability,Gamification & Engagement,2018,265,0.46,0.106,0.434,4.29
64,Gamification & Usability,Gamification & Engagement,2019,209,0.569,0.115,0.316,5.23
64,Gamification & Usability,Gamification & Engagement,2020,559,0.53,0.199,0.272,4.88
64,Gamification & Usability,Gamification & Engagement,2021,368,0.481,0.168,0.351,4.89
64,Gamification & Usability,Gamification & Engagement,2022,313,0.473,0.118,0.409,4.66
64,Gamification & Usability,Gamification & Engagement,2023,150,0.607,0.073,0.32,5.89
64,Gamification & Usability,Gamification & Engagement,2024,491,0.511,0.208,0.281,6.14
64,Gamification & Usability,Gamification & Engagement,2025,252,0.452,0.087,0.46,7.11
64,Gamification & Usability,Gamification & Engagement,2026,129,0.457,0.109,0.434,8.56
65,Human-Robot Interaction,Robots & Conversational Agents,2002,4,0.0,1.0,0.0,
65,Human-Robot Interaction,Robots & Conversational Agents,2006,8,0.625,0.25,0.125,3.0
65,Human-Robot Interaction,Robots & Conversational Agents,2007,10,0.5,0.2,0.3,1.8
65,Human-Robot Interaction,Robots & Conversational Agents,2008,19,0.684,0.158,0.158,2.69
65,Human-Robot Interaction,Robots & Conversational Agents,2009,25,0.56,0.16,0.28,2.29
65,Human-Robot Interaction,Robots & Conversational Agents,2010,19,0.474,0.263,0.263,3.22
65,Human-Robot Interaction,Robots & Conversational Agents,2011,5,0.8,0.0,0.2,1.75
65,Human-Robot Interaction,Robots & Conversational Agents,2012,23,0.565,0.391,0.043,4.69
65,Human-Robot Interaction,Robots & Conversational Agents,2013,37,0.595,0.162,0.243,4.27
65,Human-Robot Interaction,Robots & Conversational Agents,2014,33,0.485,0.455,0.061,5.12
65,Human-Robot Interaction,Robots & Conversational Agents,2015,56,0.518,0.214,0.268,5.31
65,Human-Robot Interaction,Robots & Conversational Agents,2016,39,0.462,0.385,0.154,3.5
65,Human-Robot Interaction,Robots & Conversational Agents,2017,121,0.421,0.24,0.339,5.02
65,Human-Robot Interaction,Robots & Conversational Agents,2018,93,0.581,0.247,0.172,5.39
65,Human-Robot Interaction,Robots & Conversational Agents,2019,156,0.526,0.282,0.192,4.22
65,Human-Robot Interaction,Robots & Conversational Agents,2020,152,0.566,0.243,0.191,4.41
65,Human-Robot Interaction,Robots & Conversational Agents,2021,163,0.528,0.245,0.227,5.22
65,Human-Robot Interaction,Robots & Conversational Agents,2022,254,0.567,0.224,0.209,4.6
65,Human-Robot Interaction,Robots & Conversational Agents,2023,193,0.44,0.202,0.358,5.28
65,Human-Robot Interaction,Robots & Conversational Agents,2024,419,0.451,0.208,0.341,5.09
65,Human-Robot Interaction,Robots & Conversational Agents,2025,256,0.363,0.227,0.41,4.65
65,Human-Robot Interaction,Robots & Conversational Agents,2026,334,0.509,0.144,0.347,5.82
66,Social Robots in the Field,Robots & Conversational Agents,2003,9,0.0,0.222,0.778,
66,Social Robots in the Field,Robots & Conversational Agents,2004,2,0.0,0.0,1.0,
66,Social Robots in the Field,Robots & Conversational Agents,2006,11,0.273,0.0,0.727,5.0
66,Social Robots in the Field,Robots & Conversational Agents,2007,18,0.833,0.056,0.111,2.2
66,Social Robots in the Field,Robots & Conversational Agents,2008,52,0.558,0.135,0.308,1.79
66,Social Robots in the Field,Robots & Conversational Agents,2009,85,0.6,0.118,0.282,1.73
66,Social Robots in the Field,Robots & Conversational Agents,2010,10,0.6,0.1,0.3,2.33
66,Social Robots in the Field,Robots & Conversational Agents,2011,60,0.75,0.133,0.117,3.27
66,Social Robots in the Field,Robots & Conversational Agents,2012,54,0.389,0.278,0.333,3.62
66,Social Robots in the Field,Robots & Conversational Agents,2013,13,0.385,0.154,0.462,3.0
66,Social Robots in the Field,Robots & Conversational Agents,2014,54,0.63,0.204,0.167,5.26
66,Social Robots in the Field,Robots & Conversational Agents,2015,50,0.54,0.2,0.26,5.3
66,Social Robots in the Field,Robots & Conversational Agents,2016,51,0.529,0.137,0.333,5.04
66,Social Robots in the Field,Robots & Conversational Agents,2017,65,0.477,0.138,0.385,6.06
66,Social Robots in the Field,Robots & Conversational Agents,2018,71,0.62,0.183,0.197,5.64
66,Social Robots in the Field,Robots & Conversational Agents,2019,157,0.452,0.21,0.338,4.99
66,Social Robots in the Field,Robots & Conversational Agents,2020,128,0.609,0.219,0.172,6.22
66,Social Robots in the Field,Robots & Conversational Agents,2021,150,0.493,0.133,0.373,7.97
66,Social Robots in the Field,Robots & Conversational Agents,2022,311,0.466,0.19,0.344,7.15
66,Social Robots in the Field,Robots & Conversational Agents,2023,121,0.479,0.157,0.364,7.43
66,Social Robots in the Field,Robots & Conversational Agents,2024,204,0.564,0.132,0.304,6.31
66,Social Robots in the Field,Robots & Conversational Agents,2025,146,0.384,0.164,0.452,7.54
66,Social Robots in the Field,Robots & Conversational Agents,2026,287,0.429,0.167,0.404,7.24
67,Voice Assistants for Older Adults,Robots & Conversational Agents,1985,1,1.0,0.0,0.0,2.0
67,Voice Assistants for Older Adults,Robots & Conversational Agents,1996,1,1.0,0.0,0.0,1.0
67,Voice Assistants for Older Adults,Robots & Conversational Agents,1998,5,0.6,0.0,0.4,2.67
67,Voice Assistants for Older Adults,Robots & Conversational Agents,2000,11,0.545,0.091,0.364,4.33
67,Voice Assistants for Older Adults,Robots & Conversational Agents,2001,2,1.0,0.0,0.0,5.5
67,Voice Assistants for Older Adults,Robots & Conversational Agents,2004,1,0.0,0.0,1.0,
67,Voice Assistants for Older Adults,Robots & Conversational Agents,2005,3,0.333,0.333,0.333,5.0
67,Voice Assistants for Older Adults,Robots & Conversational Agents,2006,10,0.2,0.1,0.7,10.5
67,Voice Assistants for Older Adults,Robots & Conversational Agents,2007,3,0.333,0.667,0.0,7.0
67,Voice Assistants for Older Adults,Robots & Conversational Agents,2008,3,0.333,0.0,0.667,7.0
67,Voice Assistants for Older Adults,Robots & Conversational Agents,2009,5,0.4,0.2,0.4,16.0
67,Voice Assistants for Older Adults,Robots & Conversational Agents,2010,5,0.8,0.0,0.2,12.25
67,Voice Assistants for Older Adults,Robots & Conversational Agents,2011,2,0.5,0.5,0.0,11.0
67,Voice Assistants for Older Adults,Robots & Conversational Agents,2013,6,0.5,0.167,0.333,21.0
67,Voice Assistants for Older Adults,Robots & Conversational Agents,2014,8,0.25,0.25,0.5,25.0
67,Voice Assistants for Older Adults,Robots & Conversational Agents,2015,11,0.364,0.182,0.455,16.25
67,Voice Assistants for Older Adults,Robots & Conversational Agents,2016,17,0.176,0.353,0.471,18.0
67,Voice Assistants for Older Adults,Robots & Conversational Agents,2017,37,0.27,0.0,0.73,5.1
67,Voice Assistants for Older Adults,Robots & Conversational Agents,2018,39,0.282,0.051,0.667,1.45
67,Voice Assistants for Older Adults,Robots & Conversational Agents,2019,279,0.358,0.19,0.452,3.46
67,Voice Assistants for Older Adults,Robots & Conversational Agents,2020,354,0.455,0.113,0.432,3.28
67,Voice Assistants for Older Adults,Robots & Conversational Agents,2021,501,0.399,0.126,0.475,3.51
67,Voice Assistants for Older Adults,Robots & Conversational Agents,2022,486,0.484,0.117,0.399,4.92
67,Voice Assistants for Older Adults,Robots & Conversational Agents,2023,362,0.514,0.083,0.403,4.02
67,Voice Assistants for Older Adults,Robots & Conversational Agents,2024,503,0.443,0.103,0.453,4.91
67,Voice Assistants for Older Adults,Robots & Conversational Agents,2025,626,0.406,0.101,0.494,4.65
67,Voice Assistants for Older Adults,Robots & Conversational Agents,2026,461,0.319,0.161,0.521,4.98
68,Automated Driving Interfaces,Robots & Conversational Agents,2006,3,0.0,0.0,1.0,
68,Automated Driving Interfaces,Robots & Conversational Agents,2008,7,0.0,0.0,1.0,
68,Automated Driving Interfaces,Robots & Conversational Agents,2010,8,0.375,0.0,0.625,4.33
68,Automated Driving Interfaces,Robots & Conversational Agents,2011,2,0.0,0.0,1.0,
68,Automated Driving Interfaces,Robots & Conversational Agents,2012,6,0.333,0.0,0.667,3.0
68,Automated Driving Interfaces,Robots & Conversational Agents,2013,31,0.387,0.0,0.613,2.67
68,Automated Driving Interfaces,Robots & Conversational Agents,2014,28,0.286,0.0,0.714,3.62
68,Automated Driving Interfaces,Robots & Conversational Agents,2015,12,0.667,0.0,0.333,3.12
68,Automated Driving Interfaces,Robots & Conversational Agents,2016,31,0.355,0.0,0.645,3.45
68,Automated Driving Interfaces,Robots & Conversational Agents,2017,81,0.395,0.074,0.531,3.78
68,Automated Driving Interfaces,Robots & Conversational Agents,2018,46,0.565,0.0,0.435,3.77
68,Automated Driving Interfaces,Robots & Conversational Agents,2019,78,0.397,0.026,0.577,2.58
68,Automated Driving Interfaces,Robots & Conversational Agents,2020,117,0.487,0.068,0.444,2.65
68,Automated Driving Interfaces,Robots & Conversational Agents,2021,170,0.676,0.024,0.3,2.83
68,Automated Driving Interfaces,Robots & Conversational Agents,2022,227,0.612,0.018,0.37,3.4
68,Automated Driving Interfaces,Robots & Conversational Agents,2023,257,0.568,0.086,0.346,3.08
68,Automated Driving Interfaces,Robots & Conversational Agents,2024,292,0.692,0.024,0.284,3.48
68,Automated Driving Interfaces,Robots & Conversational Agents,2025,205,0.624,0.015,0.361,3.88
68,Automated Driving Interfaces,Robots & Conversational Agents,2026,189,0.492,0.132,0.376,4.4
69,Virtual Agents & Social Effects,Robots & Conversational Agents,1990,1,0.0,0.0,1.0,
69,Virtual Agents & Social Effects,Robots & Conversational Agents,1991,1,1.0,0.0,0.0,1.0
69,Virtual Agents & Social Effects,Robots & Conversational Agents,1993,3,0.667,0.0,0.333,1.5
69,Virtual Agents & Social Effects,Robots & Conversational Agents,1994,9,0.444,0.0,0.556,2.0
69,Virtual Agents & Social Effects,Robots & Conversational Agents,1995,7,0.571,0.143,0.286,2.25
69,Virtual Agents & Social Effects,Robots & Conversational Agents,1996,4,0.5,0.25,0.25,2.0
69,Virtual Agents & Social Effects,Robots & Conversational Agents,1997,11,0.636,0.0,0.364,3.86
69,Virtual Agents & Social Effects,Robots & Conversational Agents,1998,7,0.857,0.0,0.143,2.33
69,Virtual Agents & Social Effects,Robots & Conversational Agents,1999,16,0.562,0.0,0.438,3.78
69,Virtual Agents & Social Effects,Robots & Conversational Agents,2000,25,0.84,0.0,0.16,4.05
69,Virtual Agents & Social Effects,Robots & Conversational Agents,2001,18,0.833,0.111,0.056,2.93
69,Virtual Agents & Social Effects,Robots & Conversational Agents,2002,5,0.8,0.0,0.2,3.0
69,Virtual Agents & Social Effects,Robots & Conversational Agents,2003,28,0.714,0.071,0.214,5.5
69,Virtual Agents & Social Effects,Robots & Conversational Agents,2004,28,0.75,0.036,0.214,7.86
69,Virtual Agents & Social Effects,Robots & Conversational Agents,2005,46,0.804,0.0,0.196,6.7
69,Virtual Agents & Social Effects,Robots & Conversational Agents,2006,54,0.778,0.093,0.13,5.83
69,Virtual Agents & Social Effects,Robots & Conversational Agents,2007,33,0.697,0.0,0.303,6.39
69,Virtual Agents & Social Effects,Robots & Conversational Agents,2008,19,0.737,0.053,0.211,3.93
69,Virtual Agents & Social Effects,Robots & Conversational Agents,2009,29,0.69,0.0,0.31,7.2
69,Virtual Agents & Social Effects,Robots & Conversational Agents,2010,37,0.676,0.135,0.189,7.76
69,Virtual Agents & Social Effects,Robots & Conversational Agents,2011,27,0.704,0.111,0.185,7.95
69,Virtual Agents & Social Effects,Robots & Conversational Agents,2012,35,0.743,0.057,0.2,9.42
69,Virtual Agents & Social Effects,Robots & Conversational Agents,2013,13,0.538,0.077,0.385,7.0
69,Virtual Agents & Social Effects,Robots & Conversational Agents,2014,40,0.575,0.175,0.25,9.09
69,Virtual Agents & Social Effects,Robots & Conversational Agents,2015,24,0.458,0.042,0.5,8.27
69,Virtual Agents & Social Effects,Robots & Conversational Agents,2016,51,0.647,0.137,0.216,12.67
69,Virtual Agents & Social Effects,Robots & Conversational Agents,2017,10,0.9,0.0,0.1,11.89
69,Virtual Agents & Social Effects,Robots & Conversational Agents,2018,40,0.4,0.3,0.3,16.62
69,Virtual Agents & Social Effects,Robots & Conversational Agents,2019,60,0.667,0.133,0.2,14.1
69,Virtual Agents & Social Effects,Robots & Conversational Agents,2020,43,0.465,0.302,0.233,12.9
69,Virtual Agents & Social Effects,Robots & Conversational Agents,2021,101,0.416,0.277,0.307,11.81
69,Virtual Agents & Social Effects,Robots & Conversational Agents,2022,56,0.393,0.339,0.268,10.68
69,Virtual Agents & Social Effects,Robots & Conversational Agents,2023,41,0.415,0.146,0.439,7.12
69,Virtual Agents & Social Effects,Robots & Conversational Agents,2024,44,0.364,0.295,0.341,13.75
69,Virtual Agents & Social Effects,Robots & Conversational Agents,2025,76,0.342,0.158,0.5,13.92
69,Virtual Agents & Social Effects,Robots & Conversational Agents,2026,59,0.373,0.186,0.441,15.27
70,Chatbot Companions,Robots & Conversational Agents,1988,2,0.0,0.0,1.0,
70,Chatbot Companions,Robots & Conversational Agents,2007,2,0.0,0.5,0.5,
70,Chatbot Companions,Robots & Conversational Agents,2010,2,0.0,0.0,1.0,
70,Chatbot Companions,Robots & Conversational Agents,2014,2,0.0,0.5,0.5,
70,Chatbot Companions,Robots & Conversational Agents,2016,23,0.174,0.478,0.348,4.75
70,Chatbot Companions,Robots & Conversational Agents,2017,19,0.053,0.158,0.789,10.0
70,Chatbot Companions,Robots & Conversational Agents,2018,79,0.241,0.241,0.519,2.26
70,Chatbot Companions,Robots & Conversational Agents,2019,88,0.386,0.216,0.398,1.35
70,Chatbot Companions,Robots & Conversational Agents,2020,164,0.311,0.22,0.47,1.55
70,Chatbot Companions,Robots & Conversational Agents,2021,210,0.433,0.219,0.348,2.66
70,Chatbot Companions,Robots & Conversational Agents,2022,264,0.36,0.235,0.405,3.72
70,Chatbot Companions,Robots & Conversational Agents,2023,215,0.372,0.144,0.484,3.35
70,Chatbot Companions,Robots & Conversational Agents,2024,408,0.348,0.154,0.498,3.9
70,Chatbot Companions,Robots & Conversational Agents,2025,502,0.363,0.143,0.494,3.81
70,Chatbot Companions,Robots & Conversational Agents,2026,440,0.309,0.152,0.539,4.02
71,Drones & Flying Robots,Robots & Conversational Agents,2000,2,0.0,0.0,1.0,
71,Drones & Flying Robots,Robots & Conversational Agents,2006,5,0.4,0.0,0.6,2.5
71,Drones & Flying Robots,Robots & Conversational Agents,2007,2,0.5,0.5,0.0,1.0
71,Drones & Flying Robots,Robots & Conversational Agents,2009,1,1.0,0.0,0.0,12.0
71,Drones & Flying Robots,Robots & Conversational Agents,2011,9,0.222,0.444,0.333,8.0
71,Drones & Flying Robots,Robots & Conversational Agents,2012,6,0.333,0.667,0.0,2.0
71,Drones & Flying Robots,Robots & Conversational Agents,2013,12,0.5,0.083,0.417,4.33
71,Drones & Flying Robots,Robots & Conversational Agents,2014,24,0.417,0.333,0.25,2.8
71,Drones & Flying Robots,Robots & Conversational Agents,2015,14,0.5,0.071,0.429,4.71
71,Drones & Flying Robots,Robots & Conversational Agents,2016,6,0.667,0.0,0.333,1.75
71,Drones & Flying Robots,Robots & Conversational Agents,2017,28,0.357,0.214,0.429,3.0
71,Drones & Flying Robots,Robots & Conversational Agents,2018,63,0.365,0.19,0.444,4.26
71,Drones & Flying Robots,Robots & Conversational Agents,2019,131,0.473,0.16,0.366,3.66
71,Drones & Flying Robots,Robots & Conversational Agents,2020,35,0.429,0.2,0.371,3.8
71,Drones & Flying Robots,Robots & Conversational Agents,2021,106,0.528,0.075,0.396,4.57
71,Drones & Flying Robots,Robots & Conversational Agents,2022,104,0.481,0.087,0.433,6.04
71,Drones & Flying Robots,Robots & Conversational Agents,2023,156,0.385,0.122,0.494,6.02
71,Drones & Flying Robots,Robots & Conversational Agents,2024,93,0.452,0.194,0.355,5.93
71,Drones & Flying Robots,Robots & Conversational Agents,2025,95,0.4,0.2,0.4,5.16
71,Drones & Flying Robots,Robots & Conversational Agents,2026,59,0.339,0.186,0.475,4.6
72,Robot Presence & Embodiment,Robots & Conversational Agents,1986,1,1.0,0.0,0.0,4.0
72,Robot Presence & Embodiment,Robots & Conversational Agents,1994,4,0.25,0.25,0.5,6.0
72,Robot Presence & Embodiment,Robots & Conversational Agents,1996,2,0.0,0.0,1.0,
72,Robot Presence & Embodiment,Robots & Conversational Agents,1997,4,0.5,0.0,0.5,2.0
72,Robot Presence & Embodiment,Robots & Conversational Agents,1998,6,0.333,0.167,0.5,1.5
72,Robot Presence & Embodiment,Robots & Conversational Agents,1999,2,0.5,0.0,0.5,17.0
72,Robot Presence & Embodiment,Robots & Conversational Agents,2000,4,0.75,0.0,0.25,11.67
72,Robot Presence & Embodiment,Robots & Conversational Agents,2002,3,0.0,0.0,1.0,
72,Robot Presence & Embodiment,Robots & Conversational Agents,2003,3,0.0,0.0,1.0,
72,Robot Presence & Embodiment,Robots & Conversational Agents,2004,2,1.0,0.0,0.0,1.5
72,Robot Presence & Embodiment,Robots & Conversational Agents,2005,3,0.0,0.667,0.333,
72,Robot Presence & Embodiment,Robots & Conversational Agents,2006,13,0.462,0.077,0.462,4.67
72,Robot Presence & Embodiment,Robots & Conversational Agents,2007,13,0.692,0.231,0.077,4.11
72,Robot Presence & Embodiment,Robots & Conversational Agents,2008,7,0.429,0.429,0.143,1.0
72,Robot Presence & Embodiment,Robots & Conversational Agents,2009,33,0.273,0.576,0.152,2.56
72,Robot Presence & Embodiment,Robots & Conversational Agents,2010,7,0.429,0.286,0.286,4.0
72,Robot Presence & Embodiment,Robots & Conversational Agents,2011,17,0.588,0.235,0.176,4.9
72,Robot Presence & Embodiment,Robots & Conversational Agents,2012,8,0.375,0.125,0.5,2.0
72,Robot Presence & Embodiment,Robots & Conversational Agents,2013,13,0.538,0.462,0.0,5.43
72,Robot Presence & Embodiment,Robots & Conversational Agents,2014,22,0.318,0.182,0.5,5.14
72,Robot Presence & Embodiment,Robots & Conversational Agents,2015,45,0.4,0.222,0.378,5.17
72,Robot Presence & Embodiment,Robots & Conversational Agents,2016,16,0.375,0.062,0.562,4.0
72,Robot Presence & Embodiment,Robots & Conversational Agents,2017,25,0.4,0.08,0.52,4.1
72,Robot Presence & Embodiment,Robots & Conversational Agents,2018,33,0.515,0.212,0.273,6.41
72,Robot Presence & Embodiment,Robots & Conversational Agents,2019,83,0.361,0.084,0.554,6.3
72,Robot Presence & Embodiment,Robots & Conversational Agents,2020,111,0.748,0.018,0.234,9.99
72,Robot Presence & Embodiment,Robots & Conversational Agents,2021,61,0.344,0.197,0.459,6.81
72,Robot Presence & Embodiment,Robots & Conversational Agents,2022,93,0.355,0.14,0.505,5.33
72,Robot Presence & Embodiment,Robots & Conversational Agents,2023,57,0.281,0.228,0.491,7.06
72,Robot Presence & Embodiment,Robots & Conversational Agents,2024,132,0.447,0.174,0.379,7.08
72,Robot Presence & Embodiment,Robots & Conversational Agents,2025,43,0.395,0.163,0.442,7.47
72,Robot Presence & Embodiment,Robots & Conversational Agents,2026,195,0.323,0.215,0.462,7.0
73,Human-AI Trust & Explanation,"AI, Data & Intelligent Interfaces",1993,2,1.0,0.0,0.0,4.0
73,Human-AI Trust & Explanation,"AI, Data & Intelligent Interfaces",1997,2,0.5,0.0,0.5,3.0
73,Human-AI Trust & Explanation,"AI, Data & Intelligent Interfaces",1998,1,1.0,0.0,0.0,4.0
73,Human-AI Trust & Explanation,"AI, Data & Intelligent Interfaces",1999,2,0.0,0.5,0.5,
73,Human-AI Trust & Explanation,"AI, Data & Intelligent Interfaces",2000,5,0.4,0.0,0.6,4.0
73,Human-AI Trust & Explanation,"AI, Data & Intelligent Interfaces",2001,4,0.75,0.0,0.25,4.0
73,Human-AI Trust & Explanation,"AI, Data & Intelligent Interfaces",2002,1,1.0,0.0,0.0,3.0
73,Human-AI Trust & Explanation,"AI, Data & Intelligent Interfaces",2003,11,0.273,0.0,0.727,7.33
73,Human-AI Trust & Explanation,"AI, Data & Intelligent Interfaces",2004,9,0.111,0.0,0.889,5.0
73,Human-AI Trust & Explanation,"AI, Data & Intelligent Interfaces",2006,7,0.429,0.429,0.143,4.33
73,Human-AI Trust & Explanation,"AI, Data & Intelligent Interfaces",2007,21,0.429,0.143,0.429,6.78
73,Human-AI Trust & Explanation,"AI, Data & Intelligent Interfaces",2008,20,0.5,0.15,0.35,8.1
73,Human-AI Trust & Explanation,"AI, Data & Intelligent Interfaces",2009,70,0.3,0.343,0.357,5.1
73,Human-AI Trust & Explanation,"AI, Data & Intelligent Interfaces",2010,21,0.333,0.143,0.524,2.57
73,Human-AI Trust & Explanation,"AI, Data & Intelligent Interfaces",2011,26,0.769,0.038,0.192,5.05
73,Human-AI Trust & Explanation,"AI, Data & Intelligent Interfaces",2012,60,0.633,0.2,0.167,5.03
73,Human-AI Trust & Explanation,"AI, Data & Intelligent Interfaces",2013,19,0.526,0.0,0.474,7.4
73,Human-AI Trust & Explanation,"AI, Data & Intelligent Interfaces",2014,36,0.417,0.028,0.556,6.8
73,Human-AI Trust & Explanation,"AI, Data & Intelligent Interfaces",2015,61,0.393,0.164,0.443,7.54
73,Human-AI Trust & Explanation,"AI, Data & Intelligent Interfaces",2016,86,0.523,0.163,0.314,6.31
73,Human-AI Trust & Explanation,"AI, Data & Intelligent Interfaces",2017,103,0.359,0.058,0.583,7.76
73,Human-AI Trust & Explanation,"AI, Data & Intelligent Interfaces",2018,300,0.387,0.137,0.477,8.61
73,Human-AI Trust & Explanation,"AI, Data & Intelligent Interfaces",2019,572,0.467,0.163,0.371,5.18
73,Human-AI Trust & Explanation,"AI, Data & Intelligent Interfaces",2020,533,0.598,0.107,0.295,4.4
73,Human-AI Trust & Explanation,"AI, Data & Intelligent Interfaces",2021,1185,0.583,0.123,0.294,3.59
73,Human-AI Trust & Explanation,"AI, Data & Intelligent Interfaces",2022,1391,0.536,0.137,0.327,3.68
73,Human-AI Trust & Explanation,"AI, Data & Intelligent Interfaces",2023,2287,0.621,0.106,0.273,3.63
73,Human-AI Trust & Explanation,"AI, Data & Intelligent Interfaces",2024,2681,0.639,0.09,0.271,3.66
73,Human-AI Trust & Explanation,"AI, Data & Intelligent Interfaces",2025,3470,0.635,0.117,0.248,3.9
73,Human-AI Trust & Explanation,"AI, Data & Intelligent Interfaces",2026,2338,0.584,0.129,0.287,4.53
74,Crowdsourcing & Peer Feedback,"AI, Data & Intelligent Interfaces",1988,1,1.0,0.0,0.0,5.0
74,Crowdsourcing & Peer Feedback,"AI, Data & Intelligent Interfaces",1990,6,0.167,0.167,0.667,4.0
74,Crowdsourcing & Peer Feedback,"AI, Data & Intelligent Interfaces",2001,1,1.0,0.0,0.0,18.0
74,Crowdsourcing & Peer Feedback,"AI, Data & Intelligent Interfaces",2004,1,0.0,0.0,1.0,
74,Crowdsourcing & Peer Feedback,"AI, Data & Intelligent Interfaces",2006,9,0.111,0.333,0.556,0.0
74,Crowdsourcing & Peer Feedback,"AI, Data & Intelligent Interfaces",2007,3,0.667,0.0,0.333,1.0
74,Crowdsourcing & Peer Feedback,"AI, Data & Intelligent Interfaces",2008,18,0.111,0.333,0.556,5.0
74,Crowdsourcing & Peer Feedback,"AI, Data & Intelligent Interfaces",2009,45,0.311,0.2,0.489,5.21
74,Crowdsourcing & Peer Feedback,"AI, Data & Intelligent Interfaces",2010,28,0.429,0.286,0.286,1.33
74,Crowdsourcing & Peer Feedback,"AI, Data & Intelligent Interfaces",2011,75,0.493,0.213,0.293,2.22
74,Crowdsourcing & Peer Feedback,"AI, Data & Intelligent Interfaces",2012,138,0.529,0.065,0.406,2.11
74,Crowdsourcing & Peer Feedback,"AI, Data & Intelligent Interfaces",2013,222,0.59,0.036,0.374,2.35
74,Crowdsourcing & Peer Feedback,"AI, Data & Intelligent Interfaces",2014,323,0.554,0.087,0.359,2.77
74,Crowdsourcing & Peer Feedback,"AI, Data & Intelligent Interfaces",2015,261,0.556,0.069,0.375,3.34
74,Crowdsourcing & Peer Feedback,"AI, Data & Intelligent Interfaces",2016,605,0.585,0.076,0.339,3.13
74,Crowdsourcing & Peer Feedback,"AI, Data & Intelligent Interfaces",2017,875,0.663,0.059,0.278,3.31
74,Crowdsourcing & Peer Feedback,"AI, Data & Intelligent Interfaces",2018,611,0.597,0.064,0.339,3.76
74,Crowdsourcing & Peer Feedback,"AI, Data & Intelligent Interfaces",2019,588,0.566,0.054,0.379,4.04
74,Crowdsourcing & Peer Feedback,"AI, Data & Intelligent Interfaces",2020,381,0.58,0.087,0.333,4.23
74,Crowdsourcing & Peer Feedback,"AI, Data & Intelligent Interfaces",2021,815,0.632,0.096,0.272,5.44
74,Crowdsourcing & Peer Feedback,"AI, Data & Intelligent Interfaces",2022,400,0.53,0.075,0.395,5.9
74,Crowdsourcing & Peer Feedback,"AI, Data & Intelligent Interfaces",2023,409,0.501,0.171,0.328,7.03
74,Crowdsourcing & Peer Feedback,"AI, Data & Intelligent Interfaces",2024,569,0.462,0.169,0.369,7.56
74,Crowdsourcing & Peer Feedback,"AI, Data & Intelligent Interfaces",2025,370,0.47,0.195,0.335,8.36
74,Crowdsourcing & Peer Feedback,"AI, Data & Intelligent Interfaces",2026,112,0.33,0.393,0.277,7.95
75,"LLMs, Writing & Prompting","AI, Data & Intelligent Interfaces",1986,3,0.0,0.333,0.667,
75,"LLMs, Writing & Prompting","AI, Data & Intelligent Interfaces",2002,3,0.0,0.0,1.0,
75,"LLMs, Writing & Prompting","AI, Data & Intelligent Interfaces",2003,1,1.0,0.0,0.0,2.0
75,"LLMs, Writing & Prompting","AI, Data & Intelligent Interfaces",2004,1,0.0,0.0,1.0,
75,"LLMs, Writing & Prompting","AI, Data & Intelligent Interfaces",2011,5,0.0,0.0,1.0,
75,"LLMs, Writing & Prompting","AI, Data & Intelligent Interfaces",2012,4,0.25,0.0,0.75,2.0
75,"LLMs, Writing & Prompting","AI, Data & Intelligent Interfaces",2015,7,0.0,0.0,1.0,
75,"LLMs, Writing & Prompting","AI, Data & Intelligent Interfaces",2016,10,0.2,0.1,0.7,4.0
75,"LLMs, Writing & Prompting","AI, Data & Intelligent Interfaces",2017,5,0.6,0.0,0.4,3.0
75,"LLMs, Writing & Prompting","AI, Data & Intelligent Interfaces",2018,31,0.065,0.323,0.613,1.0
75,"LLMs, Writing & Prompting","AI, Data & Intelligent Interfaces",2019,37,0.135,0.27,0.595,2.2
75,"LLMs, Writing & Prompting","AI, Data & Intelligent Interfaces",2020,70,0.214,0.229,0.557,7.2
75,"LLMs, Writing & Prompting","AI, Data & Intelligent Interfaces",2021,138,0.225,0.203,0.572,2.19
75,"LLMs, Writing & Prompting","AI, Data & Intelligent Interfaces",2022,280,0.207,0.357,0.436,2.74
75,"LLMs, Writing & Prompting","AI, Data & Intelligent Interfaces",2023,577,0.296,0.345,0.359,2.74
75,"LLMs, Writing & Prompting","AI, Data & Intelligent Interfaces",2024,1540,0.401,0.282,0.317,2.31
75,"LLMs, Writing & Prompting","AI, Data & Intelligent Interfaces",2025,2826,0.44,0.303,0.257,2.2
75,"LLMs, Writing & Prompting","AI, Data & Intelligent Interfaces",2026,1912,0.487,0.277,0.235,2.34
76,Search & Recommendation,"AI, Data & Intelligent Interfaces",1983,3,0.667,0.0,0.333,1.0
76,Search & Recommendation,"AI, Data & Intelligent Interfaces",1986,2,0.5,0.5,0.0,3.0
76,Search & Recommendation,"AI, Data & Intelligent Interfaces",1989,11,0.545,0.0,0.455,3.33
76,Search & Recommendation,"AI, Data & Intelligent Interfaces",1991,2,0.0,0.0,1.0,
76,Search & Recommendation,"AI, Data & Intelligent Interfaces",1992,25,0.28,0.0,0.72,2.14
76,Search & Recommendation,"AI, Data & Intelligent Interfaces",1993,12,0.417,0.083,0.5,1.0
76,Search & Recommendation,"AI, Data & Intelligent Interfaces",1994,22,0.455,0.045,0.5,3.5
76,Search & Recommendation,"AI, Data & Intelligent Interfaces",1995,27,0.407,0.074,0.519,3.18
76,Search & Recommendation,"AI, Data & Intelligent Interfaces",1996,17,0.529,0.0,0.471,2.78
76,Search & Recommendation,"AI, Data & Intelligent Interfaces",1997,74,0.595,0.027,0.378,2.48
76,Search & Recommendation,"AI, Data & Intelligent Interfaces",1998,70,0.643,0.014,0.343,2.0
76,Search & Recommendation,"AI, Data & Intelligent Interfaces",1999,78,0.615,0.0,0.385,2.79
76,Search & Recommendation,"AI, Data & Intelligent Interfaces",2000,88,0.58,0.011,0.409,3.84
76,Search & Recommendation,"AI, Data & Intelligent Interfaces",2001,122,0.574,0.025,0.402,4.33
76,Search & Recommendation,"AI, Data & Intelligent Interfaces",2002,67,0.507,0.03,0.463,4.0
76,Search & Recommendation,"AI, Data & Intelligent Interfaces",2003,107,0.542,0.019,0.439,4.26
76,Search & Recommendation,"AI, Data & Intelligent Interfaces",2004,53,0.698,0.057,0.245,5.35
76,Search & Recommendation,"AI, Data & Intelligent Interfaces",2005,69,0.522,0.014,0.464,5.47
76,Search & Recommendation,"AI, Data & Intelligent Interfaces",2006,119,0.639,0.059,0.303,6.33
76,Search & Recommendation,"AI, Data & Intelligent Interfaces",2007,52,0.596,0.096,0.308,6.61
76,Search & Recommendation,"AI, Data & Intelligent Interfaces",2008,76,0.526,0.066,0.408,5.2
76,Search & Recommendation,"AI, Data & Intelligent Interfaces",2009,104,0.519,0.048,0.433,5.48
76,Search & Recommendation,"AI, Data & Intelligent Interfaces",2010,112,0.491,0.08,0.429,6.13
76,Search & Recommendation,"AI, Data & Intelligent Interfaces",2011,125,0.616,0.048,0.336,9.12
76,Search & Recommendation,"AI, Data & Intelligent Interfaces",2012,93,0.538,0.054,0.409,7.72
76,Search & Recommendation,"AI, Data & Intelligent Interfaces",2013,94,0.553,0.074,0.372,6.6
76,Search & Recommendation,"AI, Data & Intelligent Interfaces",2014,120,0.575,0.042,0.383,8.84
76,Search & Recommendation,"AI, Data & Intelligent Interfaces",2015,106,0.575,0.047,0.377,7.8
76,Search & Recommendation,"AI, Data & Intelligent Interfaces",2016,123,0.537,0.146,0.317,10.65
76,Search & Recommendation,"AI, Data & Intelligent Interfaces",2017,137,0.664,0.131,0.204,10.26
76,Search & Recommendation,"AI, Data & Intelligent Interfaces",2018,138,0.587,0.196,0.217,6.74
76,Search & Recommendation,"AI, Data & Intelligent Interfaces",2019,138,0.355,0.261,0.384,8.35
76,Search & Recommendation,"AI, Data & Intelligent Interfaces",2020,103,0.476,0.282,0.243,10.37
76,Search & Recommendation,"AI, Data & Intelligent Interfaces",2021,243,0.444,0.185,0.37,11.53
76,Search & Recommendation,"AI, Data & Intelligent Interfaces",2022,455,0.424,0.22,0.356,9.66
76,Search & Recommendation,"AI, Data & Intelligent Interfaces",2023,169,0.467,0.249,0.284,6.49
76,Search & Recommendation,"AI, Data & Intelligent Interfaces",2024,288,0.51,0.236,0.253,6.15
76,Search & Recommendation,"AI, Data & Intelligent Interfaces",2025,382,0.387,0.372,0.241,5.26
76,Search & Recommendation,"AI, Data & Intelligent Interfaces",2026,180,0.433,0.35,0.217,6.51
77,Creativity Support & Generative Tools,"AI, Data & Intelligent Interfaces",1991,1,0.0,0.0,1.0,
77,Creativity Support & Generative Tools,"AI, Data & Intelligent Interfaces",2000,22,0.0,0.182,0.818,
77,Creativity Support & Generative Tools,"AI, Data & Intelligent Interfaces",2001,2,0.0,0.0,1.0,
77,Creativity Support & Generative Tools,"AI, Data & Intelligent Interfaces",2002,23,0.087,0.261,0.652,11.5
77,Creativity Support & Generative Tools,"AI, Data & Intelligent Interfaces",2003,5,0.0,0.2,0.8,
77,Creativity Support & Generative Tools,"AI, Data & Intelligent Interfaces",2004,11,0.273,0.091,0.636,2.67
77,Creativity Support & Generative Tools,"AI, Data & Intelligent Interfaces",2005,17,0.588,0.059,0.353,2.9
77,Creativity Support & Generative Tools,"AI, Data & Intelligent Interfaces",2006,21,0.667,0.0,0.333,2.79
77,Creativity Support & Generative Tools,"AI, Data & Intelligent Interfaces",2007,4,0.0,0.5,0.5,
77,Creativity Support & Generative Tools,"AI, Data & Intelligent Interfaces",2008,10,0.5,0.2,0.3,9.4
77,Creativity Support & Generative Tools,"AI, Data & Intelligent Interfaces",2010,28,0.25,0.286,0.464,5.57
77,Creativity Support & Generative Tools,"AI, Data & Intelligent Interfaces",2011,26,0.115,0.192,0.692,9.33
77,Creativity Support & Generative Tools,"AI, Data & Intelligent Interfaces",2012,31,0.194,0.129,0.677,8.0
77,Creativity Support & Generative Tools,"AI, Data & Intelligent Interfaces",2013,24,0.292,0.208,0.5,5.57
77,Creativity Support & Generative Tools,"AI, Data & Intelligent Interfaces",2014,74,0.176,0.257,0.568,5.85
77,Creativity Support & Generative Tools,"AI, Data & Intelligent Interfaces",2015,71,0.282,0.169,0.549,5.4
77,Creativity Support & Generative Tools,"AI, Data & Intelligent Interfaces",2016,137,0.204,0.153,0.642,5.5
77,Creativity Support & Generative Tools,"AI, Data & Intelligent Interfaces",2017,141,0.284,0.17,0.546,5.42
77,Creativity Support & Generative Tools,"AI, Data & Intelligent Interfaces",2018,146,0.315,0.185,0.5,6.98
77,Creativity Support & Generative Tools,"AI, Data & Intelligent Interfaces",2019,195,0.308,0.256,0.436,4.65
77,Creativity Support & Generative Tools,"AI, Data & Intelligent Interfaces",2020,274,0.398,0.215,0.387,5.21
77,Creativity Support & Generative Tools,"AI, Data & Intelligent Interfaces",2021,316,0.392,0.225,0.383,4.28
77,Creativity Support & Generative Tools,"AI, Data & Intelligent Interfaces",2022,370,0.4,0.254,0.346,5.46
77,Creativity Support & Generative Tools,"AI, Data & Intelligent Interfaces",2023,814,0.413,0.242,0.345,5.36
77,Creativity Support & Generative Tools,"AI, Data & Intelligent Interfaces",2024,1026,0.481,0.305,0.214,3.8
77,Creativity Support & Generative Tools,"AI, Data & Intelligent Interfaces",2025,2079,0.497,0.256,0.247,3.39
77,Creativity Support & Generative Tools,"AI, Data & Intelligent Interfaces",2026,1626,0.522,0.218,0.26,3.69
78,Data Visualization,"AI, Data & Intelligent Interfaces",1986,1,0.0,0.0,1.0,
78,Data Visualization,"AI, Data & Intelligent Interfaces",1988,1,0.0,0.0,1.0,
78,Data Visualization,"AI, Data & Intelligent Interfaces",1990,2,1.0,0.0,0.0,3.0
78,Data Visualization,"AI, Data & Intelligent Interfaces",1991,1,1.0,0.0,0.0,5.0
78,Data Visualization,"AI, Data & Intelligent Interfaces",1992,3,0.667,0.0,0.333,3.5
78,Data Visualization,"AI, Data & Intelligent Interfaces",1993,9,0.556,0.0,0.444,5.0
78,Data Visualization,"AI, Data & Intelligent Interfaces",1994,15,0.6,0.0,0.4,3.78
78,Data Visualization,"AI, Data & Intelligent Interfaces",1995,7,0.857,0.143,0.0,4.0
78,Data Visualization,"AI, Data & Intelligent Interfaces",1996,6,0.167,0.333,0.5,5.0
78,Data Visualization,"AI, Data & Intelligent Interfaces",1997,28,0.571,0.036,0.393,4.06
78,Data Visualization,"AI, Data & Intelligent Interfaces",1998,8,0.75,0.0,0.25,1.0
78,Data Visualization,"AI, Data & Intelligent Interfaces",1999,10,0.6,0.0,0.4,7.5
78,Data Visualization,"AI, Data & Intelligent Interfaces",2000,11,0.636,0.091,0.273,8.71
78,Data Visualization,"AI, Data & Intelligent Interfaces",2001,8,0.5,0.125,0.375,4.25
78,Data Visualization,"AI, Data & Intelligent Interfaces",2002,6,0.333,0.0,0.667,1.5
78,Data Visualization,"AI, Data & Intelligent Interfaces",2003,4,0.25,0.0,0.75,3.0
78,Data Visualization,"AI, Data & Intelligent Interfaces",2004,23,0.522,0.043,0.435,11.58
78,Data Visualization,"AI, Data & Intelligent Interfaces",2006,6,0.5,0.0,0.5,10.0
78,Data Visualization,"AI, Data & Intelligent Interfaces",2007,11,0.273,0.091,0.636,6.0
78,Data Visualization,"AI, Data & Intelligent Interfaces",2008,25,0.32,0.12,0.56,6.62
78,Data Visualization,"AI, Data & Intelligent Interfaces",2009,26,0.423,0.077,0.5,11.73
78,Data Visualization,"AI, Data & Intelligent Interfaces",2010,8,0.25,0.25,0.5,3.5
78,Data Visualization,"AI, Data & Intelligent Interfaces",2011,23,0.478,0.087,0.435,7.0
78,Data Visualization,"AI, Data & Intelligent Interfaces",2012,24,0.542,0.125,0.333,6.31
78,Data Visualization,"AI, Data & Intelligent Interfaces",2013,28,0.536,0.143,0.321,8.47
78,Data Visualization,"AI, Data & Intelligent Interfaces",2014,41,0.537,0.268,0.195,3.32
78,Data Visualization,"AI, Data & Intelligent Interfaces",2015,77,0.506,0.143,0.351,7.36
78,Data Visualization,"AI, Data & Intelligent Interfaces",2016,64,0.516,0.141,0.344,7.06
78,Data Visualization,"AI, Data & Intelligent Interfaces",2017,119,0.563,0.16,0.277,6.87
78,Data Visualization,"AI, Data & Intelligent Interfaces",2018,154,0.442,0.208,0.351,4.72
78,Data Visualization,"AI, Data & Intelligent Interfaces",2019,230,0.57,0.161,0.27,4.92
78,Data Visualization,"AI, Data & Intelligent Interfaces",2020,273,0.586,0.139,0.275,7.08
78,Data Visualization,"AI, Data & Intelligent Interfaces",2021,294,0.585,0.19,0.224,5.18
78,Data Visualization,"AI, Data & Intelligent Interfaces",2022,198,0.742,0.116,0.141,4.56
78,Data Visualization,"AI, Data & Intelligent Interfaces",2023,490,0.553,0.135,0.312,5.45
78,Data Visualization,"AI, Data & Intelligent Interfaces",2024,331,0.607,0.211,0.181,5.98
78,Data Visualization,"AI, Data & Intelligent Interfaces",2025,488,0.549,0.215,0.236,5.76
78,Data Visualization,"AI, Data & Intelligent Interfaces",2026,377,0.613,0.265,0.122,6.77
79,Video Interfaces & Editing,"AI, Data & Intelligent Interfaces",1986,7,0.857,0.0,0.143,0.67
79,Video Interfaces & Editing,"AI, Data & Intelligent Interfaces",1988,7,0.714,0.0,0.286,2.0
79,Video Interfaces & Editing,"AI, Data & Intelligent Interfaces",1989,3,0.667,0.0,0.333,2.0
79,Video Interfaces & Editing,"AI, Data & Intelligent Interfaces",1990,16,0.438,0.0,0.562,1.57
79,Video Interfaces & Editing,"AI, Data & Intelligent Interfaces",1991,20,0.75,0.0,0.25,1.27
79,Video Interfaces & Editing,"AI, Data & Intelligent Interfaces",1992,14,0.643,0.0,0.357,2.33
79,Video Interfaces & Editing,"AI, Data & Intelligent Interfaces",1993,9,0.444,0.111,0.444,2.75
79,Video Interfaces & Editing,"AI, Data & Intelligent Interfaces",1994,11,0.636,0.091,0.273,4.0
79,Video Interfaces & Editing,"AI, Data & Intelligent Interfaces",1995,17,0.824,0.0,0.176,3.57
79,Video Interfaces & Editing,"AI, Data & Intelligent Interfaces",1996,13,0.615,0.077,0.308,5.62
79,Video Interfaces & Editing,"AI, Data & Intelligent Interfaces",1997,9,1.0,0.0,0.0,6.78
79,Video Interfaces & Editing,"AI, Data & Intelligent Interfaces",1998,7,0.714,0.286,0.0,4.0
79,Video Interfaces & Editing,"AI, Data & Intelligent Interfaces",1999,3,1.0,0.0,0.0,1.67
79,Video Interfaces & Editing,"AI, Data & Intelligent Interfaces",2000,11,0.545,0.182,0.273,3.17
79,Video Interfaces & Editing,"AI, Data & Intelligent Interfaces",2001,9,0.778,0.111,0.111,5.86
79,Video Interfaces & Editing,"AI, Data & Intelligent Interfaces",2002,11,0.909,0.091,0.0,4.9
79,Video Interfaces & Editing,"AI, Data & Intelligent Interfaces",2003,5,0.4,0.0,0.6,1.5
79,Video Interfaces & Editing,"AI, Data & Intelligent Interfaces",2004,28,0.393,0.0,0.607,4.09
79,Video Interfaces & Editing,"AI, Data & Intelligent Interfaces",2005,22,0.545,0.045,0.409,9.25
79,Video Interfaces & Editing,"AI, Data & Intelligent Interfaces",2006,37,0.405,0.054,0.541,8.13
79,Video Interfaces & Editing,"AI, Data & Intelligent Interfaces",2007,36,0.667,0.083,0.25,11.67
79,Video Interfaces & Editing,"AI, Data & Intelligent Interfaces",2008,56,0.339,0.125,0.536,8.16
79,Video Interfaces & Editing,"AI, Data & Intelligent Interfaces",2009,78,0.397,0.141,0.462,7.94
79,Video Interfaces & Editing,"AI, Data & Intelligent Interfaces",2010,75,0.453,0.253,0.293,6.38
79,Video Interfaces & Editing,"AI, Data & Intelligent Interfaces",2011,130,0.577,0.115,0.308,6.57
79,Video Interfaces & Editing,"AI, Data & Intelligent Interfaces",2012,179,0.603,0.196,0.201,5.73
79,Video Interfaces & Editing,"AI, Data & Intelligent Interfaces",2013,122,0.582,0.139,0.279,5.85
79,Video Interfaces & Editing,"AI, Data & Intelligent Interfaces",2014,216,0.639,0.176,0.185,4.62
79,Video Interfaces & Editing,"AI, Data & Intelligent Interfaces",2015,123,0.724,0.122,0.154,4.53
79,Video Interfaces & Editing,"AI, Data & Intelligent Interfaces",2016,150,0.6,0.253,0.147,5.27
79,Video Interfaces & Editing,"AI, Data & Intelligent Interfaces",2017,126,0.635,0.119,0.246,6.1
79,Video Interfaces & Editing,"AI, Data & Intelligent Interfaces",2018,159,0.547,0.151,0.302,7.41
79,Video Interfaces & Editing,"AI, Data & Intelligent Interfaces",2019,165,0.673,0.073,0.255,8.18
79,Video Interfaces & Editing,"AI, Data & Intelligent Interfaces",2020,229,0.52,0.14,0.341,8.37
79,Video Interfaces & Editing,"AI, Data & Intelligent Interfaces",2021,171,0.667,0.064,0.269,7.95
79,Video Interfaces & Editing,"AI, Data & Intelligent Interfaces",2022,187,0.604,0.102,0.294,7.81
79,Video Interfaces & Editing,"AI, Data & Intelligent Interfaces",2023,218,0.537,0.087,0.376,8.32
79,Video Interfaces & Editing,"AI, Data & Intelligent Interfaces",2024,368,0.546,0.228,0.226,8.78
79,Video Interfaces & Editing,"AI, Data & Intelligent Interfaces",2025,369,0.507,0.325,0.168,8.56
79,Video Interfaces & Editing,"AI, Data & Intelligent Interfaces",2026,372,0.417,0.304,0.28,8.92
80,GUI Datasets & Automation,"AI, Data & Intelligent Interfaces",1989,1,0.0,1.0,0.0,
80,GUI Datasets & Automation,"AI, Data & Intelligent Interfaces",1992,10,0.1,0.1,0.8,1.0
80,GUI Datasets & Automation,"AI, Data & Intelligent Interfaces",1993,2,1.0,0.0,0.0,2.5
80,GUI Datasets & Automation,"AI, Data & Intelligent Interfaces",1995,12,0.333,0.083,0.583,5.0
80,GUI Datasets & Automation,"AI, Data & Intelligent Interfaces",1996,2,0.5,0.5,0.0,4.0
80,GUI Datasets & Automation,"AI, Data & Intelligent Interfaces",1997,10,0.2,0.0,0.8,1.0
80,GUI Datasets & Automation,"AI, Data & Intelligent Interfaces",1998,15,0.533,0.0,0.467,1.5
80,GUI Datasets & Automation,"AI, Data & Intelligent Interfaces",1999,10,0.4,0.1,0.5,1.5
80,GUI Datasets & Automation,"AI, Data & Intelligent Interfaces",2000,11,0.182,0.0,0.818,2.0
80,GUI Datasets & Automation,"AI, Data & Intelligent Interfaces",2001,2,1.0,0.0,0.0,2.0
80,GUI Datasets & Automation,"AI, Data & Intelligent Interfaces",2002,23,0.435,0.087,0.478,5.0
80,GUI Datasets & Automation,"AI, Data & Intelligent Interfaces",2003,23,0.348,0.043,0.609,5.62
80,GUI Datasets & Automation,"AI, Data & Intelligent Interfaces",2004,32,0.25,0.219,0.531,3.62
80,GUI Datasets & Automation,"AI, Data & Intelligent Interfaces",2005,40,0.3,0.15,0.55,6.5
80,GUI Datasets & Automation,"AI, Data & Intelligent Interfaces",2006,63,0.476,0.175,0.349,4.23
80,GUI Datasets & Automation,"AI, Data & Intelligent Interfaces",2007,75,0.573,0.107,0.32,3.35
80,GUI Datasets & Automation,"AI, Data & Intelligent Interfaces",2008,91,0.681,0.077,0.242,2.6
80,GUI Datasets & Automation,"AI, Data & Intelligent Interfaces",2009,88,0.625,0.205,0.17,3.4
80,GUI Datasets & Automation,"AI, Data & Intelligent Interfaces",2010,93,0.495,0.161,0.344,4.76
80,GUI Datasets & Automation,"AI, Data & Intelligent Interfaces",2011,113,0.566,0.159,0.274,4.41
80,GUI Datasets & Automation,"AI, Data & Intelligent Interfaces",2012,92,0.489,0.13,0.38,5.38
80,GUI Datasets & Automation,"AI, Data & Intelligent Interfaces",2013,41,0.61,0.146,0.244,6.0
80,GUI Datasets & Automation,"AI, Data & Intelligent Interfaces",2014,119,0.63,0.118,0.252,6.44
80,GUI Datasets & Automation,"AI, Data & Intelligent Interfaces",2015,45,0.6,0.111,0.289,5.48
80,GUI Datasets & Automation,"AI, Data & Intelligent Interfaces",2016,59,0.492,0.119,0.39,4.52
80,GUI Datasets & Automation,"AI, Data & Intelligent Interfaces",2017,119,0.462,0.244,0.294,6.91
80,GUI Datasets & Automation,"AI, Data & Intelligent Interfaces",2018,133,0.632,0.195,0.173,7.27
80,GUI Datasets & Automation,"AI, Data & Intelligent Interfaces",2019,149,0.584,0.121,0.295,8.66
80,GUI Datasets & Automation,"AI, Data & Intelligent Interfaces",2020,255,0.482,0.173,0.345,6.93
80,GUI Datasets & Automation,"AI, Data & Intelligent Interfaces",2021,345,0.6,0.139,0.261,7.54
80,GUI Datasets & Automation,"AI, Data & Intelligent Interfaces",2022,199,0.533,0.302,0.166,5.79
80,GUI Datasets & Automation,"AI, Data & Intelligent Interfaces",2023,258,0.57,0.174,0.256,6.1
80,GUI Datasets & Automation,"AI, Data & Intelligent Interfaces",2024,358,0.556,0.168,0.277,6.14
80,GUI Datasets & Automation,"AI, Data & Intelligent Interfaces",2025,376,0.628,0.205,0.168,6.87
80,GUI Datasets & Automation,"AI, Data & Intelligent Interfaces",2026,143,0.476,0.273,0.252,4.91
81,Programming & Notebooks,"AI, Data & Intelligent Interfaces",1983,1,1.0,0.0,0.0,1.0
81,Programming & Notebooks,"AI, Data & Intelligent Interfaces",1986,3,1.0,0.0,0.0,2.33
81,Programming & Notebooks,"AI, Data & Intelligent Interfaces",1994,4,0.0,0.0,1.0,
81,Programming & Notebooks,"AI, Data & Intelligent Interfaces",1998,2,0.5,0.0,0.5,4.0
81,Programming & Notebooks,"AI, Data & Intelligent Interfaces",1999,1,0.0,0.0,1.0,
81,Programming & Notebooks,"AI, Data & Intelligent Interfaces",2000,3,0.667,0.0,0.333,5.0
81,Programming & Notebooks,"AI, Data & Intelligent Interfaces",2001,10,0.5,0.1,0.4,9.8
81,Programming & Notebooks,"AI, Data & Intelligent Interfaces",2002,3,0.667,0.333,0.0,2.5
81,Programming & Notebooks,"AI, Data & Intelligent Interfaces",2003,5,0.6,0.2,0.2,2.67
81,Programming & Notebooks,"AI, Data & Intelligent Interfaces",2004,10,0.7,0.1,0.2,2.0
81,Programming & Notebooks,"AI, Data & Intelligent Interfaces",2005,6,0.5,0.0,0.5,4.67
81,Programming & Notebooks,"AI, Data & Intelligent Interfaces",2006,12,0.583,0.167,0.25,5.0
81,Programming & Notebooks,"AI, Data & Intelligent Interfaces",2007,3,0.333,0.0,0.667,8.0
81,Programming & Notebooks,"AI, Data & Intelligent Interfaces",2008,14,0.5,0.143,0.357,3.14
81,Programming & Notebooks,"AI, Data & Intelligent Interfaces",2009,8,0.5,0.125,0.375,5.25
81,Programming & Notebooks,"AI, Data & Intelligent Interfaces",2010,22,0.273,0.227,0.5,5.67
81,Programming & Notebooks,"AI, Data & Intelligent Interfaces",2011,28,0.143,0.5,0.357,2.25
81,Programming & Notebooks,"AI, Data & Intelligent Interfaces",2012,18,0.222,0.222,0.556,1.5
81,Programming & Notebooks,"AI, Data & Intelligent Interfaces",2013,20,0.55,0.25,0.2,4.91
81,Programming & Notebooks,"AI, Data & Intelligent Interfaces",2014,22,0.364,0.364,0.273,5.88
81,Programming & Notebooks,"AI, Data & Intelligent Interfaces",2015,43,0.395,0.442,0.163,7.41
81,Programming & Notebooks,"AI, Data & Intelligent Interfaces",2016,37,0.541,0.324,0.135,5.4
81,Programming & Notebooks,"AI, Data & Intelligent Interfaces",2017,82,0.195,0.207,0.598,6.31
81,Programming & Notebooks,"AI, Data & Intelligent Interfaces",2018,141,0.34,0.362,0.298,3.73
81,Programming & Notebooks,"AI, Data & Intelligent Interfaces",2019,215,0.4,0.293,0.307,4.26
81,Programming & Notebooks,"AI, Data & Intelligent Interfaces",2020,257,0.541,0.292,0.167,3.5
81,Programming & Notebooks,"AI, Data & Intelligent Interfaces",2021,466,0.489,0.318,0.193,4.33
81,Programming & Notebooks,"AI, Data & Intelligent Interfaces",2022,500,0.448,0.246,0.306,3.53
81,Programming & Notebooks,"AI, Data & Intelligent Interfaces",2023,571,0.485,0.296,0.219,4.29
81,Programming & Notebooks,"AI, Data & Intelligent Interfaces",2024,523,0.539,0.289,0.172,4.97
81,Programming & Notebooks,"AI, Data & Intelligent Interfaces",2025,464,0.498,0.256,0.246,5.34
81,Programming & Notebooks,"AI, Data & Intelligent Interfaces",2026,377,0.459,0.355,0.186,6.54
82,Meetings & Multilingual Communication,"AI, Data & Intelligent Interfaces",1990,1,0.0,0.0,1.0,
82,Meetings & Multilingual Communication,"AI, Data & Intelligent Interfaces",1992,1,1.0,0.0,0.0,2.0
82,Meetings & Multilingual Communication,"AI, Data & Intelligent Interfaces",1995,1,1.0,0.0,0.0,5.0
82,Meetings & Multilingual Communication,"AI, Data & Intelligent Interfaces",1997,1,1.0,0.0,0.0,7.0
82,Meetings & Multilingual Communication,"AI, Data & Intelligent Interfaces",1999,2,0.0,0.0,1.0,
82,Meetings & Multilingual Communication,"AI, Data & Intelligent Interfaces",2002,1,1.0,0.0,0.0,1.0
82,Meetings & Multilingual Communication,"AI, Data & Intelligent Interfaces",2004,15,0.2,0.067,0.733,3.33
82,Meetings & Multilingual Communication,"AI, Data & Intelligent Interfaces",2005,7,0.429,0.286,0.286,2.67
82,Meetings & Multilingual Communication,"AI, Data & Intelligent Interfaces",2006,22,0.227,0.136,0.636,4.4
82,Meetings & Multilingual Communication,"AI, Data & Intelligent Interfaces",2007,1,0.0,0.0,1.0,
82,Meetings & Multilingual Communication,"AI, Data & Intelligent Interfaces",2008,23,0.435,0.217,0.348,3.6
82,Meetings & Multilingual Communication,"AI, Data & Intelligent Interfaces",2009,23,0.652,0.217,0.13,4.2
82,Meetings & Multilingual Communication,"AI, Data & Intelligent Interfaces",2010,28,0.571,0.107,0.321,3.12
82,Meetings & Multilingual Communication,"AI, Data & Intelligent Interfaces",2011,26,0.5,0.077,0.423,4.77
82,Meetings & Multilingual Communication,"AI, Data & Intelligent Interfaces",2012,71,0.352,0.239,0.408,4.16
82,Meetings & Multilingual Communication,"AI, Data & Intelligent Interfaces",2013,71,0.535,0.141,0.324,5.92
82,Meetings & Multilingual Communication,"AI, Data & Intelligent Interfaces",2014,73,0.685,0.055,0.26,4.42
82,Meetings & Multilingual Communication,"AI, Data & Intelligent Interfaces",2015,101,0.446,0.198,0.356,4.36
82,Meetings & Multilingual Communication,"AI, Data & Intelligent Interfaces",2016,28,0.75,0.179,0.071,2.76
82,Meetings & Multilingual Communication,"AI, Data & Intelligent Interfaces",2017,150,0.487,0.087,0.427,4.82
82,Meetings & Multilingual Communication,"AI, Data & Intelligent Interfaces",2018,146,0.349,0.144,0.507,6.04
82,Meetings & Multilingual Communication,"AI, Data & Intelligent Interfaces",2019,90,0.467,0.156,0.378,5.83
82,Meetings & Multilingual Communication,"AI, Data & Intelligent Interfaces",2020,123,0.309,0.171,0.52,5.71
82,Meetings & Multilingual Communication,"AI, Data & Intelligent Interfaces",2021,152,0.447,0.151,0.401,6.68
82,Meetings & Multilingual Communication,"AI, Data & Intelligent Interfaces",2022,168,0.524,0.119,0.357,6.9
82,Meetings & Multilingual Communication,"AI, Data & Intelligent Interfaces",2023,221,0.321,0.24,0.439,5.9
82,Meetings & Multilingual Communication,"AI, Data & Intelligent Interfaces",2024,140,0.314,0.193,0.493,7.41
82,Meetings & Multilingual Communication,"AI, Data & Intelligent Interfaces",2025,536,0.336,0.222,0.442,6.65
82,Meetings & Multilingual Communication,"AI, Data & Intelligent Interfaces",2026,299,0.288,0.308,0.405,6.64
83,Interactive Machine Learning,"AI, Data & Intelligent Interfaces",2001,2,1.0,0.0,0.0,4.0
83,Interactive Machine Learning,"AI, Data & Intelligent Interfaces",2003,5,0.0,0.0,1.0,
83,Interactive Machine Learning,"AI, Data & Intelligent Interfaces",2005,3,0.333,0.0,0.667,8.0
83,Interactive Machine Learning,"AI, Data & Intelligent Interfaces",2006,4,0.25,0.25,0.5,1.0
83,Interactive Machine Learning,"AI, Data & Intelligent Interfaces",2007,21,0.19,0.333,0.476,2.25
83,Interactive Machine Learning,"AI, Data & Intelligent Interfaces",2008,30,0.267,0.433,0.3,3.62
83,Interactive Machine Learning,"AI, Data & Intelligent Interfaces",2009,29,0.379,0.276,0.345,3.27
83,Interactive Machine Learning,"AI, Data & Intelligent Interfaces",2010,32,0.406,0.125,0.469,3.77
83,Interactive Machine Learning,"AI, Data & Intelligent Interfaces",2011,19,0.632,0.158,0.211,3.25
83,Interactive Machine Learning,"AI, Data & Intelligent Interfaces",2012,19,0.421,0.211,0.368,3.88
83,Interactive Machine Learning,"AI, Data & Intelligent Interfaces",2013,19,0.368,0.368,0.263,4.0
83,Interactive Machine Learning,"AI, Data & Intelligent Interfaces",2014,14,0.5,0.143,0.357,5.86
83,Interactive Machine Learning,"AI, Data & Intelligent Interfaces",2015,15,0.667,0.067,0.267,6.2
83,Interactive Machine Learning,"AI, Data & Intelligent Interfaces",2016,27,0.444,0.296,0.259,6.67
83,Interactive Machine Learning,"AI, Data & Intelligent Interfaces",2017,27,0.63,0.148,0.222,8.12
83,Interactive Machine Learning,"AI, Data & Intelligent Interfaces",2018,50,0.38,0.34,0.28,5.11
83,Interactive Machine Learning,"AI, Data & Intelligent Interfaces",2019,41,0.537,0.268,0.195,7.73
83,Interactive Machine Learning,"AI, Data & Intelligent Interfaces",2020,70,0.529,0.329,0.143,8.95
83,Interactive Machine Learning,"AI, Data & Intelligent Interfaces",2021,223,0.368,0.43,0.202,8.34
83,Interactive Machine Learning,"AI, Data & Intelligent Interfaces",2022,145,0.393,0.283,0.324,6.54
83,Interactive Machine Learning,"AI, Data & Intelligent Interfaces",2023,129,0.333,0.411,0.256,5.42
83,Interactive Machine Learning,"AI, Data & Intelligent Interfaces",2024,183,0.377,0.388,0.235,5.19
83,Interactive Machine Learning,"AI, Data & Intelligent Interfaces",2025,105,0.476,0.229,0.295,6.54
83,Interactive Machine Learning,"AI, Data & Intelligent Interfaces",2026,90,0.344,0.233,0.422,5.94
84,AI-generated Personas,"AI, Data & Intelligent Interfaces",2000,5,0.2,0.2,0.6,2.0
84,AI-generated Personas,"AI, Data & Intelligent Interfaces",2001,7,0.429,0.429,0.143,2.33
84,AI-generated Personas,"AI, Data & Intelligent Interfaces",2005,6,0.5,0.167,0.333,4.67
84,AI-generated Personas,"AI, Data & Intelligent Interfaces",2006,1,0.0,0.0,1.0,
84,AI-generated Personas,"AI, Data & Intelligent Interfaces",2008,2,0.0,1.0,0.0,
84,AI-generated Personas,"AI, Data & Intelligent Interfaces",2011,3,0.0,0.0,1.0,
84,AI-generated Personas,"AI, Data & Intelligent Interfaces",2012,11,0.818,0.0,0.182,2.22
84,AI-generated Personas,"AI, Data & Intelligent Interfaces",2013,4,0.75,0.0,0.25,1.33
84,AI-generated Personas,"AI, Data & Intelligent Interfaces",2014,4,1.0,0.0,0.0,4.75
84,AI-generated Personas,"AI, Data & Intelligent Interfaces",2015,10,0.7,0.0,0.3,2.86
84,AI-generated Personas,"AI, Data & Intelligent Interfaces",2016,9,0.667,0.0,0.333,4.67
84,AI-generated Personas,"AI, Data & Intelligent Interfaces",2017,17,0.471,0.118,0.412,5.0
84,AI-generated Personas,"AI, Data & Intelligent Interfaces",2018,10,0.8,0.1,0.1,5.5
84,AI-generated Personas,"AI, Data & Intelligent Interfaces",2019,28,0.607,0.071,0.321,6.47
84,AI-generated Personas,"AI, Data & Intelligent Interfaces",2020,35,0.743,0.086,0.171,6.46
84,AI-generated Personas,"AI, Data & Intelligent Interfaces",2021,29,0.724,0.0,0.276,5.48
84,AI-generated Personas,"AI, Data & Intelligent Interfaces",2022,59,0.559,0.034,0.407,6.0
84,AI-generated Personas,"AI, Data & Intelligent Interfaces",2023,11,0.636,0.0,0.364,5.57
84,AI-generated Personas,"AI, Data & Intelligent Interfaces",2024,38,0.632,0.289,0.079,6.75
84,AI-generated Personas,"AI, Data & Intelligent Interfaces",2025,129,0.465,0.194,0.341,5.53
84,AI-generated Personas,"AI, Data & Intelligent Interfaces",2026,86,0.419,0.221,0.36,4.0
85,Awareness & Workplace Chat,Mobile Life & Sensing,1986,1,0.0,0.0,1.0,
85,Awareness & Workplace Chat,Mobile Life & Sensing,1988,16,0.562,0.062,0.375,1.78
85,Awareness & Workplace Chat,Mobile Life & Sensing,1990,22,0.5,0.045,0.455,2.18
85,Awareness & Workplace Chat,Mobile Life & Sensing,1991,9,0.444,0.111,0.444,3.5
85,Awareness & Workplace Chat,Mobile Life & Sensing,1992,31,0.806,0.032,0.161,2.68
85,Awareness & Workplace Chat,Mobile Life & Sensing,1993,1,1.0,0.0,0.0,3.0
85,Awareness & Workplace Chat,Mobile Life & Sensing,1994,48,0.562,0.042,0.396,3.81
85,Awareness & Workplace Chat,Mobile Life & Sensing,1995,57,0.544,0.035,0.421,3.48
85,Awareness & Workplace Chat,Mobile Life & Sensing,1996,97,0.577,0.041,0.381,3.91
85,Awareness & Workplace Chat,Mobile Life & Sensing,1997,87,0.517,0.046,0.437,4.0
85,Awareness & Workplace Chat,Mobile Life & Sensing,1998,56,0.625,0.018,0.357,4.49
85,Awareness & Workplace Chat,Mobile Life & Sensing,1999,24,0.542,0.083,0.375,4.08
85,Awareness & Workplace Chat,Mobile Life & Sensing,2000,139,0.669,0.043,0.288,5.14
85,Awareness & Workplace Chat,Mobile Life & Sensing,2001,49,0.653,0.02,0.327,5.56
85,Awareness & Workplace Chat,Mobile Life & Sensing,2002,211,0.597,0.104,0.299,5.03
85,Awareness & Workplace Chat,Mobile Life & Sensing,2003,84,0.56,0.107,0.333,5.94
85,Awareness & Workplace Chat,Mobile Life & Sensing,2004,181,0.591,0.149,0.26,5.55
85,Awareness & Workplace Chat,Mobile Life & Sensing,2005,34,0.912,0.029,0.059,5.9
85,Awareness & Workplace Chat,Mobile Life & Sensing,2006,143,0.566,0.112,0.322,7.17
85,Awareness & Workplace Chat,Mobile Life & Sensing,2007,62,0.661,0.177,0.161,8.0
85,Awareness & Workplace Chat,Mobile Life & Sensing,2008,117,0.632,0.068,0.299,8.23
85,Awareness & Workplace Chat,Mobile Life & Sensing,2009,49,0.673,0.082,0.245,11.12
85,Awareness & Workplace Chat,Mobile Life & Sensing,2010,17,0.529,0.0,0.471,9.22
85,Awareness & Workplace Chat,Mobile Life & Sensing,2011,57,0.667,0.193,0.14,11.26
85,Awareness & Workplace Chat,Mobile Life & Sensing,2012,44,0.773,0.091,0.136,11.26
85,Awareness & Workplace Chat,Mobile Life & Sensing,2013,7,0.571,0.143,0.286,11.75
85,Awareness & Workplace Chat,Mobile Life & Sensing,2014,39,0.538,0.103,0.359,12.52
85,Awareness & Workplace Chat,Mobile Life & Sensing,2015,30,0.467,0.167,0.367,13.14
85,Awareness & Workplace Chat,Mobile Life & Sensing,2016,31,0.387,0.0,0.613,13.42
85,Awareness & Workplace Chat,Mobile Life & Sensing,2017,13,0.462,0.0,0.538,12.17
85,Awareness & Workplace Chat,Mobile Life & Sensing,2018,47,0.234,0.128,0.638,19.27
85,Awareness & Workplace Chat,Mobile Life & Sensing,2019,57,0.386,0.07,0.544,13.59
85,Awareness & Workplace Chat,Mobile Life & Sensing,2020,2,0.5,0.0,0.5,32.0
85,Awareness & Workplace Chat,Mobile Life & Sensing,2021,15,0.2,0.133,0.667,15.33
85,Awareness & Workplace Chat,Mobile Life & Sensing,2023,91,0.418,0.099,0.484,22.29
85,Awareness & Workplace Chat,Mobile Life & Sensing,2024,12,0.25,0.083,0.667,20.33
85,Awareness & Workplace Chat,Mobile Life & Sensing,2025,12,0.417,0.25,0.333,13.0
85,Awareness & Workplace Chat,Mobile Life & Sensing,2026,32,0.188,0.031,0.781,21.33
86,Urban Mobility Prediction,Mobile Life & Sensing,2005,4,0.0,0.0,1.0,
86,Urban Mobility Prediction,Mobile Life & Sensing,2006,9,0.111,0.556,0.333,1.0
86,Urban Mobility Prediction,Mobile Life & Sensing,2007,3,0.0,0.333,0.667,
86,Urban Mobility Prediction,Mobile Life & Sensing,2008,12,0.417,0.417,0.167,3.2
86,Urban Mobility Prediction,Mobile Life & Sensing,2009,4,0.75,0.25,0.0,3.33
86,Urban Mobility Prediction,Mobile Life & Sensing,2010,8,0.25,0.375,0.375,5.5
86,Urban Mobility Prediction,Mobile Life & Sensing,2011,33,0.636,0.03,0.333,4.0
86,Urban Mobility Prediction,Mobile Life & Sensing,2012,36,0.583,0.139,0.278,4.14
86,Urban Mobility Prediction,Mobile Life & Sensing,2013,40,0.625,0.125,0.25,2.6
86,Urban Mobility Prediction,Mobile Life & Sensing,2014,94,0.511,0.245,0.245,2.85
86,Urban Mobility Prediction,Mobile Life & Sensing,2015,94,0.436,0.33,0.234,2.17
86,Urban Mobility Prediction,Mobile Life & Sensing,2016,140,0.65,0.157,0.193,2.85
86,Urban Mobility Prediction,Mobile Life & Sensing,2017,31,0.645,0.129,0.226,2.5
86,Urban Mobility Prediction,Mobile Life & Sensing,2018,180,0.756,0.089,0.156,4.47
86,Urban Mobility Prediction,Mobile Life & Sensing,2019,131,0.824,0.069,0.107,3.03
86,Urban Mobility Prediction,Mobile Life & Sensing,2020,146,0.76,0.048,0.192,2.95
86,Urban Mobility Prediction,Mobile Life & Sensing,2021,108,0.667,0.157,0.176,3.56
86,Urban Mobility Prediction,Mobile Life & Sensing,2022,8,1.0,0.0,0.0,4.12
86,Urban Mobility Prediction,Mobile Life & Sensing,2023,7,0.857,0.0,0.143,2.67
86,Urban Mobility Prediction,Mobile Life & Sensing,2024,38,0.526,0.026,0.447,6.55
86,Urban Mobility Prediction,Mobile Life & Sensing,2025,15,0.533,0.0,0.467,2.75
86,Urban Mobility Prediction,Mobile Life & Sensing,2026,20,0.4,0.35,0.25,8.0
87,Physiological & Brain Sensing,Mobile Life & Sensing,1996,1,0.0,0.0,1.0,
87,Physiological & Brain Sensing,Mobile Life & Sensing,2001,1,1.0,0.0,0.0,9.0
87,Physiological & Brain Sensing,Mobile Life & Sensing,2003,1,0.0,0.0,1.0,
87,Physiological & Brain Sensing,Mobile Life & Sensing,2004,5,0.0,0.4,0.6,
87,Physiological & Brain Sensing,Mobile Life & Sensing,2006,3,0.667,0.333,0.0,6.5
87,Physiological & Brain Sensing,Mobile Life & Sensing,2007,5,0.6,0.0,0.4,2.67
87,Physiological & Brain Sensing,Mobile Life & Sensing,2008,5,1.0,0.0,0.0,4.4
87,Physiological & Brain Sensing,Mobile Life & Sensing,2009,18,0.5,0.0,0.5,2.11
87,Physiological & Brain Sensing,Mobile Life & Sensing,2010,9,0.333,0.333,0.333,1.67
87,Physiological & Brain Sensing,Mobile Life & Sensing,2011,38,0.474,0.158,0.368,3.17
87,Physiological & Brain Sensing,Mobile Life & Sensing,2012,27,0.63,0.037,0.333,3.0
87,Physiological & Brain Sensing,Mobile Life & Sensing,2013,33,0.364,0.182,0.455,2.42
87,Physiological & Brain Sensing,Mobile Life & Sensing,2014,42,0.69,0.0,0.31,3.21
87,Physiological & Brain Sensing,Mobile Life & Sensing,2015,61,0.639,0.049,0.311,3.54
87,Physiological & Brain Sensing,Mobile Life & Sensing,2016,64,0.516,0.125,0.359,3.27
87,Physiological & Brain Sensing,Mobile Life & Sensing,2017,71,0.535,0.127,0.338,5.53
87,Physiological & Brain Sensing,Mobile Life & Sensing,2018,67,0.552,0.284,0.164,3.62
87,Physiological & Brain Sensing,Mobile Life & Sensing,2019,93,0.484,0.183,0.333,4.51
87,Physiological & Brain Sensing,Mobile Life & Sensing,2020,179,0.48,0.168,0.352,4.6
87,Physiological & Brain Sensing,Mobile Life & Sensing,2021,72,0.389,0.111,0.5,4.79
87,Physiological & Brain Sensing,Mobile Life & Sensing,2022,175,0.577,0.069,0.354,6.81
87,Physiological & Brain Sensing,Mobile Life & Sensing,2023,78,0.5,0.103,0.397,6.28
87,Physiological & Brain Sensing,Mobile Life & Sensing,2024,63,0.54,0.095,0.365,4.53
87,Physiological & Brain Sensing,Mobile Life & Sensing,2025,70,0.514,0.071,0.414,4.92
87,Physiological & Brain Sensing,Mobile Life & Sensing,2026,35,0.429,0.0,0.571,8.67
88,Email & Web Revisitation,Mobile Life & Sensing,1986,4,0.75,0.0,0.25,1.0
88,Email & Web Revisitation,Mobile Life & Sensing,1988,5,0.6,0.0,0.4,3.0
88,Email & Web Revisitation,Mobile Life & Sensing,1992,1,0.0,0.0,1.0,
88,Email & Web Revisitation,Mobile Life & Sensing,1996,5,0.0,0.0,1.0,
88,Email & Web Revisitation,Mobile Life & Sensing,1997,12,0.583,0.0,0.417,7.0
88,Email & Web Revisitation,Mobile Life & Sensing,1998,6,0.667,0.0,0.333,2.75
88,Email & Web Revisitation,Mobile Life & Sensing,1999,21,0.095,0.0,0.905,7.5
88,Email & Web Revisitation,Mobile Life & Sensing,2000,20,0.55,0.0,0.45,7.09
88,Email & Web Revisitation,Mobile Life & Sensing,2001,26,0.308,0.077,0.615,4.38
88,Email & Web Revisitation,Mobile Life & Sensing,2002,26,0.654,0.0,0.346,6.29
88,Email & Web Revisitation,Mobile Life & Sensing,2003,24,0.458,0.333,0.208,6.64
88,Email & Web Revisitation,Mobile Life & Sensing,2004,49,0.469,0.224,0.306,5.13
88,Email & Web Revisitation,Mobile Life & Sensing,2005,25,0.68,0.16,0.16,5.65
88,Email & Web Revisitation,Mobile Life & Sensing,2006,85,0.659,0.165,0.176,7.09
88,Email & Web Revisitation,Mobile Life & Sensing,2007,64,0.734,0.078,0.188,5.45
88,Email & Web Revisitation,Mobile Life & Sensing,2008,70,0.757,0.114,0.129,5.74
88,Email & Web Revisitation,Mobile Life & Sensing,2009,118,0.669,0.085,0.246,5.8
88,Email & Web Revisitation,Mobile Life & Sensing,2010,111,0.631,0.225,0.144,5.01
88,Email & Web Revisitation,Mobile Life & Sensing,2011,105,0.686,0.076,0.238,5.64
88,Email & Web Revisitation,Mobile Life & Sensing,2012,52,0.654,0.115,0.231,6.76
88,Email & Web Revisitation,Mobile Life & Sensing,2013,34,0.676,0.147,0.176,7.22
88,Email & Web Revisitation,Mobile Life & Sensing,2014,67,0.776,0.045,0.179,10.46
88,Email & Web Revisitation,Mobile Life & Sensing,2015,70,0.686,0.129,0.186,9.83
88,Email & Web Revisitation,Mobile Life & Sensing,2016,72,0.542,0.083,0.375,10.1
88,Email & Web Revisitation,Mobile Life & Sensing,2017,55,0.4,0.164,0.436,11.59
88,Email & Web Revisitation,Mobile Life & Sensing,2018,42,0.619,0.024,0.357,9.27
88,Email & Web Revisitation,Mobile Life & Sensing,2019,33,0.576,0.091,0.333,12.84
88,Email & Web Revisitation,Mobile Life & Sensing,2020,34,0.382,0.324,0.294,11.69
88,Email & Web Revisitation,Mobile Life & Sensing,2021,62,0.371,0.242,0.387,11.87
88,Email & Web Revisitation,Mobile Life & Sensing,2022,41,0.537,0.122,0.341,12.77
88,Email & Web Revisitation,Mobile Life & Sensing,2023,18,0.444,0.111,0.444,19.88
88,Email & Web Revisitation,Mobile Life & Sensing,2024,46,0.413,0.217,0.37,17.63
88,Email & Web Revisitation,Mobile Life & Sensing,2025,8,0.25,0.0,0.75,6.5
88,Email & Web Revisitation,Mobile Life & Sensing,2026,29,0.586,0.034,0.379,19.24
89,Interruptions & Multitasking,Mobile Life & Sensing,1986,4,0.5,0.0,0.5,0.0
89,Interruptions & Multitasking,Mobile Life & Sensing,1990,2,0.0,0.5,0.5,
89,Interruptions & Multitasking,Mobile Life & Sensing,1993,1,0.0,0.0,1.0,
89,Interruptions & Multitasking,Mobile Life & Sensing,1999,4,0.5,0.5,0.0,11.0
89,Interruptions & Multitasking,Mobile Life & Sensing,2000,2,0.5,0.0,0.5,7.0
89,Interruptions & Multitasking,Mobile Life & Sensing,2001,18,0.222,0.278,0.5,9.0
89,Interruptions & Multitasking,Mobile Life & Sensing,2002,15,0.333,0.4,0.267,3.8
89,Interruptions & Multitasking,Mobile Life & Sensing,2003,3,0.333,0.0,0.667,11.0
89,Interruptions & Multitasking,Mobile Life & Sensing,2004,14,0.071,0.786,0.143,12.0
89,Interruptions & Multitasking,Mobile Life & Sensing,2005,20,0.25,0.55,0.2,1.6
89,Interruptions & Multitasking,Mobile Life & Sensing,2006,39,0.41,0.385,0.205,3.69
89,Interruptions & Multitasking,Mobile Life & Sensing,2007,17,0.529,0.412,0.059,4.44
89,Interruptions & Multitasking,Mobile Life & Sensing,2008,40,0.4,0.325,0.275,5.38
89,Interruptions & Multitasking,Mobile Life & Sensing,2009,27,0.296,0.519,0.185,4.12
89,Interruptions & Multitasking,Mobile Life & Sensing,2010,47,0.574,0.191,0.234,5.81
89,Interruptions & Multitasking,Mobile Life & Sensing,2011,39,0.513,0.128,0.359,6.55
89,Interruptions & Multitasking,Mobile Life & Sensing,2012,42,0.429,0.143,0.429,8.17
89,Interruptions & Multitasking,Mobile Life & Sensing,2013,64,0.453,0.125,0.422,6.66
89,Interruptions & Multitasking,Mobile Life & Sensing,2014,80,0.5,0.15,0.35,7.18
89,Interruptions & Multitasking,Mobile Life & Sensing,2015,92,0.728,0.152,0.12,7.09
89,Interruptions & Multitasking,Mobile Life & Sensing,2016,160,0.469,0.163,0.369,6.65
89,Interruptions & Multitasking,Mobile Life & Sensing,2017,38,0.553,0.342,0.105,7.48
89,Interruptions & Multitasking,Mobile Life & Sensing,2018,97,0.515,0.361,0.124,5.74
89,Interruptions & Multitasking,Mobile Life & Sensing,2019,113,0.407,0.186,0.407,6.67
89,Interruptions & Multitasking,Mobile Life & Sensing,2020,170,0.529,0.253,0.218,7.62
89,Interruptions & Multitasking,Mobile Life & Sensing,2021,44,0.455,0.136,0.409,9.9
89,Interruptions & Multitasking,Mobile Life & Sensing,2022,164,0.409,0.104,0.488,8.22
89,Interruptions & Multitasking,Mobile Life & Sensing,2023,186,0.419,0.108,0.473,8.06
89,Interruptions & Multitasking,Mobile Life & Sensing,2024,248,0.387,0.19,0.423,10.0
89,Interruptions & Multitasking,Mobile Life & Sensing,2025,212,0.392,0.175,0.434,11.22
89,Interruptions & Multitasking,Mobile Life & Sensing,2026,153,0.431,0.17,0.399,8.94
90,Notifications & Interruptibility,Mobile Life & Sensing,2000,3,0.0,0.333,0.667,
90,Notifications & Interruptibility,Mobile Life & Sensing,2002,3,0.0,0.667,0.333,
90,Notifications & Interruptibility,Mobile Life & Sensing,2003,10,0.4,0.3,0.3,1.75
90,Notifications & Interruptibility,Mobile Life & Sensing,2004,35,0.286,0.4,0.314,1.8
90,Notifications & Interruptibility,Mobile Life & Sensing,2005,13,0.462,0.385,0.154,2.0
90,Notifications & Interruptibility,Mobile Life & Sensing,2006,31,0.484,0.419,0.097,2.6
90,Notifications & Interruptibility,Mobile Life & Sensing,2007,35,0.6,0.286,0.114,2.81
90,Notifications & Interruptibility,Mobile Life & Sensing,2008,50,0.42,0.4,0.18,3.33
90,Notifications & Interruptibility,Mobile Life & Sensing,2009,22,0.409,0.273,0.318,5.33
90,Notifications & Interruptibility,Mobile Life & Sensing,2010,21,0.524,0.429,0.048,4.91
90,Notifications & Interruptibility,Mobile Life & Sensing,2011,10,0.6,0.3,0.1,5.17
90,Notifications & Interruptibility,Mobile Life & Sensing,2012,18,0.222,0.278,0.5,5.5
90,Notifications & Interruptibility,Mobile Life & Sensing,2013,12,0.5,0.417,0.083,6.33
90,Notifications & Interruptibility,Mobile Life & Sensing,2014,71,0.577,0.408,0.014,6.93
90,Notifications & Interruptibility,Mobile Life & Sensing,2015,143,0.573,0.35,0.077,5.99
90,Notifications & Interruptibility,Mobile Life & Sensing,2016,121,0.595,0.273,0.132,4.6
90,Notifications & Interruptibility,Mobile Life & Sensing,2017,247,0.555,0.259,0.186,4.75
90,Notifications & Interruptibility,Mobile Life & Sensing,2018,121,0.669,0.256,0.074,5.3
90,Notifications & Interruptibility,Mobile Life & Sensing,2019,237,0.637,0.181,0.181,5.32
90,Notifications & Interruptibility,Mobile Life & Sensing,2020,228,0.447,0.254,0.298,5.36
90,Notifications & Interruptibility,Mobile Life & Sensing,2021,234,0.526,0.205,0.269,5.97
90,Notifications & Interruptibility,Mobile Life & Sensing,2022,220,0.55,0.264,0.186,7.1
90,Notifications & Interruptibility,Mobile Life & Sensing,2023,357,0.451,0.241,0.308,8.58
90,Notifications & Interruptibility,Mobile Life & Sensing,2024,277,0.606,0.137,0.256,8.1
90,Notifications & Interruptibility,Mobile Life & Sensing,2025,220,0.468,0.1,0.432,8.24
90,Notifications & Interruptibility,Mobile Life & Sensing,2026,131,0.45,0.069,0.481,8.73
91,Mobile Sensing for Mental Health,Mobile Life & Sensing,2002,1,0.0,0.0,1.0,
91,Mobile Sensing for Mental Health,Mobile Life & Sensing,2010,1,1.0,0.0,0.0,2.0
91,Mobile Sensing for Mental Health,Mobile Life & Sensing,2011,10,0.4,0.2,0.4,1.5
91,Mobile Sensing for Mental Health,Mobile Life & Sensing,2012,7,0.571,0.143,0.286,1.5
91,Mobile Sensing for Mental Health,Mobile Life & Sensing,2013,16,0.688,0.125,0.188,2.18
91,Mobile Sensing for Mental Health,Mobile Life & Sensing,2014,13,0.462,0.077,0.462,3.0
91,Mobile Sensing for Mental Health,Mobile Life & Sensing,2015,21,0.429,0.381,0.19,2.89
91,Mobile Sensing for Mental Health,Mobile Life & Sensing,2016,65,0.415,0.262,0.323,1.93
91,Mobile Sensing for Mental Health,Mobile Life & Sensing,2017,33,0.485,0.333,0.182,3.12
91,Mobile Sensing for Mental Health,Mobile Life & Sensing,2018,92,0.522,0.054,0.424,3.9
91,Mobile Sensing for Mental Health,Mobile Life & Sensing,2019,101,0.564,0.129,0.307,3.75
91,Mobile Sensing for Mental Health,Mobile Life & Sensing,2020,119,0.639,0.067,0.294,3.82
91,Mobile Sensing for Mental Health,Mobile Life & Sensing,2021,98,0.663,0.031,0.306,4.58
91,Mobile Sensing for Mental Health,Mobile Life & Sensing,2022,155,0.69,0.097,0.213,4.54
91,Mobile Sensing for Mental Health,Mobile Life & Sensing,2023,137,0.591,0.044,0.365,4.73
91,Mobile Sensing for Mental Health,Mobile Life & Sensing,2024,251,0.518,0.163,0.319,4.72
91,Mobile Sensing for Mental Health,Mobile Life & Sensing,2025,177,0.514,0.147,0.339,4.97
91,Mobile Sensing for Mental Health,Mobile Life & Sensing,2026,80,0.375,0.087,0.537,4.17
92,Collaborative Filtering & Browsing,Mobile Life & Sensing,1991,5,0.0,0.2,0.8,
92,Collaborative Filtering & Browsing,Mobile Life & Sensing,1992,2,0.0,0.5,0.5,
92,Collaborative Filtering & Browsing,Mobile Life & Sensing,1995,5,0.4,0.2,0.4,3.5
92,Collaborative Filtering & Browsing,Mobile Life & Sensing,1996,5,0.8,0.0,0.2,1.75
92,Collaborative Filtering & Browsing,Mobile Life & Sensing,1997,28,0.5,0.071,0.429,2.29
92,Collaborative Filtering & Browsing,Mobile Life & Sensing,1998,27,0.63,0.074,0.296,2.71
92,Collaborative Filtering & Browsing,Mobile Life & Sensing,1999,10,0.4,0.0,0.6,2.5
92,Collaborative Filtering & Browsing,Mobile Life & Sensing,2000,20,0.6,0.1,0.3,3.67
92,Collaborative Filtering & Browsing,Mobile Life & Sensing,2001,36,0.611,0.056,0.333,3.09
92,Collaborative Filtering & Browsing,Mobile Life & Sensing,2002,29,0.586,0.103,0.31,2.82
92,Collaborative Filtering & Browsing,Mobile Life & Sensing,2003,32,0.531,0.094,0.375,3.59
92,Collaborative Filtering & Browsing,Mobile Life & Sensing,2004,13,0.692,0.154,0.154,4.44
92,Collaborative Filtering & Browsing,Mobile Life & Sensing,2005,15,0.667,0.0,0.333,3.9
92,Collaborative Filtering & Browsing,Mobile Life & Sensing,2006,20,0.55,0.15,0.3,6.73
92,Collaborative Filtering & Browsing,Mobile Life & Sensing,2007,4,1.0,0.0,0.0,4.75
92,Collaborative Filtering & Browsing,Mobile Life & Sensing,2008,16,0.625,0.0,0.375,8.0
92,Collaborative Filtering & Browsing,Mobile Life & Sensing,2009,9,0.556,0.222,0.222,7.6
92,Collaborative Filtering & Browsing,Mobile Life & Sensing,2010,8,0.5,0.125,0.375,7.25
92,Collaborative Filtering & Browsing,Mobile Life & Sensing,2011,19,0.526,0.105,0.368,6.7
92,Collaborative Filtering & Browsing,Mobile Life & Sensing,2012,19,0.368,0.0,0.632,5.71
92,Collaborative Filtering & Browsing,Mobile Life & Sensing,2013,22,0.455,0.091,0.455,5.7
92,Collaborative Filtering & Browsing,Mobile Life & Sensing,2014,8,0.75,0.0,0.25,11.67
92,Collaborative Filtering & Browsing,Mobile Life & Sensing,2015,3,0.667,0.333,0.0,14.0
92,Collaborative Filtering & Browsing,Mobile Life & Sensing,2016,12,0.25,0.167,0.583,7.33
92,Collaborative Filtering & Browsing,Mobile Life & Sensing,2017,28,0.321,0.0,0.679,6.56
92,Collaborative Filtering & Browsing,Mobile Life & Sensing,2018,19,0.526,0.0,0.474,10.9
92,Collaborative Filtering & Browsing,Mobile Life & Sensing,2019,7,0.571,0.143,0.286,13.0
92,Collaborative Filtering & Browsing,Mobile Life & Sensing,2020,13,0.385,0.077,0.538,6.4
92,Collaborative Filtering & Browsing,Mobile Life & Sensing,2021,2,0.5,0.0,0.5,4.0
92,Collaborative Filtering & Browsing,Mobile Life & Sensing,2023,2,0.5,0.0,0.5,19.0
92,Collaborative Filtering & Browsing,Mobile Life & Sensing,2024,3,0.333,0.0,0.667,6.0
92,Collaborative Filtering & Browsing,Mobile Life & Sensing,2026,2,0.5,0.0,0.5,12.0
93,Smartphone Use & Wellbeing,Mobile Life & Sensing,2013,26,0.0,0.423,0.577,
93,Smartphone Use & Wellbeing,Mobile Life & Sensing,2014,4,0.75,0.0,0.25,3.0
93,Smartphone Use & Wellbeing,Mobile Life & Sensing,2015,19,0.368,0.211,0.421,1.86
93,Smartphone Use & Wellbeing,Mobile Life & Sensing,2016,108,0.167,0.324,0.509,2.22
93,Smartphone Use & Wellbeing,Mobile Life & Sensing,2017,39,0.256,0.333,0.41,1.5
93,Smartphone Use & Wellbeing,Mobile Life & Sensing,2018,96,0.281,0.156,0.562,2.63
93,Smartphone Use & Wellbeing,Mobile Life & Sensing,2019,169,0.379,0.183,0.438,3.03
93,Smartphone Use & Wellbeing,Mobile Life & Sensing,2020,58,0.31,0.293,0.397,2.67
93,Smartphone Use & Wellbeing,Mobile Life & Sensing,2021,163,0.546,0.153,0.301,3.67
93,Smartphone Use & Wellbeing,Mobile Life & Sensing,2022,228,0.522,0.075,0.404,4.22
93,Smartphone Use & Wellbeing,Mobile Life & Sensing,2023,292,0.575,0.175,0.25,4.1
93,Smartphone Use & Wellbeing,Mobile Life & Sensing,2024,349,0.521,0.1,0.378,4.75
93,Smartphone Use & Wellbeing,Mobile Life & Sensing,2025,346,0.569,0.11,0.321,4.82
93,Smartphone Use & Wellbeing,Mobile Life & Sensing,2026,318,0.443,0.154,0.403,4.78
94,Experience Sampling,Mobile Life & Sensing,2000,2,0.0,0.5,0.5,
94,Experience Sampling,Mobile Life & Sensing,2002,8,0.375,0.125,0.5,1.33
94,Experience Sampling,Mobile Life & Sensing,2003,5,0.0,0.6,0.4,
94,Experience Sampling,Mobile Life & Sensing,2004,3,0.333,0.667,0.0,2.0
94,Experience Sampling,Mobile Life & Sensing,2005,7,0.143,0.0,0.857,0.0
94,Experience Sampling,Mobile Life & Sensing,2006,22,0.227,0.182,0.591,2.6
94,Experience Sampling,Mobile Life & Sensing,2007,20,0.25,0.1,0.65,2.8
94,Experience Sampling,Mobile Life & Sensing,2008,31,0.355,0.355,0.29,3.45
94,Experience Sampling,Mobile Life & Sensing,2009,12,0.417,0.25,0.333,1.6
94,Experience Sampling,Mobile Life & Sensing,2010,17,0.412,0.118,0.471,1.57
94,Experience Sampling,Mobile Life & Sensing,2011,23,0.565,0.087,0.348,2.92
94,Experience Sampling,Mobile Life & Sensing,2012,6,0.667,0.333,0.0,4.0
94,Experience Sampling,Mobile Life & Sensing,2013,28,0.321,0.25,0.429,8.56
94,Experience Sampling,Mobile Life & Sensing,2014,44,0.318,0.114,0.568,7.57
94,Experience Sampling,Mobile Life & Sensing,2015,53,0.189,0.208,0.604,3.2
94,Experience Sampling,Mobile Life & Sensing,2016,71,0.282,0.211,0.507,5.35
94,Experience Sampling,Mobile Life & Sensing,2017,74,0.378,0.135,0.486,4.79
94,Experience Sampling,Mobile Life & Sensing,2018,99,0.343,0.273,0.384,5.41
94,Experience Sampling,Mobile Life & Sensing,2019,116,0.319,0.25,0.431,5.35
94,Experience Sampling,Mobile Life & Sensing,2020,74,0.351,0.216,0.432,5.12
94,Experience Sampling,Mobile Life & Sensing,2021,96,0.323,0.271,0.406,6.35
94,Experience Sampling,Mobile Life & Sensing,2022,66,0.318,0.167,0.515,5.24
94,Experience Sampling,Mobile Life & Sensing,2023,68,0.368,0.132,0.5,6.52
94,Experience Sampling,Mobile Life & Sensing,2024,43,0.233,0.116,0.651,4.7
94,Experience Sampling,Mobile Life & Sensing,2025,63,0.429,0.206,0.365,7.37
94,Experience Sampling,Mobile Life & Sensing,2026,45,0.2,0.178,0.622,13.11
95,Ambient Displays & Language Learning,Mobile Life & Sensing,1991,4,0.0,0.0,1.0,
95,Ambient Displays & Language Learning,Mobile Life & Sensing,1995,7,0.571,0.0,0.429,0.75
95,Ambient Displays & Language Learning,Mobile Life & Sensing,1997,15,0.6,0.133,0.267,2.78
95,Ambient Displays & Language Learning,Mobile Life & Sensing,1998,11,0.545,0.182,0.273,3.83
95,Ambient Displays & Language Learning,Mobile Life & Sensing,1999,2,0.5,0.5,0.0,1.0
95,Ambient Displays & Language Learning,Mobile Life & Sensing,2001,3,0.667,0.0,0.333,5.5
95,Ambient Displays & Language Learning,Mobile Life & Sensing,2002,5,0.2,0.4,0.4,3.0
95,Ambient Displays & Language Learning,Mobile Life & Sensing,2003,35,0.171,0.2,0.629,5.33
95,Ambient Displays & Language Learning,Mobile Life & Sensing,2004,27,0.37,0.185,0.444,3.0
95,Ambient Displays & Language Learning,Mobile Life & Sensing,2005,3,1.0,0.0,0.0,1.67
95,Ambient Displays & Language Learning,Mobile Life & Sensing,2006,30,0.233,0.533,0.233,4.29
95,Ambient Displays & Language Learning,Mobile Life & Sensing,2007,2,1.0,0.0,0.0,2.5
95,Ambient Displays & Language Learning,Mobile Life & Sensing,2008,11,0.364,0.0,0.636,6.5
95,Ambient Displays & Language Learning,Mobile Life & Sensing,2009,3,1.0,0.0,0.0,5.67
95,Ambient Displays & Language Learning,Mobile Life & Sensing,2010,17,0.471,0.176,0.353,6.88
95,Ambient Displays & Language Learning,Mobile Life & Sensing,2011,12,0.417,0.083,0.5,7.2
95,Ambient Displays & Language Learning,Mobile Life & Sensing,2012,28,0.393,0.143,0.464,3.27
95,Ambient Displays & Language Learning,Mobile Life & Sensing,2013,45,0.378,0.156,0.467,8.0
95,Ambient Displays & Language Learning,Mobile Life & Sensing,2014,29,0.552,0.172,0.276,6.56
95,Ambient Displays & Language Learning,Mobile Life & Sensing,2015,59,0.407,0.39,0.203,5.75
95,Ambient Displays & Language Learning,Mobile Life & Sensing,2016,47,0.319,0.255,0.426,8.27
95,Ambient Displays & Language Learning,Mobile Life & Sensing,2017,159,0.34,0.233,0.428,4.87
95,Ambient Displays & Language Learning,Mobile Life & Sensing,2018,86,0.442,0.186,0.372,3.63
95,Ambient Displays & Language Learning,Mobile Life & Sensing,2019,89,0.371,0.124,0.506,3.67
95,Ambient Displays & Language Learning,Mobile Life & Sensing,2020,49,0.592,0.041,0.367,5.17
95,Ambient Displays & Language Learning,Mobile Life & Sensing,2021,117,0.248,0.179,0.573,4.76
95,Ambient Displays & Language Learning,Mobile Life & Sensing,2022,70,0.471,0.129,0.4,5.76
95,Ambient Displays & Language Learning,Mobile Life & Sensing,2023,108,0.231,0.12,0.648,6.92
95,Ambient Displays & Language Learning,Mobile Life & Sensing,2024,56,0.357,0.161,0.482,7.15
95,Ambient Displays & Language Learning,Mobile Life & Sensing,2025,87,0.368,0.172,0.46,6.75
95,Ambient Displays & Language Learning,Mobile Life & Sensing,2026,59,0.237,0.068,0.695,7.14
96,Data Privacy & Permissions,Privacy & Security,2001,2,0.0,0.0,1.0,
96,Data Privacy & Permissions,Privacy & Security,2002,1,1.0,0.0,0.0,1.0
96,Data Privacy & Permissions,Privacy & Security,2004,3,0.333,0.0,0.667,3.0
96,Data Privacy & Permissions,Privacy & Security,2005,7,0.429,0.143,0.429,1.67
96,Data Privacy & Permissions,Privacy & Security,2006,4,0.75,0.0,0.25,1.33
96,Data Privacy & Permissions,Privacy & Security,2007,7,0.429,0.286,0.286,2.0
96,Data Privacy & Permissions,Privacy & Security,2009,16,0.062,0.125,0.812,4.0
96,Data Privacy & Permissions,Privacy & Security,2010,5,0.6,0.4,0.0,3.33
96,Data Privacy & Permissions,Privacy & Security,2011,2,0.5,0.0,0.5,4.0
96,Data Privacy & Permissions,Privacy & Security,2012,7,0.286,0.0,0.714,5.0
96,Data Privacy & Permissions,Privacy & Security,2013,23,0.565,0.043,0.391,5.62
96,Data Privacy & Permissions,Privacy & Security,2014,14,0.429,0.214,0.357,2.5
96,Data Privacy & Permissions,Privacy & Security,2015,41,0.561,0.049,0.39,3.22
96,Data Privacy & Permissions,Privacy & Security,2016,12,0.667,0.083,0.25,5.12
96,Data Privacy & Permissions,Privacy & Security,2017,65,0.431,0.138,0.431,3.21
96,Data Privacy & Permissions,Privacy & Security,2018,71,0.549,0.099,0.352,4.54
96,Data Privacy & Permissions,Privacy & Security,2019,62,0.435,0.032,0.532,5.04
96,Data Privacy & Permissions,Privacy & Security,2020,48,0.542,0.167,0.292,6.46
96,Data Privacy & Permissions,Privacy & Security,2021,148,0.459,0.23,0.311,7.34
96,Data Privacy & Permissions,Privacy & Security,2022,82,0.573,0.061,0.366,6.49
96,Data Privacy & Permissions,Privacy & Security,2023,118,0.483,0.136,0.381,6.14
96,Data Privacy & Permissions,Privacy & Security,2024,265,0.43,0.166,0.404,6.42
96,Data Privacy & Permissions,Privacy & Security,2025,173,0.422,0.214,0.364,6.25
96,Data Privacy & Permissions,Privacy & Security,2026,165,0.564,0.115,0.321,6.57
97,Authentication & Passwords,Privacy & Security,2005,2,1.0,0.0,0.0,2.0
97,Authentication & Passwords,Privacy & Security,2007,7,0.571,0.286,0.143,2.5
97,Authentication & Passwords,Privacy & Security,2008,2,0.5,0.5,0.0,1.0
97,Authentication & Passwords,Privacy & Security,2009,6,0.833,0.0,0.167,3.4
97,Authentication & Passwords,Privacy & Security,2010,16,0.5,0.0,0.5,1.88
97,Authentication & Passwords,Privacy & Security,2011,12,0.833,0.0,0.167,3.6
97,Authentication & Passwords,Privacy & Security,2012,35,0.571,0.057,0.371,4.1
97,Authentication & Passwords,Privacy & Security,2013,30,0.933,0.0,0.067,4.07
97,Authentication & Passwords,Privacy & Security,2014,53,0.774,0.019,0.208,3.49
97,Authentication & Passwords,Privacy & Security,2015,55,0.818,0.0,0.182,3.71
97,Authentication & Passwords,Privacy & Security,2016,95,0.674,0.042,0.284,3.8
97,Authentication & Passwords,Privacy & Security,2017,78,0.782,0.013,0.205,4.02
97,Authentication & Passwords,Privacy & Security,2018,64,0.625,0.016,0.359,4.62
97,Authentication & Passwords,Privacy & Security,2019,94,0.777,0.043,0.181,5.9
97,Authentication & Passwords,Privacy & Security,2020,31,0.548,0.161,0.29,5.59
97,Authentication & Passwords,Privacy & Security,2021,192,0.427,0.057,0.516,6.67
97,Authentication & Passwords,Privacy & Security,2022,93,0.538,0.032,0.43,5.98
97,Authentication & Passwords,Privacy & Security,2023,47,0.511,0.021,0.468,7.92
97,Authentication & Passwords,Privacy & Security,2024,34,0.588,0.088,0.324,7.95
97,Authentication & Passwords,Privacy & Security,2025,55,0.491,0.109,0.4,10.37
97,Authentication & Passwords,Privacy & Security,2026,48,0.479,0.125,0.396,8.7
98,Smart-home Privacy,Privacy & Security,2002,1,0.0,1.0,0.0,
98,Smart-home Privacy,Privacy & Security,2004,3,0.0,0.0,1.0,
98,Smart-home Privacy,Privacy & Security,2007,1,1.0,0.0,0.0,5.0
98,Smart-home Privacy,Privacy & Security,2008,8,0.0,0.125,0.875,
98,Smart-home Privacy,Privacy & Security,2009,4,0.25,0.0,0.75,5.0
98,Smart-home Privacy,Privacy & Security,2011,6,0.5,0.0,0.5,4.0
98,Smart-home Privacy,Privacy & Security,2012,27,0.222,0.259,0.519,3.0
98,Smart-home Privacy,Privacy & Security,2013,9,0.0,0.222,0.778,
98,Smart-home Privacy,Privacy & Security,2014,10,0.3,0.1,0.6,1.67
98,Smart-home Privacy,Privacy & Security,2015,8,0.125,0.25,0.625,3.0
98,Smart-home Privacy,Privacy & Security,2016,16,0.062,0.062,0.875,1.0
98,Smart-home Privacy,Privacy & Security,2017,17,0.294,0.118,0.588,3.8
98,Smart-home Privacy,Privacy & Security,2018,82,0.256,0.159,0.585,4.48
98,Smart-home Privacy,Privacy & Security,2019,93,0.226,0.237,0.538,5.14
98,Smart-home Privacy,Privacy & Security,2020,183,0.333,0.213,0.454,4.08
98,Smart-home Privacy,Privacy & Security,2021,239,0.381,0.18,0.439,3.52
98,Smart-home Privacy,Privacy & Security,2022,319,0.395,0.163,0.442,3.99
98,Smart-home Privacy,Privacy & Security,2023,291,0.433,0.144,0.423,3.55
98,Smart-home Privacy,Privacy & Security,2024,378,0.532,0.138,0.331,4.89
98,Smart-home Privacy,Privacy & Security,2025,257,0.673,0.093,0.233,4.8
98,Smart-home Privacy,Privacy & Security,2026,251,0.554,0.124,0.323,4.78
99,Phishing & Security Behaviour,Privacy & Security,1999,1,0.0,0.0,1.0,
99,Phishing & Security Behaviour,Privacy & Security,2001,1,0.0,0.0,1.0,
99,Phishing & Security Behaviour,Privacy & Security,2005,3,0.667,0.0,0.333,4.0
99,Phishing & Security Behaviour,Privacy & Security,2006,6,0.667,0.0,0.333,2.75
99,Phishing & Security Behaviour,Privacy & Security,2007,2,1.0,0.0,0.0,1.0
99,Phishing & Security Behaviour,Privacy & Security,2008,13,0.615,0.0,0.385,3.25
99,Phishing & Security Behaviour,Privacy & Security,2009,9,0.778,0.222,0.0,1.86
99,Phishing & Security Behaviour,Privacy & Security,2010,7,0.857,0.0,0.143,5.17
99,Phishing & Security Behaviour,Privacy & Security,2011,17,0.765,0.059,0.176,4.62
99,Phishing & Security Behaviour,Privacy & Security,2012,2,0.5,0.0,0.5,9.0
99,Phishing & Security Behaviour,Privacy & Security,2013,7,0.714,0.286,0.0,6.8
99,Phishing & Security Behaviour,Privacy & Security,2014,5,0.6,0.0,0.4,6.33
99,Phishing & Security Behaviour,Privacy & Security,2015,9,1.0,0.0,0.0,6.78
99,Phishing & Security Behaviour,Privacy & Security,2016,12,0.583,0.083,0.333,7.0
99,Phishing & Security Behaviour,Privacy & Security,2017,17,0.882,0.118,0.0,6.93
99,Phishing & Security Behaviour,Privacy & Security,2018,41,0.634,0.195,0.171,7.96
99,Phishing & Security Behaviour,Privacy & Security,2019,57,0.439,0.175,0.386,7.16
99,Phishing & Security Behaviour,Privacy & Security,2020,40,0.825,0.1,0.075,6.12
99,Phishing & Security Behaviour,Privacy & Security,2021,73,0.479,0.233,0.288,5.71
99,Phishing & Security Behaviour,Privacy & Security,2022,9,1.0,0.0,0.0,7.33
99,Phishing & Security Behaviour,Privacy & Security,2023,88,0.636,0.08,0.284,7.34
99,Phishing & Security Behaviour,Privacy & Security,2024,89,0.461,0.281,0.258,6.98
99,Phishing & Security Behaviour,Privacy & Security,2025,163,0.436,0.11,0.454,7.07
99,Phishing & Security Behaviour,Privacy & Security,2026,118,0.534,0.144,0.322,7.43
100,Dark Patterns,Privacy & Security,1988,4,1.0,0.0,0.0,3.75
100,Dark Patterns,Privacy & Security,1992,1,0.0,0.0,1.0,
100,Dark Patterns,Privacy & Security,1993,1,1.0,0.0,0.0,5.0
100,Dark Patterns,Privacy & Security,1996,1,1.0,0.0,0.0,4.0
100,Dark Patterns,Privacy & Security,1998,1,1.0,0.0,0.0,15.0
100,Dark Patterns,Privacy & Security,1999,2,0.0,0.0,1.0,
100,Dark Patterns,Privacy & Security,2001,3,0.0,0.0,1.0,
100,Dark Patterns,Privacy & Security,2002,2,0.5,0.0,0.5,3.0
100,Dark Patterns,Privacy & Security,2003,17,0.294,0.0,0.706,3.8
100,Dark Patterns,Privacy & Security,2004,20,0.25,0.0,0.75,3.8
100,Dark Patterns,Privacy & Security,2005,9,0.111,0.111,0.778,2.0
100,Dark Patterns,Privacy & Security,2006,21,0.286,0.0,0.714,2.67
100,Dark Patterns,Privacy & Security,2007,2,1.0,0.0,0.0,3.0
100,Dark Patterns,Privacy & Security,2008,43,0.349,0.047,0.605,4.47
100,Dark Patterns,Privacy & Security,2009,17,0.353,0.176,0.471,3.33
100,Dark Patterns,Privacy & Security,2010,10,0.5,0.1,0.4,6.8
100,Dark Patterns,Privacy & Security,2011,38,0.421,0.132,0.447,4.0
100,Dark Patterns,Privacy & Security,2012,28,0.25,0.036,0.714,5.14
100,Dark Patterns,Privacy & Security,2013,32,0.312,0.094,0.594,6.7
100,Dark Patterns,Privacy & Security,2014,50,0.32,0.02,0.66,6.44
100,Dark Patterns,Privacy & Security,2015,73,0.356,0.082,0.562,5.54
100,Dark Patterns,Privacy & Security,2016,55,0.455,0.055,0.491,5.12
100,Dark Patterns,Privacy & Security,2017,144,0.486,0.049,0.465,6.81
100,Dark Patterns,Privacy & Security,2018,212,0.439,0.038,0.524,4.58
100,Dark Patterns,Privacy & Security,2019,136,0.522,0.074,0.404,3.94
100,Dark Patterns,Privacy & Security,2020,205,0.454,0.054,0.493,4.49
100,Dark Patterns,Privacy & Security,2021,216,0.481,0.093,0.426,3.89
100,Dark Patterns,Privacy & Security,2022,232,0.414,0.086,0.5,4.96
100,Dark Patterns,Privacy & Security,2023,378,0.484,0.101,0.415,4.97
100,Dark Patterns,Privacy & Security,2024,401,0.481,0.09,0.429,3.84
100,Dark Patterns,Privacy & Security,2025,662,0.473,0.089,0.438,5.13
100,Dark Patterns,Privacy & Security,2026,409,0.447,0.105,0.447,5.15
101,Design Research & Art,Design Research & Practice,1988,1,1.0,0.0,0.0,2.0
101,Design Research & Art,Design Research & Practice,1989,3,0.333,0.0,0.667,1.0
101,Design Research & Art,Design Research & Practice,1990,4,0.5,0.0,0.5,1.0
101,Design Research & Art,Design Research & Practice,1995,7,0.143,0.857,0.0,5.0
101,Design Research & Art,Design Research & Practice,1999,6,0.167,0.167,0.667,10.0
101,Design Research & Art,Design Research & Practice,2000,3,0.333,0.333,0.333,11.0
101,Design Research & Art,Design Research & Practice,2001,1,1.0,0.0,0.0,12.0
101,Design Research & Art,Design Research & Practice,2002,9,0.333,0.444,0.222,1.33
101,Design Research & Art,Design Research & Practice,2003,5,0.4,0.4,0.2,5.5
101,Design Research & Art,Design Research & Practice,2004,1,0.0,0.0,1.0,
101,Design Research & Art,Design Research & Practice,2005,11,0.091,0.0,0.909,2.0
101,Design Research & Art,Design Research & Practice,2006,25,0.52,0.36,0.12,5.62
101,Design Research & Art,Design Research & Practice,2007,19,0.474,0.474,0.053,2.89
101,Design Research & Art,Design Research & Practice,2008,53,0.226,0.415,0.358,3.42
101,Design Research & Art,Design Research & Practice,2009,39,0.513,0.282,0.205,4.7
101,Design Research & Art,Design Research & Practice,2010,87,0.437,0.23,0.333,5.24
101,Design Research & Art,Design Research & Practice,2011,56,0.393,0.125,0.482,5.68
101,Design Research & Art,Design Research & Practice,2012,118,0.424,0.212,0.364,5.02
101,Design Research & Art,Design Research & Practice,2013,89,0.404,0.101,0.494,4.78
101,Design Research & Art,Design Research & Practice,2014,157,0.427,0.274,0.299,5.37
101,Design Research & Art,Design Research & Practice,2015,179,0.397,0.268,0.335,6.31
101,Design Research & Art,Design Research & Practice,2016,315,0.422,0.206,0.371,4.93
101,Design Research & Art,Design Research & Practice,2017,257,0.401,0.233,0.366,5.77
101,Design Research & Art,Design Research & Practice,2018,391,0.504,0.176,0.32,5.11
101,Design Research & Art,Design Research & Practice,2019,433,0.441,0.27,0.289,5.19
101,Design Research & Art,Design Research & Practice,2020,476,0.391,0.206,0.403,6.0
101,Design Research & Art,Design Research & Practice,2021,553,0.34,0.23,0.43,6.83
101,Design Research & Art,Design Research & Practice,2022,527,0.357,0.247,0.397,6.31
101,Design Research & Art,Design Research & Practice,2023,468,0.451,0.261,0.288,7.36
101,Design Research & Art,Design Research & Practice,2024,916,0.416,0.227,0.357,7.24
101,Design Research & Art,Design Research & Practice,2025,809,0.382,0.195,0.423,7.06
101,Design Research & Art,Design Research & Practice,2026,839,0.369,0.203,0.428,7.86
102,"Body, Movement & Soma Design",Design Research & Practice,1980,1,1.0,0.0,0.0,4.0
102,"Body, Movement & Soma Design",Design Research & Practice,1983,4,0.5,0.0,0.5,5.0
102,"Body, Movement & Soma Design",Design Research & Practice,1986,2,1.0,0.0,0.0,3.0
102,"Body, Movement & Soma Design",Design Research & Practice,1990,3,0.333,0.0,0.667,10.0
102,"Body, Movement & Soma Design",Design Research & Practice,2003,3,0.0,0.0,1.0,
102,"Body, Movement & Soma Design",Design Research & Practice,2004,7,0.0,0.714,0.286,
102,"Body, Movement & Soma Design",Design Research & Practice,2005,1,0.0,0.0,1.0,
102,"Body, Movement & Soma Design",Design Research & Practice,2007,15,0.067,0.6,0.333,3.0
102,"Body, Movement & Soma Design",Design Research & Practice,2008,15,0.333,0.333,0.333,1.8
102,"Body, Movement & Soma Design",Design Research & Practice,2009,11,0.455,0.273,0.273,3.4
102,"Body, Movement & Soma Design",Design Research & Practice,2010,37,0.324,0.135,0.541,2.5
102,"Body, Movement & Soma Design",Design Research & Practice,2011,27,0.37,0.222,0.407,2.1
102,"Body, Movement & Soma Design",Design Research & Practice,2012,27,0.481,0.185,0.333,3.54
102,"Body, Movement & Soma Design",Design Research & Practice,2013,10,0.3,0.1,0.6,1.33
102,"Body, Movement & Soma Design",Design Research & Practice,2014,69,0.406,0.406,0.188,3.86
102,"Body, Movement & Soma Design",Design Research & Practice,2015,19,0.368,0.158,0.474,4.86
102,"Body, Movement & Soma Design",Design Research & Practice,2016,89,0.348,0.337,0.315,4.03
102,"Body, Movement & Soma Design",Design Research & Practice,2017,132,0.455,0.265,0.28,4.53
102,"Body, Movement & Soma Design",Design Research & Practice,2018,80,0.338,0.237,0.425,6.04
102,"Body, Movement & Soma Design",Design Research & Practice,2019,231,0.39,0.264,0.346,5.19
102,"Body, Movement & Soma Design",Design Research & Practice,2020,163,0.436,0.252,0.313,3.68
102,"Body, Movement & Soma Design",Design Research & Practice,2021,421,0.356,0.335,0.309,4.49
102,"Body, Movement & Soma Design",Design Research & Practice,2022,263,0.513,0.243,0.243,3.79
102,"Body, Movement & Soma Design",Design Research & Practice,2023,489,0.479,0.272,0.249,4.32
102,"Body, Movement & Soma Design",Design Research & Practice,2024,700,0.48,0.216,0.304,4.46
102,"Body, Movement & Soma Design",Design Research & Practice,2025,710,0.414,0.211,0.375,4.5
102,"Body, Movement & Soma Design",Design Research & Practice,2026,587,0.45,0.215,0.336,4.88
103,HCI Research Practice,Design Research & Practice,1983,1,0.0,0.0,1.0,
103,HCI Research Practice,Design Research & Practice,1985,1,1.0,0.0,0.0,3.0
103,HCI Research Practice,Design Research & Practice,1986,8,0.875,0.0,0.125,1.71
103,HCI Research Practice,Design Research & Practice,1988,6,1.0,0.0,0.0,1.67
103,HCI Research Practice,Design Research & Practice,1989,6,0.833,0.0,0.167,3.6
103,HCI Research Practice,Design Research & Practice,1990,23,0.609,0.13,0.261,3.14
103,HCI Research Practice,Design Research & Practice,1991,15,0.667,0.0,0.333,2.8
103,HCI Research Practice,Design Research & Practice,1992,26,0.615,0.077,0.308,1.38
103,HCI Research Practice,Design Research & Practice,1994,40,0.5,0.0,0.5,3.9
103,HCI Research Practice,Design Research & Practice,1995,8,0.5,0.0,0.5,2.5
103,HCI Research Practice,Design Research & Practice,1996,21,0.476,0.143,0.381,3.0
103,HCI Research Practice,Design Research & Practice,1997,34,0.529,0.029,0.441,3.78
103,HCI Research Practice,Design Research & Practice,1998,9,0.333,0.0,0.667,1.0
103,HCI Research Practice,Design Research & Practice,1999,12,0.5,0.0,0.5,5.0
103,HCI Research Practice,Design Research & Practice,2000,64,0.547,0.047,0.406,5.23
103,HCI Research Practice,Design Research & Practice,2001,7,0.714,0.0,0.286,7.8
103,HCI Research Practice,Design Research & Practice,2002,54,0.444,0.074,0.481,4.46
103,HCI Research Practice,Design Research & Practice,2003,21,0.429,0.19,0.381,2.44
103,HCI Research Practice,Design Research & Practice,2004,93,0.462,0.086,0.452,5.4
103,HCI Research Practice,Design Research & Practice,2005,23,0.478,0.304,0.217,4.82
103,HCI Research Practice,Design Research & Practice,2006,81,0.506,0.21,0.284,6.27
103,HCI Research Practice,Design Research & Practice,2007,49,0.49,0.306,0.204,4.46
103,HCI Research Practice,Design Research & Practice,2008,42,0.5,0.214,0.286,6.95
103,HCI Research Practice,Design Research & Practice,2009,20,0.25,0.3,0.45,9.6
103,HCI Research Practice,Design Research & Practice,2010,33,0.515,0.091,0.394,9.18
103,HCI Research Practice,Design Research & Practice,2011,36,0.389,0.194,0.417,6.64
103,HCI Research Practice,Design Research & Practice,2012,16,0.438,0.312,0.25,7.57
103,HCI Research Practice,Design Research & Practice,2013,22,0.5,0.182,0.318,7.27
103,HCI Research Practice,Design Research & Practice,2014,60,0.367,0.317,0.317,7.86
103,HCI Research Practice,Design Research & Practice,2015,34,0.588,0.206,0.206,10.05
103,HCI Research Practice,Design Research & Practice,2016,31,0.645,0.097,0.258,7.6
103,HCI Research Practice,Design Research & Practice,2017,43,0.535,0.209,0.256,8.43
103,HCI Research Practice,Design Research & Practice,2018,84,0.333,0.19,0.476,13.07
103,HCI Research Practice,Design Research & Practice,2019,170,0.412,0.241,0.347,7.74
103,HCI Research Practice,Design Research & Practice,2020,159,0.428,0.182,0.39,7.06
103,HCI Research Practice,Design Research & Practice,2021,128,0.391,0.18,0.43,9.86
103,HCI Research Practice,Design Research & Practice,2022,135,0.304,0.156,0.541,9.37
103,HCI Research Practice,Design Research & Practice,2023,122,0.467,0.156,0.377,8.18
103,HCI Research Practice,Design Research & Practice,2024,104,0.365,0.029,0.606,9.71
103,HCI Research Practice,Design Research & Practice,2025,160,0.275,0.081,0.644,8.8
103,HCI Research Practice,Design Research & Practice,2026,66,0.364,0.152,0.485,8.21
104,Design Fiction & Ethics,Design Research & Practice,1992,1,0.0,1.0,0.0,
104,Design Fiction & Ethics,Design Research & Practice,1995,1,0.0,0.0,1.0,
104,Design Fiction & Ethics,Design Research & Practice,2000,5,0.0,0.2,0.8,
104,Design Fiction & Ethics,Design Research & Practice,2001,7,0.143,0.143,0.714,9.0
104,Design Fiction & Ethics,Design Research & Practice,2002,1,0.0,1.0,0.0,
104,Design Fiction & Ethics,Design Research & Practice,2004,2,0.5,0.0,0.5,4.0
104,Design Fiction & Ethics,Design Research & Practice,2007,25,0.04,0.52,0.44,7.0
104,Design Fiction & Ethics,Design Research & Practice,2008,34,0.206,0.588,0.206,5.86
104,Design Fiction & Ethics,Design Research & Practice,2009,16,0.25,0.375,0.375,7.0
104,Design Fiction & Ethics,Design Research & Practice,2010,11,0.455,0.273,0.273,5.2
104,Design Fiction & Ethics,Design Research & Practice,2012,74,0.189,0.432,0.378,7.57
104,Design Fiction & Ethics,Design Research & Practice,2013,55,0.218,0.4,0.382,6.92
104,Design Fiction & Ethics,Design Research & Practice,2014,64,0.391,0.391,0.219,3.76
104,Design Fiction & Ethics,Design Research & Practice,2015,30,0.4,0.233,0.367,4.42
104,Design Fiction & Ethics,Design Research & Practice,2016,99,0.323,0.323,0.354,4.16
104,Design Fiction & Ethics,Design Research & Practice,2017,190,0.411,0.289,0.3,3.91
104,Design Fiction & Ethics,Design Research & Practice,2018,134,0.41,0.261,0.328,4.69
104,Design Fiction & Ethics,Design Research & Practice,2019,226,0.403,0.208,0.389,5.11
104,Design Fiction & Ethics,Design Research & Practice,2020,275,0.385,0.196,0.418,6.19
104,Design Fiction & Ethics,Design Research & Practice,2021,369,0.344,0.209,0.447,4.69
104,Design Fiction & Ethics,Design Research & Practice,2022,453,0.305,0.135,0.561,5.73
104,Design Fiction & Ethics,Design Research & Practice,2023,506,0.296,0.221,0.482,6.07
104,Design Fiction & Ethics,Design Research & Practice,2024,274,0.38,0.212,0.409,5.68
104,Design Fiction & Ethics,Design Research & Practice,2025,452,0.372,0.199,0.429,6.96
104,Design Fiction & Ethics,Design Research & Practice,2026,809,0.297,0.178,0.525,6.81
105,Memory & Reminiscence,Design Research & Practice,1999,1,0.0,0.0,1.0,
105,Memory & Reminiscence,Design Research & Practice,2000,5,0.2,0.0,0.8,1.0
105,Memory & Reminiscence,Design Research & Practice,2001,6,0.167,0.0,0.833,1.0
105,Memory & Reminiscence,Design Research & Practice,2002,8,0.375,0.0,0.625,2.33
105,Memory & Reminiscence,Design Research & Practice,2003,6,0.667,0.0,0.333,3.0
105,Memory & Reminiscence,Design Research & Practice,2004,32,0.344,0.062,0.594,3.18
105,Memory & Reminiscence,Design Research & Practice,2005,20,0.5,0.0,0.5,4.0
105,Memory & Reminiscence,Design Research & Practice,2006,44,0.545,0.045,0.409,4.38
105,Memory & Reminiscence,Design Research & Practice,2007,34,0.353,0.088,0.559,3.33
105,Memory & Reminiscence,Design Research & Practice,2008,66,0.576,0.136,0.288,4.29
105,Memory & Reminiscence,Design Research & Practice,2009,138,0.616,0.138,0.246,3.92
105,Memory & Reminiscence,Design Research & Practice,2010,101,0.535,0.178,0.287,3.5
105,Memory & Reminiscence,Design Research & Practice,2011,86,0.616,0.186,0.198,2.91
105,Memory & Reminiscence,Design Research & Practice,2012,91,0.549,0.187,0.264,3.32
105,Memory & Reminiscence,Design Research & Practice,2013,97,0.567,0.155,0.278,3.93
105,Memory & Reminiscence,Design Research & Practice,2014,144,0.514,0.201,0.285,4.42
105,Memory & Reminiscence,Design Research & Practice,2015,71,0.535,0.197,0.268,4.55
105,Memory & Reminiscence,Design Research & Practice,2016,198,0.53,0.197,0.273,5.16
105,Memory & Reminiscence,Design Research & Practice,2017,122,0.516,0.115,0.369,7.63
105,Memory & Reminiscence,Design Research & Practice,2018,215,0.498,0.219,0.284,7.11
105,Memory & Reminiscence,Design Research & Practice,2019,153,0.451,0.131,0.418,7.64
105,Memory & Reminiscence,Design Research & Practice,2020,139,0.403,0.194,0.403,7.8
105,Memory & Reminiscence,Design Research & Practice,2021,271,0.476,0.218,0.306,7.7
105,Memory & Reminiscence,Design Research & Practice,2022,128,0.422,0.148,0.43,10.48
105,Memory & Reminiscence,Design Research & Practice,2023,250,0.568,0.168,0.264,7.84
105,Memory & Reminiscence,Design Research & Practice,2024,260,0.515,0.154,0.331,8.38
105,Memory & Reminiscence,Design Research & Practice,2025,473,0.505,0.114,0.381,8.87
105,Memory & Reminiscence,Design Research & Practice,2026,349,0.496,0.16,0.344,8.5
106,Museums & Cultural Heritage,Design Research & Practice,2000,2,0.5,0.5,0.0,2.0
106,Museums & Cultural Heritage,Design Research & Practice,2001,6,0.0,0.0,1.0,
106,Museums & Cultural Heritage,Design Research & Practice,2002,15,0.133,0.0,0.867,0.0
106,Museums & Cultural Heritage,Design Research & Practice,2003,7,0.286,0.286,0.429,2.0
106,Museums & Cultural Heritage,Design Research & Practice,2004,25,0.24,0.2,0.56,2.67
106,Museums & Cultural Heritage,Design Research & Practice,2005,25,0.4,0.16,0.44,2.1
106,Museums & Cultural Heritage,Design Research & Practice,2006,59,0.441,0.186,0.373,2.35
106,Museums & Cultural Heritage,Design Research & Practice,2007,32,0.438,0.125,0.438,2.86
106,Museums & Cultural Heritage,Design Research & Practice,2008,32,0.469,0.188,0.344,3.93
106,Museums & Cultural Heritage,Design Research & Practice,2009,47,0.404,0.085,0.511,4.63
106,Museums & Cultural Heritage,Design Research & Practice,2010,32,0.312,0.188,0.5,4.8
106,Museums & Cultural Heritage,Design Research & Practice,2011,47,0.319,0.213,0.468,5.93
106,Museums & Cultural Heritage,Design Research & Practice,2012,75,0.373,0.213,0.413,5.18
106,Museums & Cultural Heritage,Design Research & Practice,2013,58,0.328,0.241,0.431,4.21
106,Museums & Cultural Heritage,Design Research & Practice,2014,133,0.368,0.203,0.429,5.02
106,Museums & Cultural Heritage,Design Research & Practice,2015,73,0.479,0.164,0.356,5.31
106,Museums & Cultural Heritage,Design Research & Practice,2016,81,0.543,0.173,0.284,4.8
106,Museums & Cultural Heritage,Design Research & Practice,2017,170,0.4,0.3,0.3,6.26
106,Museums & Cultural Heritage,Design Research & Practice,2018,90,0.467,0.156,0.378,5.21
106,Museums & Cultural Heritage,Design Research & Practice,2019,154,0.318,0.247,0.435,7.29
106,Museums & Cultural Heritage,Design Research & Practice,2020,82,0.488,0.207,0.305,6.0
106,Museums & Cultural Heritage,Design Research & Practice,2021,71,0.31,0.296,0.394,5.59
106,Museums & Cultural Heritage,Design Research & Practice,2022,228,0.175,0.303,0.522,8.88
106,Museums & Cultural Heritage,Design Research & Practice,2023,102,0.343,0.186,0.471,7.54
106,Museums & Cultural Heritage,Design Research & Practice,2024,91,0.253,0.264,0.484,5.48
106,Museums & Cultural Heritage,Design Research & Practice,2025,262,0.225,0.214,0.561,5.66
106,Museums & Cultural Heritage,Design Research & Practice,2026,72,0.333,0.25,0.417,4.5
107,Bodily Play & Exertion,Design Research & Practice,1998,1,0.0,0.0,1.0,
107,Bodily Play & Exertion,Design Research & Practice,1999,6,0.0,0.167,0.833,
107,Bodily Play & Exertion,Design Research & Practice,2002,4,0.25,0.0,0.75,3.0
107,Bodily Play & Exertion,Design Research & Practice,2003,2,0.5,0.0,0.5,4.0
107,Bodily Play & Exertion,Design Research & Practice,2004,4,0.25,0.0,0.75,6.0
107,Bodily Play & Exertion,Design Research & Practice,2005,16,0.312,0.188,0.5,6.6
107,Bodily Play & Exertion,Design Research & Practice,2006,10,0.4,0.4,0.2,1.25
107,Bodily Play & Exertion,Design Research & Practice,2007,7,0.714,0.143,0.143,3.6
107,Bodily Play & Exertion,Design Research & Practice,2008,30,0.367,0.233,0.4,5.09
107,Bodily Play & Exertion,Design Research & Practice,2009,24,0.292,0.333,0.375,3.86
107,Bodily Play & Exertion,Design Research & Practice,2010,22,0.409,0.409,0.182,3.56
107,Bodily Play & Exertion,Design Research & Practice,2011,42,0.5,0.167,0.333,4.81
107,Bodily Play & Exertion,Design Research & Practice,2012,48,0.542,0.167,0.292,4.73
107,Bodily Play & Exertion,Design Research & Practice,2013,33,0.515,0.152,0.333,4.35
107,Bodily Play & Exertion,Design Research & Practice,2014,113,0.522,0.115,0.363,4.76
107,Bodily Play & Exertion,Design Research & Practice,2015,126,0.556,0.151,0.294,4.79
107,Bodily Play & Exertion,Design Research & Practice,2016,174,0.5,0.115,0.385,4.89
107,Bodily Play & Exertion,Design Research & Practice,2017,199,0.533,0.151,0.317,5.06
107,Bodily Play & Exertion,Design Research & Practice,2018,192,0.542,0.177,0.281,4.05
107,Bodily Play & Exertion,Design Research & Practice,2019,270,0.441,0.181,0.378,4.75
107,Bodily Play & Exertion,Design Research & Practice,2020,183,0.607,0.191,0.202,5.28
107,Bodily Play & Exertion,Design Research & Practice,2021,279,0.523,0.19,0.287,5.21
107,Bodily Play & Exertion,Design Research & Practice,2022,313,0.371,0.118,0.511,6.45
107,Bodily Play & Exertion,Design Research & Practice,2023,216,0.384,0.31,0.306,6.06
107,Bodily Play & Exertion,Design Research & Practice,2024,302,0.377,0.209,0.414,7.68
107,Bodily Play & Exertion,Design Research & Practice,2025,223,0.341,0.229,0.43,7.72
107,Bodily Play & Exertion,Design Research & Practice,2026,151,0.351,0.245,0.404,6.91
108,More-than-Human Design,Design Research & Practice,1996,2,0.0,0.0,1.0,
108,More-than-Human Design,Design Research & Practice,1997,1,1.0,0.0,0.0,0.0
108,More-than-Human Design,Design Research & Practice,1998,3,0.0,0.0,1.0,
108,More-than-Human Design,Design Research & Practice,2007,3,0.0,0.333,0.667,
108,More-than-Human Design,Design Research & Practice,2009,5,0.0,0.4,0.6,
108,More-than-Human Design,Design Research & Practice,2011,8,0.0,0.75,0.25,
108,More-than-Human Design,Design Research & Practice,2012,25,0.2,0.36,0.44,4.4
108,More-than-Human Design,Design Research & Practice,2013,2,0.0,0.5,0.5,
108,More-than-Human Design,Design Research & Practice,2014,5,0.0,0.6,0.4,
108,More-than-Human Design,Design Research & Practice,2016,16,0.062,0.438,0.5,4.0
108,More-than-Human Design,Design Research & Practice,2017,24,0.125,0.25,0.625,1.0
108,More-than-Human Design,Design Research & Practice,2018,75,0.213,0.4,0.387,6.0
108,More-than-Human Design,Design Research & Practice,2019,175,0.109,0.314,0.577,3.79
108,More-than-Human Design,Design Research & Practice,2020,250,0.224,0.332,0.444,3.98
108,More-than-Human Design,Design Research & Practice,2021,415,0.195,0.347,0.458,3.51
108,More-than-Human Design,Design Research & Practice,2022,350,0.266,0.326,0.409,3.19
108,More-than-Human Design,Design Research & Practice,2023,615,0.322,0.262,0.416,3.91
108,More-than-Human Design,Design Research & Practice,2024,840,0.365,0.235,0.4,3.46
108,More-than-Human Design,Design Research & Practice,2025,918,0.441,0.21,0.349,3.6
108,More-than-Human Design,Design Research & Practice,2026,1020,0.429,0.233,0.337,3.92
109,Family Communication at Home,Design Research & Practice,1998,3,0.0,0.0,1.0,
109,Family Communication at Home,Design Research & Practice,2000,6,0.167,0.5,0.333,2.0
109,Family Communication at Home,Design Research & Practice,2001,13,0.231,0.0,0.769,2.33
109,Family Communication at Home,Design Research & Practice,2002,8,0.5,0.25,0.25,2.0
109,Family Communication at Home,Design Research & Practice,2003,8,0.625,0.125,0.25,3.2
109,Family Communication at Home,Design Research & Practice,2004,11,0.455,0.091,0.455,3.4
109,Family Communication at Home,Design Research & Practice,2005,11,0.455,0.273,0.273,2.0
109,Family Communication at Home,Design Research & Practice,2006,39,0.359,0.077,0.564,3.57
109,Family Communication at Home,Design Research & Practice,2007,34,0.235,0.265,0.5,2.75
109,Family Communication at Home,Design Research & Practice,2008,94,0.436,0.277,0.287,4.39
109,Family Communication at Home,Design Research & Practice,2009,19,0.421,0.474,0.105,5.25
109,Family Communication at Home,Design Research & Practice,2010,117,0.41,0.265,0.325,4.75
109,Family Communication at Home,Design Research & Practice,2011,61,0.459,0.18,0.361,3.21
109,Family Communication at Home,Design Research & Practice,2012,95,0.537,0.095,0.368,3.96
109,Family Communication at Home,Design Research & Practice,2013,148,0.622,0.155,0.223,4.15
109,Family Communication at Home,Design Research & Practice,2014,153,0.575,0.118,0.307,4.86
109,Family Communication at Home,Design Research & Practice,2015,72,0.556,0.111,0.333,5.78
109,Family Communication at Home,Design Research & Practice,2016,50,0.52,0.14,0.34,6.73
109,Family Communication at Home,Design Research & Practice,2017,121,0.405,0.198,0.397,6.67
109,Family Communication at Home,Design Research & Practice,2018,161,0.54,0.068,0.391,6.85
109,Family Communication at Home,Design Research & Practice,2019,128,0.422,0.164,0.414,7.76
109,Family Communication at Home,Design Research & Practice,2020,94,0.5,0.223,0.277,9.36
109,Family Communication at Home,Design Research & Practice,2021,316,0.402,0.076,0.522,8.83
109,Family Communication at Home,Design Research & Practice,2022,137,0.365,0.182,0.453,8.74
109,Family Communication at Home,Design Research & Practice,2023,150,0.387,0.187,0.427,9.71
109,Family Communication at Home,Design Research & Practice,2024,239,0.414,0.113,0.473,10.26
109,Family Communication at Home,Design Research & Practice,2025,197,0.437,0.162,0.401,10.4
109,Family Communication at Home,Design Research & Practice,2026,204,0.436,0.162,0.402,10.62
110,Biofeedback & Mindfulness,Design Research & Practice,2004,2,0.0,0.0,1.0,
110,Biofeedback & Mindfulness,Design Research & Practice,2006,4,0.25,0.5,0.25,0.0
110,Biofeedback & Mindfulness,Design Research & Practice,2007,13,0.308,0.538,0.154,2.0
110,Biofeedback & Mindfulness,Design Research & Practice,2008,16,0.312,0.5,0.188,2.0
110,Biofeedback & Mindfulness,Design Research & Practice,2009,30,0.367,0.267,0.367,2.09
110,Biofeedback & Mindfulness,Design Research & Practice,2010,13,0.231,0.692,0.077,2.67
110,Biofeedback & Mindfulness,Design Research & Practice,2011,1,0.0,0.0,1.0,
110,Biofeedback & Mindfulness,Design Research & Practice,2012,17,0.118,0.471,0.412,8.5
110,Biofeedback & Mindfulness,Design Research & Practice,2013,9,0.0,0.444,0.556,
110,Biofeedback & Mindfulness,Design Research & Practice,2014,24,0.333,0.292,0.375,3.5
110,Biofeedback & Mindfulness,Design Research & Practice,2015,21,0.381,0.238,0.381,4.88
110,Biofeedback & Mindfulness,Design Research & Practice,2016,62,0.129,0.258,0.613,4.12
110,Biofeedback & Mindfulness,Design Research & Practice,2017,121,0.388,0.174,0.438,4.4
110,Biofeedback & Mindfulness,Design Research & Practice,2018,156,0.269,0.231,0.5,4.24
110,Biofeedback & Mindfulness,Design Research & Practice,2019,162,0.37,0.191,0.438,3.52
110,Biofeedback & Mindfulness,Design Research & Practice,2020,162,0.457,0.167,0.377,4.45
110,Biofeedback & Mindfulness,Design Research & Practice,2021,130,0.462,0.162,0.377,3.8
110,Biofeedback & Mindfulness,Design Research & Practice,2022,236,0.508,0.131,0.36,4.84
110,Biofeedback & Mindfulness,Design Research & Practice,2023,288,0.326,0.236,0.438,6.87
110,Biofeedback & Mindfulness,Design Research & Practice,2024,338,0.423,0.222,0.355,5.99
110,Biofeedback & Mindfulness,Design Research & Practice,2025,357,0.431,0.137,0.431,6.79
110,Biofeedback & Mindfulness,Design Research & Practice,2026,461,0.443,0.171,0.386,5.72
111,Human-Food Interaction,Design Research & Practice,2002,2,0.0,0.0,1.0,
111,Human-Food Interaction,Design Research & Practice,2004,8,0.125,0.875,0.0,4.0
111,Human-Food Interaction,Design Research & Practice,2005,1,0.0,0.0,1.0,
111,Human-Food Interaction,Design Research & Practice,2006,8,0.375,0.5,0.125,3.33
111,Human-Food Interaction,Design Research & Practice,2007,7,0.286,0.0,0.714,5.0
111,Human-Food Interaction,Design Research & Practice,2008,27,0.148,0.444,0.407,3.75
111,Human-Food Interaction,Design Research & Practice,2009,6,0.0,0.5,0.5,
111,Human-Food Interaction,Design Research & Practice,2010,8,0.5,0.375,0.125,5.25
111,Human-Food Interaction,Design Research & Practice,2011,10,0.6,0.1,0.3,4.33
111,Human-Food Interaction,Design Research & Practice,2012,26,0.269,0.192,0.538,3.86
111,Human-Food Interaction,Design Research & Practice,2013,43,0.372,0.14,0.488,2.38
111,Human-Food Interaction,Design Research & Practice,2014,27,0.481,0.111,0.407,5.46
111,Human-Food Interaction,Design Research & Practice,2015,34,0.176,0.294,0.529,3.0
111,Human-Food Interaction,Design Research & Practice,2016,34,0.353,0.176,0.471,5.17
111,Human-Food Interaction,Design Research & Practice,2017,69,0.391,0.13,0.478,4.59
111,Human-Food Interaction,Design Research & Practice,2018,41,0.561,0.146,0.293,4.7
111,Human-Food Interaction,Design Research & Practice,2019,100,0.45,0.22,0.33,6.18
111,Human-Food Interaction,Design Research & Practice,2020,179,0.475,0.212,0.313,4.22
111,Human-Food Interaction,Design Research & Practice,2021,85,0.435,0.353,0.212,4.05
111,Human-Food Interaction,Design Research & Practice,2022,227,0.502,0.211,0.286,5.92
111,Human-Food Interaction,Design Research & Practice,2023,148,0.507,0.149,0.345,6.01
111,Human-Food Interaction,Design Research & Practice,2024,114,0.474,0.132,0.395,5.72
111,Human-Food Interaction,Design Research & Practice,2025,140,0.479,0.214,0.307,6.16
111,Human-Food Interaction,Design Research & Practice,2026,228,0.531,0.101,0.368,6.79
112,Animal-Computer Interaction,Design Research & Practice,1997,1,0.0,0.0,1.0,
112,Animal-Computer Interaction,Design Research & Practice,2005,9,0.111,0.0,0.889,8.0
112,Animal-Computer Interaction,Design Research & Practice,2008,5,0.0,0.4,0.6,
112,Animal-Computer Interaction,Design Research & Practice,2011,10,0.4,0.3,0.3,4.5
112,Animal-Computer Interaction,Design Research & Practice,2012,6,0.667,0.0,0.333,2.5
112,Animal-Computer Interaction,Design Research & Practice,2013,8,0.5,0.5,0.0,3.5
112,Animal-Computer Interaction,Design Research & Practice,2014,23,0.609,0.0,0.391,3.21
112,Animal-Computer Interaction,Design Research & Practice,2015,19,0.789,0.053,0.158,2.27
112,Animal-Computer Interaction,Design Research & Practice,2016,69,0.768,0.058,0.174,2.91
112,Animal-Computer Interaction,Design Research & Practice,2017,37,0.595,0.27,0.135,3.23
112,Animal-Computer Interaction,Design Research & Practice,2018,12,0.917,0.0,0.083,3.45
112,Animal-Computer Interaction,Design Research & Practice,2019,10,0.8,0.1,0.1,3.0
112,Animal-Computer Interaction,Design Research & Practice,2020,32,0.844,0.031,0.125,4.37
112,Animal-Computer Interaction,Design Research & Practice,2021,15,0.933,0.067,0.0,3.86
112,Animal-Computer Interaction,Design Research & Practice,2022,5,1.0,0.0,0.0,4.8
112,Animal-Computer Interaction,Design Research & Practice,2023,26,0.731,0.192,0.077,4.68
112,Animal-Computer Interaction,Design Research & Practice,2024,54,0.519,0.167,0.315,5.82
112,Animal-Computer Interaction,Design Research & Practice,2025,56,0.589,0.232,0.179,6.15
112,Animal-Computer Interaction,Design Research & Practice,2026,66,0.682,0.03,0.288,5.71
113,Personal Informatics,"Health, Care & Ageing",1999,7,0.0,0.0,1.0,
113,Personal Informatics,"Health, Care & Ageing",2005,7,0.0,0.0,1.0,
113,Personal Informatics,"Health, Care & Ageing",2006,2,0.0,0.0,1.0,
113,Personal Informatics,"Health, Care & Ageing",2007,4,0.75,0.0,0.25,1.0
113,Personal Informatics,"Health, Care & Ageing",2008,25,0.44,0.0,0.56,2.0
113,Personal Informatics,"Health, Care & Ageing",2009,21,0.571,0.095,0.333,2.33
113,Personal Informatics,"Health, Care & Ageing",2010,39,0.513,0.128,0.359,2.95
113,Personal Informatics,"Health, Care & Ageing",2011,69,0.377,0.203,0.42,3.35
113,Personal Informatics,"Health, Care & Ageing",2012,82,0.646,0.073,0.28,3.08
113,Personal Informatics,"Health, Care & Ageing",2013,123,0.423,0.114,0.463,4.08
113,Personal Informatics,"Health, Care & Ageing",2014,169,0.568,0.071,0.361,3.91
113,Personal Informatics,"Health, Care & Ageing",2015,330,0.533,0.055,0.412,3.66
113,Personal Informatics,"Health, Care & Ageing",2016,416,0.488,0.058,0.454,3.91
113,Personal Informatics,"Health, Care & Ageing",2017,464,0.636,0.075,0.289,4.04
113,Personal Informatics,"Health, Care & Ageing",2018,650,0.552,0.108,0.34,4.08
113,Personal Informatics,"Health, Care & Ageing",2019,340,0.482,0.162,0.356,4.14
113,Personal Informatics,"Health, Care & Ageing",2020,827,0.53,0.102,0.369,5.0
113,Personal Informatics,"Health, Care & Ageing",2021,843,0.601,0.119,0.28,5.59
113,Personal Informatics,"Health, Care & Ageing",2022,892,0.511,0.117,0.372,6.07
113,Personal Informatics,"Health, Care & Ageing",2023,951,0.523,0.156,0.322,6.32
113,Personal Informatics,"Health, Care & Ageing",2024,933,0.528,0.149,0.323,7.09
113,Personal Informatics,"Health, Care & Ageing",2025,1940,0.489,0.16,0.351,7.01
113,Personal Informatics,"Health, Care & Ageing",2026,977,0.534,0.113,0.353,6.97
114,Older Adults & Dementia Care,"Health, Care & Ageing",2005,3,0.333,0.0,0.667,3.0
114,Older Adults & Dementia Care,"Health, Care & Ageing",2006,1,0.0,0.0,1.0,
114,Older Adults & Dementia Care,"Health, Care & Ageing",2007,15,0.2,0.067,0.733,2.67
114,Older Adults & Dementia Care,"Health, Care & Ageing",2008,15,0.2,0.0,0.8,3.67
114,Older Adults & Dementia Care,"Health, Care & Ageing",2009,23,0.13,0.0,0.87,2.0
114,Older Adults & Dementia Care,"Health, Care & Ageing",2010,43,0.279,0.023,0.698,2.33
114,Older Adults & Dementia Care,"Health, Care & Ageing",2011,22,0.273,0.273,0.455,3.83
114,Older Adults & Dementia Care,"Health, Care & Ageing",2012,49,0.306,0.102,0.592,3.93
114,Older Adults & Dementia Care,"Health, Care & Ageing",2013,25,0.48,0.12,0.4,2.67
114,Older Adults & Dementia Care,"Health, Care & Ageing",2014,73,0.329,0.164,0.507,3.0
114,Older Adults & Dementia Care,"Health, Care & Ageing",2015,46,0.413,0.0,0.587,3.32
114,Older Adults & Dementia Care,"Health, Care & Ageing",2016,178,0.371,0.09,0.539,4.5
114,Older Adults & Dementia Care,"Health, Care & Ageing",2017,237,0.384,0.097,0.519,3.62
114,Older Adults & Dementia Care,"Health, Care & Ageing",2018,141,0.539,0.043,0.418,4.25
114,Older Adults & Dementia Care,"Health, Care & Ageing",2019,264,0.409,0.061,0.53,3.59
114,Older Adults & Dementia Care,"Health, Care & Ageing",2020,338,0.586,0.08,0.334,3.92
114,Older Adults & Dementia Care,"Health, Care & Ageing",2021,538,0.452,0.059,0.489,4.92
114,Older Adults & Dementia Care,"Health, Care & Ageing",2022,638,0.53,0.063,0.408,4.21
114,Older Adults & Dementia Care,"Health, Care & Ageing",2023,339,0.51,0.115,0.375,4.89
114,Older Adults & Dementia Care,"Health, Care & Ageing",2024,514,0.545,0.076,0.379,5.25
114,Older Adults & Dementia Care,"Health, Care & Ageing",2025,916,0.459,0.088,0.453,5.42
114,Older Adults & Dementia Care,"Health, Care & Ageing",2026,467,0.52,0.069,0.411,5.93
115,Chronic Care & Caregiving,"Health, Care & Ageing",2001,1,1.0,0.0,0.0,3.0
115,Chronic Care & Caregiving,"Health, Care & Ageing",2002,2,0.0,0.0,1.0,
115,Chronic Care & Caregiving,"Health, Care & Ageing",2006,14,0.0,0.071,0.929,
115,Chronic Care & Caregiving,"Health, Care & Ageing",2007,1,0.0,0.0,1.0,
115,Chronic Care & Caregiving,"Health, Care & Ageing",2008,23,0.174,0.217,0.609,3.0
115,Chronic Care & Caregiving,"Health, Care & Ageing",2009,6,0.167,0.0,0.833,11.0
115,Chronic Care & Caregiving,"Health, Care & Ageing",2010,56,0.321,0.179,0.5,2.28
115,Chronic Care & Caregiving,"Health, Care & Ageing",2011,34,0.5,0.235,0.265,2.76
115,Chronic Care & Caregiving,"Health, Care & Ageing",2012,13,0.385,0.154,0.462,1.8
115,Chronic Care & Caregiving,"Health, Care & Ageing",2013,50,0.44,0.2,0.36,3.41
115,Chronic Care & Caregiving,"Health, Care & Ageing",2014,37,0.486,0.054,0.459,3.22
115,Chronic Care & Caregiving,"Health, Care & Ageing",2015,138,0.471,0.203,0.326,4.91
115,Chronic Care & Caregiving,"Health, Care & Ageing",2016,162,0.444,0.333,0.222,4.46
115,Chronic Care & Caregiving,"Health, Care & Ageing",2017,304,0.546,0.22,0.234,3.86
115,Chronic Care & Caregiving,"Health, Care & Ageing",2018,240,0.458,0.188,0.354,3.59
115,Chronic Care & Caregiving,"Health, Care & Ageing",2019,437,0.492,0.272,0.236,4.5
115,Chronic Care & Caregiving,"Health, Care & Ageing",2020,279,0.57,0.215,0.215,4.77
115,Chronic Care & Caregiving,"Health, Care & Ageing",2021,493,0.414,0.286,0.3,5.2
115,Chronic Care & Caregiving,"Health, Care & Ageing",2022,465,0.422,0.249,0.329,5.76
115,Chronic Care & Caregiving,"Health, Care & Ageing",2023,510,0.433,0.282,0.284,6.26
115,Chronic Care & Caregiving,"Health, Care & Ageing",2024,687,0.405,0.266,0.329,6.44
115,Chronic Care & Caregiving,"Health, Care & Ageing",2025,1018,0.373,0.257,0.369,6.29
115,Chronic Care & Caregiving,"Health, Care & Ageing",2026,558,0.328,0.276,0.396,5.99
116,Mental Health Interventions,"Health, Care & Ageing",2009,1,0.0,0.0,1.0,
116,Mental Health Interventions,"Health, Care & Ageing",2010,9,0.0,0.111,0.889,
116,Mental Health Interventions,"Health, Care & Ageing",2011,15,0.067,0.267,0.667,2.0
116,Mental Health Interventions,"Health, Care & Ageing",2012,22,0.182,0.182,0.636,2.0
116,Mental Health Interventions,"Health, Care & Ageing",2013,15,0.4,0.333,0.267,1.83
116,Mental Health Interventions,"Health, Care & Ageing",2014,32,0.312,0.156,0.531,1.9
116,Mental Health Interventions,"Health, Care & Ageing",2015,47,0.234,0.383,0.383,3.18
116,Mental Health Interventions,"Health, Care & Ageing",2016,54,0.389,0.185,0.426,3.05
116,Mental Health Interventions,"Health, Care & Ageing",2017,68,0.132,0.456,0.412,3.0
116,Mental Health Interventions,"Health, Care & Ageing",2018,124,0.226,0.298,0.476,3.36
116,Mental Health Interventions,"Health, Care & Ageing",2019,250,0.236,0.192,0.572,3.85
116,Mental Health Interventions,"Health, Care & Ageing",2020,265,0.309,0.208,0.483,3.99
116,Mental Health Interventions,"Health, Care & Ageing",2021,126,0.23,0.206,0.563,3.93
116,Mental Health Interventions,"Health, Care & Ageing",2022,433,0.245,0.226,0.529,3.76
116,Mental Health Interventions,"Health, Care & Ageing",2023,405,0.304,0.272,0.425,4.29
116,Mental Health Interventions,"Health, Care & Ageing",2024,457,0.302,0.199,0.499,4.58
116,Mental Health Interventions,"Health, Care & Ageing",2025,814,0.296,0.21,0.494,4.71
116,Mental Health Interventions,"Health, Care & Ageing",2026,414,0.28,0.174,0.546,4.22
117,Women's Health & Menstrual Tracking,"Health, Care & Ageing",2010,1,0.0,0.0,1.0,
117,Women's Health & Menstrual Tracking,"Health, Care & Ageing",2011,17,0.0,0.0,1.0,
117,Women's Health & Menstrual Tracking,"Health, Care & Ageing",2012,7,0.286,0.143,0.571,1.5
117,Women's Health & Menstrual Tracking,"Health, Care & Ageing",2014,10,0.2,0.0,0.8,3.0
117,Women's Health & Menstrual Tracking,"Health, Care & Ageing",2015,15,0.133,0.333,0.533,4.0
117,Women's Health & Menstrual Tracking,"Health, Care & Ageing",2016,37,0.297,0.135,0.568,2.91
117,Women's Health & Menstrual Tracking,"Health, Care & Ageing",2017,81,0.173,0.358,0.469,2.0
117,Women's Health & Menstrual Tracking,"Health, Care & Ageing",2018,113,0.168,0.442,0.389,2.47
117,Women's Health & Menstrual Tracking,"Health, Care & Ageing",2019,166,0.289,0.223,0.488,3.08
117,Women's Health & Menstrual Tracking,"Health, Care & Ageing",2020,338,0.37,0.038,0.592,2.87
117,Women's Health & Menstrual Tracking,"Health, Care & Ageing",2021,279,0.466,0.28,0.254,2.87
117,Women's Health & Menstrual Tracking,"Health, Care & Ageing",2022,247,0.409,0.231,0.36,3.69
117,Women's Health & Menstrual Tracking,"Health, Care & Ageing",2023,313,0.431,0.144,0.425,4.3
117,Women's Health & Menstrual Tracking,"Health, Care & Ageing",2024,733,0.431,0.177,0.392,4.47
117,Women's Health & Menstrual Tracking,"Health, Care & Ageing",2025,733,0.42,0.089,0.491,4.25
117,Women's Health & Menstrual Tracking,"Health, Care & Ageing",2026,672,0.473,0.107,0.42,4.72
118,Family Health Informatics,"Health, Care & Ageing",1998,1,1.0,0.0,0.0,2.0
118,Family Health Informatics,"Health, Care & Ageing",2003,3,1.0,0.0,0.0,5.67
118,Family Health Informatics,"Health, Care & Ageing",2005,1,1.0,0.0,0.0,2.0
118,Family Health Informatics,"Health, Care & Ageing",2006,15,0.0,0.0,1.0,
118,Family Health Informatics,"Health, Care & Ageing",2007,8,0.375,0.375,0.25,4.67
118,Family Health Informatics,"Health, Care & Ageing",2008,24,0.208,0.167,0.625,3.6
118,Family Health Informatics,"Health, Care & Ageing",2009,6,0.5,0.0,0.5,3.67
118,Family Health Informatics,"Health, Care & Ageing",2010,21,0.143,0.048,0.81,2.33
118,Family Health Informatics,"Health, Care & Ageing",2011,10,0.1,0.0,0.9,1.0
118,Family Health Informatics,"Health, Care & Ageing",2012,43,0.233,0.116,0.651,4.1
118,Family Health Informatics,"Health, Care & Ageing",2013,21,0.381,0.048,0.571,4.5
118,Family Health Informatics,"Health, Care & Ageing",2014,29,0.241,0.207,0.552,6.86
118,Family Health Informatics,"Health, Care & Ageing",2015,77,0.052,0.39,0.558,3.0
118,Family Health Informatics,"Health, Care & Ageing",2016,58,0.207,0.345,0.448,2.08
118,Family Health Informatics,"Health, Care & Ageing",2017,93,0.161,0.505,0.333,5.53
118,Family Health Informatics,"Health, Care & Ageing",2018,97,0.309,0.32,0.371,4.17
118,Family Health Informatics,"Health, Care & Ageing",2019,34,0.471,0.382,0.147,4.38
118,Family Health Informatics,"Health, Care & Ageing",2020,202,0.267,0.446,0.287,5.35
118,Family Health Informatics,"Health, Care & Ageing",2021,240,0.233,0.367,0.4,4.38
118,Family Health Informatics,"Health, Care & Ageing",2022,265,0.385,0.317,0.298,5.66
118,Family Health Informatics,"Health, Care & Ageing",2023,161,0.385,0.317,0.298,4.92
118,Family Health Informatics,"Health, Care & Ageing",2024,470,0.287,0.36,0.353,6.03
118,Family Health Informatics,"Health, Care & Ageing",2025,556,0.306,0.189,0.505,5.65
118,Family Health Informatics,"Health, Care & Ageing",2026,296,0.324,0.264,0.412,6.26
119,Hospital Work & Records,"Health, Care & Ageing",1992,1,0.0,0.0,1.0,
119,Hospital Work & Records,"Health, Care & Ageing",1996,11,0.091,0.0,0.909,2.0
119,Hospital Work & Records,"Health, Care & Ageing",1998,7,0.429,0.0,0.571,2.0
119,Hospital Work & Records,"Health, Care & Ageing",2002,6,0.5,0.0,0.5,4.67
119,Hospital Work & Records,"Health, Care & Ageing",2004,4,0.5,0.0,0.5,5.0
119,Hospital Work & Records,"Health, Care & Ageing",2006,22,0.364,0.0,0.636,5.75
119,Hospital Work & Records,"Health, Care & Ageing",2007,2,0.5,0.0,0.5,5.0
119,Hospital Work & Records,"Health, Care & Ageing",2008,21,0.429,0.0,0.571,6.33
119,Hospital Work & Records,"Health, Care & Ageing",2009,11,0.545,0.0,0.455,7.33
119,Hospital Work & Records,"Health, Care & Ageing",2010,52,0.577,0.019,0.404,5.23
119,Hospital Work & Records,"Health, Care & Ageing",2011,20,0.4,0.0,0.6,6.88
119,Hospital Work & Records,"Health, Care & Ageing",2012,48,0.583,0.104,0.312,4.93
119,Hospital Work & Records,"Health, Care & Ageing",2013,19,0.895,0.0,0.105,6.47
119,Hospital Work & Records,"Health, Care & Ageing",2014,28,0.5,0.036,0.464,6.79
119,Hospital Work & Records,"Health, Care & Ageing",2015,36,0.639,0.0,0.361,5.87
119,Hospital Work & Records,"Health, Care & Ageing",2016,33,0.727,0.061,0.212,6.04
119,Hospital Work & Records,"Health, Care & Ageing",2017,38,0.658,0.026,0.316,7.64
119,Hospital Work & Records,"Health, Care & Ageing",2018,45,0.289,0.0,0.711,9.31
119,Hospital Work & Records,"Health, Care & Ageing",2019,31,0.677,0.065,0.258,8.1
119,Hospital Work & Records,"Health, Care & Ageing",2020,77,0.545,0.039,0.416,9.05
119,Hospital Work & Records,"Health, Care & Ageing",2021,120,0.492,0.233,0.275,8.75
119,Hospital Work & Records,"Health, Care & Ageing",2022,55,0.618,0.127,0.255,10.15
119,Hospital Work & Records,"Health, Care & Ageing",2023,101,0.386,0.188,0.426,8.23
119,Hospital Work & Records,"Health, Care & Ageing",2024,69,0.435,0.072,0.493,12.47
119,Hospital Work & Records,"Health, Care & Ageing",2025,62,0.306,0.081,0.613,12.79
119,Hospital Work & Records,"Health, Care & Ageing",2026,46,0.435,0.109,0.457,12.95
120,Stroke Rehabilitation & Eating,"Health, Care & Ageing",2002,1,0.0,0.0,1.0,
120,Stroke Rehabilitation & Eating,"Health, Care & Ageing",2004,4,0.0,0.0,1.0,
120,Stroke Rehabilitation & Eating,"Health, Care & Ageing",2005,3,0.333,0.0,0.667,3.0
120,Stroke Rehabilitation & Eating,"Health, Care & Ageing",2006,3,0.667,0.0,0.333,1.5
120,Stroke Rehabilitation & Eating,"Health, Care & Ageing",2007,6,0.667,0.0,0.333,1.75
120,Stroke Rehabilitation & Eating,"Health, Care & Ageing",2008,2,1.0,0.0,0.0,1.5
120,Stroke Rehabilitation & Eating,"Health, Care & Ageing",2009,7,0.857,0.143,0.0,2.5
120,Stroke Rehabilitation & Eating,"Health, Care & Ageing",2010,1,1.0,0.0,0.0,5.0
120,Stroke Rehabilitation & Eating,"Health, Care & Ageing",2011,4,0.0,0.25,0.75,
120,Stroke Rehabilitation & Eating,"Health, Care & Ageing",2012,4,0.25,0.25,0.5,1.0
120,Stroke Rehabilitation & Eating,"Health, Care & Ageing",2013,4,0.25,0.0,0.75,8.0
120,Stroke Rehabilitation & Eating,"Health, Care & Ageing",2014,16,0.25,0.188,0.562,2.0
120,Stroke Rehabilitation & Eating,"Health, Care & Ageing",2015,12,0.167,0.0,0.833,2.0
120,Stroke Rehabilitation & Eating,"Health, Care & Ageing",2016,10,0.4,0.0,0.6,3.75
120,Stroke Rehabilitation & Eating,"Health, Care & Ageing",2017,33,0.333,0.212,0.455,4.36
120,Stroke Rehabilitation & Eating,"Health, Care & Ageing",2018,39,0.564,0.077,0.359,2.68
120,Stroke Rehabilitation & Eating,"Health, Care & Ageing",2019,78,0.474,0.167,0.359,3.38
120,Stroke Rehabilitation & Eating,"Health, Care & Ageing",2020,48,0.417,0.146,0.438,4.55
120,Stroke Rehabilitation & Eating,"Health, Care & Ageing",2021,10,0.3,0.1,0.6,5.67
120,Stroke Rehabilitation & Eating,"Health, Care & Ageing",2022,55,0.418,0.164,0.418,5.17
120,Stroke Rehabilitation & Eating,"Health, Care & Ageing",2023,48,0.333,0.208,0.458,4.44
120,Stroke Rehabilitation & Eating,"Health, Care & Ageing",2024,79,0.266,0.253,0.481,5.48
120,Stroke Rehabilitation & Eating,"Health, Care & Ageing",2025,69,0.174,0.217,0.609,6.5
120,Stroke Rehabilitation & Eating,"Health, Care & Ageing",2026,67,0.388,0.179,0.433,6.5
121,Social Media & Privacy,Social Media & Online Communities,1996,3,0.0,0.0,1.0,
121,Social Media & Privacy,Social Media & Online Communities,2003,6,0.0,0.167,0.833,
121,Social Media & Privacy,Social Media & Online Communities,2005,24,0.125,0.042,0.833,1.33
121,Social Media & Privacy,Social Media & Online Communities,2006,28,0.214,0.143,0.643,1.67
121,Social Media & Privacy,Social Media & Online Communities,2007,30,0.433,0.0,0.567,2.38
121,Social Media & Privacy,Social Media & Online Communities,2008,48,0.542,0.208,0.25,2.27
121,Social Media & Privacy,Social Media & Online Communities,2009,40,0.575,0.2,0.225,2.52
121,Social Media & Privacy,Social Media & Online Communities,2010,120,0.65,0.083,0.267,2.96
121,Social Media & Privacy,Social Media & Online Communities,2011,131,0.695,0.183,0.122,3.15
121,Social Media & Privacy,Social Media & Online Communities,2012,206,0.65,0.146,0.204,3.38
121,Social Media & Privacy,Social Media & Online Communities,2013,349,0.63,0.135,0.235,3.52
121,Social Media & Privacy,Social Media & Online Communities,2014,345,0.655,0.099,0.246,3.3
121,Social Media & Privacy,Social Media & Online Communities,2015,374,0.652,0.118,0.23,3.5
121,Social Media & Privacy,Social Media & Online Communities,2016,481,0.653,0.108,0.239,3.53
121,Social Media & Privacy,Social Media & Online Communities,2017,647,0.603,0.161,0.236,3.52
121,Social Media & Privacy,Social Media & Online Communities,2018,581,0.571,0.193,0.236,3.92
121,Social Media & Privacy,Social Media & Online Communities,2019,650,0.682,0.145,0.174,4.18
121,Social Media & Privacy,Social Media & Online Communities,2020,528,0.566,0.155,0.278,5.31
121,Social Media & Privacy,Social Media & Online Communities,2021,1074,0.58,0.199,0.221,4.93
121,Social Media & Privacy,Social Media & Online Communities,2022,891,0.522,0.203,0.275,5.46
121,Social Media & Privacy,Social Media & Online Communities,2023,1031,0.472,0.235,0.293,5.46
121,Social Media & Privacy,Social Media & Online Communities,2024,951,0.456,0.232,0.311,6.38
121,Social Media & Privacy,Social Media & Online Communities,2025,1316,0.416,0.255,0.328,6.33
121,Social Media & Privacy,Social Media & Online Communities,2026,498,0.341,0.267,0.392,7.45
122,Sustainable HCI,Social Media & Online Communities,1996,7,0.0,0.0,1.0,
122,Sustainable HCI,Social Media & Online Communities,1998,2,0.0,0.0,1.0,
122,Sustainable HCI,Social Media & Online Communities,2002,2,0.5,0.0,0.5,6.0
122,Sustainable HCI,Social Media & Online Communities,2004,9,0.0,0.0,1.0,
122,Sustainable HCI,Social Media & Online Communities,2005,1,1.0,0.0,0.0,7.0
122,Sustainable HCI,Social Media & Online Communities,2006,20,0.1,0.0,0.9,5.5
122,Sustainable HCI,Social Media & Online Communities,2007,8,0.125,0.125,0.75,1.0
122,Sustainable HCI,Social Media & Online Communities,2008,35,0.429,0.0,0.571,4.2
122,Sustainable HCI,Social Media & Online Communities,2009,59,0.407,0.034,0.559,1.71
122,Sustainable HCI,Social Media & Online Communities,2010,141,0.553,0.028,0.418,2.23
122,Sustainable HCI,Social Media & Online Communities,2011,109,0.606,0.046,0.349,2.33
122,Sustainable HCI,Social Media & Online Communities,2012,241,0.651,0.124,0.224,2.77
122,Sustainable HCI,Social Media & Online Communities,2013,314,0.688,0.054,0.258,3.22
122,Sustainable HCI,Social Media & Online Communities,2014,452,0.524,0.179,0.296,3.51
122,Sustainable HCI,Social Media & Online Communities,2015,312,0.622,0.074,0.304,3.64
122,Sustainable HCI,Social Media & Online Communities,2016,434,0.65,0.111,0.24,3.76
122,Sustainable HCI,Social Media & Online Communities,2017,437,0.6,0.162,0.238,4.28
122,Sustainable HCI,Social Media & Online Communities,2018,780,0.645,0.16,0.195,4.4
122,Sustainable HCI,Social Media & Online Communities,2019,639,0.499,0.196,0.305,5.45
122,Sustainable HCI,Social Media & Online Communities,2020,488,0.492,0.172,0.336,5.83
122,Sustainable HCI,Social Media & Online Communities,2021,744,0.474,0.22,0.305,6.06
122,Sustainable HCI,Social Media & Online Communities,2022,569,0.578,0.155,0.267,6.01
122,Sustainable HCI,Social Media & Online Communities,2023,940,0.502,0.164,0.334,7.05
122,Sustainable HCI,Social Media & Online Communities,2024,640,0.53,0.166,0.305,7.9
122,Sustainable HCI,Social Media & Online Communities,2025,821,0.49,0.196,0.314,7.93
122,Sustainable HCI,Social Media & Online Communities,2026,852,0.447,0.182,0.371,7.62
123,Content Moderation,Social Media & Online Communities,2004,3,0.0,0.667,0.333,
123,Content Moderation,Social Media & Online Communities,2005,7,0.143,0.571,0.286,1.0
123,Content Moderation,Social Media & Online Communities,2006,2,0.0,0.5,0.5,
123,Content Moderation,Social Media & Online Communities,2007,10,0.1,0.3,0.6,3.0
123,Content Moderation,Social Media & Online Communities,2008,2,0.5,0.5,0.0,1.0
123,Content Moderation,Social Media & Online Communities,2009,2,0.5,0.5,0.0,2.0
123,Content Moderation,Social Media & Online Communities,2010,28,0.464,0.464,0.071,3.54
123,Content Moderation,Social Media & Online Communities,2011,20,0.4,0.6,0.0,4.0
123,Content Moderation,Social Media & Online Communities,2012,19,0.421,0.526,0.053,2.38
123,Content Moderation,Social Media & Online Communities,2013,29,0.345,0.483,0.172,4.2
123,Content Moderation,Social Media & Online Communities,2014,28,0.286,0.536,0.179,2.5
123,Content Moderation,Social Media & Online Communities,2015,43,0.326,0.302,0.372,4.36
123,Content Moderation,Social Media & Online Communities,2016,81,0.333,0.457,0.21,5.22
123,Content Moderation,Social Media & Online Communities,2017,179,0.291,0.52,0.19,4.46
123,Content Moderation,Social Media & Online Communities,2018,287,0.3,0.544,0.157,3.51
123,Content Moderation,Social Media & Online Communities,2019,442,0.407,0.38,0.213,3.8
123,Content Moderation,Social Media & Online Communities,2020,545,0.444,0.372,0.183,3.67
123,Content Moderation,Social Media & Online Communities,2021,662,0.489,0.337,0.174,3.58
123,Content Moderation,Social Media & Online Communities,2022,1005,0.493,0.295,0.213,3.77
123,Content Moderation,Social Media & Online Communities,2023,1170,0.574,0.25,0.175,3.84
123,Content Moderation,Social Media & Online Communities,2024,1866,0.505,0.3,0.195,4.26
123,Content Moderation,Social Media & Online Communities,2025,2349,0.533,0.277,0.189,4.47
123,Content Moderation,Social Media & Online Communities,2026,1306,0.518,0.247,0.235,4.65
124,Open Collaboration Online,Social Media & Online Communities,1990,1,0.0,0.0,1.0,
124,Open Collaboration Online,Social Media & Online Communities,1994,3,0.333,0.0,0.667,4.0
124,Open Collaboration Online,Social Media & Online Communities,1996,5,0.0,0.0,1.0,
124,Open Collaboration Online,Social Media & Online Communities,1998,6,0.167,0.0,0.833,2.0
124,Open Collaboration Online,Social Media & Online Communities,2000,29,0.138,0.0,0.862,2.0
124,Open Collaboration Online,Social Media & Online Communities,2001,1,0.0,0.0,1.0,
124,Open Collaboration Online,Social Media & Online Communities,2002,30,0.333,0.067,0.6,2.9
124,Open Collaboration Online,Social Media & Online Communities,2003,24,0.417,0.0,0.583,3.0
124,Open Collaboration Online,Social Media & Online Communities,2004,24,0.375,0.125,0.5,3.0
124,Open Collaboration Online,Social Media & Online Communities,2005,22,0.409,0.182,0.409,3.89
124,Open Collaboration Online,Social Media & Online Communities,2006,47,0.511,0.043,0.447,3.67
124,Open Collaboration Online,Social Media & Online Communities,2007,34,0.5,0.088,0.412,3.35
124,Open Collaboration Online,Social Media & Online Communities,2008,104,0.51,0.115,0.375,3.57
124,Open Collaboration Online,Social Media & Online Communities,2009,91,0.56,0.121,0.319,2.86
124,Open Collaboration Online,Social Media & Online Communities,2010,180,0.617,0.094,0.289,3.55
124,Open Collaboration Online,Social Media & Online Communities,2011,155,0.503,0.11,0.387,3.94
124,Open Collaboration Online,Social Media & Online Communities,2012,222,0.617,0.158,0.225,4.61
124,Open Collaboration Online,Social Media & Online Communities,2013,206,0.646,0.16,0.194,4.24
124,Open Collaboration Online,Social Media & Online Communities,2014,199,0.628,0.201,0.171,4.26
124,Open Collaboration Online,Social Media & Online Communities,2015,256,0.625,0.176,0.199,4.37
124,Open Collaboration Online,Social Media & Online Communities,2016,305,0.564,0.2,0.236,5.15
124,Open Collaboration Online,Social Media & Online Communities,2017,353,0.567,0.229,0.204,4.76
124,Open Collaboration Online,Social Media & Online Communities,2018,302,0.576,0.238,0.185,5.12
124,Open Collaboration Online,Social Media & Online Communities,2019,120,0.567,0.25,0.183,7.16
124,Open Collaboration Online,Social Media & Online Communities,2020,109,0.56,0.193,0.248,6.97
124,Open Collaboration Online,Social Media & Online Communities,2021,204,0.49,0.265,0.245,6.67
124,Open Collaboration Online,Social Media & Online Communities,2022,251,0.526,0.219,0.255,8.02
124,Open Collaboration Online,Social Media & Online Communities,2023,231,0.411,0.286,0.303,8.8
124,Open Collaboration Online,Social Media & Online Communities,2024,155,0.413,0.297,0.29,8.05
124,Open Collaboration Online,Social Media & Online Communities,2025,246,0.467,0.313,0.22,9.79
124,Open Collaboration Online,Social Media & Online Communities,2026,149,0.389,0.376,0.235,9.22
125,Participatory & Community Design,Social Media & Online Communities,1983,1,1.0,0.0,0.0,1.0
125,Participatory & Community Design,Social Media & Online Communities,1990,1,0.0,0.0,1.0,
125,Participatory & Community Design,Social Media & Online Communities,2002,5,0.0,0.0,1.0,
125,Participatory & Community Design,Social Media & Online Communities,2004,1,0.0,0.0,1.0,
125,Participatory & Community Design,Social Media & Online Communities,2006,1,1.0,0.0,0.0,16.0
125,Participatory & Community Design,Social Media & Online Communities,2007,5,0.0,0.2,0.8,
125,Participatory & Community Design,Social Media & Online Communities,2008,36,0.111,0.139,0.75,4.5
125,Participatory & Community Design,Social Media & Online Communities,2010,51,0.216,0.137,0.647,3.0
125,Participatory & Community Design,Social Media & Online Communities,2011,77,0.338,0.286,0.377,1.73
125,Participatory & Community Design,Social Media & Online Communities,2012,56,0.214,0.321,0.464,1.92
125,Participatory & Community Design,Social Media & Online Communities,2013,77,0.286,0.351,0.364,2.27
125,Participatory & Community Design,Social Media & Online Communities,2014,76,0.289,0.342,0.368,3.0
125,Participatory & Community Design,Social Media & Online Communities,2015,111,0.387,0.36,0.252,3.95
125,Participatory & Community Design,Social Media & Online Communities,2016,123,0.333,0.472,0.195,3.88
125,Participatory & Community Design,Social Media & Online Communities,2017,322,0.326,0.453,0.22,4.48
125,Participatory & Community Design,Social Media & Online Communities,2018,413,0.286,0.433,0.281,4.1
125,Participatory & Community Design,Social Media & Online Communities,2019,559,0.361,0.422,0.216,4.05
125,Participatory & Community Design,Social Media & Online Communities,2020,351,0.405,0.333,0.262,4.28
125,Participatory & Community Design,Social Media & Online Communities,2021,695,0.423,0.327,0.25,3.69
125,Participatory & Community Design,Social Media & Online Communities,2022,901,0.448,0.281,0.271,4.52
125,Participatory & Community Design,Social Media & Online Communities,2023,955,0.424,0.283,0.293,5.02
125,Participatory & Community Design,Social Media & Online Communities,2024,1377,0.428,0.291,0.28,4.95
125,Participatory & Community Design,Social Media & Online Communities,2025,1891,0.441,0.277,0.282,5.42
125,Participatory & Community Design,Social Media & Online Communities,2026,1531,0.473,0.253,0.274,5.55
126,Misinformation & News,Social Media & Online Communities,2004,12,0.0,0.333,0.667,
126,Misinformation & News,Social Media & Online Communities,2007,6,0.0,0.0,1.0,
126,Misinformation & News,Social Media & Online Communities,2008,12,0.25,0.333,0.417,1.0
126,Misinformation & News,Social Media & Online Communities,2009,16,0.25,0.188,0.562,1.25
126,Misinformation & News,Social Media & Online Communities,2010,34,0.324,0.324,0.353,1.82
126,Misinformation & News,Social Media & Online Communities,2011,52,0.423,0.212,0.365,1.91
126,Misinformation & News,Social Media & Online Communities,2012,96,0.479,0.24,0.281,2.09
126,Misinformation & News,Social Media & Online Communities,2013,68,0.809,0.103,0.088,2.16
126,Misinformation & News,Social Media & Online Communities,2014,98,0.582,0.367,0.051,3.02
126,Misinformation & News,Social Media & Online Communities,2015,179,0.559,0.223,0.218,3.31
126,Misinformation & News,Social Media & Online Communities,2016,245,0.567,0.282,0.151,3.77
126,Misinformation & News,Social Media & Online Communities,2017,351,0.578,0.322,0.1,3.91
126,Misinformation & News,Social Media & Online Communities,2018,292,0.651,0.24,0.11,4.36
126,Misinformation & News,Social Media & Online Communities,2019,184,0.587,0.261,0.152,4.78
126,Misinformation & News,Social Media & Online Communities,2020,209,0.502,0.316,0.182,4.31
126,Misinformation & News,Social Media & Online Communities,2021,516,0.512,0.326,0.163,5.69
126,Misinformation & News,Social Media & Online Communities,2022,591,0.484,0.296,0.22,4.94
126,Misinformation & News,Social Media & Online Communities,2023,492,0.535,0.27,0.195,4.98
126,Misinformation & News,Social Media & Online Communities,2024,628,0.594,0.25,0.156,5.0
126,Misinformation & News,Social Media & Online Communities,2025,870,0.549,0.22,0.231,5.27
126,Misinformation & News,Social Media & Online Communities,2026,437,0.517,0.268,0.215,5.63
127,Feminist HCI & Global Contexts,Social Media & Online Communities,2005,1,0.0,0.0,1.0,
127,Feminist HCI & Global Contexts,Social Media & Online Communities,2006,6,0.167,0.0,0.833,9.0
127,Feminist HCI & Global Contexts,Social Media & Online Communities,2007,13,0.154,0.077,0.769,1.5
127,Feminist HCI & Global Contexts,Social Media & Online Communities,2008,11,0.455,0.182,0.364,1.2
127,Feminist HCI & Global Contexts,Social Media & Online Communities,2009,24,0.458,0.125,0.417,4.64
127,Feminist HCI & Global Contexts,Social Media & Online Communities,2010,49,0.388,0.061,0.551,2.42
127,Feminist HCI & Global Contexts,Social Media & Online Communities,2011,67,0.522,0.179,0.299,2.0
127,Feminist HCI & Global Contexts,Social Media & Online Communities,2012,50,0.44,0.12,0.44,3.09
127,Feminist HCI & Global Contexts,Social Media & Online Communities,2013,88,0.432,0.227,0.341,4.05
127,Feminist HCI & Global Contexts,Social Media & Online Communities,2014,37,0.378,0.405,0.216,3.64
127,Feminist HCI & Global Contexts,Social Media & Online Communities,2015,107,0.458,0.28,0.262,4.51
127,Feminist HCI & Global Contexts,Social Media & Online Communities,2016,86,0.419,0.291,0.291,3.69
127,Feminist HCI & Global Contexts,Social Media & Online Communities,2017,267,0.412,0.375,0.213,4.97
127,Feminist HCI & Global Contexts,Social Media & Online Communities,2018,274,0.464,0.288,0.248,4.19
127,Feminist HCI & Global Contexts,Social Media & Online Communities,2019,508,0.49,0.339,0.171,4.29
127,Feminist HCI & Global Contexts,Social Media & Online Communities,2020,374,0.428,0.326,0.246,4.56
127,Feminist HCI & Global Contexts,Social Media & Online Communities,2021,921,0.375,0.337,0.289,5.02
127,Feminist HCI & Global Contexts,Social Media & Online Communities,2022,899,0.37,0.374,0.256,4.53
127,Feminist HCI & Global Contexts,Social Media & Online Communities,2023,316,0.402,0.339,0.259,5.01
127,Feminist HCI & Global Contexts,Social Media & Online Communities,2024,790,0.457,0.335,0.208,5.68
127,Feminist HCI & Global Contexts,Social Media & Online Communities,2025,975,0.371,0.273,0.356,5.31
127,Feminist HCI & Global Contexts,Social Media & Online Communities,2026,879,0.402,0.314,0.284,6.18
128,Youth & Online Media,Social Media & Online Communities,1997,6,0.167,0.0,0.833,1.0
128,Youth & Online Media,Social Media & Online Communities,1999,4,0.5,0.0,0.5,2.5
128,Youth & Online Media,Social Media & Online Communities,2000,3,0.333,0.0,0.667,1.0
128,Youth & Online Media,Social Media & Online Communities,2005,3,0.333,0.0,0.667,6.0
128,Youth & Online Media,Social Media & Online Communities,2006,3,0.333,0.0,0.667,7.0
128,Youth & Online Media,Social Media & Online Communities,2007,7,0.714,0.0,0.286,7.6
128,Youth & Online Media,Social Media & Online Communities,2010,10,0.6,0.0,0.4,8.5
128,Youth & Online Media,Social Media & Online Communities,2011,16,0.0,0.25,0.75,
128,Youth & Online Media,Social Media & Online Communities,2012,27,0.37,0.259,0.37,5.9
128,Youth & Online Media,Social Media & Online Communities,2013,20,0.35,0.0,0.65,10.43
128,Youth & Online Media,Social Media & Online Communities,2014,27,0.481,0.0,0.519,7.46
128,Youth & Online Media,Social Media & Online Communities,2015,32,0.312,0.219,0.469,2.2
128,Youth & Online Media,Social Media & Online Communities,2016,96,0.448,0.24,0.312,4.26
128,Youth & Online Media,Social Media & Online Communities,2017,132,0.598,0.098,0.303,4.47
128,Youth & Online Media,Social Media & Online Communities,2018,162,0.5,0.142,0.358,4.42
128,Youth & Online Media,Social Media & Online Communities,2019,246,0.48,0.211,0.309,4.69
128,Youth & Online Media,Social Media & Online Communities,2020,94,0.457,0.245,0.298,5.16
128,Youth & Online Media,Social Media & Online Communities,2021,404,0.505,0.205,0.29,5.01
128,Youth & Online Media,Social Media & Online Communities,2022,245,0.42,0.147,0.433,4.88
128,Youth & Online Media,Social Media & Online Communities,2023,224,0.607,0.156,0.237,4.93
128,Youth & Online Media,Social Media & Online Communities,2024,514,0.477,0.2,0.323,5.28
128,Youth & Online Media,Social Media & Online Communities,2025,584,0.495,0.182,0.324,5.38
128,Youth & Online Media,Social Media & Online Communities,2026,449,0.472,0.238,0.29,5.55
129,Makerspaces & Hackathons,Social Media & Online Communities,1994,2,0.0,0.0,1.0,
129,Makerspaces & Hackathons,Social Media & Online Communities,2000,3,0.0,0.0,1.0,
129,Makerspaces & Hackathons,Social Media & Online Communities,2004,3,0.333,0.0,0.667,4.0
129,Makerspaces & Hackathons,Social Media & Online Communities,2006,2,0.5,0.0,0.5,10.0
129,Makerspaces & Hackathons,Social Media & Online Communities,2007,2,0.5,0.0,0.5,3.0
129,Makerspaces & Hackathons,Social Media & Online Communities,2008,6,0.5,0.0,0.5,12.67
129,Makerspaces & Hackathons,Social Media & Online Communities,2009,8,0.0,0.0,1.0,
129,Makerspaces & Hackathons,Social Media & Online Communities,2010,22,0.091,0.045,0.864,10.0
129,Makerspaces & Hackathons,Social Media & Online Communities,2011,17,0.176,0.235,0.588,4.0
129,Makerspaces & Hackathons,Social Media & Online Communities,2012,27,0.296,0.111,0.593,8.38
129,Makerspaces & Hackathons,Social Media & Online Communities,2013,35,0.6,0.086,0.314,2.76
129,Makerspaces & Hackathons,Social Media & Online Communities,2014,81,0.432,0.222,0.346,5.51
129,Makerspaces & Hackathons,Social Media & Online Communities,2015,162,0.426,0.235,0.34,3.26
129,Makerspaces & Hackathons,Social Media & Online Communities,2016,160,0.412,0.231,0.356,3.38
129,Makerspaces & Hackathons,Social Media & Online Communities,2017,186,0.489,0.226,0.285,3.36
129,Makerspaces & Hackathons,Social Media & Online Communities,2018,124,0.524,0.185,0.29,3.55
129,Makerspaces & Hackathons,Social Media & Online Communities,2019,249,0.426,0.153,0.422,3.84
129,Makerspaces & Hackathons,Social Media & Online Communities,2020,172,0.413,0.198,0.39,4.24
129,Makerspaces & Hackathons,Social Media & Online Communities,2021,307,0.45,0.326,0.225,5.09
129,Makerspaces & Hackathons,Social Media & Online Communities,2022,293,0.427,0.13,0.444,5.81
129,Makerspaces & Hackathons,Social Media & Online Communities,2023,237,0.426,0.249,0.325,6.16
129,Makerspaces & Hackathons,Social Media & Online Communities,2024,298,0.366,0.289,0.346,6.54
129,Makerspaces & Hackathons,Social Media & Online Communities,2025,543,0.37,0.317,0.313,8.36
129,Makerspaces & Hackathons,Social Media & Online Communities,2026,123,0.496,0.13,0.374,7.21
130,Gig Work & Labour,Social Media & Online Communities,1996,2,0.0,0.0,1.0,
130,Gig Work & Labour,Social Media & Online Communities,2006,1,0.0,0.0,1.0,
130,Gig Work & Labour,Social Media & Online Communities,2007,1,1.0,0.0,0.0,1.0
130,Gig Work & Labour,Social Media & Online Communities,2008,6,0.0,0.167,0.833,
130,Gig Work & Labour,Social Media & Online Communities,2010,1,0.0,0.0,1.0,
130,Gig Work & Labour,Social Media & Online Communities,2013,17,0.059,0.882,0.059,3.0
130,Gig Work & Labour,Social Media & Online Communities,2014,13,0.077,0.385,0.538,6.0
130,Gig Work & Labour,Social Media & Online Communities,2015,55,0.273,0.327,0.4,1.2
130,Gig Work & Labour,Social Media & Online Communities,2016,74,0.459,0.297,0.243,2.15
130,Gig Work & Labour,Social Media & Online Communities,2017,218,0.477,0.298,0.225,1.93
130,Gig Work & Labour,Social Media & Online Communities,2018,196,0.449,0.316,0.235,2.4
130,Gig Work & Labour,Social Media & Online Communities,2019,184,0.495,0.196,0.31,2.73
130,Gig Work & Labour,Social Media & Online Communities,2020,142,0.458,0.331,0.211,3.94
130,Gig Work & Labour,Social Media & Online Communities,2021,309,0.434,0.35,0.217,4.25
130,Gig Work & Labour,Social Media & Online Communities,2022,364,0.434,0.261,0.305,4.77
130,Gig Work & Labour,Social Media & Online Communities,2023,378,0.368,0.225,0.407,4.33
130,Gig Work & Labour,Social Media & Online Communities,2024,669,0.432,0.266,0.302,4.6
130,Gig Work & Labour,Social Media & Online Communities,2025,869,0.507,0.249,0.244,4.95
130,Gig Work & Labour,Social Media & Online Communities,2026,325,0.412,0.271,0.317,5.18
131,Live Streaming,Social Media & Online Communities,2006,2,0.0,0.0,1.0,
131,Live Streaming,Social Media & Online Communities,2007,3,0.0,0.0,1.0,
131,Live Streaming,Social Media & Online Communities,2008,10,0.1,0.1,0.8,1.0
131,Live Streaming,Social Media & Online Communities,2009,10,0.3,0.0,0.7,1.67
131,Live Streaming,Social Media & Online Communities,2011,12,0.667,0.083,0.25,3.0
131,Live Streaming,Social Media & Online Communities,2012,6,0.167,0.0,0.833,5.0
131,Live Streaming,Social Media & Online Communities,2013,6,0.333,0.333,0.333,2.0
131,Live Streaming,Social Media & Online Communities,2014,19,0.316,0.368,0.316,4.17
131,Live Streaming,Social Media & Online Communities,2015,41,0.171,0.122,0.707,2.57
131,Live Streaming,Social Media & Online Communities,2016,53,0.245,0.208,0.547,4.38
131,Live Streaming,Social Media & Online Communities,2017,90,0.467,0.133,0.4,3.83
131,Live Streaming,Social Media & Online Communities,2018,119,0.471,0.235,0.294,2.77
131,Live Streaming,Social Media & Online Communities,2019,230,0.496,0.161,0.343,2.85
131,Live Streaming,Social Media & Online Communities,2020,142,0.486,0.303,0.211,3.81
131,Live Streaming,Social Media & Online Communities,2021,374,0.471,0.16,0.369,3.79
131,Live Streaming,Social Media & Online Communities,2022,289,0.488,0.221,0.291,3.88
131,Live Streaming,Social Media & Online Communities,2023,307,0.45,0.27,0.28,4.35
131,Live Streaming,Social Media & Online Communities,2024,310,0.5,0.106,0.394,5.06
131,Live Streaming,Social Media & Online Communities,2025,413,0.361,0.211,0.429,5.42
131,Live Streaming,Social Media & Online Communities,2026,152,0.434,0.151,0.414,5.8
132,Trans & Gender Representation,Social Media & Online Communities,2007,3,0.0,0.0,1.0,
132,Trans & Gender Representation,Social Media & Online Communities,2015,2,0.0,1.0,0.0,
132,Trans & Gender Representation,Social Media & Online Communities,2016,6,0.167,0.833,0.0,1.0
132,Trans & Gender Representation,Social Media & Online Communities,2017,21,0.19,0.762,0.048,3.75
132,Trans & Gender Representation,Social Media & Online Communities,2018,67,0.164,0.657,0.179,2.64
132,Trans & Gender Representation,Social Media & Online Communities,2019,67,0.313,0.418,0.269,1.9
132,Trans & Gender Representation,Social Media & Online Communities,2020,86,0.349,0.453,0.198,1.9
132,Trans & Gender Representation,Social Media & Online Communities,2021,214,0.313,0.435,0.252,2.93
132,Trans & Gender Representation,Social Media & Online Communities,2022,45,0.4,0.311,0.289,3.94
132,Trans & Gender Representation,Social Media & Online Communities,2023,183,0.311,0.399,0.29,3.39
132,Trans & Gender Representation,Social Media & Online Communities,2024,260,0.242,0.55,0.208,4.27
132,Trans & Gender Representation,Social Media & Online Communities,2025,300,0.367,0.313,0.32,4.15
132,Trans & Gender Representation,Social Media & Online Communities,2026,123,0.366,0.341,0.293,3.67
133,Cryptocurrency & Trust,Social Media & Online Communities,2008,6,0.167,0.0,0.833,4.0
133,Cryptocurrency & Trust,Social Media & Online Communities,2011,4,0.0,1.0,0.0,
133,Cryptocurrency & Trust,Social Media & Online Communities,2012,8,0.0,0.25,0.75,
133,Cryptocurrency & Trust,Social Media & Online Communities,2013,8,0.25,0.0,0.75,1.0
133,Cryptocurrency & Trust,Social Media & Online Communities,2014,20,0.2,0.4,0.4,4.0
133,Cryptocurrency & Trust,Social Media & Online Communities,2015,25,0.36,0.24,0.4,2.89
133,Cryptocurrency & Trust,Social Media & Online Communities,2016,27,0.481,0.185,0.333,3.69
133,Cryptocurrency & Trust,Social Media & Online Communities,2017,53,0.189,0.491,0.321,4.1
133,Cryptocurrency & Trust,Social Media & Online Communities,2018,89,0.281,0.449,0.27,3.64
133,Cryptocurrency & Trust,Social Media & Online Communities,2019,74,0.486,0.257,0.257,4.03
133,Cryptocurrency & Trust,Social Media & Online Communities,2020,41,0.293,0.171,0.537,4.25
133,Cryptocurrency & Trust,Social Media & Online Communities,2021,98,0.551,0.173,0.276,4.5
133,Cryptocurrency & Trust,Social Media & Online Communities,2022,71,0.451,0.239,0.31,4.25
133,Cryptocurrency & Trust,Social Media & Online Communities,2023,23,0.304,0.304,0.391,3.43
133,Cryptocurrency & Trust,Social Media & Online Communities,2024,82,0.463,0.244,0.293,5.37
133,Cryptocurrency & Trust,Social Media & Online Communities,2025,72,0.611,0.153,0.236,5.68
133,Cryptocurrency & Trust,Social Media & Online Communities,2026,28,0.429,0.071,0.5,4.92
