sub,sub_name,node,year,venue,title,doi,desc_in_sub,desc_share,spc_out,cited_by,cd,cd5,reach_depth
0,Activity Recognition & Sensing,16739,2016,chi,FingerIO,10.1145/2858036.2858580,473,0.467,1724.0,401,-0.0072992700729927005,-0.037037037037037035,22
0,Activity Recognition & Sensing,17475,2016,ubicomp,Human respiration detection with commodity wifi devices,10.1145/2971648.2971744,484,0.478,1563.6,481,0.09900990099009901,-0.03571428571428571,19
0,Activity Recognition & Sensing,9381,2011,ubicomp,Accurate and privacy preserving cough sensing using a low-cost microphone,10.1145/2030112.2030163,666,0.658,419.9,227,0.08189655172413793,0.13414634146341464,27
0,Activity Recognition & Sensing,11527,2012,chi,SoundWave,10.1145/2207676.2208331,606,0.599,771.9,352,0.7910447761194029,0.6428571428571429,27
0,Activity Recognition & Sensing,7830,2009,ubicomp,Sonar-based measurement of user presence and attention,10.1145/1620545.1620559,607,0.6,164.7,82,1.0,1.0,28
0,Activity Recognition & Sensing,6935,2008,ubicomp,Pedestrian localisation for indoor environments,10.1145/1409635.1409651,589,0.582,135.5,488,0.7058823529411765,0.6666666666666666,27
0,Activity Recognition & Sensing,23640,2019,imwut,FarSense,10.1145/3351279,277,0.274,1720.7,424,-0.20710059171597633,-0.248,12
0,Activity Recognition & Sensing,4187,2004,ubicomp,Particle Filters for Location Estimation in Ubiquitous Computing: A Case Study,10.1007/978-3-540-30119-6_6,594,0.587,41.6,208,0.3157894736842105,0.2857142857142857,28
0,Activity Recognition & Sensing,20221,2018,imwut,C-FMCW Based Contactless Respiration Detection Using Acoustic Signal,10.1145/3161188,363,0.359,1340.9,177,0.17094017094017094,0.1111111111111111,14
0,Activity Recognition & Sensing,15518,2015,chi,Smart Homes that Monitor Breathing and Heart Rate,10.1145/2702123.2702200,545,0.539,1626.6,895,0.30456852791878175,0.26666666666666666,21
1,Touch & Multi-touch Input,3523,2002,chi,SmartSkin,10.1145/503376.503397,532,0.736,1815.9,633,-0.013136288998357963,-0.07936507936507936,44
1,Touch & Multi-touch Input,4998,2005,uist,Low-cost multi-touch sensing through frustrated total internal reflection,10.1145/1095034.1095054,454,0.628,2082.1,1046,-0.006153846153846154,-0.09183673469387756,39
1,Touch & Multi-touch Input,8838,2010,chi,The generalized perceived input point model and how to double touch accuracy by extracting,10.1145/1753326.1753413,281,0.389,1699.6,256,-0.09957627118644068,-0.12359550561797752,31
1,Touch & Multi-touch Input,1928,1996,uist,Tilting operations for small screen interfaces,10.1145/237091.237115,594,0.822,653.2,380,0.5275590551181102,0.6363636363636364,48
1,Touch & Multi-touch Input,4617,2004,chi,Pressure widgets,10.1145/985692.985754,459,0.635,1955.3,312,0.16352201257861634,0.024691358024691357,42
1,Touch & Multi-touch Input,458,1986,chi,A study in two-handed input,10.1145/22627.22390,603,0.834,686.6,253,1.0,,62
1,Touch & Multi-touch Input,5482,2006,chi,Precise selection techniques for multi-touch screens,10.1145/1124772.1124963,421,0.582,1674.9,376,-0.04201680672268908,-0.11067193675889328,38
1,Touch & Multi-touch Input,780,1990,chi,The design space of input devices,10.1145/97243.97263,592,0.819,150.2,234,0.25,0.0,54
1,Touch & Multi-touch Input,2255,1997,chi,"The design of a GUI paradigm based on tablets, two-hands, and transparency",10.1145/258549.258574,596,0.824,1144.8,157,-0.010101010101010102,-0.1016949152542373,49
1,Touch & Multi-touch Input,604,1988,chi,An empirical comparison of pie vs. linear menus,10.1145/57167.57182,621,0.859,734.3,461,0.75,0.75,55
2,Hand Sensing & Input,1693,1995,chi,Applying electric field sensing to human-computer interfaces,10.1145/223904.223940,534,0.79,458.7,250,0.13190184049079753,0.031746031746031744,52
2,Hand Sensing & Input,5831,2007,chi,Intimate interfaces in action,10.1145/1240624.1240747,542,0.802,563.4,90,0.01694915254237288,0.057692307692307696,35
2,Hand Sensing & Input,11175,2012,uist,Digits,10.1145/2380116.2380139,461,0.682,3756.2,426,-0.05025125628140704,-0.104,29
2,Hand Sensing & Input,2060,1997,chi,“Body coupled FingerRing”,10.1145/258549.258636,532,0.787,437.7,176,0.28,0.2727272727272727,46
2,Hand Sensing & Input,9935,2011,uist,OmniTouch,10.1145/2047196.2047255,487,0.72,3125.8,556,-0.08721804511278196,-0.14074074074074075,30
2,Hand Sensing & Input,17904,2016,uist,ViBand,10.1145/2984511.2984582,278,0.411,3150.3,263,-0.13882863340563992,-0.15471698113207547,20
2,Hand Sensing & Input,7286,2009,uist,Abracadabra,10.1145/1622176.1622199,520,0.769,2564.6,263,0.062111801242236024,-0.11214953271028037,33
2,Hand Sensing & Input,8953,2010,chi,Skinput,10.1145/1753326.1753394,519,0.768,3990.9,686,0.29273504273504275,0.23529411764705882,32
2,Hand Sensing & Input,6394,2008,uist,Scratch input,10.1145/1449715.1449747,533,0.788,690.4,166,0.208,0.08695652173913043,34
2,Hand Sensing & Input,4957,2005,chi,Toward subtle intimate interfaces for mobile devices using an EMG controller,10.1145/1054972.1055039,543,0.803,449.0,97,0.02284263959390863,0.005208333333333333,36
3,Gaze in VR,21025,2018,chi,Pinpointing,10.1145/3173574.3173655,175,0.29,2659.1,286,-0.147239263803681,-0.16055045871559634,16
3,Gaze in VR,36,1981,siggraph,Gaze-orchestrated dynamic windows,10.1145/800224.806796,482,0.798,346.4,128,1.0,,56
3,Gaze in VR,616,1988,chi,Grasping reality through illusion---interactive graphics serving science,10.1145/57167.57168,488,0.808,306.3,231,1.0,1.0,61
3,Gaze in VR,360,1986,chi,An evaluation of an eye tracker as a device for computer input2,10.1145/29933.275627,485,0.803,642.1,381,1.0,1.0,56
3,Gaze in VR,2665,1999,chi,Manual and gaze input cascaded (MAGIC) pointing,10.1145/302979.303053,421,0.697,1438.2,672,0.06375838926174497,0.1111111111111111,47
3,Gaze in VR,16107,2015,uist,Orbits,10.1145/2807442.2807499,243,0.402,1735.5,261,-0.09131403118040089,-0.13909774436090225,24
3,Gaze in VR,11887,2013,ubicomp,Pursuits,10.1145/2493432.2493477,263,0.435,1445.2,275,-0.08010335917312661,-0.10625,26
3,Gaze in VR,23897,2019,uist,Eye&amp;Head,10.1145/3332165.3347921,112,0.185,1359.3,122,-0.13545816733067728,-0.15343915343915343,14
3,Gaze in VR,28,1980,siggraph,“Put-that-there”,10.1145/800250.807503,496,0.821,640.3,1447,1.0,1.0,66
3,Gaze in VR,446,1986,siggraph,Image rendering by adaptive refinement,10.1145/15922.15889,489,0.81,45.7,27,1.0,1.0,62
4,Pointing & Target Selection,1253,1992,chi,Extending Fitts' law to two-dimensional tasks,10.1145/142750.142794,465,0.842,952.1,612,0.3257918552036199,0.23076923076923078,51
4,Pointing & Target Selection,167,1982,chi,User perceptual mechanisms in the search of computer command menus,10.1145/800049.801779,433,0.784,376.3,177,1.0,1.0,58
4,Pointing & Target Selection,810,1990,chi,Powermice and user performance,10.1145/97243.97276,466,0.844,199.9,91,1.0,1.0,52
4,Pointing & Target Selection,1003,1991,chi,A comparison of input devices in element pointing and dragging tasks,10.1145/108844.108868,480,0.87,777.8,367,0.4603174603174603,0.3333333333333333,54
4,Pointing & Target Selection,4586,2004,ijhcs,"Towards a standard for pointing device evaluation, perspectives on 27 years of Fitts’ law ",10.1016/j.ijhcs.2004.09.001,317,0.574,2518.9,1056,0.10025706940874037,-0.028985507246376812,41
4,Pointing & Target Selection,4943,2005,chi,The bubble cursor,10.1145/1054972.1055012,345,0.625,2147.3,591,-0.06040268456375839,-0.3380281690140845,40
4,Pointing & Target Selection,4495,2004,chi,Semantic pointing,10.1145/985692.985758,378,0.685,1798.5,294,-0.07547169811320754,-0.08620689655172414,42
4,Pointing & Target Selection,3570,2002,chi,More than dotting the i's --- foundations for crossing-based interfaces,10.1145/503376.503390,416,0.754,1487.7,369,0.22044728434504793,0.23076923076923078,44
4,Pointing & Target Selection,12533,2013,chi,FFitts law,10.1145/2470654.2466180,154,0.279,1791.7,233,-0.14497041420118342,-0.13114754098360656,26
4,Pointing & Target Selection,794,1990,chi,How does Fitts' law fit pointing and dragging?,10.1145/97243.97278,482,0.873,359.5,110,1.0,1.0,55
5,Information Navigation,1376,1993,siggraph,Toolglass and magic lenses,10.1145/166117.166126,271,0.622,1326.9,1154,0.3609625668449198,0.1896551724137931,54
5,Information Navigation,33,1981,siggraph,"Tablet-based valuators that provide one, two, or three degrees of freedom",10.1145/800224.806794,352,0.807,242.2,61,0.7272727272727273,0.5,65
5,Information Navigation,642,1989,uist,Hands-on interaction with virtual environments,10.1145/73660.73663,353,0.81,164.6,118,0.08888888888888889,-0.1,60
5,Information Navigation,1369,1993,siggraph,Pad,10.1145/166117.166125,276,0.633,1347.2,545,0.09236947791164658,-0.12,55
5,Information Navigation,46,1981,siggraph,Variational geometry in computer-aided design,10.1145/800224.806803,352,0.807,90.6,162,1.0,1.0,63
5,Information Navigation,1555,1994,uist,Pad++,10.1145/192426.192435,240,0.55,1491.1,637,0.02040816326530612,-0.034482758620689655,52
5,Information Navigation,628,1988,siggraph,A study in interactive 3-D rotation using 2-D control devices,10.1145/54852.378497,351,0.805,134.0,136,0.2608695652173913,0.25,60
5,Information Navigation,473,1986,chi,A hand gesture interface device,10.1145/29933.275628,354,0.812,117.4,218,0.1794871794871795,1.0,61
5,Information Navigation,442,1986,chi,Generalized fisheye views,10.1145/22627.22342,327,0.75,1646.3,887,1.0,1.0,58
5,Information Navigation,890,1991,chi,The perspective wall,10.1145/108844.108870,333,0.764,1593.3,702,0.3275862068965517,0.4,58
6,Text Entry,13793,2014,chi,Uncertain text entry on mobile devices,10.1145/2556288.2557412,196,0.497,1460.9,81,-0.07872340425531915,-0.08974358974358974,23
6,Text Entry,2115,1997,chi,MedSpeak,10.1145/258549.258829,341,0.865,69.0,61,0.11904761904761904,0.09090909090909091,50
6,Text Entry,2692,1999,chi,Patterns of entry and correction in large vocabulary continuous speech recognition systems,10.1145/302979.303160,340,0.863,305.8,276,0.272,0.13636363636363635,46
6,Text Entry,4295,2004,uist,SHARK <sup>2</sup>,10.1145/1029632.1029640,277,0.703,2083.4,414,-0.1095890410958904,-0.07352941176470588,39
6,Text Entry,14188,2014,chi,Vulture,10.1145/2556288.2556964,168,0.426,1608.6,156,-0.0649895178197065,-0.07488986784140969,24
6,Text Entry,19216,2017,chi,"Tap, Dwell or Gesture?",10.1145/3025453.3025964,130,0.33,1567.9,167,-0.06,-0.0728744939271255,19
6,Text Entry,3130,2000,uist,The metropolis keyboard - an exploration of quantitative techniques for virtual keyboard d,10.1145/354401.354424,330,0.838,569.3,288,-0.053475935828877004,-0.2,45
6,Text Entry,1692,1995,dis,Technology-driven design of speech recognition systems,10.1145/225434.225437,342,0.868,75.9,20,0.023255813953488372,0.0,51
6,Text Entry,15646,2015,chi,VelociTap,10.1145/2702123.2702135,174,0.442,2277.9,127,-0.17491749174917492,-0.17073170731707318,22
6,Text Entry,2783,1999,chi,The design and evaluation of a high-performance soft keyboard,10.1145/302979.302983,345,0.876,1134.8,416,0.49640287769784175,0.20689655172413793,47
7,Gesture Elicitation & Recognition,10084,2011,chi,User-defined motion gestures for mobile interaction,10.1145/1978942.1978971,131,0.384,1892.6,423,-0.12735849056603774,-0.11659192825112108,31
7,Gesture Elicitation & Recognition,15974,2015,chi,Formalizing Agreement Analysis for Elicitation Studies,10.1145/2702123.2702223,92,0.27,1537.4,233,-0.06481481481481481,-0.0847457627118644,22
7,Gesture Elicitation & Recognition,7851,2009,chi,User-defined gestures for surface computing,10.1145/1518701.1518866,192,0.563,3519.9,1293,0.34429065743944637,0.11855670103092783,33
7,Gesture Elicitation & Recognition,1613,1995,chi,Implicit structure for pen-based systems within a freeform interaction paradigm,10.1145/223904.223970,273,0.801,479.3,79,-0.06716417910447761,-0.24324324324324326,53
7,Gesture Elicitation & Recognition,1006,1991,siggraph,Specifying gestures by example,10.1145/122718.122753,280,0.821,1484.1,781,0.5866666666666667,0.25,53
7,Gesture Elicitation & Recognition,1587,1995,chi,Finding and using implicit structure in human-organized spatial layouts of information,10.1145/223904.223949,275,0.806,225.3,149,0.046296296296296294,0.1111111111111111,54
7,Gesture Elicitation & Recognition,1622,1995,chi,Recognition accuracy and user acceptance of pen interfaces,10.1145/223904.223972,274,0.804,124.1,91,1.0,1.0,52
7,Gesture Elicitation & Recognition,6071,2007,uist,"Gestures without libraries, toolkits or training: a $1 recognizer for user interface proto",10.1145/1294211.1294238,195,0.572,2347.5,815,0.03139013452914798,0.0,38
7,Gesture Elicitation & Recognition,1563,1994,uist,A perceptually-supported sketch editor,10.1145/192426.192494,277,0.812,495.1,97,1.0,1.0,55
8,Performance Modelling & Latency,353,1986,chi,Predicting the time to recall computer command abbreviations,10.1145/29933.30857,86,0.278,135.9,56,0.2857142857142857,0.0,59
8,Performance Modelling & Latency,326,1985,chi,A theory of stimulus-response compatibility applied to human-computer interaction,10.1145/317456.317495,87,0.282,75.6,18,1.0,1.0,60
8,Performance Modelling & Latency,425,1986,chi,A model of mental model construction,10.1145/22627.22388,80,0.259,105.3,16,1.0,1.0,59
8,Performance Modelling & Latency,2027,1996,tochi,The GOMS family of user interface analysis techniques,10.1145/235833.236054,64,0.207,521.6,685,0.631578947368421,0.3125,52
8,Performance Modelling & Latency,717,1989,chi,Programmable user models for predictive evaluation of interface designs,10.1145/67449.67453,79,0.256,212.1,131,0.47368421052631576,0.0,58
8,Performance Modelling & Latency,720,1989,chi,Cumulating the science of HCI: from s-R compatibility to transcription typing,10.1145/67449.67472,79,0.256,129.1,57,0.4166666666666667,1.0,58
8,Performance Modelling & Latency,11409,2012,uist,Designing for low-latency direct-touch input,10.1145/2380116.2380174,46,0.149,781.8,194,0.125,0.10743801652892562,28
8,Performance Modelling & Latency,15605,2015,chi,How Much Faster is Fast Enough?,10.1145/2702123.2702300,33,0.107,528.8,87,-0.13580246913580246,-0.10256410256410256,19
8,Performance Modelling & Latency,13941,2014,chi,In the blink of an eye,10.1145/2556288.2557037,36,0.117,512.2,60,-0.06040268456375839,-0.12698412698412698,20
8,Performance Modelling & Latency,11740,2013,chi,How fast is fast enough?,10.1145/2470654.2481317,44,0.142,885.1,157,-0.05865102639296188,-0.10687022900763359,27
9,Telepresence & Remote Collaboration,993,1991,chi,Disembodied Conduct,10.1145/108844.108859,487,0.802,637.5,304,1.0,1.0,55
9,Telepresence & Remote Collaboration,14241,2014,uist,World-stabilized annotations and virtual scene navigation for remote collaboration,10.1145/2642918.2647372,241,0.397,1474.7,192,-0.01744186046511628,-0.02631578947368421,23
9,Telepresence & Remote Collaboration,21062,2018,chi,Mini-Me,10.1145/3173574.3173620,163,0.269,1960.1,351,-0.09523809523809523,-0.10839160839160839,16
9,Telepresence & Remote Collaboration,615,1988,cscw,Video conferencing as a technology to support group work: a review of its failures,10.1145/62266.62268,472,0.778,85.7,171,1.0,1.0,59
9,Telepresence & Remote Collaboration,24175,2019,uist,Loki,10.1145/3332165.3347872,91,0.15,1521.3,161,-0.07061068702290077,-0.07788944723618091,13
9,Telepresence & Remote Collaboration,1201,1992,chi,ClearBoard,10.1145/142750.142977,484,0.797,945.7,530,0.15463917525773196,0.07407407407407407,53
9,Telepresence & Remote Collaboration,850,1990,chi,VideoDraw: a video interface for collaborative drawing,10.1145/97243.97302,470,0.774,361.8,195,0.3434343434343434,0.06451612903225806,57
9,Telepresence & Remote Collaboration,16497,2016,cscw,Room2Room,10.1145/2818048.2819965,179,0.295,1485.1,215,-0.07407407407407407,-0.039473684210526314,23
9,Telepresence & Remote Collaboration,17717,2016,uist,Holoportation,10.1145/2984511.2984517,173,0.285,2295.3,651,-0.08743169398907104,-0.06635071090047394,18
9,Telepresence & Remote Collaboration,893,1991,chi,VideoWhiteboard,10.1145/108844.108932,489,0.806,678.9,241,0.725,0.45,56
10,AR Authoring & Prototyping,22978,2019,chi,360proto,10.1145/3290605.3300826,195,0.43,1386.2,91,-0.15333333333333332,-0.22018348623853212,14
10,AR Authoring & Prototyping,21060,2018,chi,ProtoAR,10.1145/3173574.3173927,202,0.445,1541.6,95,0.0,-0.03651685393258427,18
10,AR Authoring & Prototyping,25416,2020,chi,Pronto: Rapid Augmented Reality Video Prototyping Using Sketches and Enaction,10.1145/3313831.3376160,176,0.388,1750.3,97,-0.10304449648711944,-0.12010443864229765,13
10,AR Authoring & Prototyping,7182,2008,tog,Automated generation of interactive 3D exploded view diagrams,10.1145/1399504.1360700,231,0.509,36.4,36,1.0,1.0,29
10,AR Authoring & Prototyping,25584,2020,chi,"Creating Augmented and Virtual Reality Applications: Current Practices, Challenges, and Op",10.1145/3313831.3376722,179,0.394,1319.3,270,-0.020671834625323,-0.031609195402298854,12
10,AR Authoring & Prototyping,4593,2004,uist,DART,10.1145/1029632.1029669,237,0.522,799.6,263,0.1378299120234604,0.1095890410958904,36
10,AR Authoring & Prototyping,36115,2024,chi,LLMR: Real-time Prompting of Interactive Worlds using Large Language Models,10.1145/3613904.3642579,37,0.081,1252.1,110,0.19696969696969696,0.19696969696969696,4
10,AR Authoring & Prototyping,11033,2012,uist,DuploTrack,10.1145/2380116.2380167,229,0.504,570.8,106,-0.006896551724137931,-0.017699115044247787,28
10,AR Authoring & Prototyping,4089,2003,chi,Comparative effectiveness of augmented reality in object assembly,10.1145/642611.642626,263,0.579,256.0,590,0.8666666666666667,0.25,30
10,AR Authoring & Prototyping,3167,2000,chi,Alice,10.1145/332040.332481,241,0.531,116.9,214,0.15151515151515152,0.27586206896551724,45
11,Avatars & Presence,20704,2018,chi,Communication Behavior in Embodied Virtual Reality,10.1145/3173574.3173863,161,0.358,1296.3,252,0.3902439024390244,0.32323232323232326,18
11,Avatars & Presence,27073,2021,pacmhci,"Body, Avatar, and Me",10.1145/3432938,90,0.2,1759.7,312,-0.04573547589616811,-0.04573547589616811,10
11,Avatars & Presence,26561,2020,pacmhci,"""Talking without a Voice""",10.1145/3415246,100,0.222,1588.1,233,0.015873015873015872,0.010482180293501049,11
11,Avatars & Presence,3780,2002,siggraph,Physiological measures of presence in stressful virtual environments,10.1145/566570.566630,259,0.576,273.9,475,0.10655737704918032,0.5,38
11,Avatars & Presence,8901,2010,ieeevr,The contribution of real-time mirror reflections of motor actions on virtual body ownershi,10.1109/vr.2010.5444805,254,0.564,107.2,252,1.0,1.0,22
11,Avatars & Presence,7719,2009,chi,Body and mind,10.1145/1518701.1518877,257,0.571,573.2,442,0.22274881516587677,0.13333333333333333,29
11,Avatars & Presence,23340,2019,chi,Shaping Pro-Social Interaction in VR,10.1145/3290605.3300794,123,0.273,1463.0,213,0.07630522088353414,0.018072289156626505,13
11,Avatars & Presence,26636,2020,chiplay,Falling Asleep Together: What Makes Activities in Social Virtual Reality Meaningful to Use,10.1145/3410404.3414266,98,0.218,1326.2,161,-0.0421216848673947,-0.05156537753222836,11
11,Avatars & Presence,14638,2015,ieeevr,Avatar anthropomorphism and illusion of body ownership in VR,10.1109/vr.2015.7223379,248,0.551,81.0,136,1.0,1.0,22
11,Avatars & Presence,17402,2016,ieeevr,The role of interaction in virtual embodiment: Effects of the virtual hand representation,10.1109/vr.2016.7504682,244,0.542,558.2,337,0.34951456310679613,0.17307692307692307,21
12,VR Locomotion,21349,2018,tog,Towards virtual reality infinite walking,10.1145/3197517.3201294,145,0.336,984.9,201,-0.08064516129032258,-0.09871244635193133,16
12,VR Locomotion,21351,2018,tog,In the blink of an eye,10.1145/3197517.3201335,122,0.282,830.5,127,-0.057803468208092484,-0.07086614173228346,13
12,VR Locomotion,17161,2016,chi,VR-STEP,10.1145/2858036.2858084,182,0.421,902.1,141,-0.05371900826446281,-0.06711409395973154,22
12,VR Locomotion,2193,1997,siggraph,Quantifying immersion in virtual reality,10.1145/258734.258744,291,0.674,113.0,338,0.06666666666666667,0.05,47
12,VR Locomotion,1652,1995,tochi,Taking steps,10.1145/210079.210084,306,0.708,453.5,708,1.0,1.0,47
12,VR Locomotion,1332,1993,uist,A toolset for navigation in virtual environments,10.1145/168642.168658,270,0.625,166.2,287,0.6111111111111112,0.375,51
12,VR Locomotion,17689,2016,chiplay,Point &amp; Teleport Locomotion Technique for Virtual Reality,10.1145/2967934.2968105,192,0.444,834.7,448,0.3496932515337423,0.27906976744186046,21
12,VR Locomotion,2298,1997,uist,The omni-directional treadmill,10.1145/263407.263550,292,0.676,407.7,369,0.5857142857142857,0.16666666666666666,47
12,VR Locomotion,2812,1999,siggraph,"Walking &gt; walking-in-place &gt; flying, in virtual environments",10.1145/311535.311589,286,0.662,1575.9,899,0.16129032258064516,0.0,46
13,Groupware & Tabletops,1284,1992,chi,Liveboard,10.1145/142750.143052,306,0.775,450.1,431,0.2894736842105263,0.34375,54
13,Groupware & Tabletops,2757,1999,chi,i-LAND,10.1145/302979.303010,265,0.671,1273.6,572,0.027522935779816515,-0.017241379310344827,47
13,Groupware & Tabletops,4298,2004,cscw,Territoriality in collaborative tabletop workspaces,10.1145/1031607.1031655,118,0.299,1656.1,616,0.17321016166281755,-0.09183673469387756,41
13,Groupware & Tabletops,556,1988,cscw,A use of drawing surfaces in different collaborative settings,10.1145/62266.62286,302,0.765,504.7,223,0.8064516129032258,0.75,58
13,Groupware & Tabletops,2256,1997,uist,Pick-and-drop,10.1145/263407.263505,296,0.749,1297.0,607,0.10471976401179942,-0.011111111111111112,49
13,Groupware & Tabletops,2002,1996,chi,Dual device user interface design,10.1145/238386.238408,297,0.752,277.4,119,0.11711711711711711,0.17647058823529413,50
13,Groupware & Tabletops,2676,1999,chi,Augmented surfaces,10.1145/302979.303113,260,0.658,1356.7,682,-0.03536977491961415,-0.09166666666666666,47
13,Groupware & Tabletops,565,1988,cscw,Capturing the capture concepts: a case study in the design of computer-supported meeting e,10.1145/62266.62287,341,0.863,337.9,141,1.0,1.0,58
13,Groupware & Tabletops,11351,2012,uist,Cross-device interaction via micro-mobility and f-formations,10.1145/2380116.2380121,81,0.205,1318.4,215,-0.03496503496503497,-0.05555555555555555,26
13,Groupware & Tabletops,991,1991,chi,Managing a trois,10.1145/108844.108893,316,0.8,277.4,101,0.24358974358974358,0.34615384615384615,56
14,Immersive Mixed Reality,30118,2022,chi,Where Should We Put It? Layout and Placement Strategies of Documents in Augmented Reality ,10.1145/3491102.3501946,62,0.158,1055.9,83,-0.0898876404494382,-0.0898876404494382,8
14,Immersive Mixed Reality,19882,2017,uist,ImAxes,10.1145/3126594.3126613,142,0.361,1017.3,217,0.09872611464968153,0.09392265193370165,13
14,Immersive Mixed Reality,29036,2021,uist,SemanticAdapt: Optimization-based Adaptation of Mixed Reality Layouts Leveraging Virtual-P,10.1145/3472749.3474750,80,0.204,1138.2,134,-0.1272264631043257,-0.1272264631043257,9
14,Immersive Mixed Reality,2606,1998,siggraph,A distributed 3D graphics library,10.1145/280814.280935,241,0.613,41.9,91,0.0,-0.05555555555555555,39
14,Immersive Mixed Reality,2286,1997,uist,Fix and float,10.1145/263407.263535,241,0.613,45.6,12,1.0,1.0,39
14,Immersive Mixed Reality,24180,2019,uist,Context-Aware Online Adaptation of Mixed Reality Interfaces,10.1145/3332165.3347945,127,0.323,1251.8,239,0.015151515151515152,-0.0199203187250996,13
14,Immersive Mixed Reality,1786,1996,uist,Language-level support for exploratory programming of distributed virtual environments,10.1145/237091.237104,242,0.616,38.4,46,-0.022988505747126436,-0.21428571428571427,44
14,Immersive Mixed Reality,988,1991,uist,Hybrid user interfaces,10.1145/120782.120783,251,0.639,302.7,132,0.16,0.03571428571428571,53
14,Immersive Mixed Reality,27197,2021,chi,Grand Challenges in Immersive Analytics,10.1145/3411764.3446866,90,0.229,1072.5,209,-0.03730272596843615,-0.03730272596843615,9
14,Immersive Mixed Reality,1374,1993,uist,Windows on the world,10.1145/168642.168657,246,0.626,407.5,287,0.42574257425742573,0.0,52
15,Projection & Spatial AR,14016,2014,uist,RoomAlive,10.1145/2642918.2647383,37,0.194,828.9,305,-0.0539906103286385,-0.07339449541284404,25
15,Projection & Spatial AR,6085,2007,uist,Multi-user interaction using handheld projectors,10.1145/1294211.1294220,88,0.461,561.9,178,-0.0018248175182481751,0.0,33
15,Projection & Spatial AR,8294,2010,uist,"Combining multiple depth cameras and projectors for interactions on, above and between sur",10.1145/1866029.1866073,68,0.356,653.5,311,-0.019867549668874173,-0.06735751295336788,31
15,Projection & Spatial AR,1353,1993,siggraph,Surround-screen projection-based virtual reality,10.1145/166117.166134,126,0.66,378.6,2312,0.6521739130434783,0.04,53
15,Projection & Spatial AR,1772,1996,siggraph,The future of virtual reality,10.1145/237170.237289,118,0.618,50.8,51,0.03409090909090909,-0.09090909090909091,49
15,Projection & Spatial AR,2637,1998,siggraph,The office of the future,10.1145/280814.280861,117,0.613,716.0,833,0.18672199170124482,0.11904761904761904,48
15,Projection & Spatial AR,2734,1999,siggraph,Projecting computer graphics on moving surfaces,10.1145/311625.312166,106,0.555,30.4,4,1.0,1.0,39
15,Projection & Spatial AR,2749,1999,siggraph,Emancipated pixels,10.1145/311535.311593,108,0.565,433.3,168,-0.004366812227074236,-0.020618556701030927,45
15,Projection & Spatial AR,12926,2013,siggraph,IllumiRoom,10.1145/2470654.2466112,41,0.215,494.4,179,0.049773755656108594,0.0,26
16,Asymmetric Mixed Reality,23267,2019,chi,RealityCheck,10.1145/3290605.3300577,87,0.46,1166.8,131,-0.04436860068259386,-0.05901116427432217,13
16,Asymmetric Mixed Reality,20645,2018,chi,VirtualSpace - Overloading Physical Space with Multiple Virtual Reality Users,10.1145/3173574.3173815,96,0.508,289.3,60,0.0,-0.011976047904191617,15
16,Asymmetric Mixed Reality,17770,2016,uist,Nomadic Virtual Reality,10.1145/2984751.2984783,121,0.64,284.1,22,-0.003257328990228013,-0.016853932584269662,19
16,Asymmetric Mixed Reality,19117,2017,chi,ShareVR,10.1145/3025453.3025683,120,0.635,1749.0,300,0.016778523489932886,-0.002232142857142857,18
16,Asymmetric Mixed Reality,19474,2017,uist,One Reality,10.1145/3126594.3126638,105,0.556,475.1,112,0.029469548133595286,0.022292993630573247,19
16,Asymmetric Mixed Reality,17747,2016,uist,Asymmetric Design Approach and Collision Avoidance Techniques For Room-scale Multiplayer V,10.1145/2984751.2984788,97,0.513,123.1,15,-0.0029069767441860465,-0.010526315789473684,16
16,Asymmetric Mixed Reality,21138,2018,chi,FaceDisplay,10.1145/3173574.3173628,84,0.444,994.1,104,-0.10493827160493827,-0.1091703056768559,13
16,Asymmetric Mixed Reality,21048,2018,chi,Remixed Reality,10.1145/3173574.3173703,92,0.487,691.4,137,-0.046275395033860044,-0.048903878583473864,16
16,Asymmetric Mixed Reality,19583,2017,mobilehci,FrontFace,10.1145/3098279.3098548,90,0.476,672.5,65,-0.06896551724137931,-0.11764705882352941,16
17,AR Training & Guidance,9763,2011,uist,KinectFusion,10.1145/2047196.2047270,67,0.372,499.3,2118,0.5297619047619048,0.4625,30
17,AR Training & Guidance,11268,2012,tog,Accurate realtime full-body motion capture using a single depth camera,10.1145/2366145.2366207,57,0.317,60.5,217,1.0,1.0,27
17,AR Training & Guidance,8485,2010,tog,MovieReshape,10.1145/1866158.1866174,63,0.35,129.8,225,0.8333333333333334,0.75,30
17,AR Training & Guidance,12746,2013,uist,YouMove,10.1145/2501988.2502045,55,0.306,1030.7,314,0.07615230460921844,0.023148148148148147,21
17,AR Training & Guidance,14709,2015,tog,SMPL,10.1145/2816795.2818013,47,0.261,511.9,3680,0.7448979591836735,0.5625,21
17,AR Training & Guidance,27545,2021,chi,Towards an Understanding of Situated AR Visualization for Basketball Free-Throw Training,10.1145/3411764.3445649,25,0.139,537.8,78,0.06521739130434782,0.06521739130434782,5
17,AR Training & Guidance,11323,2012,chi,LightGuide,10.1145/2207676.2207702,56,0.311,544.8,142,-0.010416666666666666,-0.04184100418410042,28
17,AR Training & Guidance,5949,2007,tog,Embedded deformation for shape manipulation,10.1145/1275808.1276478,56,0.311,147.9,460,0.47619047619047616,0.14285714285714285,28
18,Public & Ambient Displays,4576,2004,cscw,The introduction of a shared interactive surface into a communal space,10.1145/1031607.1031616,119,0.676,180.4,112,-0.0111731843575419,-0.02702702702702703,36
18,Public & Ambient Displays,4481,2004,uist,Interactive public ambient displays,10.1145/1029632.1029656,124,0.705,1405.7,651,0.07092198581560284,-0.022988505747126436,40
18,Public & Ambient Displays,6882,2008,chi,"It's Mine, Don't Touch!",10.1145/1357054.1357255,117,0.665,1547.9,455,0.02064896755162242,0.00819672131147541,32
18,Public & Ambient Displays,6727,2008,cscw,Understanding collective play in an urban screen game,10.1145/1460563.1460576,108,0.614,512.8,103,0.0797872340425532,0.1794871794871795,31
18,Public & Ambient Displays,10284,2012,chi,Urban HCI,10.1145/2207676.2207719,82,0.466,827.3,163,-0.046,-0.06629834254143646,27
18,Public & Ambient Displays,8815,2010,chi,Worlds of information,10.1145/1753326.1753669,111,0.631,729.1,136,-0.0622568093385214,-0.11956521739130435,31
18,Public & Ambient Displays,10359,2012,chi,Chained displays,10.1145/2207676.2207720,75,0.426,906.1,100,-0.07046070460704607,-0.10365853658536585,28
18,Public & Ambient Displays,10526,2012,chi,Looking glass,10.1145/2207676.2207718,86,0.489,1611.1,286,-0.04421768707482993,-0.08333333333333333,27
19,In-car & Video AR,19196,2017,chi,Tell Me Where to Look,10.1145/3025453.3025757,42,0.313,683.7,138,0.11475409836065574,0.11904761904761904,19
19,In-car & Video AR,10790,2012,chi,The impact of three interfaces for 360-degree video on spatial cognition,10.1145/2207676.2208647,29,0.216,28.8,23,0.375,0.3333333333333333,21
19,In-car & Video AR,16756,2016,chi,Augmenting the Field-of-View of Head-Mounted Displays with Sparse Peripheral Displays,10.1145/2858036.2858212,33,0.246,427.5,121,0.19230769230769232,0.2028985507246377,22
19,In-car & Video AR,19828,2017,uist,Shot Orientation Controls for Interactive Cinematography with 360 Video,10.1145/3126594.3126636,19,0.142,397.2,57,-0.015151515151515152,0.023809523809523808,19
19,In-car & Video AR,19832,2017,uist,Outside-In,10.1145/3126594.3126656,14,0.104,320.7,70,-0.07272727272727272,-0.0625,18
19,In-car & Video AR,16889,2016,chi,SwiVRChair,10.1145/2858036.2858040,46,0.343,308.7,72,0.16535433070866143,0.21212121212121213,23
19,In-car & Video AR,2012,1996,siggraph,Disney's Aladdin,10.1145/237170.237257,48,0.358,47.5,175,0.33766233766233766,0.2727272727272727,48
19,In-car & Video AR,19518,2017,mobilehci,Visualizing out-of-view objects in head-mounted augmented reality,10.1145/3098279.3122124,20,0.149,322.8,57,-0.044444444444444446,0.0,18
20,Near-eye & Foveated Displays,8036,2010,tog,Content-adaptive parallax barriers,10.1145/1866158.1866164,60,0.476,271.1,98,-0.03636363636363636,-0.22727272727272727,31
20,Near-eye & Foveated Displays,3077,2000,siggraph,An autostereoscopic display,10.1145/344779.344933,71,0.563,215.7,190,1.0,1.0,42
20,Near-eye & Foveated Displays,19237,2017,tog,Holographic near-eye displays for virtual and augmented reality,10.1145/3072959.3073624,27,0.214,349.8,787,-0.28205128205128205,-0.34375,16
20,Near-eye & Foveated Displays,4777,2005,siggraph,Seelinder,10.1145/1187297.1187314,58,0.46,47.7,28,1.0,1.0,33
20,Near-eye & Foveated Displays,9100,2011,tog,Polarization fields,10.1145/2024156.2024220,57,0.452,203.3,113,-0.06,-0.20833333333333334,30
20,Near-eye & Foveated Displays,14000,2014,chi,Depth perception with gaze-contingent depth of field,10.1145/2556288.2557089,43,0.341,324.9,63,0.25806451612903225,0.25,19
20,Near-eye & Foveated Displays,15543,2015,tog,The light field stereoscope,10.1145/2766922,41,0.325,416.0,264,-0.19696969696969696,-0.25,21
20,Near-eye & Foveated Displays,5595,2006,siggraph,Antialiasing for automultiscopic 3D displays,10.1145/1179849.1179983,65,0.516,279.3,125,-0.11594202898550725,-0.23529411764705882,33
20,Near-eye & Foveated Displays,11613,2012,tog,Tensor displays,10.1145/2185520.2185576,54,0.429,360.1,420,-0.28205128205128205,-0.44,26
20,Near-eye & Foveated Displays,17118,2016,chi,Novel Optical Configurations for Virtual Reality,10.1145/2858036.2858140,38,0.302,335.4,77,-0.3170731707317073,-0.3333333333333333,18
21,AR Depth Perception,1827,1996,siggraph,The virtual cinematographer,10.1145/237170.237259,87,0.431,174.4,311,0.2028985507246377,0.1,46
21,AR Depth Perception,967,1991,siggraph,Automated generation of intent-based 3D Illustrations,10.1145/122718.122732,72,0.356,95.4,165,0.027522935779816515,-0.13333333333333333,53
21,AR Depth Perception,22121,2018,tog,Creating and chaining camera moves for quadrotor videography,10.1145/3197517.3201284,15,0.074,294.8,63,-0.3225806451612903,-0.30434782608695654,12
21,AR Depth Perception,19949,2017,ismar,Designing for Depth Perceptions in Augmented Reality,10.1109/ismar.2017.28,29,0.144,299.1,115,0.1282051282051282,0.07407407407407407,17
21,AR Depth Perception,1265,1992,siggraph,Merging virtual objects with the real world,10.1145/133994.134061,69,0.342,106.5,518,0.25862068965517243,0.2857142857142857,53
21,AR Depth Perception,5653,2006,ieeevr,"A Perceptual Matching Technique for Depth Judgments in Optical, See-Through Augmented Real",10.1109/vr.2006.13,62,0.307,89.3,88,1.0,1.0,30
21,AR Depth Perception,17339,2016,tog,Generating dynamically feasible trajectories for quadrotor cameras,10.1145/2897824.2925980,31,0.153,323.8,58,-0.4,-0.5714285714285714,21
21,AR Depth Perception,17052,2016,chi,Airways,10.1145/2858036.2858353,32,0.158,510.1,65,-0.12962962962962962,-0.15714285714285714,22
21,AR Depth Perception,19421,2017,tog,Real-time planning for automated multi-view drone cinematography,10.1145/3072959.3073712,30,0.149,447.6,167,-0.3611111111111111,-0.42857142857142855,14
21,AR Depth Perception,510,1987,tog,An enhanced treatment of hidden lines,10.1145/35039.35042,73,0.361,39.1,29,1.0,1.0,55
22,Vibrotactile Feedback,3939,2003,uist,Tactile interfaces for small touch screens,10.1145/964696.964721,219,0.805,628.7,209,0.09448818897637795,0.20833333333333334,43
22,Vibrotactile Feedback,6170,2007,chi,Tactile feedback for mobile interactions,10.1145/1240624.1240649,178,0.654,447.7,303,0.16216216216216217,-0.02,33
22,Vibrotactile Feedback,5548,2006,chi,A role for haptics in mobile interaction,10.1145/1124772.1124800,209,0.768,692.4,200,0.017361111111111112,-0.05555555555555555,40
22,Vibrotactile Feedback,9868,2011,chi,Tactile brush,10.1145/1978942.1979235,134,0.493,1395.3,347,0.13283208020050125,0.008333333333333333,27
22,Vibrotactile Feedback,17906,2016,uist,EdgeVib,10.1145/2984511.2984522,77,0.283,742.4,65,-0.05188679245283019,-0.08088235294117647,20
22,Vibrotactile Feedback,4282,2004,uist,Haptic pen,10.1145/1029632.1029682,193,0.71,384.5,153,0.14285714285714285,0.05555555555555555,41
22,Vibrotactile Feedback,3612,2002,uist,Ambient touch,10.1145/571985.571993,223,0.82,584.8,329,0.03771551724137931,-0.014285714285714285,44
22,Vibrotactile Feedback,21599,2018,toh,A Phonemic-Based Tactile Display for Speech Communication,10.1109/toh.2018.2861010,41,0.151,738.9,81,-0.11538461538461539,-0.1527777777777778,14
22,Vibrotactile Feedback,8927,2010,chi,BuzzWear,10.1145/1753326.1753392,112,0.412,809.5,138,0.20212765957446807,0.0,24
23,Thermal & Olfactory Displays,7937,2009,siggraph,Thermotaxis,10.1145/1599301.1599319,150,0.676,40.7,8,1.0,1.0,27
23,Thermal & Olfactory Displays,9093,2011,chi,Some like it hot,10.1145/1978942.1979316,149,0.671,310.8,138,0.8823529411764706,0.8181818181818182,26
23,Thermal & Olfactory Displays,9002,2010,siggraph,Temperature design display device to use peltier elements and liquid crystal thermograph s,10.1145/1836845.1836890,150,0.676,40.0,7,-0.3333333333333333,-1.0,27
23,Thermal & Olfactory Displays,11050,2012,chi,"""Baby it's cold outside""",10.1145/2207676.2207779,131,0.59,177.2,55,-0.16363636363636364,-0.2222222222222222,24
23,Thermal & Olfactory Displays,18987,2017,chi,ThermoVR,10.1145/3025453.3025824,113,0.509,1115.6,185,-0.05357142857142857,-0.0847457627118644,19
23,Thermal & Olfactory Displays,23213,2019,chi,ThermalBracelet,10.1145/3290605.3300400,91,0.41,961.9,96,-0.08722741433021806,-0.10569105691056911,13
23,Thermal & Olfactory Displays,7473,2009,siggraph,Temperature design display device to use peltier elements and liquid crystal thermograph s,10.1145/1599301.1599328,152,0.685,62.5,8,1.0,1.0,28
23,Thermal & Olfactory Displays,21044,2018,chi,Season Traveller,10.1145/3173574.3174151,109,0.491,1066.5,182,-0.016216216216216217,-0.06349206349206349,15
23,Thermal & Olfactory Displays,25753,2020,chi,Therminator: Understanding the Interdependency of Visual and On-Body Thermal Feedback in V,10.1145/3313831.3376195,54,0.243,884.1,80,-0.04489164086687306,-0.04701627486437613,10
23,Thermal & Olfactory Displays,19388,2017,chi,Essence,10.1145/3025453.3026004,71,0.32,779.1,150,0.0847457627118644,-0.07142857142857142,16
24,Force Feedback Devices,11808,2013,siggraph,Traxion,10.1145/2501988.2502044,140,0.737,402.9,108,0.26666666666666666,0.23529411764705882,27
24,Force Feedback Devices,868,1990,siggraph,Artificial reality with force-feedback: development of desktop virtual space with compact ,10.1145/97879.97897,143,0.753,55.1,247,0.21428571428571427,0.15789473684210525,52
24,Force Feedback Devices,20485,2018,chi,Haptic Revolver,10.1145/3173574.3173660,103,0.542,1335.5,255,-0.11332007952286283,-0.1391304347826087,18
24,Force Feedback Devices,6855,2008,toh,Asymmetric Oscillation Distorts the Perceived Heaviness of Handheld Objects,10.1109/toh.2008.5,133,0.7,220.1,80,0.42857142857142855,1.0,31
24,Force Feedback Devices,11560,2012,chi,GyroTab,10.1145/2207676.2208731,142,0.747,100.8,36,1.0,1.0,28
24,Force Feedback Devices,17831,2016,uist,NormalTouch and TextureTouch,10.1145/2984511.2984526,127,0.668,1650.2,286,-0.053204353083434096,-0.08590308370044053,21
24,Force Feedback Devices,5835,2007,siggraph,Gravity grabber,10.1145/1278280.1278289,131,0.689,198.8,237,1.0,1.0,28
24,Force Feedback Devices,22286,2018,chi,Thor's Hammer,10.1145/3173574.3174099,91,0.479,1770.3,119,-0.13623188405797101,-0.1510204081632653,17
24,Force Feedback Devices,19856,2017,uist,Grabity,10.1145/3126594.3126599,118,0.621,1771.7,258,-0.18471337579617833,-0.185,20
24,Force Feedback Devices,20376,2018,chi,CLAW,10.1145/3173574.3174228,111,0.584,1850.8,248,-0.16487455197132617,-0.2,19
25,Haptic Redirection in VR,6306,2007,ieeevr,MACBETH: The avatar which I see before me and its movement toward my hand,10.1109/vr.2007.352509,135,0.714,38.5,13,1.0,,23
25,Haptic Redirection in VR,1571,1994,chi,Passive real-world interface props for neurosurgical visualization,10.1145/191666.191821,154,0.815,483.6,519,0.1894150417827298,-0.05357142857142857,53
25,Haptic Redirection in VR,20744,2018,chi,Visuo-Haptic Illusions for Improving the Perceived Performance of Shape Displays,10.1145/3173574.3173724,89,0.471,1390.5,123,-0.09689922480620156,-0.10344827586206896,18
25,Haptic Redirection in VR,18891,2017,chi,Sparse Haptic Proxy,10.1145/3025453.3025753,124,0.656,2113.6,233,-0.17267552182163187,-0.14469453376205788,19
25,Haptic Redirection in VR,16079,2015,chi,Substitutional Reality,10.1145/2702123.2702389,143,0.757,808.7,384,0.08290155440414508,0.030612244897959183,23
25,Haptic Redirection in VR,17072,2016,chi,Haptic Retargeting,10.1145/2858036.2858226,134,0.709,1922.2,478,0.2554945054945055,0.1657754010695187,22
25,Haptic Redirection in VR,23760,2019,ieeevr,Estimating Detection Thresholds for Desktop-Scale Hand Redirection in Virtual Reality,10.1109/vr.2019.8798143,77,0.407,1415.9,135,-0.13761467889908258,-0.12955465587044535,13
25,Haptic Redirection in VR,6898,2008,ieeevr,Virtual Human + Tangible Interface = Mixed Reality Human An Initial Exploration with a Vir,10.1109/vr.2008.4480757,144,0.762,73.5,60,0.01652892561983471,0.0,24
25,Haptic Redirection in VR,1270,1992,chi,An interface for interactive spatial reasoning and visualization,10.1145/142750.142762,155,0.82,42.6,36,1.0,1.0,54
25,Haptic Redirection in VR,16406,2016,tei,Snake Charmer,10.1145/2839462.2839484,120,0.635,1553.3,168,0.062111801242236024,0.05862068965517241,22
26,Wearable Fingertip Haptics,19233,2017,toh,"Wearable Haptic Systems for the Fingertip and the Hand: Taxonomy, Review, and Perspectives",10.1109/toh.2017.2689006,77,0.456,1420.2,793,-0.04487179487179487,-0.09326424870466321,19
26,Wearable Fingertip Haptics,21800,2018,uist,Tacttoo,10.1145/3242587.3242645,31,0.183,662.7,180,-0.10673234811165845,-0.13730569948186527,18
26,Wearable Fingertip Haptics,8681,2010,toh,Rotational Skin Stretch Feedback: A Wearable Haptic Display for Motion,10.1109/toh.2010.21,99,0.586,93.1,119,1.0,1.0,25
26,Wearable Fingertip Haptics,8877,2010,toh,"Perception of Direction for Applied Tangential Skin Displacement: Effects of Speed, Displa",10.1109/toh.2010.20,99,0.586,131.2,104,0.10869565217391304,0.0,24
26,Wearable Fingertip Haptics,33037,2023,chi,Full-hand Electro-Tactile Feedback without Obstructing Palmar Side of Hand,10.1145/3544548.3581382,15,0.089,425.2,64,-0.020942408376963352,-0.020942408376963352,5
26,Wearable Fingertip Haptics,8560,2010,toh,Design of a Fingertip-Mounted Tactile Display with Tangential Skin Displacement Feedback,10.1109/toh.2010.8,109,0.645,246.6,128,1.0,1.0,25
26,Wearable Fingertip Haptics,7636,2009,toh,Local Surface Orientation Dominates Haptic Curvature Discrimination,10.1109/toh.2009.1,99,0.586,118.6,109,1.0,1.0,25
26,Wearable Fingertip Haptics,24824,2020,toh,"Altering the Stiffness, Friction, and Shape Perception of Tangible Objects in Virtual Real",10.1109/toh.2020.2967389,26,0.154,427.1,94,-0.07614213197969544,-0.07142857142857142,9
26,Wearable Fingertip Haptics,12121,2013,toh,Towards Wearability in Fingertip Haptics: A 3-DoF Wearable Device for Cutaneous Force Feed,10.1109/toh.2013.53,92,0.544,461.7,288,-0.03125,-0.18181818181818182,23
26,Wearable Fingertip Haptics,8862,2010,toh,Feeling through Tactile Displays: A Study on the Effect of the Array Density and Size on t,10.1109/toh.2010.59,96,0.568,19.1,24,1.0,1.0,25
27,Tactile Texture Rendering,8608,2010,toh,Design of Dynamic Vibrotactile Textures,10.1109/toh.2010.22,95,0.583,126.0,34,0.5,0.5714285714285714,24
27,Tactile Texture Rendering,9505,2011,toh,Creating Realistic Virtual Textures from Contact Acceleration Data,10.1109/toh.2011.38,96,0.589,610.6,236,0.5789473684210527,0.3684210526315789,24
27,Tactile Texture Rendering,16130,2015,uist,Tactile Animation by Direct Manipulation of Grid Displays,10.1145/2807442.2807470,76,0.466,665.6,94,-0.03,-0.032,20
27,Tactile Texture Rendering,9443,2011,toh,Rendering Virtual Tumors in Real Tissue Mock-Ups Using Haptic Augmented Reality,10.1109/toh.2011.40,90,0.552,26.3,55,0.2857142857142857,0.6666666666666666,21
27,Tactile Texture Rendering,7590,2009,toh,Perceived Vibration Strength in Mobile Devices: The Effect of Weight and Frequency,10.1109/toh.2009.37,92,0.564,69.2,43,0.09090909090909091,0.5,27
27,Tactile Texture Rendering,26534,2020,uist,bARefoot,10.1145/3379337.3415828,33,0.202,553.1,68,-0.043478260869565216,-0.03888888888888889,10
27,Tactile Texture Rendering,10955,2012,toh,Psychophysical Dimensions of Tactile Perception of Textures,10.1109/toh.2012.32,104,0.638,166.1,476,0.6582278481012658,0.5555555555555556,23
27,Tactile Texture Rendering,27915,2021,chi,Improving Viewing Experiences of First-Person Shooter Gameplays with Automatically-Generat,10.1145/3411764.3445358,22,0.135,514.4,33,-0.02127659574468085,-0.02127659574468085,8
27,Tactile Texture Rendering,18831,2017,ijhcs,Haptic experience design: What hapticians do and where they need help,10.1016/j.ijhcs.2017.04.004,63,0.387,720.2,158,-0.024719101123595506,-0.02109704641350211,19
28,Mid-air Ultrasound Haptics,7906,2009,siggraph,Touchable holography,10.1145/1597956.1597979,126,0.869,82.0,54,0.75,0.8333333333333334,31
28,Mid-air Ultrasound Haptics,14053,2014,uist,HaptoMime,10.1145/2642918.2647407,90,0.621,892.4,149,-0.07547169811320754,-0.06285714285714286,21
28,Mid-air Ultrasound Haptics,6442,2008,siggraph,Airborne ultrasound tactile display,10.1145/1401615.1401616,127,0.876,33.1,40,1.0,1.0,33
28,Mid-air Ultrasound Haptics,13741,2014,tog,Rendering volumetric haptic shapes in mid-air using ultrasound,10.1145/2661229.2661257,97,0.669,1527.1,324,-0.17061611374407584,-0.14457831325301204,21
28,Mid-air Ultrasound Haptics,12655,2013,uist,UltraHaptics,10.1145/2501988.2502018,114,0.786,2306.2,494,-0.024271844660194174,-0.042682926829268296,24
28,Mid-air Ultrasound Haptics,9071,2011,uist,FingerFlux,10.1145/2047196.2047277,117,0.807,302.8,120,-0.04238921001926782,-0.05970149253731343,29
28,Mid-air Ultrasound Haptics,8562,2010,toh,Noncontact Tactile Display Based on Radiation Pressure of Airborne Ultrasound,10.1109/toh.2010.4,124,0.855,492.3,459,0.8181818181818182,0.6,30
28,Mid-air Ultrasound Haptics,12181,2013,tog,AIREAL,10.1145/2461912.2462007,114,0.786,1253.5,271,0.008871989860583017,-0.012738853503184714,25
28,Mid-air Ultrasound Haptics,26303,2020,toh,A Survey of Mid-Air Ultrasound Haptics and Its Applications,10.1109/toh.2020.3018754,50,0.345,1286.9,186,-0.16666666666666666,-0.19148936170212766,11
29,Electrical Muscle Stimulation,15436,2015,chi,Cruise Control for Pedestrians,10.1145/2702123.2702190,90,0.703,1462.5,160,0.26011560693641617,0.17475728155339806,22
29,Electrical Muscle Stimulation,8081,2010,tei,Feeling the beat where it counts,10.1145/1709886.1709892,106,0.828,77.5,67,0.14814814814814814,0.0,28
29,Electrical Muscle Stimulation,12690,2013,chi,Muscle-propelled force feedback,10.1145/2470654.2481355,104,0.812,1174.7,104,-0.12755102040816327,-0.2261904761904762,23
29,Electrical Muscle Stimulation,16146,2015,uist,Impacto,10.1145/2807442.2807443,97,0.758,1370.9,237,0.059233449477351915,0.006756756756756757,21
29,Electrical Muscle Stimulation,5844,2007,siggraph,An electrical muscle stimulation haptic feedback for mixed reality tennis game,10.1145/1280720.1280873,106,0.828,223.8,59,1.0,1.0,28
29,Electrical Muscle Stimulation,9365,2011,chi,PossessedHand,10.1145/1978942.1979018,105,0.82,1245.6,227,0.18947368421052632,0.0,27
29,Electrical Muscle Stimulation,22868,2019,chi,Preemptive Action,10.1145/3290605.3300873,56,0.438,1316.1,112,-0.1366906474820144,-0.14492753623188406,15
30,Surface Haptics,3745,2002,dis,ComTouch,10.1145/778712.778755,82,0.361,605.8,274,0.0012195121951219512,-0.03409090909090909,42
30,Surface Haptics,9667,2011,chi,Enhancing physicality in touch interaction with programmable friction,10.1145/1978942.1979306,77,0.339,601.2,144,-0.028169014084507043,0.0,29
30,Surface Haptics,2245,1997,siggraph,The haptic display of complex graphical environments,10.1145/258734.258878,95,0.419,88.2,589,0.3333333333333333,0.15384615384615385,47
30,Surface Haptics,2023,1996,siggraph,Adding force feedback to graphics systems,10.1145/237170.237284,96,0.423,84.4,240,0.07407407407407407,0.42857142857142855,48
30,Surface Haptics,8073,2010,uist,TeslaTouch,10.1145/1866029.1866074,91,0.401,1410.8,643,0.10699588477366255,-0.011560693641618497,30
30,Surface Haptics,19245,2017,toh,Effect of Waveform on Tactile Perception by Electrovibration Displayed on Touch Screens,10.1109/toh.2017.2704603,52,0.229,595.0,129,-0.21212121212121213,-0.22972972972972974,11
30,Surface Haptics,2416,1998,chi,HandJive,10.1145/274644.274653,83,0.366,216.7,87,0.009950248756218905,-0.03225806451612903,45
30,Surface Haptics,11864,2013,uist,Tactile rendering of 3D features on touch surfaces,10.1145/2501988.2502020,61,0.269,677.6,156,-0.08229426433915212,-0.07643312101910828,23
31,Tangibles for Learning,6304,2007,tei,Do tangible interfaces enhance learning?,10.1145/1226969.1227004,235,0.334,1570.3,530,-0.006951340615690168,-0.05263157894736842,35
31,Tangibles for Learning,1762,1995,chi,Bricks,10.1145/223904.223964,565,0.804,1980.9,972,0.3631578947368421,0.1836734693877551,51
31,Tangibles for Learning,2289,1997,chi,Tangible bits,10.1145/258549.258715,561,0.798,3963.8,3809,0.5143603133159269,0.19101123595505617,50
31,Tangibles for Learning,2577,1998,chi,Triangles,10.1145/274644.274652,450,0.64,839.4,225,0.005312084993359893,-0.041237113402061855,47
31,Tangibles for Learning,5528,2006,chi,Getting a grip on tangible interaction,10.1145/1124772.1124838,338,0.481,2656.0,1077,0.3225255972696246,0.17777777777777778,36
31,Tangibles for Learning,2297,1997,dis,Triangles,10.1145/263552.263592,451,0.642,125.0,12,0.001597444089456869,0.0,48
31,Tangibles for Learning,4475,2004,chi,Topobo,10.1145/985692.985774,342,0.486,1320.8,495,0.020378457059679767,-0.1487603305785124,38
31,Tangibles for Learning,2430,1998,siggraph,mediaBlocks,10.1145/280814.280940,466,0.663,749.3,259,-0.020247469066366704,-0.09174311926605505,48
32,Shape-changing Interfaces,2592,1998,cscw,Tangible interfaces for remote collaboration and communication,10.1145/289444.289491,423,0.806,413.1,349,0.014778325123152709,0.020618556701030927,43
32,Shape-changing Interfaces,12023,2013,chi,Morphees,10.1145/2470654.2470738,338,0.644,2994.4,226,-0.10625,-0.1278409090909091,28
32,Shape-changing Interfaces,12750,2013,uist,inFORM,10.1145/2501988.2502032,307,0.585,4334.1,625,-0.08519793459552495,-0.1141552511415525,25
32,Shape-changing Interfaces,3376,2001,siggraph,Project FEELEX,10.1145/383259.383314,419,0.798,1150.1,326,0.45614035087719296,0.0,35
32,Shape-changing Interfaces,20752,2018,chi,Grand Challenges in Shape-Changing Interface Research,10.1145/3173574.3173873,187,0.356,2768.9,233,-0.08302919708029197,-0.09469153515064563,18
32,Shape-changing Interfaces,4371,2004,siggraph,Lumen,10.1145/1186155.1186173,418,0.796,1298.0,157,0.2930232558139535,0.023255813953488372,35
32,Shape-changing Interfaces,6068,2007,tei,Actuation and tangible user interfaces,10.1145/1226969.1227012,416,0.792,1629.5,179,-0.031818181818181815,-0.038461538461538464,34
32,Shape-changing Interfaces,3703,2002,uist,The actuated workbench,10.1145/571985.572011,422,0.804,983.1,200,0.042042042042042045,-0.046511627906976744,37
32,Shape-changing Interfaces,10392,2012,chi,Shape-changing interfaces,10.1145/2207676.2207781,370,0.705,3827.7,435,-0.03129074315514994,-0.0594059405940594,29
32,Shape-changing Interfaces,12794,2013,uist,PneUI,10.1145/2501988.2502037,300,0.571,4046.1,337,-0.05656934306569343,-0.1650943396226415,27
33,Printed & Paper Electronics,11489,2012,uist,Printed optics,10.1145/2380116.2380190,295,0.59,2076.2,307,0.19444444444444445,0.2,29
33,Printed & Paper Electronics,16129,2015,uist,Foldio,10.1145/2807442.2807494,247,0.494,1973.6,139,-0.09190672153635117,-0.10644257703081232,24
33,Printed & Paper Electronics,16132,2015,uist,Capricate,10.1145/2807442.2807503,233,0.466,2253.1,165,-0.12954545454545455,-0.13063063063063063,24
33,Printed & Paper Electronics,5926,2007,tei,The reacTable,10.1145/1226969.1226998,380,0.76,987.1,606,0.01707317073170732,-0.014563106796116505,35
33,Printed & Paper Electronics,11206,2012,uist,Midas,10.1145/2380116.2380189,319,0.638,2393.9,176,0.015476190476190477,-0.015432098765432098,29
33,Printed & Paper Electronics,12265,2013,ubicomp,Instant inkjet circuits,10.1145/2493432.2493486,310,0.62,3003.9,333,0.010025062656641603,-0.0273972602739726,28
33,Printed & Paper Electronics,4366,2004,iui,Wearable virtual tablet,10.1145/964442.964475,384,0.768,42.7,15,0.01818181818181818,0.16666666666666666,40
33,Printed & Paper Electronics,5012,2005,uist,PlayAnywhere,10.1145/1095034.1095047,383,0.766,438.0,372,-0.02569593147751606,-0.10526315789473684,39
33,Printed & Paper Electronics,3252,2001,chi,Sensetable,10.1145/365024.365112,386,0.772,611.8,281,-0.025799793601651185,-0.03355704697986577,45
33,Printed & Paper Electronics,2263,1997,uist,The metaDESK,10.1145/263407.263551,399,0.798,545.8,535,0.0341726618705036,-0.012658227848101266,49
34,Textiles & Cloth Simulation,16707,2016,chi,"""I don't Want to Wear a Screen""",10.1145/2858036.2858192,220,0.52,2310.2,230,-0.019525801952580194,-0.05519480519480519,21
34,Textiles & Cloth Simulation,7461,2009,chi,The TeeBoard,10.1145/1518701.1518742,277,0.655,559.4,57,-0.029940119760479042,-0.05714285714285714,32
34,Textiles & Cloth Simulation,8810,2010,chi,Cord input,10.1145/1753326.1753573,251,0.593,284.7,43,0.24528301886792453,0.2,32
34,Textiles & Cloth Simulation,17066,2016,chi,Project Jacquard,10.1145/2858036.2858176,244,0.577,3301.3,324,-0.005082592121982211,-0.02122641509433962,23
34,Textiles & Cloth Simulation,19883,2017,uist,SmartSleeve,10.1145/3126594.3126652,201,0.475,2167.9,127,-0.06280193236714976,-0.07436399217221135,18
34,Textiles & Cloth Simulation,28172,2021,chi,KnitUI: Fabricating Interactive and Sensing Textiles with Machine Knitting,10.1145/3411764.3445780,96,0.227,1867.3,100,-0.19617224880382775,-0.19617224880382775,11
34,Textiles & Cloth Simulation,5689,2006,chi,Prototyping retractable string-based interaction techniques for dual-display mobile device,10.1145/1124772.1124827,253,0.598,183.7,22,0.088,0.05555555555555555,33
34,Textiles & Cloth Simulation,2639,1998,siggraph,Musical jacket,10.1145/281388.281456,278,0.657,100.2,27,1.0,,33
34,Textiles & Cloth Simulation,7097,2008,chi,The LilyPad Arduino,10.1145/1357054.1357123,290,0.686,1807.9,598,0.5789473684210527,0.2564102564102564,33
34,Textiles & Cloth Simulation,21850,2018,uist,RESi,10.1145/3242587.3242664,186,0.44,2052.9,90,-0.15210355987055016,-0.19117647058823528,17
35,Digital Fabrication,21026,2018,chi,RoMA,10.1145/3173574.3174153,145,0.411,1685.0,171,-0.13445378151260504,-0.132,18
35,Digital Fabrication,13443,2014,uist,WirePrint,10.1145/2642918.2647359,239,0.677,2097.3,218,-0.09134615384615384,-0.13989637305699482,26
35,Digital Fabrication,8234,2010,tei,Interactive fabrication,10.1145/1935701.1935716,290,0.822,736.7,216,1.0,1.0,30
35,Digital Fabrication,10860,2012,uist,Interactive construction,10.1145/2380116.2380191,281,0.796,1764.7,166,-0.06292517006802721,-0.11483253588516747,29
35,Digital Fabrication,5165,2006,uist,ModelCraft,10.1145/1166253.1166258,282,0.799,652.5,77,0.012141280353200883,-0.009615384615384616,30
35,Digital Fabrication,12656,2013,chi,FreeD,10.1145/2470654.2481361,269,0.762,1862.5,202,-0.1693121693121693,-0.08333333333333333,29
35,Digital Fabrication,10229,2012,tog,Position-correcting tools for 2D digital fabrication,10.1145/2185520.2185584,271,0.768,1185.8,84,0.2328042328042328,0.13333333333333333,30
35,Digital Fabrication,14973,2015,chi,Being the Machine,10.1145/2702123.2702547,207,0.586,1915.7,148,0.013736263736263736,-0.005988023952095809,22
35,Digital Fabrication,8351,2010,tei,Spatial sketch,10.1145/1709886.1709890,292,0.827,636.2,63,0.046153846153846156,0.10843373493975904,33
36,Computational Fabrication,11841,2013,tog,Make it stand,10.1145/2461912.2461957,263,0.799,1878.4,289,-0.1417910447761194,-0.2945205479452055,28
36,Computational Fabrication,4163,2003,tog,Designing effective step-by-step assembly instructions,10.1145/1201775.882352,293,0.891,272.7,192,0.22641509433962265,0.2727272727272727,34
36,Computational Fabrication,11812,2013,tog,Computational design of actuated deformable characters,10.1145/2461912.2461979,258,0.784,1338.5,169,-0.04265402843601896,-0.10294117647058823,27
36,Computational Fabrication,9289,2011,tog,Converting 3D furniture models to fabricatable parts and connectors,10.1145/1964921.1964980,285,0.866,934.7,103,-0.0321285140562249,-0.07086614173228346,31
36,Computational Fabrication,9067,2011,tog,Making burr puzzles from 3D models,10.1145/1964921.1964992,284,0.863,584.4,72,0.036585365853658534,-0.043478260869565216,31
36,Computational Fabrication,15691,2015,tog,Microstructures to control elasticity in 3D printing,10.1145/2766926,167,0.508,1393.2,413,0.1015625,0.0,24
36,Computational Fabrication,10519,2012,tog,Guided exploration of physically valid shapes for furniture design,10.1145/2185520.2185582,278,0.845,1391.8,171,0.10982658959537572,0.06315789473684211,29
36,Computational Fabrication,12089,2013,tog,Computational design of mechanical characters,10.1145/2461912.2461953,256,0.778,1870.8,252,-0.12033195020746888,-0.20666666666666667,27
36,Computational Fabrication,6138,2007,tog,Plushie,10.1145/1275808.1276433,291,0.884,895.2,169,0.14485981308411214,0.0784313725490196,33
36,Computational Fabrication,8571,2010,tei,SketchChair,10.1145/1935701.1935717,286,0.869,788.6,186,0.034334763948497854,-0.08139534883720931,32
37,Sustainable Materials,29632,2022,tei,Designing with Alganyl,10.1145/3490149.3501308,84,0.323,1501.9,68,-0.07045009784735812,-0.07045009784735812,12
37,Sustainable Materials,7969,2010,tei,"Texturing the ""material turn"" in interaction design",10.1145/1709886.1709911,171,0.658,773.9,160,-0.011251758087201125,-0.018404907975460124,27
37,Sustainable Materials,32101,2023,tei,SCOBY BREASTPLATE: SLOWLY GROWING A MICROBIAL INTERFACE,10.1145/3569009.3572805,63,0.242,1507.0,64,-0.13523131672597866,-0.13523131672597866,9
37,Sustainable Materials,6312,2007,chi,Computational composites,10.1145/1240624.1240706,177,0.681,391.8,267,1.0,1.0,32
37,Sustainable Materials,9769,2011,chi,Antiquarian answers,10.1145/1978942.1979332,162,0.623,260.5,50,0.021739130434782608,0.075,30
37,Sustainable Materials,15119,2015,chi,bioLogic,10.1145/2702123.2702611,124,0.477,1546.7,251,0.029350104821802937,-0.04522613065326633,22
37,Sustainable Materials,10771,2012,cscw,The material practices of collaboration,10.1145/2145204.2145375,159,0.612,510.6,112,0.24107142857142858,0.3013698630136986,27
37,Sustainable Materials,23962,2019,ubicomp,Myco-accessories,10.1145/3341163.3346938,102,0.392,1962.1,113,0.38620689655172413,0.27884615384615385,14
37,Sustainable Materials,31293,2022,uist,Prototyping Soft Devices with Interactive Bioplastics,10.1145/3526113.3545623,66,0.254,1564.3,73,-0.12596401028277635,-0.12596401028277635,10
37,Sustainable Materials,10974,2012,dis,The material move how materials matter in interaction design research,10.1145/2317956.2318029,144,0.554,392.9,79,-0.01038961038961039,-0.03305785123966942,26
38,Data Physicalization,4096,2003,chi,A design tool for camera-based interaction,10.1145/642611.642690,138,0.556,212.3,80,0.021116138763197588,0.025423728813559324,43
38,Data Physicalization,5376,2006,uist,"Reflective physical prototyping through integrated design, test, and analysis",10.1145/1166253.1166300,130,0.524,1074.8,301,-0.04074702886247878,-0.11864406779661017,40
38,Data Physicalization,3234,2001,uist,Phidgets,10.1145/502348.502388,153,0.617,1546.0,649,0.15921052631578947,0.08888888888888889,43
38,Data Physicalization,3726,2002,dis,Forming interactivity,10.1145/778712.778735,139,0.56,359.8,101,-0.04247104247104247,-0.06976744186046512,42
38,Data Physicalization,15825,2015,chi,Opportunities and Challenges for Data Physicalization,10.1145/2702123.2702180,118,0.476,1878.4,558,-0.0007309941520467836,-0.0032258064516129032,23
38,Data Physicalization,12307,2013,chi,Evaluating the efficiency of physical visualizations,10.1145/2470654.2481359,124,0.5,830.9,225,0.03636363636363636,0.013333333333333334,26
38,Data Physicalization,17814,2016,uist,The Toastboard,10.1145/2984511.2984566,49,0.198,978.1,66,-0.12,-0.18,18
38,Data Physicalization,4153,2003,chi,iStuff,10.1145/642611.642705,143,0.577,658.4,212,-0.03153153153153153,-0.087248322147651,42
38,Data Physicalization,3773,2002,uist,Customizable physical interfaces for interacting with conventional applications,10.1145/571985.571991,139,0.56,205.5,55,-0.0011123470522803114,-0.021897810218978103,42
39,Neural Rendering & Reconstruction,292,1984,tog,Geometric structures for three-dimensional shape representation,10.1145/357346.357349,134,0.74,113.5,574,1.0,,52
39,Neural Rendering & Reconstruction,516,1987,siggraph,Marching cubes: A high resolution 3D surface construction algorithm,10.1145/37401.37422,129,0.713,263.7,10210,1.0,1.0,56
39,Neural Rendering & Reconstruction,33803,2023,tog,3D Gaussian Splatting for Real-Time Radiance Field Rendering,10.1145/3592433,18,0.099,509.9,4727,0.25862068965517243,0.25862068965517243,6
39,Neural Rendering & Reconstruction,1932,1996,siggraph,Light field rendering,10.1145/237170.237199,116,0.641,694.9,3748,0.37681159420289856,-0.5,46
39,Neural Rendering & Reconstruction,1711,1995,siggraph,A signal processing approach to fair surface design,10.1145/218380.218473,123,0.68,82.7,1853,0.058823529411764705,-0.15789473684210525,50
39,Neural Rendering & Reconstruction,1689,1995,siggraph,QuickTime VR,10.1145/218380.218395,122,0.674,464.2,1152,0.20175438596491227,0.34285714285714286,51
39,Neural Rendering & Reconstruction,1494,1994,siggraph,Zippered polygon meshes from range images,10.1145/192161.192241,132,0.729,222.6,1336,0.3,0.0,51
39,Neural Rendering & Reconstruction,22,1980,siggraph,Movie-maps,10.1145/800250.807465,124,0.685,98.8,240,0.45454545454545453,0.0,52
39,Neural Rendering & Reconstruction,29881,2022,tog,Instant neural graphics primitives with a multiresolution hash encoding,10.1145/3528223.3530127,27,0.149,611.4,3780,0.5789473684210527,0.5789473684210527,8
39,Neural Rendering & Reconstruction,2043,1996,siggraph,The lumigraph,10.1145/237170.237200,112,0.619,586.4,2466,-0.26605504587155965,-0.30434782608695654,41
40,Texture & Image Synthesis,1377,1993,siggraph,Interactive texture mapping,10.1145/166117.166120,98,0.598,385.1,335,0.782608695652174,1.0,53
40,Texture & Image Synthesis,998,1991,siggraph,Reaction-diffusion textures,10.1145/122718.122750,120,0.732,245.7,298,1.0,1.0,54
40,Texture & Image Synthesis,3242,2001,siggraph,Image quilting for texture synthesis and transfer,10.1145/383259.383296,55,0.335,423.5,2399,-0.1076923076923077,-0.38461538461538464,35
40,Texture & Image Synthesis,3179,2000,siggraph,Fast texture synthesis using tree-structured vector quantization,10.1145/344779.345009,60,0.366,423.5,1356,0.2765957446808511,0.16666666666666666,36
40,Texture & Image Synthesis,1262,1992,siggraph,Re-tiling polygonal surfaces,10.1145/133994.134008,114,0.695,381.7,737,0.37037037037037035,0.16666666666666666,52
40,Texture & Image Synthesis,1007,1991,siggraph,Generating textures on arbitrary surfaces using reaction-diffusion,10.1145/122718.122749,119,0.726,351.4,406,0.0,0.2857142857142857,53
40,Texture & Image Synthesis,3793,2002,tog,Least squares conformal maps for automatic texture atlas generation,10.1145/566570.566590,36,0.22,402.8,952,0.06818181818181818,-0.1,37
40,Texture & Image Synthesis,411,1986,tog,Stochastic sampling in computer graphics,10.1145/7529.8927,124,0.756,102.5,242,1.0,1.0,55
40,Texture & Image Synthesis,702,1989,siggraph,Algorithms for solid noise synthesis,10.1145/74333.74360,122,0.744,108.3,159,0.6153846153846154,0.4,54
41,Animation Principles,35,1981,siggraph,Inbetweening for computer animation utilizing moving point constraints,10.1145/800224.806814,89,0.622,154.0,105,1.0,1.0,58
41,Animation Principles,1380,1993,uist,Animation: from cartoons to the user interface,10.1145/168642.168647,75,0.524,381.1,195,0.01937984496124031,-0.029850746268656716,54
41,Animation Principles,5,1977,siggraph,Anima II,10.1145/563858.563870,83,0.58,78.0,33,1.0,1.0,66
41,Animation Principles,13318,2014,chi,Draco,10.1145/2556288.2556987,45,0.315,856.2,111,0.03355704697986577,-0.013888888888888888,23
41,Animation Principles,6923,2008,chi,K-sketch,10.1145/1357054.1357122,54,0.378,677.0,109,0.016414141414141416,-0.0043859649122807015,29
41,Animation Principles,911,1991,chi,Bringing icons to life,10.1145/108844.108845,79,0.552,61.7,107,0.7222222222222222,0.5,55
41,Animation Principles,17459,2016,chi,Motion Amplifiers,10.1145/2858036.2858386,29,0.203,457.2,45,-0.15789473684210525,-0.14492753623188406,17
41,Animation Principles,13237,2014,uist,Kitty,10.1145/2642918.2647375,39,0.273,509.1,112,0.29411764705882354,0.16666666666666666,22
41,Animation Principles,286,1984,siggraph,"Interpolating splines with local tension, continuity, and bias control",10.1145/800031.808575,88,0.615,92.0,290,0.2,-1.0,57
41,Animation Principles,511,1987,siggraph,Principles of traditional animation applied to 3D computer animation,10.1145/37401.37407,84,0.587,370.7,623,0.7678571428571429,0.5,56
42,Sketch-based Modelling,13953,2014,tog,True2Form,10.1145/2601097.2601128,71,0.55,976.2,179,-0.23484848484848486,-0.2375,25
42,Sketch-based Modelling,7045,2008,uist,ILoveSketch,10.1145/1449715.1449740,87,0.674,1470.5,292,0.03070175438596491,0.013888888888888888,32
42,Sketch-based Modelling,19110,2017,chi,Experimental Evaluation of Sketching on Surfaces in VR,10.1145/3025453.3025474,41,0.318,755.9,197,0.1330049261083744,0.12605042016806722,17
42,Sketch-based Modelling,2824,1999,siggraph,Teddy,10.1145/311535.311602,108,0.837,680.5,768,1.0,1.0,48
42,Sketch-based Modelling,1008,1991,siggraph,Sculpting,10.1145/122718.122747,106,0.822,201.5,330,0.3076923076923077,0.4,55
42,Sketch-based Modelling,20656,2018,chi,SymbiosisSketch,10.1145/3173574.3173759,34,0.264,717.7,185,-0.16666666666666666,-0.1875,16
42,Sketch-based Modelling,1333,1993,siggraph,Leo,10.1145/166117.166130,105,0.814,68.4,46,0.0,0.0,47
42,Sketch-based Modelling,1654,1995,tochi,HoloSketch,10.1145/210079.210087,103,0.798,251.8,162,0.375,0.08333333333333333,45
42,Sketch-based Modelling,1471,1994,siggraph,FBRAM,10.1145/192161.192194,104,0.806,34.6,55,-0.14285714285714285,-0.2,46
43,Motion Synthesis & Control,21057,2018,tog,DeepMimic,10.1145/3197517.3201311,37,0.291,447.8,816,-0.2,-0.20454545454545456,14
43,Motion Synthesis & Control,515,1987,siggraph,Controlling dynamic simulation with kinematic constraints,10.1145/37401.37428,109,0.858,174.5,139,1.0,1.0,61
43,Motion Synthesis & Control,870,1990,siggraph,Strength guided motion,10.1145/97879.97907,102,0.803,104.6,88,-0.14285714285714285,-0.2222222222222222,50
43,Motion Synthesis & Control,518,1988,uist,JACK: a toolkit for manipulating articulated figures,10.1145/62402.62436,104,0.819,69.8,95,0.0,0.0,60
43,Motion Synthesis & Control,24493,2019,tog,Neural state machine for character-scene interactions,10.1145/3355089.3356505,30,0.236,331.8,288,-0.09433962264150944,-0.14285714285714285,11
43,Motion Synthesis & Control,19152,2017,tog,Phase-functioned neural networks for character control,10.1145/3072959.3073663,45,0.354,616.0,543,-0.15384615384615385,-0.28125,15
43,Motion Synthesis & Control,21170,2018,tog,Mode-adaptive neural networks for quadruped motion control,10.1145/3197517.3201366,34,0.268,340.2,279,-0.025,-0.09375,12
43,Motion Synthesis & Control,693,1989,siggraph,"Goal-directed, dynamic animation of human walking",10.1145/74333.74357,106,0.835,188.5,299,0.23076923076923078,-0.14285714285714285,51
43,Motion Synthesis & Control,1433,1994,siggraph,Animated conversation,10.1145/192161.192272,96,0.756,152.8,666,0.8409090909090909,0.6666666666666666,49
43,Motion Synthesis & Control,3390,2001,siggraph,Composable controllers for physics-based character animation,10.1145/383259.383287,74,0.583,386.4,337,0.0234375,-0.18181818181818182,34
44,Procedural Shape Modelling,8002,2010,tog,Computer-generated residential building layouts,10.1145/1866158.1866203,88,0.71,220.1,211,0.5789473684210527,0.75,31
44,Procedural Shape Modelling,11576,2012,tog,Example-based synthesis of 3D object arrangements,10.1145/2366145.2366154,41,0.331,586.1,350,-0.2127659574468085,-0.24528301886792453,23
44,Procedural Shape Modelling,8580,2010,tog,Context-based search for 3D models,10.1145/1866158.1866204,87,0.702,185.6,88,1.0,1.0,31
44,Procedural Shape Modelling,1577,1994,siggraph,Synthetic topiary,10.1145/192161.192254,85,0.685,166.1,280,0.17857142857142858,-0.2857142857142857,49
44,Procedural Shape Modelling,10026,2011,tog,Interactive furniture layout using interior design guidelines,10.1145/1964921.1964982,78,0.629,549.9,243,0.19101123595505617,0.13333333333333333,30
44,Procedural Shape Modelling,11117,2012,tog,A probabilistic model for component-based shape synthesis,10.1145/2185520.2185551,61,0.492,728.4,348,-0.1346153846153846,-0.1896551724137931,27
44,Procedural Shape Modelling,10103,2011,tog,Probabilistic reasoning for assembly-based 3D modeling,10.1145/1964921.1964930,67,0.54,586.2,205,-0.1,-0.2222222222222222,30
44,Procedural Shape Modelling,696,1989,siggraph,Voxel space automata: modeling with stochastic growth processes in voxel space,10.1145/74333.74351,86,0.694,93.1,132,0.6,0.3333333333333333,50
44,Procedural Shape Modelling,1756,1995,siggraph,Interactive physically-based manipulation of discrete/continuous models,10.1145/218380.218443,89,0.718,104.5,98,0.058823529411764705,0.0,44
44,Procedural Shape Modelling,10590,2012,tog,Fit and diverse,10.1145/2185520.2185553,64,0.516,629.9,165,-0.011235955056179775,-0.08163265306122448,28
45,Image & Facial Synthesis,17411,2016,tog,Fidelity vs. simplicity,10.1145/2897824.2925946,26,0.053,432.3,97,-0.20634920634920634,-0.19047619047619047,16
45,Image & Facial Synthesis,838,1990,siggraph,Particle animation and rendering using data parallel computation,10.1145/97879.97923,248,0.51,112.3,211,1.0,1.0,49
45,Image & Facial Synthesis,186,1982,siggraph,A device independent graphics imaging model for use with raster devices,10.1145/800064.801297,221,0.455,114.5,52,1.0,1.0,63
45,Image & Facial Synthesis,12008,2013,tog,Realtime facial animation with on-the-fly correctives,10.1145/2461912.2462019,74,0.152,422.9,286,-0.14814814814814814,-0.3076923076923077,25
45,Image & Facial Synthesis,10,1978,siggraph,Color gamut transform pairs,10.1145/800248.807361,273,0.562,262.6,862,1.0,1.0,66
45,Image & Facial Synthesis,9195,2011,tog,Realtime performance-based facial animation,10.1145/1964921.1964972,83,0.171,529.3,470,0.009615384615384616,0.020833333333333332,28
45,Image & Facial Synthesis,1519,1994,siggraph,Computer-generated pen-and-ink illustration,10.1145/192161.192184,185,0.381,488.3,443,0.23076923076923078,0.25,52
45,Image & Facial Synthesis,19,1979,siggraph,Tint fill,10.1145/800249.807456,229,0.471,68.9,69,0.2,0.5,65
45,Image & Facial Synthesis,698,1989,siggraph,Layered construction for deformable animated characters,10.1145/74333.74358,271,0.558,283.6,380,0.061946902654867256,-0.1111111111111111,55
45,Image & Facial Synthesis,2814,1999,siggraph,A morphable model for the synthesis of 3D faces,10.1145/311535.311556,143,0.294,678.2,4820,0.8279569892473119,0.45454545454545453,35
46,UI Toolkits & Constraints,320,1985,siggraph,"Juno, a constraint-based graphics system",10.1145/325334.325241,93,0.674,253.5,66,1.0,1.0,63
46,UI Toolkits & Constraints,289,1984,siggraph,A system for algorithm animation,10.1145/800031.808596,100,0.725,182.4,315,1.0,1.0,63
46,UI Toolkits & Constraints,416,1986,chi,Creating dynamic interaction techniques by demonstration,10.1145/29933.275642,91,0.659,264.0,59,0.4,0.55,62
46,UI Toolkits & Constraints,695,1989,siggraph,Metamouse: specifying graphical procedures by example,10.1145/74333.74346,52,0.377,448.6,98,0.3018867924528302,0.3333333333333333,55
46,UI Toolkits & Constraints,371,1986,tog,Constraint-based tools for building user interfaces,10.1145/27623.29354,85,0.616,649.1,257,0.1917808219178082,0.07692307692307693,62
46,UI Toolkits & Constraints,534,1988,uist,Using active data in a UIMS,10.1145/62402.62429,77,0.558,551.0,40,-0.056179775280898875,-0.07407407407407407,61
46,UI Toolkits & Constraints,503,1986,chi,Defining constraints graphically,10.1145/22627.22362,86,0.623,300.2,52,0.42105263157894735,0.8571428571428571,62
46,UI Toolkits & Constraints,346,1986,tog,An object-oriented approach to graphical interfaces,10.1145/22949.22951,89,0.645,603.8,131,0.575,0.8235294117647058,62
46,UI Toolkits & Constraints,636,1989,uist,Creating graphical interactive application objects by demonstration,10.1145/73660.73672,74,0.536,529.3,124,-0.09574468085106383,-0.19047619047619047,60
47,UI Software Tools,160,1982,chi,Toward the design and development of style-independent interactive systems,10.1145/800049.801765,88,0.677,189.9,23,1.0,1.0,66
47,UI Software Tools,195,1982,chi,Towards specifying and evaluating the human factors of user-computer interfaces,10.1145/800049.801801,87,0.669,285.1,46,0.14285714285714285,-0.2222222222222222,65
47,UI Software Tools,579,1988,chi,A knowledge-based user interface management system,10.1145/57167.57178,41,0.315,592.6,103,0.006802721088435374,0.044444444444444446,60
47,UI Software Tools,235,1983,siggraph,Towards a comprehensive user interface management system,10.1145/800059.801130,84,0.646,554.3,227,0.43243243243243246,0.11764705882352941,64
47,UI Software Tools,44,1981,siggraph,The George Washington University Core System implementation,10.1145/800224.806798,89,0.685,49.5,6,1.0,1.0,67
47,UI Software Tools,621,1988,uist,Building user interfaces by direct manipulation,10.1145/62402.62428,37,0.285,544.5,172,0.2222222222222222,0.225,61
47,UI Software Tools,15,1979,siggraph,The semantics of graphical input,10.1145/800249.807432,100,0.769,185.7,21,0.2,0.0,67
47,UI Software Tools,272,1983,siggraph,SYNGRAPH,10.1145/800059.801131,80,0.615,669.9,129,-0.030303030303030304,-0.2777777777777778,64
47,UI Software Tools,20,1980,siggraph,Prototyping and simulation tools for user/computer dialogue design,10.1145/800250.807504,98,0.754,337.5,43,0.6363636363636364,0.875,66
47,UI Software Tools,409,1986,tog,MIKE: the menu interaction kontrol environment,10.1145/27623.28868,50,0.385,823.4,134,0.18518518518518517,0.1935483870967742,62
48,Real-time Groupware,837,1990,cscw,MMConf: an infrastructure for building shared multimedia applications,10.1145/99332.99365,134,0.328,884.9,247,0.0,-0.0967741935483871,57
48,Real-time Groupware,1387,1994,cscw,Real time groupware as a distributed system,10.1145/192844.193011,99,0.242,898.5,391,0.28431372549019607,0.047619047619047616,51
48,Real-time Groupware,397,1986,cscw,An experiment in integrated multimedia conferencing,10.1145/637069.637106,156,0.381,487.9,136,0.8571428571428571,0.8181818181818182,59
48,Real-time Groupware,208,1982,siggraph,A language for bitmap manipulation,10.1145/357306.357308,160,0.391,45.8,52,1.0,1.0,62
48,Real-time Groupware,852,1990,cscw,Rendezvous: an architecture for synchronous multi-user applications,10.1145/99332.99364,147,0.359,974.7,194,0.32727272727272727,0.20512820512820512,56
48,Real-time Groupware,278,1983,siggraph,Graphics in overlapping bitmap layers,10.1145/357318.357322,159,0.389,45.8,110,0.75,1.0,61
48,Real-time Groupware,2391,1998,cscw,Operational transformation in real-time group editors,10.1145/289444.289469,50,0.122,830.3,497,-0.136986301369863,-0.07142857142857142,44
48,Real-time Groupware,2617,1998,tochi,"Achieving convergence, causality preservation, and intention preservation in real-time coo",10.1145/274444.274447,46,0.112,801.3,584,-0.18055555555555555,-0.2,44
48,Real-time Groupware,282,1984,tog,Structured Graphics for Distributed Systems,10.1145/357332.357334,157,0.384,124.7,38,0.3,0.2,60
48,Real-time Groupware,156,1982,siggraph,Star graphics,10.1145/800064.801270,162,0.396,86.6,66,1.0,1.0,63
49,Semantic Media & Documentation,5091,2006,ubicomp,Automated Application-Specific Tuning of Parameterized Sensor-Based Embedded System Buildi,10.1007/11853565_30,1,0.012,0.0,10,,,1
49,Semantic Media & Documentation,295,1985,chi,Documentation of Concurrent Programs,10.1177/001872088502700406,1,0.012,0.0,15,1.0,1.0,1
49,Semantic Media & Documentation,4745,2005,iui,An ontology-based interface for machine learning,10.1145/1040830.1040911,3,0.036,0.0,23,1.0,1.0,1
49,Semantic Media & Documentation,6445,2008,siggraph,The dreaming pillow (L'oreiller rêveur),10.1145/1400385.1400454,1,0.012,0.0,1,1.0,1.0,1
49,Semantic Media & Documentation,7251,2009,iui,A meta user interface to control multimodal interaction in smart environments,10.1145/1502650.1502725,1,0.012,0.0,19,1.0,1.0,1
49,Semantic Media & Documentation,4149,2003,iui,Intelligent user interface design for teachable agent systems,10.1145/604045.604054,2,0.024,0.0,31,1.0,1.0,1
49,Semantic Media & Documentation,4917,2005,assets,A system for creating personalized synthetic voices,10.1145/1090785.1090827,2,0.024,0.0,13,1.0,1.0,1
49,Semantic Media & Documentation,39930,2025,pacmhci,Event-Driven Predictive Gaze Analytics to Enhance Aviation Safety,10.1145/3725836,1,0.012,0.0,3,1.0,1.0,1
49,Semantic Media & Documentation,1406,1994,ijhcs,A methodology and interactive environment for iconic language design,10.1006/ijhc.1994.1078,1,0.012,0.0,33,,,1
49,Semantic Media & Documentation,33407,2023,pacmhci,A Unified Look at Cultural Heritage: Comparison of Aggregated Scanpaths over Architectural,10.1145/3591138,1,0.012,0.0,12,,,1
50,Autism & Neurodiversity,2340,1998,assets,Toward the use of speech and natural language technology in intervention for a language-di,10.1145/274497.274503,268,0.641,65.7,25,1.0,,37
50,Autism & Neurodiversity,26697,2020,assets,"Living Disability Theory: Reflections on Access, Research, and Design",10.1145/3373625.3416996,110,0.263,1313.3,179,-0.053103964098728494,-0.05565068493150685,13
50,Autism & Neurodiversity,5515,2006,cscw,SIDES,10.1145/1180875.1180877,272,0.651,512.8,341,0.0948905109489051,0.024390243902439025,40
50,Autism & Neurodiversity,27600,2021,tochi,The Purpose of Play,10.1145/3432245,96,0.23,1322.7,177,-0.04040404040404041,-0.04040404040404041,9
50,Autism & Neurodiversity,8147,2010,assets,Disability studies as a source of critical inquiry for the field of assistive technology,10.1145/1878803.1878807,222,0.531,1318.7,376,0.4444444444444444,0.07547169811320754,24
50,Autism & Neurodiversity,30519,2022,chi,ADHD and Technology Research – Investigated by Neurodivergent Readers,10.1145/3491102.3517592,61,0.146,1144.3,134,-0.05522388059701493,-0.05522388059701493,8
50,Autism & Neurodiversity,4664,2005,ubicomp,Abaris: Evaluating Automated Capture Applied to Structured Autism Interventions,10.1007/11551201_19,267,0.639,198.8,47,0.05357142857142857,0.0,36
50,Autism & Neurodiversity,3580,2002,assets,Virtual environments for social skills training,10.1145/638249.638269,289,0.691,118.8,55,1.0,1.0,41
50,Autism & Neurodiversity,4190,2004,ubicomp,Designing Capture Applications to Support the Education of Children with Autism,10.1007/978-3-540-30119-6_10,284,0.679,361.0,78,0.6206896551724138,0.38461538461538464,37
50,Autism & Neurodiversity,24543,2019,tochi,Agency of Autistic Children in Technology Research—A Critical Literature Review,10.1145/3344919,144,0.344,2014.4,277,-0.02108433734939759,-0.06578947368421052,15
51,Web Accessibility,19235,2017,dis,Enabling Collaboration in Learning Computer Programing Inclusive of Children with Vision I,10.1145/3064663.3064689,74,0.19,861.9,148,-0.025559105431309903,-0.03550295857988166,20
51,Web Accessibility,1510,1994,assets,Screen reader/2,10.1145/191028.191039,223,0.572,108.9,42,1.0,1.0,45
51,Web Accessibility,486,1986,chi,Human interface design and the handicapped user,10.1145/22627.22386,235,0.603,65.9,19,1.0,,51
51,Web Accessibility,20872,2018,chi,CodeTalk,10.1145/3173574.3174192,44,0.113,625.5,91,-0.25,-0.2413793103448276,15
51,Web Accessibility,1260,1992,uist,Mapping GUIs to auditory interfaces,10.1145/142621.142629,234,0.6,275.9,96,0.18181818181818182,0.3888888888888889,50
51,Web Accessibility,1486,1994,chi,Nonvisual presentation of graphical user interfaces,10.1145/191666.191732,231,0.592,283.9,157,0.39473684210526316,0.125,45
51,Web Accessibility,14736,2015,chi,StructJumper,10.1145/2702123.2702589,76,0.195,744.9,84,0.26785714285714285,0.15,18
51,Web Accessibility,6103,2007,assets,WebinSitu,10.1145/1296843.1296854,118,0.303,700.5,151,0.04,-0.044444444444444446,35
51,Web Accessibility,2554,1998,assets,User interface of a Home Page Reader,10.1145/274497.274526,210,0.538,351.5,186,1.0,1.0,43
51,Web Accessibility,24381,2019,pacmhci,"""It doesn't win you friends""",10.1145/3359293,39,0.1,712.6,99,-0.06727037516170763,-0.05945945945945946,15
52,Non-visual Navigation,7881,2009,assets,Freedom to roam,10.1145/1639642.1639663,282,0.731,1530.4,380,0.15675675675675677,0.07407407407407407,37
52,Non-visual Navigation,19754,2017,assets,NavCog3,10.1145/3132525.3132535,136,0.352,1497.9,156,-0.06756756756756757,-0.08333333333333333,19
52,Non-visual Navigation,10124,2011,chi,Enhancing independence and safety for blind and deaf-blind public transit riders,10.1145/1978942.1979424,260,0.674,493.9,137,0.030864197530864196,0.0,30
52,Non-visual Navigation,17488,2016,mobilehci,NavCog,10.1145/2935334.2935361,170,0.44,1652.9,239,0.013605442176870748,-0.0625,21
52,Non-visual Navigation,11698,2013,assets,"""Pray before you step out""",10.1145/2513383.2513449,217,0.562,1365.3,137,0.03303303303303303,-0.03571428571428571,24
52,Non-visual Navigation,2835,2000,assets,Wearable interfaces for orientation and wayfinding,10.1145/354324.354380,292,0.756,224.8,151,1.0,1.0,38
52,Non-visual Navigation,1523,1994,assets,Personal guidance system for the visually impaired,10.1145/191028.191051,254,0.658,141.5,144,1.0,1.0,47
52,Non-visual Navigation,24219,2019,assets,CaBot: Designing and Evaluating an Autonomous Navigation Robot for Blind People,10.1145/3308561.3353771,71,0.184,1382.0,171,-0.07211538461538461,-0.08235294117647059,11
52,Non-visual Navigation,8029,2010,chi,OneBusAway,10.1145/1753326.1753597,263,0.681,200.0,205,1.0,1.0,31
53,Deaf & Sign Language,28896,2021,pacmhci,"Social, Environmental, and Technical: Factors at Play in the Current Use and Future Design",10.1145/3479578,80,0.246,1006.7,49,-0.03918918918918919,-0.03918918918918919,10
53,Deaf & Sign Language,3041,2000,assets,The development of language processing support for the ViSiCAST project,10.1145/354324.354349,195,0.6,31.3,112,1.0,1.0,39
53,Deaf & Sign Language,21091,2018,chi,SpeechBubbles,10.1145/3173574.3173867,125,0.385,1105.7,105,-0.12030075187969924,-0.11392405063291139,16
53,Deaf & Sign Language,17763,2016,assets,Improving Real-Time Captioning Experiences for Deaf and Hard of Hearing Students,10.1145/2982142.2982164,163,0.502,889.2,81,-0.17582417582417584,-0.18,18
53,Deaf & Sign Language,6132,2007,assets,Variable frame rate for low power mobile sign language communication,10.1145/1296843.1296872,198,0.609,120.5,27,0.17647058823529413,0.3333333333333333,24
53,Deaf & Sign Language,3925,2003,chi,Can you see what i hear?,10.1145/642611.642641,194,0.597,409.2,72,0.25,0.125,38
53,Deaf & Sign Language,5590,2006,assets,MobileASL:,10.1145/1168987.1169001,201,0.618,145.6,59,0.37142857142857144,0.2857142857142857,34
53,Deaf & Sign Language,7764,2009,assets,ClassInFocus,10.1145/1639642.1639656,191,0.588,772.8,77,0.2808988764044944,0.15789473684210525,23
53,Deaf & Sign Language,30262,2022,chi,Remotely Co-Designing Features for Communication Applications using Automatic Captioning w,10.1145/3491102.3501843,70,0.215,885.4,51,-0.08641975308641975,-0.08641975308641975,9
53,Deaf & Sign Language,22969,2019,chi,Deaf and Hard-of-hearing Individuals' Preferences for Wearable and Mobile Sound Awareness ,10.1145/3290605.3300276,112,0.345,1117.5,84,-0.04225352112676056,-0.04592901878914405,13
54,Visual Accessibility,8961,2010,chi,Asl-stem forum,10.1145/1753326.1753642,253,0.816,82.5,27,0.21428571428571427,0.16666666666666666,34
54,Visual Accessibility,24771,2020,chi,"""Person, Shoes, Tree. Is the Person Naked?"" What People with Vision Impairments Want in Im",10.1145/3313831.3376404,155,0.5,1814.6,132,-0.1392857142857143,-0.16342412451361868,15
54,Visual Accessibility,9221,2011,assets,Supporting blind photography,10.1145/2049536.2049573,261,0.842,1689.8,167,-0.0197869101978691,-0.09154929577464789,32
54,Visual Accessibility,2502,1998,assets,Factors leading to the successful use of voice recognition technology,10.1145/274497.274532,252,0.813,24.9,15,1.0,,34
54,Visual Accessibility,11694,2013,cscw,Investigating the appropriateness of social network question asking as a resource for blin,10.1145/2441776.2441915,251,0.81,1084.0,148,-0.041666666666666664,-0.09219858156028368,31
54,Visual Accessibility,8495,2010,uist,VizWiz,10.1145/1866029.1866080,265,0.855,2686.1,588,0.1872,0.07777777777777778,36
54,Visual Accessibility,18127,2017,chi,Understanding Blind People's Experiences with Computer-Generated Captions of Social Media ,10.1145/3025453.3025814,208,0.671,1845.6,195,-0.03717026378896882,-0.064,18
54,Visual Accessibility,18297,2017,cscw,Automatic Alt-text,10.1145/2998181.2998364,208,0.671,2161.0,250,-0.08695652173913043,-0.1111111111111111,20
55,Non-visual Touch Interfaces,30561,2022,chi,VoxLens: Making Online Data Visualizations Accessible with an Interactive JavaScript Plug-,10.1145/3491102.3517431,46,0.16,1085.7,89,0.043478260869565216,0.043478260869565216,10
55,Non-visual Touch Interfaces,21090,2018,chi,Accessible Maps for the Blind,10.1145/3173574.3173772,120,0.417,1419.2,145,-0.030534351145038167,-0.08888888888888889,18
55,Non-visual Touch Interfaces,4741,2005,assets,Automatic production of tactile graphics from scalable vector graphics,10.1145/1090785.1090816,212,0.736,44.5,22,0.6666666666666666,1.0,35
55,Non-visual Touch Interfaces,1929,1996,assets,Touching and hearing GUI's,10.1145/228347.228349,205,0.712,117.8,52,0.10256410256410256,0.4,43
55,Non-visual Touch Interfaces,4883,2005,assets,Automating tactile graphics translation,10.1145/1090785.1090814,209,0.726,213.8,124,0.9032258064516129,0.8,34
55,Non-visual Touch Interfaces,2035,1996,assets,Audiograf,10.1145/228347.228357,211,0.733,289.6,103,1.0,1.0,44
55,Non-visual Touch Interfaces,19864,2017,uist,Markit and Talkit,10.1145/3126594.3126650,128,0.444,889.5,72,-0.03560830860534125,-0.04060913705583756,19
55,Non-visual Touch Interfaces,17114,2016,chi,Tickers and Talker,10.1145/2858036.2858507,144,0.5,1025.1,70,-0.02384737678855326,-0.01729106628242075,21
55,Non-visual Touch Interfaces,2875,2000,assets,Tactile imaging using watershed-based image segmentation,10.1145/354324.354332,213,0.74,39.8,28,1.0,1.0,36
55,Non-visual Touch Interfaces,10911,2012,assets,Learning non-visual graphical information using a touch-based vibro-audio interface,10.1145/2384916.2384935,162,0.562,826.7,128,0.2127659574468085,0.17391304347826086,25
56,AAC & Aphasia,24838,2020,chi,CreaTable Content and Tangible Interaction in Aphasia,10.1145/3313831.3376490,37,0.253,635.9,39,-0.030418250950570342,-0.029345372460496615,12
56,AAC & Aphasia,31207,2022,assets,State of the Art in AAC: A Systematic Review and Taxonomy,10.1145/3517428.3544810,24,0.164,625.2,41,-0.033783783783783786,-0.033783783783783786,4
56,AAC & Aphasia,2121,1997,iui,Some interface issues in developing intelligent communication aids for people with disabil,10.1145/238218.238318,97,0.664,24.9,14,0.5,,36
56,AAC & Aphasia,1449,1994,assets,A communication tool for people with disabilities,10.1145/191028.191058,98,0.671,24.9,12,1.0,1.0,38
56,AAC & Aphasia,4588,2004,chi,The participatory design of a sound and image enhanced daily planner for people with aphas,10.1145/985692.985744,99,0.678,263.6,145,0.8627450980392157,0.9411764705882353,41
56,AAC & Aphasia,11564,2012,assets,What we talk about,10.1145/2384916.2384926,66,0.452,758.5,87,0.009478672985781991,-0.01282051282051282,23
56,AAC & Aphasia,18129,2017,chi,Exploring the Design Space of AAC Awareness Displays,10.1145/3025453.3025610,43,0.295,573.6,32,-0.011829652996845425,-0.008223684210526315,18
56,AAC & Aphasia,5556,2006,chi,Participatory design with proxies,10.1145/1124772.1124797,93,0.637,432.9,105,-0.04838709677419355,-0.14285714285714285,34
56,AAC & Aphasia,4086,2003,assets,The ethnographically informed participatory design of a PD application to support communic,10.1145/1028630.1028658,96,0.658,200.3,39,0.0784313725490196,0.09090909090909091,35
56,AAC & Aphasia,33117,2023,chi,"“The less I type, the better”: How AI Language Models can Enhance or Impede Communication ",10.1145/3544548.3581560,24,0.164,665.5,84,-0.029801324503311258,-0.029801324503311258,6
57,Assistive Music & Audio,7424,2009,chi,Critical methods and user generated content,10.1145/1518701.1518923,82,0.646,130.7,87,0.8461538461538461,0.7777777777777778,32
57,Assistive Music & Audio,5281,2006,chi,Desperately seeking simplicity,10.1145/1124772.1124943,95,0.748,162.5,240,1.0,1.0,39
57,Assistive Music & Audio,19298,2017,dis,Do-It-Yourself Empowerment as Experienced by Novice Makers with Disabilities,10.1145/3064663.3064674,70,0.551,682.6,105,-0.05337078651685393,-0.06887052341597796,19
57,Assistive Music & Audio,17888,2016,assets,Nothing to Hide,10.1145/2982142.2982159,65,0.512,463.0,68,-0.0777479892761394,-0.07291666666666667,20
57,Assistive Music & Audio,12836,2013,chi,Analyzing user-generated youtube videos to understand touchscreen use by people with motor,10.1145/2470654.2466158,81,0.638,252.7,199,0.005405405405405406,0.027586206896551724,25
57,Assistive Music & Audio,17068,2016,chi,An Intimate Laboratory?,10.1145/2858036.2858564,73,0.575,522.2,55,-0.026829268292682926,-0.024875621890547265,21
57,Assistive Music & Audio,15579,2015,chi,Sharing is Caring,10.1145/2702123.2702525,83,0.654,810.5,212,-0.0836734693877551,-0.056768558951965066,23
57,Assistive Music & Audio,9661,2011,assets,Empowering individuals with do-it-yourself assistive technology,10.1145/2049536.2049541,85,0.669,241.0,296,0.6011904761904762,0.17142857142857143,25
57,Assistive Music & Audio,21758,2018,assets,Interdependence as a Frame for Assistive Technology Research and Design,10.1145/3234695.3236348,59,0.465,1203.5,402,-0.11261872455902307,-0.13013698630136986,18
58,Blind Access to VR,28001,2021,chi,A Critical Examination of Virtual Reality Technology in the Context of the Minority Body,10.1145/3411764.3445196,33,0.275,449.9,107,-0.03024193548387097,-0.03024193548387097,13
58,Blind Access to VR,8962,2010,assets,Vi-bowling,10.1145/1878803.1878836,69,0.575,429.6,103,0.1111111111111111,0.11764705882352941,29
58,Blind Access to VR,1863,1996,assets,A generic direct-manipulation 3D-auditory environment for hierarchical navigation in non-v,10.1145/228347.228366,68,0.567,42.0,64,0.25,0.25,41
58,Blind Access to VR,6736,2008,assets,Blind hero,10.1145/1414471.1414503,82,0.683,422.8,150,0.20652173913043478,0.2857142857142857,30
58,Blind Access to VR,5235,2006,assets,A demonstration of the iCARE portable reader,10.1145/1168987.1169054,84,0.7,52.3,11,1.0,1.0,31
58,Blind Access to VR,26261,2020,assets,“I just went into it assuming that I wouldn't be able to have the full experience”,10.1145/3373625.3416998,34,0.283,631.9,112,-0.03168044077134986,-0.034055727554179564,14
58,Blind Access to VR,24983,2020,chi,Virtual Reality Without Vision: A Haptic and Auditory White Cane to Navigate Complex Virtu,10.1145/3313831.3376353,38,0.317,428.7,114,-0.09859154929577464,-0.11278195488721804,15
58,Blind Access to VR,5946,2007,assets,Finger dance,10.1145/1296843.1296898,85,0.708,93.0,66,1.0,1.0,31
58,Blind Access to VR,25596,2020,chi,Virtual Reality Games for People Using Wheelchairs,10.1145/3313831.3376265,35,0.292,561.3,96,0.15217391304347827,0.14606741573033707,15
59,Low-vision Accessibility,4864,2005,assets,SmartColor,10.1145/1090785.1090815,70,0.275,300.6,80,0.6363636363636364,0.75,32
59,Low-vision Accessibility,11434,2012,assets,Web accessibility as a side effect,10.1145/2384916.2384931,60,0.235,77.9,33,0.14583333333333334,0.2857142857142857,21
59,Low-vision Accessibility,28043,2021,chi,"Nuanced Perspectives Toward Disability Simulations from Digital Designers, Blind, Low Visi",10.1145/3411764.3445620,27,0.106,479.7,73,-0.07329842931937172,-0.07329842931937172,10
59,Low-vision Accessibility,9964,2011,chi,Usable gestures for blind people,10.1145/1978942.1979001,57,0.224,674.8,309,-0.050080775444264945,-0.034482758620689655,30
59,Low-vision Accessibility,6386,2008,assets,Slide rule,10.1145/1414471.1414487,63,0.247,495.1,373,0.23692307692307693,0.11811023622047244,38
59,Low-vision Accessibility,6100,2007,chi,An interface to support color blind computer users,10.1145/1240624.1240855,67,0.263,248.2,87,-0.42857142857142855,-1.0,30
59,Low-vision Accessibility,19768,2017,assets,Epidemiology as a Framework for Large-Scale Mobile Application Accessibility Assessment,10.1145/3132525.3132547,53,0.208,405.7,72,0.024,0.0,16
59,Low-vision Accessibility,11610,2012,assets,PassChords,10.1145/2384916.2384945,42,0.165,433.2,116,-0.006802721088435374,-0.0070921985815602835,27
59,Low-vision Accessibility,5118,2006,assets,Accommodating color blind computer users,10.1145/1168987.1168996,69,0.271,301.9,99,-0.2631578947368421,-1.0,31
60,Visual Aesthetics & UX,4930,2005,ijhcs,Current practice in measuring usability: Challenges to usability studies and research,10.1016/j.ijhcs.2005.06.002,93,0.443,463.6,1111,0.0214190093708166,-0.016129032258064516,31
60,Visual Aesthetics & UX,2086,1997,chi,Aesthetics and apparent usability,10.1145/258549.258626,129,0.614,332.5,476,1.0,1.0,36
60,Visual Aesthetics & UX,12870,2013,chi,Predicting users' first impressions of website aesthetics with a quantification of perceiv,10.1145/2470654.2481281,22,0.105,418.3,305,0.07272727272727272,0.04878048780487805,25
60,Visual Aesthetics & UX,9354,2011,chi,Old wine in new bottles or novel challenges,10.1145/1978942.1979336,70,0.333,778.6,647,-0.029508196721311476,-0.16494845360824742,30
60,Visual Aesthetics & UX,7822,2009,chi,User experience over time,10.1145/1518701.1518814,74,0.352,587.9,549,0.13740458015267176,0.18181818181818182,31
60,Visual Aesthetics & UX,563,1988,chi,Development of an instrument measuring user satisfaction of the human-computer interface,10.1145/57167.57203,107,0.51,191.8,1617,0.9090909090909091,1.0,53
60,Visual Aesthetics & UX,2874,2000,chi,Hedonic and <i>ergonomic quality aspects determine a software's appeal</i>,10.1145/332040.332432,109,0.519,167.7,417,0.3137254901960784,-0.25,34
60,Visual Aesthetics & UX,8859,2010,ijhcs,Facets of visual aesthetics,10.1016/j.ijhcs.2010.05.006,77,0.367,403.3,596,-0.06756756756756757,-0.32,31
60,Visual Aesthetics & UX,254,1983,chi,Questionnaires as a software evaluation tool,10.1145/800045.801586,109,0.519,55.9,103,1.0,1.0,54
60,Visual Aesthetics & UX,3071,2000,chi,Measuring usability,10.1145/332040.332455,101,0.481,298.8,650,0.5,0.3333333333333333,47
61,Player Experience & Immersion,6757,2008,ijhcs,Measuring and defining the experience of immersion in games,10.1016/j.ijhcs.2008.04.004,157,0.785,507.5,1980,0.7961783439490446,0.45454545454545453,29
61,Player Experience & Immersion,8038,2010,chi,The influence of implicit and explicit biofeedback in first-person shooter games,10.1145/1753326.1753453,138,0.69,38.0,101,1.0,1.0,30
61,Player Experience & Immersion,10762,2012,chi,Not doing but thinking,10.1145/2207676.2207689,130,0.65,477.1,119,-0.0915032679738562,-0.25,25
61,Player Experience & Immersion,16785,2016,chi,"Negative Emotion, Positive Experience?",10.1145/2858036.2858227,115,0.575,1218.0,179,0.004016064257028112,-0.008620689655172414,18
61,Player Experience & Immersion,21906,2018,chiplay,"""A Game that Makes You Question...""",10.1145/3242671.3242691,62,0.31,735.7,89,-0.04241071428571429,-0.041353383458646614,14
61,Player Experience & Immersion,24148,2019,ijhcs,Development and validation of the player experience inventory: A scale to measure player e,10.1016/j.ijhcs.2019.102370,65,0.325,1051.4,399,0.13903743315508021,0.08208955223880597,15
61,Player Experience & Immersion,8345,2010,ijhcs,Effects of pre-game stories on feelings of presence and evaluation of computer games,10.1016/j.ijhcs.2010.07.002,136,0.68,18.1,60,1.0,1.0,25
61,Player Experience & Immersion,20797,2018,chi,“An Odd Kind of Pleasure”,10.1145/3173574.3173615,74,0.37,936.4,99,-0.08187134502923976,-0.08673469387755102,15
61,Player Experience & Immersion,13567,2014,chi,A systematic review of quantitative studies on the enjoyment of digital entertainment game,10.1145/2556288.2557078,135,0.675,838.3,210,0.02877697841726619,-0.022727272727272728,24
62,Rehabilitation Exergames,12993,2014,chiplay,Improving player balancing in racing games,10.1145/2658537.2658701,60,0.366,590.8,74,-0.2153846153846154,-0.2702702702702703,23
62,Rehabilitation Exergames,12097,2013,chi,Designing action-based exergames for children with cerebral palsy,10.1145/2470654.2466164,91,0.555,569.7,122,0.22033898305084745,0.3333333333333333,24
62,Rehabilitation Exergames,14339,2014,chi,"Effects of balancing for physical abilities on player performance, experience and self-est",10.1145/2556288.2556963,79,0.482,675.4,127,-0.1276595744680851,-0.15853658536585366,23
62,Rehabilitation Exergames,9575,2011,assets,Use of serious games for motivational balance rehabilitation of cerebral palsy patients,10.1145/2049536.2049615,97,0.591,19.0,22,1.0,1.0,26
62,Rehabilitation Exergames,9934,2011,chi,Target assistance for subtly balancing competitive play,10.1145/1978942.1979287,83,0.506,715.4,82,0.13592233009708737,0.07246376811594203,28
62,Rehabilitation Exergames,10575,2012,chi,Design of an exergaming station for children with cerebral palsy,10.1145/2207676.2208652,96,0.585,333.5,78,0.2,0.14285714285714285,25
62,Rehabilitation Exergames,11344,2012,chi,Full-body motion-based game interaction for older adults,10.1145/2207676.2208324,95,0.579,568.3,307,0.05362776025236593,0.07633587786259542,26
62,Rehabilitation Exergames,8920,2010,chi,Towards customizable games for stroke rehabilitation,10.1145/1753326.1753649,116,0.707,207.7,385,1.0,1.0,27
62,Rehabilitation Exergames,8926,2010,tei,Digital games for physical therapy,10.1145/1935701.1935725,100,0.61,88.0,83,0.15789473684210525,0.28,26
63,Multiplayer & Location-based Games,4423,2004,cscw,The social side of gaming,10.1145/1031607.1031667,121,0.829,409.0,353,0.06512605042016807,0.041666666666666664,36
63,Multiplayer & Location-based Games,5161,2006,cscw,Strangers and friends,10.1145/1180875.1180898,116,0.795,1005.3,416,0.2185430463576159,0.1,35
63,Multiplayer & Location-based Games,13258,2014,chiplay,Playing with strangers,10.1145/2658537.2658538,71,0.486,579.4,139,-0.007042253521126761,-0.09523809523809523,23
63,Multiplayer & Location-based Games,5549,2006,chi,"""Alone together?""",10.1145/1124772.1124834,117,0.801,928.0,757,0.09482758620689655,-0.07142857142857142,35
63,Multiplayer & Location-based Games,4464,2004,chi,The usability of massively multiplayer online roleplaying games,10.1145/985692.985781,118,0.808,28.5,59,1.0,1.0,36
63,Multiplayer & Location-based Games,4369,2004,cscw,Hiding and revealing in online poker games,10.1145/1031607.1031668,118,0.808,77.8,26,0.6,0.6666666666666666,36
63,Multiplayer & Location-based Games,16947,2016,chi,Ping to Win?,10.1145/2858036.2858132,54,0.37,493.9,109,-0.015105740181268883,-0.022950819672131147,21
63,Multiplayer & Location-based Games,4219,2004,cscw,CSCW at play,10.1145/1031607.1031666,123,0.842,417.3,154,0.038356164383561646,-0.03076923076923077,36
63,Multiplayer & Location-based Games,17694,2016,chiplay,Trust Me,10.1145/2967934.2968097,26,0.178,451.9,56,0.09803921568627451,0.05172413793103448,20
64,Gamification & Usability,25794,2020,chi,Self-Determination Theory in HCI Games Research: Current Uses and Open Questions,10.1145/3313831.3376723,32,0.051,728.2,257,-0.031545741324921134,-0.03873239436619718,10
64,Gamification & Usability,16803,2016,chi,Personality-targeted Gamification,10.1145/2858036.2858515,87,0.139,619.0,232,0.265625,0.25,19
64,Gamification & Usability,17037,2016,chi,Fostering Intrinsic Motivation through Avatar Identification in Digital Games,10.1145/2858036.2858062,123,0.197,743.8,262,0.0,-0.07526881720430108,20
64,Gamification & Usability,23629,2019,chiplay,Factors to Consider for Tailored Gamification,10.1145/3311350.3347167,53,0.085,616.1,142,-0.1292517006802721,-0.1391304347826087,11
64,Gamification & Usability,8273,2010,chi,Designing games for learning,10.1145/1753326.1753637,181,0.29,281.8,83,0.6944444444444444,0.6842105263157895,27
64,Gamification & Usability,5585,2006,chi,A continuous and objective evaluation of emotional experience with interactive play enviro,10.1145/1124772.1124926,220,0.353,262.3,265,0.5294117647058824,0.4090909090909091,35
64,Gamification & Usability,14580,2014,ijhcs,Gamification in theory and action: A survey,10.1016/j.ijhcs.2014.09.006,126,0.202,1371.4,2444,0.17209302325581396,0.10091743119266056,20
64,Gamification & Usability,153,1982,chi,Analogy considered harmful,10.1145/800049.801816,186,0.298,147.8,262,1.0,1.0,61
64,Gamification & Usability,7034,2008,chi,Tracking real-time user experience (TRUE),10.1145/1357054.1357126,253,0.405,432.3,249,0.5526315789473685,0.46153846153846156,31
64,Gamification & Usability,9788,2011,chi,"Practical, appropriate, empirically-validated guidelines for designing educational games",10.1145/1978942.1979229,213,0.341,133.5,192,1.0,1.0,28
65,Human-Robot Interaction,3716,2002,dis,All robots are not created equal,10.1145/778712.778756,199,0.538,205.9,491,0.10040160642570281,0.04,30
65,Human-Robot Interaction,20424,2018,hri,The Ripple Effects of Vulnerability,10.1145/3171221.3171275,83,0.224,634.8,131,-0.03888888888888889,-0.08181818181818182,15
65,Human-Robot Interaction,7786,2009,hri,Footing in human-robot conversations,10.1145/1514095.1514109,179,0.484,509.5,389,0.19631901840490798,0.15789473684210525,29
65,Human-Robot Interaction,4363,2004,iui,Where to look,10.1145/964442.964458,217,0.586,212.3,325,1.0,1.0,32
65,Human-Robot Interaction,5808,2007,hri,"Using vision, acoustics, and natural language for disambiguation",10.1145/1228716.1228727,195,0.527,49.6,36,0.006578947368421052,0.0,31
65,Human-Robot Interaction,32240,2023,hri,Feminist Human-Robot Interaction,10.1145/3568162.3576973,28,0.076,654.9,107,0.002109704641350211,0.002109704641350211,7
65,Human-Robot Interaction,16152,2015,hri,Using Robots to Moderate Team Conflict,10.1145/2696454.2696460,132,0.357,524.5,173,0.29464285714285715,0.14634146341463414,20
65,Human-Robot Interaction,3900,2003,ijhcs,Emotion and sociable humanoid robots,10.1016/s1071-5819(03)00018-1,246,0.665,174.9,1277,1.0,1.0,35
65,Human-Robot Interaction,22686,2019,hri,Micbot: A Peripheral Robotic Object to Shape Conversational Dynamics and Team Performance,10.1109/hri.2019.8673013,56,0.151,559.2,124,-0.08928571428571429,-0.09580838323353294,14
65,Human-Robot Interaction,5695,2006,hri,Interactions with a moody robot,10.1145/1121241.1121274,198,0.535,133.9,109,0.3,0.4666666666666667,34
66,Social Robots in the Field,5598,2006,hri,Service robots in the domestic environment,10.1145/1121241.1121286,191,0.544,743.7,511,0.24193548387096775,0.14492753623188406,34
66,Social Robots in the Field,21770,2018,uist,Authoring and Verifying Human-Robot Interactions,10.1145/3242587.3242634,43,0.123,448.0,59,0.018518518518518517,0.027522935779816515,14
66,Social Robots in the Field,6895,2008,hri,Design patterns for sociality in human-robot interaction,10.1145/1349822.1349836,138,0.393,402.6,172,0.24561403508771928,0.17391304347826086,28
66,Social Robots in the Field,5651,2006,hri,Common metrics for human-robot interaction,10.1145/1121241.1121249,177,0.504,329.1,754,0.44680851063829785,0.7333333333333333,35
66,Social Robots in the Field,6867,2008,hri,Robots in organizations,10.1145/1349822.1349860,148,0.422,823.1,361,0.07086614173228346,0.05660377358490566,28
66,Social Robots in the Field,1877,1996,cscw,Extending CSCW into domestic environments (workshop session) (abstract only),10.1145/240080.318345,192,0.547,52.7,5,1.0,1.0,45
66,Social Robots in the Field,5978,2007,hri,How robotic products become social products,10.1145/1228716.1228734,163,0.464,432.6,261,0.09333333333333334,0.023809523809523808,32
66,Social Robots in the Field,4478,2004,chi,Robotic camera control for remote exploration,10.1145/985692.985757,178,0.507,38.4,46,0.075,0.07142857142857142,36
67,Voice Assistants for Older Adults,21250,2018,dis,"""Hey Alexa, What's Up?""",10.1145/3196709.3196772,163,0.526,1485.6,321,0.35323383084577115,0.36486486486486486,16
67,Voice Assistants for Older Adults,20260,2018,chi,Voice Interfaces in Everyday Life,10.1145/3173574.3174214,208,0.671,3209.1,700,-0.026455026455026454,-0.05970149253731343,20
67,Voice Assistants for Older Adults,2629,1998,chi,What can I say?,10.1145/274644.274722,213,0.687,26.8,73,0.1111111111111111,0.125,48
67,Voice Assistants for Older Adults,15918,2015,chi,Repurposing Conversation,10.1145/2702123.2702532,212,0.684,138.6,17,0.031914893617021274,0.020833333333333332,22
67,Voice Assistants for Older Adults,1615,1995,chi,Designing SpeechActs,10.1145/223904.223952,241,0.777,240.4,250,1.0,1.0,52
67,Voice Assistants for Older Adults,24719,2019,chi,What Makes a Good Conversation?,10.1145/3290605.3300705,141,0.455,1704.9,450,-0.06407322654462243,-0.09821428571428571,15
67,Voice Assistants for Older Adults,21614,2018,imwut,Understanding the Long-Term Use of Smart Speaker Assistants,10.1145/3264901,179,0.577,1479.4,317,-0.006191950464396285,-0.004347826086956522,16
67,Voice Assistants for Older Adults,23378,2019,tochi,"Music, Search, and IoT",10.1145/3311956,155,0.5,1499.2,350,-0.0662557781201849,-0.0744466800804829,15
67,Voice Assistants for Older Adults,5716,2006,chi,Adaptive language behavior in HCI,10.1145/1124772.1124948,212,0.684,45.2,92,0.6666666666666666,1.0,24
67,Voice Assistants for Older Adults,17055,2016,chi,"""Like Having a Really Bad PA""",10.1145/2858036.2858288,231,0.745,789.5,1108,0.6676646706586826,0.6385542168674698,22
68,Automated Driving Interfaces,30912,2022,imwut,"Effects of Scene Detection, Scene Prediction, and Maneuver Planning Visualizations on Trus",10.1145/3534609,32,0.123,571.3,62,-0.05761316872427984,-0.05761316872427984,8
68,Automated Driving Interfaces,28202,2021,chi,A Taxonomy of Vulnerable Road Users for HCI Based On A Systematic Literature Review,10.1145/3411764.3445480,62,0.238,819.6,93,-0.16483516483516483,-0.16483516483516483,11
68,Automated Driving Interfaces,25482,2020,chi,Towards Inclusive External Communication of Autonomous Vehicles for Pedestrians with Visio,10.1145/3313831.3376472,67,0.258,806.7,91,-0.03908045977011494,-0.041343669250646,12
68,Automated Driving Interfaces,30221,2022,chi,"Effects of Pedestrian Behavior, Time Pressure, and Repeated Exposure on Crossing Decisions",10.1145/3491102.3517571,21,0.081,628.1,52,-0.1724137931034483,-0.1724137931034483,9
68,Automated Driving Interfaces,12401,2013,iui,Vibrobelt,10.1145/2449396.2449450,110,0.423,255.1,61,0.18518518518518517,0.07407407407407407,21
68,Automated Driving Interfaces,25777,2020,chi,A Longitudinal Video Study on Communicating Status and Intent for Self-Driving Vehicle Ped,10.1145/3313831.3376484,83,0.319,883.3,78,-0.08396946564885496,-0.08928571428571429,11
68,Automated Driving Interfaces,13557,2014,chi,HaptiMoto,10.1145/2556288.2557404,108,0.415,208.2,48,0.028985507246376812,0.03225806451612903,20
68,Automated Driving Interfaces,8470,2010,chi,Studying driver attention and behaviour for three configurations of GPS navigation in real,10.1145/1753326.1753517,160,0.615,207.3,85,-0.1,-0.07692307692307693,28
68,Automated Driving Interfaces,6653,2008,chi,In-car gps navigation,10.1145/1357054.1357316,163,0.627,296.7,162,0.020026702269692925,0.047244094488188976,32
68,Automated Driving Interfaces,11358,2012,chi,The normal natural troubles of driving with GPS,10.1145/2207676.2208285,158,0.608,352.9,110,0.01744186046511628,0.03896103896103896,27
69,Virtual Agents & Social Effects,2113,1997,ijhcs,Silicon sycophants: the effects of computers that flatter,10.1006/ijhc.1996.0104,129,0.563,325.0,369,0.00851063829787234,0.0,39
69,Virtual Agents & Social Effects,2058,1997,chi,The persona effect,10.1145/258549.258797,110,0.48,553.1,800,0.6779661016949152,0.42105263157894735,45
69,Virtual Agents & Social Effects,1227,1992,chi,Anthropomorphism,10.1145/142750.142760,174,0.76,107.3,54,1.0,1.0,49
69,Virtual Agents & Social Effects,1390,1994,chi,Using a human face in an interface,10.1145/191666.191708,137,0.598,310.0,224,0.4444444444444444,-0.08333333333333333,46
69,Virtual Agents & Social Effects,2974,2000,ijhcs,The impact of animated interface agents: a review of empirical research,10.1006/ijhc.1999.0325,76,0.332,437.9,568,-0.010309278350515464,-0.03225806451612903,36
69,Virtual Agents & Social Effects,1397,1994,ijhcs,"Machines, social attributions, and ethopoeia: performance assessments of computers subsequ",10.1006/ijhc.1994.1025,173,0.755,158.6,146,0.5384615384615384,0.25,48
69,Virtual Agents & Social Effects,1566,1994,chi,Computers are social actors,10.1145/191666.191703,171,0.747,497.4,1884,0.8982300884955752,0.75,47
70,Chatbot Companions,15425,2015,iui,Blurring of the Boundary Between Interactive Search and Recommendation,10.1145/2678025.2700998,155,0.708,17.0,8,1.0,1.0,21
70,Chatbot Companions,11363,2012,chi,"""Oh dear stacy!""",10.1145/2207676.2207684,160,0.731,58.8,57,1.0,1.0,21
70,Chatbot Companions,23331,2019,chi,Resilient Chatbots,10.1145/3290605.3300484,97,0.443,993.1,212,-0.033386327503974564,-0.0400890868596882,14
70,Chatbot Companions,17224,2016,dis,What Can You Do?,10.1145/2901790.2901842,154,0.703,504.1,94,0.030245746691871456,0.0163265306122449,20
70,Chatbot Companions,5961,2007,chi,The role of choice and customization on users' interaction with embodied conversational ag,10.1145/1240624.1240820,156,0.712,33.1,35,0.3,0.25,23
70,Chatbot Companions,25548,2020,chi,"""I Hear You, I Feel You"": Encouraging Deep Self-disclosure through a Chatbot",10.1145/3313831.3376175,105,0.479,1313.9,319,-0.03676470588235294,-0.04610951008645533,12
70,Chatbot Companions,21261,2018,dis,Evaluating and Informing the Design of Chatbots,10.1145/3196709.3196735,130,0.594,1060.0,362,-0.05970149253731343,-0.0821917808219178,17
70,Chatbot Companions,22771,2019,chi,Comparing Data from Chatbot and Web Surveys,10.1145/3290605.3300316,135,0.616,1247.7,193,0.0340632603406326,0.003424657534246575,15
70,Chatbot Companions,9401,2011,hri,Utilitarian vs. hedonic robots,10.1145/1957656.1957722,155,0.708,33.1,28,1.0,1.0,22
70,Chatbot Companions,27002,2020,tochi,Tell Me About Yourself,10.1145/3381804,59,0.269,970.0,181,-0.07397959183673469,-0.07780979827089338,11
71,Drones & Flying Robots,19619,2017,imwut,Drone Near Me,10.1145/3130899,32,0.246,488.1,97,-0.15178571428571427,-0.17721518987341772,18
71,Drones & Flying Robots,13061,2014,hri,Communication of intent in assistive free flyers,10.1145/2559636.2559672,62,0.477,606.4,141,0.05555555555555555,0.0,21
71,Drones & Flying Robots,10799,2012,hri,The illusion of robotic life,10.1145/2157689.2157814,64,0.492,58.7,117,0.3829787234042553,0.3888888888888889,26
71,Drones & Flying Robots,12559,2013,iui,Exploring 3d gesture metaphors for interaction with unmanned aerial vehicles,10.1145/2449396.2449429,64,0.492,355.4,117,0.6521739130434783,0.6,22
71,Drones & Flying Robots,15215,2015,ubicomp,Drone &amp; me,10.1145/2750858.2805823,44,0.338,918.5,295,-0.040372670807453416,-0.07236842105263158,20
71,Drones & Flying Robots,22767,2019,chi,The Design of Social Drones,10.1145/3290605.3300480,22,0.169,521.7,78,-0.0192090395480226,-0.02106969205834684,15
71,Drones & Flying Robots,15477,2015,hri,Communicating Directionality in Flying Robots,10.1145/2696454.2696475,48,0.369,539.9,189,-0.10377358490566038,-0.15873015873015872,20
71,Drones & Flying Robots,10742,2012,hri,A prototyping environment for interaction between a human and a robotic multi-agent system,10.1145/2157689.2157747,66,0.508,27.8,27,0.4,0.6666666666666666,23
71,Drones & Flying Robots,7320,2009,hri,Towards a design method for expressive robots,10.1145/1514095.1514174,65,0.5,19.1,8,1.0,1.0,27
72,Robot Presence & Embodiment,7233,2009,hri,The snackbot,10.1145/1514095.1514100,38,0.178,140.1,155,0.11464968152866242,0.10869565217391304,29
72,Robot Presence & Embodiment,27971,2021,chi,TiltChair: Manipulative Posture Guidance by Actively Inclining the Seat of an Office Chair,10.1145/3411764.3445151,11,0.051,334.0,30,-0.05421686746987952,-0.05421686746987952,6
72,Robot Presence & Embodiment,20775,2018,chi,ActiveErgo,10.1145/3173574.3174132,17,0.079,319.1,37,-0.03125,-0.015625,19
72,Robot Presence & Embodiment,15880,2015,hri,Mechanical Ottoman,10.1145/2696454.2696461,30,0.14,417.6,146,0.04421052631578947,0.0546448087431694,21
72,Robot Presence & Embodiment,5489,2006,ijhcs,Are physically embodied social agents better than disembodied social agents?: The effects ,10.1016/j.ijhcs.2006.05.002,39,0.182,116.8,499,0.5277777777777778,0.4444444444444444,31
72,Robot Presence & Embodiment,6131,2007,hri,Interactive robot task training through dialog and demonstration,10.1145/1228716.1228724,41,0.192,22.3,124,0.375,0.5,30
72,Robot Presence & Embodiment,6035,2007,hri,Comparing a computer agent with a humanoid robot,10.1145/1228716.1228736,48,0.224,350.1,341,0.4421052631578947,0.21052631578947367,28
72,Robot Presence & Embodiment,16347,2016,tei,Designing the Behavior of Interactive Objects,10.1145/2839462.2839502,23,0.107,288.5,41,-0.02912621359223301,-0.037037037037037035,20
72,Robot Presence & Embodiment,3647,2002,chi,Adaptive testing,10.1145/503376.503400,49,0.229,27.0,19,0.16666666666666666,0.4,29
73,Human-AI Trust & Explanation,23906,2019,pacmhci,"""Hello AI"": Uncovering the Onboarding Needs of Medical Practitioners for Human-AI Collabor",10.1145/3359206,625,0.558,5173.0,583,-0.035783365570599614,-0.055944055944055944,14
73,Human-AI Trust & Explanation,27746,2021,pacmhci,To Trust or to Think,10.1145/3449287,404,0.361,5091.2,821,0.11949685534591195,0.11949685534591195,10
73,Human-AI Trust & Explanation,24793,2020,chi,Questioning the AI: Informing Design Practices for Explainable AI User Experiences,10.1145/3313831.3376590,576,0.514,4543.9,697,-0.09437229437229437,-0.09474768280123584,14
73,Human-AI Trust & Explanation,1355,1993,iui,Explanation facilities and interactive systems,10.1145/169891.169951,903,0.806,114.4,71,0.8571428571428571,,44
73,Human-AI Trust & Explanation,3132,2000,cscw,Explaining collaborative filtering recommendations,10.1145/358916.358995,902,0.805,956.0,1705,0.5753424657534246,0.0,43
73,Human-AI Trust & Explanation,22420,2019,chi,Guidelines for Human-AI Interaction,10.1145/3290605.3300233,706,0.63,5172.2,2028,0.14905149051490515,0.1051930758988016,15
73,Human-AI Trust & Explanation,23349,2019,chi,Designing Theory-Driven User-Centric Explainable AI,10.1145/3290605.3300831,690,0.616,5177.7,859,-0.00922509225092251,-0.045454545454545456,15
73,Human-AI Trust & Explanation,727,1989,chi,Responding to :20HUH?”: answering vaguely articulated follow-up questions,10.1145/67449.67469,907,0.81,60.9,32,1.0,1.0,45
73,Human-AI Trust & Explanation,1401,1994,ijhcs,"Trust, self-confidence, and operators' adaptation to automation",10.1006/ijhc.1994.1007,931,0.831,227.2,931,1.0,1.0,36
73,Human-AI Trust & Explanation,3932,2003,ijhcs,The role of trust in automation reliance,10.1016/s1071-5819(03)00038-7,925,0.826,495.6,1209,0.6336633663366337,0.125,32
74,Crowdsourcing & Peer Feedback,8704,2010,uist,Soylent,10.1145/1866029.1866078,488,0.783,3461.8,706,0.0375,-0.07053941908713693,35
74,Crowdsourcing & Peer Feedback,8643,2010,chi,Crowdsourcing graphical perception,10.1145/1753326.1753357,493,0.791,1012.0,817,0.06989247311827956,-0.008695652173913044,36
74,Crowdsourcing & Peer Feedback,10186,2011,uist,CrowdForge,10.1145/2047196.2047202,420,0.674,2537.1,307,0.0,-0.06547619047619048,33
74,Crowdsourcing & Peer Feedback,13514,2014,uist,Expert crowdsourcing with flash teams,10.1145/2642918.2647409,260,0.417,1887.7,224,-0.03864734299516908,-0.07651715039577836,23
74,Crowdsourcing & Peer Feedback,5197,2006,chi,Verbosity,10.1145/1124772.1124784,465,0.746,149.6,299,1.0,1.0,39
74,Crowdsourcing & Peer Feedback,7917,2009,tog,How well do line drawings depict shape?,10.1145/1576246.1531334,497,0.798,125.8,47,0.0975609756097561,0.2857142857142857,37
74,Crowdsourcing & Peer Feedback,7063,2008,chi,Crowdsourcing user studies with Mechanical Turk,10.1145/1357054.1357127,501,0.804,2523.1,1970,0.6366559485530546,0.6097560975609756,37
74,Crowdsourcing & Peer Feedback,11612,2012,cscw,Shepherding the crowd yields better work,10.1145/2145204.2145355,359,0.576,2553.4,337,0.0013568521031207597,-0.021660649819494584,27
75,"LLMs, Writing & Prompting",32613,2023,chi,Co-Writing Screenplays and Theatre Scripts with Language Models: Evaluation by Industry Pr,10.1145/3544548.3581225,198,0.359,2529.8,223,-0.10309278350515463,-0.10309278350515463,7
75,"LLMs, Writing & Prompting",3755,2002,iui,A writer's collaborative assistant,10.1145/502716.502722,339,0.614,62.2,53,0.2222222222222222,0.0,21
75,"LLMs, Writing & Prompting",21102,2018,chi,IntroAssist,10.1145/3173574.3173596,380,0.688,626.2,64,0.00425531914893617,-0.007886435331230283,17
75,"LLMs, Writing & Prompting",32817,2023,chi,Why Johnny Can’t Prompt: How Non-AI Experts Try (and Fail) to Design LLM Prompts,10.1145/3544548.3581388,255,0.462,2958.0,839,0.08163265306122448,0.08163265306122448,7
75,"LLMs, Writing & Prompting",20308,2018,iui,Creative Writing with a Machine in the Loop,10.1145/3172944.3172983,381,0.69,1382.5,251,0.0744920993227991,0.028688524590163935,17
75,"LLMs, Writing & Prompting",25078,2020,iui,Predictive text encourages predictable writing,10.1145/3377325.3377523,337,0.611,651.4,84,-0.01694915254237288,-0.016901408450704224,12
75,"LLMs, Writing & Prompting",23191,2019,chi,Metaphoria,10.1145/3290605.3300526,371,0.672,1441.6,146,-0.05389221556886228,-0.05089820359281437,13
75,"LLMs, Writing & Prompting",29528,2022,chi,AI Chains: Transparent and Controllable Human-AI Interaction by Chaining Large Language Mo,10.1145/3491102.3517582,328,0.594,2660.1,449,0.051630434782608696,0.051630434782608696,9
75,"LLMs, Writing & Prompting",29756,2022,chi,CoAuthor: Designing a Human-AI Collaborative Writing Dataset for Exploring Language Model ,10.1145/3491102.3502030,305,0.553,3414.9,329,-0.022167487684729065,-0.022167487684729065,9
75,"LLMs, Writing & Prompting",29855,2022,iui,Wordcraft: Story Writing With Large Language Models,10.1145/3490099.3511105,301,0.545,2936.1,365,0.5723684210526315,0.5723684210526315,9
76,Search & Recommendation,1121,1992,chi,Working with audio,10.1145/142750.142877,227,0.424,532.5,64,0.24324324324324326,0.75,55
76,Search & Recommendation,930,1991,chi,Expressive richness,10.1145/108844.108848,232,0.433,356.0,118,0.09883720930232558,0.19047619047619047,56
76,Search & Recommendation,1122,1992,cscw,Ubiquitous audio,10.1145/143457.143481,223,0.416,340.8,83,0.02962962962962963,0.0,54
76,Search & Recommendation,1287,1992,chi,A desk supporting computer-based interaction with paper documents,10.1145/142750.143007,231,0.431,475.2,150,0.21686746987951808,0.6,53
76,Search & Recommendation,2312,1997,chi,Dynomite,10.1145/258549.258700,204,0.381,829.2,157,-0.08108108108108109,-0.3,50
76,Search & Recommendation,2571,1998,chi,Beyond paper,10.1145/274644.274680,167,0.312,1119.2,322,0.03571428571428571,-0.024390243902439025,49
76,Search & Recommendation,31149,2022,uist,Threddy: An Interactive System for Personalized Thread-based Exploration and Organization ,10.1145/3526113.3545660,36,0.067,1026.6,47,-0.15060240963855423,-0.15060240963855423,8
76,Search & Recommendation,1422,1994,chi,FILOCHAT,10.1145/191666.191763,221,0.412,864.8,172,0.125,0.0,53
76,Search & Recommendation,1169,1992,chi,Wordspotting for voice editing and audio indexing,10.1145/142750.150715,224,0.418,160.7,24,1.0,1.0,54
76,Search & Recommendation,2270,1997,chi,A comparison of reading paper and on-line documents,10.1145/258549.258787,221,0.412,1008.0,576,0.5233644859813084,0.37142857142857144,52
77,Creativity Support & Generative Tools,14055,2014,tochi,Quantifying the Creativity Support of Digital Tools through the Creativity Support Index,10.1145/2617588,321,0.605,1877.5,473,0.9891891891891892,0.9230769230769231,21
77,Creativity Support & Generative Tools,4331,2004,chi,Variation in element and action,10.1145/985692.985782,347,0.653,462.4,118,-0.02097902097902098,0.0,40
77,Creativity Support & Generative Tools,22347,2019,chi,Mapping the Landscape of Creativity Support Tools in HCI,10.1145/3290605.3300619,282,0.531,2365.5,389,-0.04040404040404041,-0.042328042328042326,15
77,Creativity Support & Generative Tools,9807,2011,tog,Non-rigid dense correspondence with applications for image enhancement,10.1145/1964921.1964965,343,0.646,118.8,299,0.23529411764705882,0.4117647058823529,26
77,Creativity Support & Generative Tools,25713,2020,chi,Novice-AI Music Co-Creation via AI-Steering Tools for Deep Generative Models,10.1145/3313831.3376739,253,0.476,1905.9,259,-0.055269922879177376,-0.06984126984126984,12
77,Creativity Support & Generative Tools,20915,2018,chi,"I Lead, You Help but Only with Enough Details",10.1145/3173574.3174223,289,0.544,1989.7,297,0.10327455919395466,0.029850746268656716,16
77,Creativity Support & Generative Tools,3572,2002,uist,Side views,10.1145/571985.571996,348,0.655,370.8,109,0.07570977917981073,0.013157894736842105,41
77,Creativity Support & Generative Tools,2997,2000,dis,Two-dimensional spatial positioning as a means for reflection in design,10.1145/347642.347697,348,0.655,88.5,72,0.4375,1.0,41
77,Creativity Support & Generative Tools,3675,2002,chi,Where do web sites come from?,10.1145/503376.503378,351,0.661,316.5,133,0.05,-0.03773584905660377,41
77,Creativity Support & Generative Tools,34398,2023,uist,Promptify: Text-to-Image Generation through Interactive Prompt Exploration with Large Lang,10.1145/3586183.3606725,122,0.23,1950.9,168,-0.047337278106508875,-0.047337278106508875,6
78,Data Visualization,896,1991,tog,Task-analytic approach to the automated design of graphic presentations,10.1145/108360.108361,295,0.607,274.4,345,0.009174311926605505,0.0625,54
78,Data Visualization,16199,2015,uist,DataTone,10.1145/2807442.2807478,160,0.329,1049.3,246,0.33793103448275863,0.17857142857142858,21
78,Data Visualization,1384,1994,chi,Creating charts by demonstration,10.1145/191666.191715,291,0.599,146.3,43,0.025806451612903226,-0.03125,53
78,Data Visualization,750,1990,chi,Data characterization for intelligent graphics presentation,10.1145/97243.97273,297,0.611,248.7,202,-0.008928571428571428,-0.16666666666666666,54
78,Data Visualization,17779,2016,uist,Eviza,10.1145/2984511.2984588,130,0.267,937.0,228,-0.5774647887323944,-0.6,18
78,Data Visualization,564,1988,chi,Multimodal response planning: an adaptive rule based approach,10.1145/57167.57206,298,0.613,47.9,21,1.0,1.0,56
78,Data Visualization,405,1986,tog,Automating the design of graphical presentations of relational information,10.1145/22949.22950,330,0.679,599.4,1628,0.9649122807017544,0.8666666666666667,61
78,Data Visualization,22617,2019,chi,Increasing the Transparency of Research Papers with Explorable Multiverse Analyses,10.1145/3290605.3300295,102,0.21,789.9,131,-0.007062146892655367,-0.012345679012345678,14
78,Data Visualization,23645,2019,chi,Data is Personal,10.1145/3290605.3300474,86,0.177,793.4,161,-0.057692307692307696,-0.08403361344537816,11
78,Data Visualization,20734,2018,chi,Frames and Slants in Titles of Visualizations on Controversial Topics,10.1145/3173574.3174012,110,0.226,676.0,130,-0.02830188679245283,0.014492753623188406,12
79,Video Interfaces & Editing,13577,2014,chi,Crowdsourcing step-by-step information extraction to enhance existing how-to videos,10.1145/2556288.2556986,142,0.345,1250.5,129,-0.06372549019607843,-0.054455445544554455,26
79,Video Interfaces & Editing,875,1991,chi,IMPACT,10.1145/108844.108939,220,0.534,56.1,157,1.0,1.0,51
79,Video Interfaces & Editing,9132,2011,uist,Pause-and-play,10.1145/2047196.2047213,159,0.386,1347.5,145,-0.125,-0.2597402597402597,29
79,Video Interfaces & Editing,333,1985,chi,Information sought and information provided,10.1145/317456.317486,223,0.541,75.8,20,1.0,1.0,60
79,Video Interfaces & Editing,13712,2014,uist,Data-driven interaction techniques for improving navigation of educational videos,10.1145/2642918.2647389,113,0.274,1113.4,168,-0.07092198581560284,-0.10569105691056911,25
79,Video Interfaces & Editing,337,1985,chi,Knowledge-based help systems,10.1145/317456.317487,236,0.573,108.9,68,1.0,1.0,60
79,Video Interfaces & Editing,855,1990,cscw,Patterns of sharing customizable software,10.1145/99332.99356,220,0.534,298.8,243,0.589041095890411,0.6363636363636364,51
79,Video Interfaces & Editing,760,1990,chi,User-tailorable systems: pressing the issues with buttons,10.1145/97243.97271,232,0.563,417.1,399,0.3359375,0.125,57
79,Video Interfaces & Editing,10650,2012,uist,MixT,10.1145/2380116.2380130,155,0.376,1236.9,108,-0.1040268456375839,-0.2,28
79,Video Interfaces & Editing,8767,2010,uist,Chronicle,10.1145/1866029.1866054,179,0.434,1371.5,151,-0.044226044226044224,-0.16176470588235295,30
80,GUI Datasets & Automation,2982,2000,iui,Instructible information agents for Web mining,10.1145/325737.325758,248,0.668,119.4,39,0.2727272727272727,0.3333333333333333,44
80,GUI Datasets & Automation,2535,1998,iui,Programming by demonstration,10.1145/291080.291104,249,0.671,91.9,69,1.0,1.0,45
80,GUI Datasets & Automation,11974,2013,chi,Webzeitgeist,10.1145/2470654.2466420,134,0.361,959.7,137,0.03225806451612903,-0.015625,23
80,GUI Datasets & Automation,2126,1997,iui,An adaptive short list for documents on the World Wide Web,10.1145/238218.238325,250,0.674,31.7,19,1.0,1.0,46
80,GUI Datasets & Automation,1202,1992,uist,A history-based macro by example system,10.1145/142621.142633,253,0.682,233.3,81,0.21649484536082475,0.07407407407407407,51
80,GUI Datasets & Automation,4820,2005,uist,Automation and customization of rendered web pages,10.1145/1095034.1095062,237,0.639,1046.8,224,0.3023255813953488,0.0,41
80,GUI Datasets & Automation,7770,2009,uist,Sikuli,10.1145/1622176.1622213,178,0.48,1139.3,345,0.028169014084507043,-0.11267605633802817,36
80,GUI Datasets & Automation,19803,2017,uist,Rico,10.1145/3126594.3126651,109,0.294,2090.5,466,0.0048543689320388345,-0.1694915254237288,18
80,GUI Datasets & Automation,6239,2007,uist,Programming by a sample,10.1145/1294211.1294254,201,0.542,1064.1,119,-0.0412573673870334,-0.06293706293706294,38
80,GUI Datasets & Automation,2367,1998,iui,InfoBeams—configuration of personalized information assistants,10.1145/291080.291105,249,0.671,31.7,17,1.0,1.0,45
81,Programming & Notebooks,20933,2018,chi,The Story in the Notebook,10.1145/3173574.3173748,179,0.499,1471.5,210,0.027210884353741496,0.038461538461538464,18
81,Programming & Notebooks,2470,1998,iui,Demonstrational automation of text editing tasks involving multiple focus points and conve,10.1145/268389.268408,221,0.616,102.5,10,0.42857142857142855,1.0,44
81,Programming & Notebooks,20231,2018,chi,Exploration and Explanation in Computational Notebooks,10.1145/3173574.3173606,171,0.476,1676.0,333,0.11347517730496454,0.13725490196078433,18
81,Programming & Notebooks,1513,1994,chi,Repeat and predict—two keys to efficient text editing,10.1145/191666.191722,222,0.618,36.4,33,0.08571428571428572,0.15384615384615385,45
81,Programming & Notebooks,4590,2004,chi,Designing the whyline,10.1145/985692.985712,209,0.582,361.0,355,0.95,0.9230769230769231,41
81,Programming & Notebooks,3375,2001,uist,Outlier finding,10.1145/502348.502361,220,0.613,258.3,56,0.32,0.4,43
81,Programming & Notebooks,22992,2019,chi,Managing Messes in Computational Notebooks,10.1145/3290605.3300500,154,0.429,1644.7,158,-0.2974683544303797,-0.3140495867768595,16
81,Programming & Notebooks,25487,2020,pacmhci,"How do Data Science Workers Collaborate? Roles, Workflows, and Tools",10.1145/3392826,97,0.27,1577.6,253,-0.06863780359028511,-0.0782608695652174,13
81,Programming & Notebooks,3379,2001,ijhcs,Rethinking the evaluation of algorithm animations as learning aids: an observational study,10.1006/ijhc.2000.0409,213,0.593,60.5,202,0.14814814814814814,0.2857142857142857,42
81,Programming & Notebooks,23162,2019,chi,How Data Science Workers Work with Data,10.1145/3290605.3300356,159,0.443,2327.6,261,-0.03653846153846154,-0.05426356589147287,17
82,Meetings & Multilingual Communication,2784,1999,chi,Video helps remote work,10.1145/302979.303067,115,0.39,375.3,197,0.4375,0.4444444444444444,43
82,Meetings & Multilingual Communication,15203,2015,iui,Rhema,10.1145/2678025.2701386,82,0.278,583.6,113,-0.01282051282051282,-0.10256410256410256,17
82,Meetings & Multilingual Communication,4489,2004,cscw,Influencing group participation with a shared display,10.1145/1031607.1031713,160,0.542,381.1,220,0.5074626865671642,0.35714285714285715,36
82,Meetings & Multilingual Communication,25577,2020,chi,Bot in the Bunch: Facilitating Group Chat Discussion by Improving Efficiency and Participa,10.1145/3313831.3376785,37,0.125,535.8,130,-0.025745257452574527,-0.02909647779479326,13
82,Meetings & Multilingual Communication,4942,2005,chi,Livenotes,10.1145/1054972.1055046,120,0.407,180.5,178,0.2619047619047619,0.07692307692307693,40
82,Meetings & Multilingual Communication,6799,2008,cscw,Meeting mediator,10.1145/1460563.1460636,123,0.417,530.0,222,0.28865979381443296,0.0,27
82,Meetings & Multilingual Communication,4431,2004,iui,Second messenger,10.1145/964442.964489,162,0.549,56.1,17,1.0,1.0,37
82,Meetings & Multilingual Communication,22003,2018,pacmhci,Making Sense of Group Chat through Collaborative Tagging and Summarization,10.1145/3274465,48,0.163,704.5,124,-0.002544529262086514,-0.03515625,17
82,Meetings & Multilingual Communication,16061,2015,chi,Augmenting Social Interactions,10.1145/2702123.2702314,83,0.281,530.5,99,0.0047169811320754715,0.009708737864077669,21
83,Interactive Machine Learning,5538,2006,uist,CueTIP,10.1145/1166253.1166304,106,0.65,193.9,92,0.0029940119760479044,-0.02702702702702703,35
83,Interactive Machine Learning,7703,2009,chi,EnsembleMatrix,10.1145/1518701.1518895,61,0.374,564.0,227,0.00423728813559322,-0.03125,33
83,Interactive Machine Learning,6960,2008,chi,CueFlik,10.1145/1357054.1357061,101,0.62,795.2,182,-0.08385093167701864,-0.19230769230769232,32
83,Interactive Machine Learning,3921,2003,iui,Interactive machine learning,10.1145/604045.604056,121,0.742,1340.3,609,0.5265486725663717,0.07894736842105263,34
83,Interactive Machine Learning,32820,2023,chi,PaTAT: Human-AI Collaborative Qualitative Coding with Explainable Interactive Rule Synthes,10.1145/3544548.3581352,15,0.092,500.3,69,-0.011695906432748537,-0.011695906432748537,5
83,Interactive Machine Learning,29495,2021,pacmhci,Supporting Serendipity: Opportunities and Challenges for Human-AI Collaboration in Qualita,10.1145/3449168,21,0.129,597.9,127,-0.009038619556285949,-0.009038619556285949,7
83,Interactive Machine Learning,5563,2006,ieeevr,Handheld Augmented Reality Displays,10.1109/vr.2006.67,89,0.546,24.4,49,1.0,1.0,32
83,Interactive Machine Learning,3934,2003,siggraph,Processing,10.1145/965333.965356,89,0.546,24.4,44,1.0,1.0,32
84,AI-generated Personas,25924,2020,chi,A Literature Review of Quantitative Persona Creation,10.1145/3313831.3376502,18,0.269,379.2,114,-0.060810810810810814,-0.047244094488188976,9
84,AI-generated Personas,9989,2011,chi,Collaboration personas,10.1145/1978942.1979272,49,0.731,189.5,61,0.3103448275862069,0.3,27
84,AI-generated Personas,10281,2012,chi,Comparing collaboration and individual personas for the design and evaluation of collabora,10.1145/2207676.2208344,47,0.701,189.7,33,0.23076923076923078,0.0,25
84,AI-generated Personas,13683,2014,chi,Personas is applicable,10.1145/2556288.2557080,42,0.627,360.7,141,-0.3125,-0.4375,23
84,AI-generated Personas,25236,2020,ijhcs,Persona Perception Scale: Development and Exploratory Validation of an Instrument for Eval,10.1016/j.ijhcs.2020.102437,21,0.313,479.8,78,-0.06976744186046512,-0.07042253521126761,7
84,AI-generated Personas,11350,2012,chi,How do designers and user experience professionals actually perceive and use personas?,10.1145/2207676.2208573,46,0.687,524.6,234,0.024096385542168676,-0.08571428571428572,24
84,AI-generated Personas,9818,2011,chi,Persona cases,10.1145/1978942.1979274,47,0.701,83.8,105,1.0,1.0,25
84,AI-generated Personas,17147,2016,chi,Stereotypes and Politics,10.1145/2858036.2858151,38,0.567,464.4,128,-0.0016835016835016834,-0.024793388429752067,21
84,AI-generated Personas,6591,2008,chi,Data-driven persona development,10.1145/1357054.1357292,50,0.746,140.2,192,1.0,1.0,26
85,Awareness & Workplace Chat,388,1986,cscw,Evolving electronic communication networks,10.1145/637069.637080,250,0.758,189.6,88,1.0,1.0,61
85,Awareness & Workplace Chat,583,1988,cscw,Patterns of contact and communication in scientific research collaboration,10.1145/62266.62267,227,0.688,819.5,586,0.7763157894736842,0.5,60
85,Awareness & Workplace Chat,586,1988,cscw,Design of a multi-media vehicle for social browsing,10.1145/62266.62269,226,0.685,821.1,274,0.26262626262626265,0.4444444444444444,59
85,Awareness & Workplace Chat,1258,1992,chi,Portholes,10.1145/142750.142982,212,0.642,1795.0,908,0.11507936507936507,-0.19047619047619047,53
85,Awareness & Workplace Chat,3340,2001,chi,ConNexus to awarenex,10.1145/365024.365105,99,0.3,916.3,268,-0.06181818181818182,-0.23076923076923078,45
85,Awareness & Workplace Chat,2765,1999,chi,Socially translucent systems,10.1145/302979.302997,118,0.358,981.7,334,0.12549019607843137,0.11842105263157894,47
85,Awareness & Workplace Chat,401,1986,cscw,Computer-based systems for cooperative work and group decisionmaking,10.1145/637069.637115,244,0.739,90.8,30,0.4444444444444444,0.75,61
85,Awareness & Workplace Chat,529,1988,cscw,gIBIS: a hypertext tool for exploratory policy discussion,10.1145/62266.62278,219,0.664,190.3,397,0.6052631578947368,0.3888888888888889,59
85,Awareness & Workplace Chat,3092,2000,cscw,Interaction and outeraction,10.1145/358916.358975,119,0.361,1503.1,1076,0.245014245014245,0.1111111111111111,47
85,Awareness & Workplace Chat,1432,1994,cscw,Supporting distributed groups with a Montage of lightweight interactions,10.1145/192844.192861,179,0.542,981.1,217,-0.0625,-0.2222222222222222,51
86,Urban Mobility Prediction,14151,2014,mobilehci,Contextual experience sampling of mobile application micro-usage,10.1145/2628363.2628367,52,0.198,575.3,161,0.10787172011661808,0.1794871794871795,26
86,Urban Mobility Prediction,3848,2003,ubicomp,Inferring High-Level Behavior from Low-Level Sensors,10.1007/978-3-540-39653-6_6,148,0.565,82.1,518,1.0,1.0,41
86,Urban Mobility Prediction,10506,2012,ubicomp,Understanding and prediction of mobile application usage for smart phones,10.1145/2370216.2370243,66,0.252,664.1,274,0.53125,0.5454545454545454,28
86,Urban Mobility Prediction,5517,2006,chi,Because I carry my cell phone anyway,10.1145/1124772.1124903,130,0.496,213.0,123,0.021897810218978103,0.05555555555555555,31
86,Urban Mobility Prediction,15568,2015,ubicomp,Revisitation analysis of smartphone app use,10.1145/2750858.2807542,46,0.176,441.4,93,-0.04804804804804805,-0.07731958762886598,20
86,Urban Mobility Prediction,5015,2005,ubicomp,Place-Its: A Study of Location-Based Reminders on Mobile Phones,10.1007/11551201_14,131,0.5,198.1,204,0.6666666666666666,0.6666666666666666,33
86,Urban Mobility Prediction,7001,2008,ubicomp,Understanding mobility based on GPS data,10.1145/1409635.1409677,114,0.435,406.5,1110,0.23728813559322035,0.10344827586206896,32
86,Urban Mobility Prediction,5629,2006,ubicomp,Predestination: Inferring Destinations from Partial Trajectories,10.1007/11853565_15,158,0.603,434.9,455,0.8108108108108109,0.6666666666666666,33
87,Physiological & Brain Sensing,1984,1996,chi,New technological windows into mind,10.1145/238386.238619,132,0.576,97.3,70,0.3870967741935484,0.4,43
87,Physiological & Brain Sensing,5568,2006,uist,Using a low-cost electroencephalograph for task classification in HCI research,10.1145/1166253.1166268,118,0.515,572.3,167,0.24615384615384617,0.4090909090909091,35
87,Physiological & Brain Sensing,7303,2009,chi,Brain measurement for usability testing and adaptive interfaces,10.1145/1518701.1519035,102,0.445,560.0,105,0.06976744186046512,-0.05263157894736842,33
87,Physiological & Brain Sensing,4019,2003,chi,Things happening in the brain while humans learn to use new tools,10.1145/642611.642684,119,0.52,68.5,16,0.25,1.0,36
87,Physiological & Brain Sensing,12437,2013,chi,Using fNIRS brain sensing to evaluate information visualization interfaces,10.1145/2470654.2470723,71,0.31,537.8,112,-0.035398230088495575,-0.13513513513513514,22
87,Physiological & Brain Sensing,6871,2008,chi,Feasibility and pragmatics of classifying working memory load with an electroencephalograp,10.1145/1357054.1357187,106,0.463,449.7,191,0.024390243902439025,-0.21428571428571427,34
87,Physiological & Brain Sensing,7769,2009,uist,Using fNIRS brain sensing in realistic HCI settings,10.1145/1622176.1622207,85,0.371,553.8,114,-0.07692307692307693,-0.42105263157894735,28
88,Email & Web Revisitation,384,1986,tog,Rooms: the use of multiple virtual workspaces to reduce space contention in a window-based,10.1145/24054.24056,174,0.829,507.6,524,0.9726027397260274,0.9166666666666666,61
88,Email & Web Revisitation,2017,1996,chi,Email overload,10.1145/238386.238530,172,0.819,1087.7,973,0.6089743589743589,0.38461538461538464,49
88,Email & Web Revisitation,4106,2003,chi,UMEA,10.1145/642611.642673,115,0.548,832.5,212,0.04827586206896552,-0.017857142857142856,41
88,Email & Web Revisitation,5003,2005,iui,TaskTracer,10.1145/1040830.1040855,84,0.4,776.3,239,-0.041791044776119404,-0.12087912087912088,40
88,Email & Web Revisitation,4396,2004,chi,"""Stuff goes into the computer and doesn't come out""",10.1145/985692.985766,84,0.4,587.5,409,-0.005649717514124294,-0.0625,39
88,Email & Web Revisitation,400,1986,cscw,Constraints on communication and electronic mail,10.1145/637069.637079,151,0.719,38.2,21,1.0,1.0,54
88,Email & Web Revisitation,4157,2003,chi,Taking email to task,10.1145/642611.642672,144,0.686,1227.9,367,-0.06870229007633588,0.02,43
88,Email & Web Revisitation,533,1988,cscw,More than just a communication system: diversity in the use of electronic mail,10.1145/62266.62293,150,0.714,220.7,180,0.9230769230769231,1.0,53
88,Email & Web Revisitation,2653,1999,tochi,Presto,10.1145/319091.319099,153,0.729,383.3,208,0.018469656992084433,0.05555555555555555,46
89,Interruptions & Multitasking,6817,2008,chi,The cost of interrupted work,10.1145/1357054.1357072,96,0.473,1086.9,650,-0.09144542772861357,0.0,29
89,Interruptions & Multitasking,4514,2004,chi,"""Constant, constant, multi-tasking craziness""",10.1145/985692.985707,142,0.7,1579.0,705,0.3694581280788177,-0.10344827586206896,42
89,Interruptions & Multitasking,1127,1992,chi,The utility of various windowing capabilities for single-task and multi-task environments,10.1145/1125021.1125070,140,0.69,31.2,2,1.0,,43
89,Interruptions & Multitasking,6067,2007,chi,Disruption and recovery of computing tasks,10.1145/1240624.1240730,125,0.616,1023.0,294,-0.12461059190031153,-0.12987012987012986,38
89,Interruptions & Multitasking,1238,1992,chi,Does the user interface make interruptions disruptive?,10.1145/1125021.1125034,131,0.645,47.1,16,1.0,,43
89,Interruptions & Multitasking,4985,2005,chi,No task left behind?,10.1145/1054972.1055017,134,0.66,1119.3,489,-0.1253731343283582,-0.20454545454545456,39
89,Interruptions & Multitasking,4347,2004,chi,A diary study of task switching and interruptions,10.1145/985692.985715,139,0.685,1580.3,817,0.432,0.01639344262295082,42
90,Notifications & Interruptibility,4609,2004,chi,Examining the robustness of sensor-based statistical models of human interruptibility,10.1145/985692.985719,161,0.87,736.7,134,-0.031791907514450865,-0.04285714285714286,41
90,Notifications & Interruptibility,13700,2014,mobilehci,An in-situ study of mobile phone notifications,10.1145/2628363.2628364,108,0.584,1717.9,346,-0.10377358490566038,-0.14358974358974358,25
90,Notifications & Interruptibility,2983,2000,chi,Tradeoffs in displaying peripheral information,10.1145/332040.332438,158,0.854,268.9,168,0.051118210862619806,0.10256410256410256,43
90,Notifications & Interruptibility,17098,2016,chi,My Phone and Me,10.1145/2858036.2858566,94,0.508,1784.1,258,-0.18620689655172415,-0.21428571428571427,20
90,Notifications & Interruptibility,14256,2014,ubicomp,InterruptMe,10.1145/2632048.2632062,112,0.605,1827.8,283,-0.15298507462686567,-0.18045112781954886,25
90,Notifications & Interruptibility,4062,2003,chi,Predicting human interruptibility with sensors,10.1145/642611.642657,166,0.897,938.4,295,0.3723404255319149,0.029411764705882353,43
90,Notifications & Interruptibility,3735,2002,chi,"""I'd be overwhelmed, but it's just one more thing to do""",10.1145/503376.503394,169,0.914,629.4,236,0.12698412698412698,0.2894736842105263,44
90,Notifications & Interruptibility,13272,2014,chi,Large-scale assessment of mobile notifications,10.1145/2556288.2557189,122,0.659,1782.6,342,0.043209876543209874,0.006578947368421052,27
90,Notifications & Interruptibility,4987,2005,chi,Using context-aware computing to reduce the perceived burden of interruptions from mobile ,10.1145/1054972.1055100,150,0.811,1470.3,363,0.15333333333333332,-0.02564102564102564,33
90,Notifications & Interruptibility,3518,2002,dis,Mediator and medium,10.1145/778712.778767,162,0.876,48.3,20,1.0,1.0,42
91,Mobile Sensing for Mental Health,8960,2010,ubicomp,Social sensing for epidemiological behavior change,10.1145/1864349.1864394,134,0.779,90.1,227,1.0,1.0,25
91,Mobile Sensing for Mental Health,17602,2016,ubicomp,CrossCheck,10.1145/2971648.2971740,99,0.576,758.1,273,-0.06938775510204082,-0.07246376811594203,17
91,Mobile Sensing for Mental Health,6531,2008,ubicomp,Towards the automated social analysis of situated speech data,10.1145/1409635.1409658,145,0.843,41.7,35,1.0,1.0,33
91,Mobile Sensing for Mental Health,14471,2014,ubicomp,StudentLife,10.1145/2632048.2632054,123,0.715,1540.6,1130,0.14347826086956522,0.020833333333333332,23
91,Mobile Sensing for Mental Health,31994,2022,imwut,GLOBEM,10.1145/3569485,27,0.157,707.4,87,-0.07303370786516854,-0.07303370786516854,7
91,Mobile Sensing for Mental Health,11468,2012,ubicomp,StressSense,10.1145/2370216.2370270,136,0.791,176.0,517,0.3375,0.2777777777777778,26
91,Mobile Sensing for Mental Health,15532,2015,ubicomp,Trajectories of depression,10.1145/2750858.2805845,111,0.645,1088.3,505,-0.13157894736842105,-0.09821428571428571,20
91,Mobile Sensing for Mental Health,8787,2010,ubicomp,EmotionSense,10.1145/1864349.1864393,142,0.826,136.2,517,0.9534883720930233,0.875,32
91,Mobile Sensing for Mental Health,10101,2011,ubicomp,Passive and In-Situ assessment of mental and physical well-being using mobile sensors,10.1145/2030112.2030164,130,0.756,502.6,246,0.1225296442687747,0.06329113924050633,24
91,Mobile Sensing for Mental Health,20570,2018,imwut,Tracking Depression Dynamics in College Students Using Mobile Phone and Wearable Sensing,10.1145/3191775,84,0.488,1024.8,353,-0.18292682926829268,-0.25,15
92,Collaborative Filtering & Browsing,2979,2000,chi,Developing a context-aware electronic tourist guide,10.1145/332040.332047,42,0.266,389.1,962,0.95,0.9545454545454546,44
92,Collaborative Filtering & Browsing,1319,1993,iui,Developing adaptive systems to fit individual aptitudes,10.1145/169891.169925,44,0.278,33.6,62,1.0,1.0,46
92,Collaborative Filtering & Browsing,2378,1998,cscw,Meme tags and community mirrors,10.1145/289444.289490,9,0.057,200.7,181,0.04918032786885246,0.11764705882352941,44
92,Collaborative Filtering & Browsing,1742,1995,chi,Social information filtering,10.1145/223904.223931,98,0.62,340.8,2809,1.0,1.0,50
92,Collaborative Filtering & Browsing,1648,1995,chi,Recommending and evaluating choices in a virtual community of use,10.1145/223904.223929,35,0.222,221.2,1134,0.06504065040650407,-0.043478260869565216,50
92,Collaborative Filtering & Browsing,2513,1998,iui,Evaluating adaptive navigation support,10.1145/291080.291112,43,0.272,42.7,14,0.021739130434782608,0.05,45
92,Collaborative Filtering & Browsing,3607,2002,iui,A resource-adaptive mobile navigation system,10.1145/502716.502723,21,0.133,204.3,250,0.01818181818181818,0.1,43
92,Collaborative Filtering & Browsing,1336,1993,iui,The price of flexibility,10.1145/169891.169894,44,0.278,33.6,38,1.0,1.0,46
93,Smartphone Use & Wellbeing,11809,2013,chi,Stories of the Smartphone in everyday discourse,10.1145/2470654.2466134,114,0.905,702.7,144,0.015873015873015872,0.005494505494505495,27
93,Smartphone Use & Wellbeing,20545,2018,imwut,What Makes Smartphone Use Meaningful or Meaningless?,10.1145/3191754,81,0.643,1555.0,207,-0.06168831168831169,-0.0663265306122449,16
93,Smartphone Use & Wellbeing,16839,2016,chi,Lock n' LoL,10.1145/2858036.2858568,97,0.77,1416.1,109,-0.08498023715415019,-0.08778625954198473,19
93,Smartphone Use & Wellbeing,14123,2014,chi,Hooked on smartphones,10.1145/2556288.2557366,109,0.865,903.4,195,0.14465408805031446,0.14285714285714285,26
93,Smartphone Use & Wellbeing,12748,2013,cscw,Managing mobile multitasking,10.1145/2441776.2441945,112,0.889,684.1,115,0.11702127659574468,0.10833333333333334,27
93,Smartphone Use & Wellbeing,15087,2015,cscw,NUGU,10.1145/2675133.2675244,102,0.81,1572.1,176,-0.03612167300380228,-0.057777777777777775,21
93,Smartphone Use & Wellbeing,16913,2016,chi,MyTime,10.1145/2858036.2858403,97,0.77,1505.9,141,-0.059907834101382486,-0.059154929577464786,19
93,Smartphone Use & Wellbeing,24725,2019,chi,Self-Control in Cyberspace,10.1145/3290605.3300361,75,0.595,1440.8,211,-0.053691275167785234,-0.06496519721577726,14
93,Smartphone Use & Wellbeing,6174,2007,chi,Project massive,10.1145/1240624.1240749,110,0.873,25.1,122,1.0,,27
93,Smartphone Use & Wellbeing,12063,2013,ubicomp,Automatically detecting problematic use of smartphones,10.1145/2493432.2493443,106,0.841,131.6,101,1.0,1.0,26
94,Experience Sampling,5057,2005,ubicomp,UbiComp 2005: Ubiquitous Computing,10.1007/11551201,75,0.605,129.6,142,0.09782608695652174,0.20512820512820512,37
94,Experience Sampling,4994,2005,ubicomp,DigiDress: A Field Trial of an Expressive Social Proximity Application,10.1007/11551201_12,76,0.613,39.3,45,1.0,,38
94,Experience Sampling,17636,2016,ubicomp,μEMA,10.1145/2971648.2971717,21,0.169,486.0,136,0.05982905982905983,-0.013513513513513514,18
94,Experience Sampling,5445,2006,chi,A large scale study of wireless search behavior,10.1145/1124772.1124877,72,0.581,132.2,284,1.0,1.0,39
94,Experience Sampling,14021,2014,chi,Slide to X,10.1145/2556288.2557044,30,0.242,337.5,64,0.00964630225080386,0.006134969325153374,25
94,Experience Sampling,7149,2008,chi,A diary study of mobile information needs,10.1145/1357054.1357125,55,0.444,365.8,331,0.08208955223880597,0.05263157894736842,38
94,Experience Sampling,19602,2017,imwut,Gamification of Mobile Experience Sampling Improves Data Quality and Quantity,10.1145/3130972,22,0.177,348.6,99,-0.0136986301369863,0.0,16
94,Experience Sampling,3156,2000,cscw,Going wireless,10.1145/358916.358991,86,0.694,154.1,244,0.1981981981981982,0.0625,45
94,Experience Sampling,19636,2017,imwut,Microinteraction Ecological Momentary Assessment Response Rates,10.1145/3130957,17,0.137,436.3,58,-0.10810810810810811,-0.0945945945945946,17
94,Experience Sampling,3734,2002,tochi,Beyond the handset,10.1145/513665.513669,84,0.677,69.0,78,0.019801980198019802,0.0,41
95,Ambient Displays & Language Learning,18756,2017,chi,"""WhatsApp is for family; Messenger is for friends""",10.1145/3025453.3025484,25,0.144,429.9,100,-0.016877637130801686,-0.05755395683453238,16
95,Ambient Displays & Language Learning,12808,2013,mobilehci,What's up with whatsapp?,10.1145/2493190.2493225,46,0.264,510.0,575,0.3977272727272727,0.16666666666666666,28
95,Ambient Displays & Language Learning,3597,2002,chi,Age-old practices in the 'new world',10.1145/503376.503455,57,0.328,138.7,253,1.0,1.0,42
95,Ambient Displays & Language Learning,10864,2012,cscw,Integrating local and remote worlds through channel blending,10.1145/2145204.2145299,49,0.282,205.4,27,-0.007075471698113208,-0.015706806282722512,26
95,Ambient Displays & Language Learning,4145,2003,chi,Wan2tlk?,10.1145/642611.642688,56,0.322,440.5,221,0.1,0.0,40
95,Ambient Displays & Language Learning,14481,2014,cscw,Everyday dwelling with WhatsApp,10.1145/2531602.2531679,46,0.264,798.2,299,0.04424778761061947,-0.07142857142857142,24
95,Ambient Displays & Language Learning,10105,2011,cscw,Contact stratification and deception,10.1145/1958824.1958857,49,0.282,107.6,15,0.06666666666666667,0.0,25
95,Ambient Displays & Language Learning,8891,2010,cscw,"""on my way""",10.1145/1718918.1718920,50,0.287,95.4,31,-0.030612244897959183,-0.08823529411764706,27
95,Ambient Displays & Language Learning,10079,2011,chi,MicroMandarin,10.1145/1978942.1979413,25,0.144,477.6,140,0.7272727272727273,0.7,27
96,Data Privacy & Permissions,11425,2012,ubicomp,Expectation and purpose,10.1145/2370216.2370290,117,0.696,1098.5,453,0.1266490765171504,0.07142857142857142,25
96,Data Privacy & Permissions,3422,2001,ubicomp,Privacy by Design — Principles of Privacy-Aware Ubiquitous Systems,10.1007/3-540-45427-6_23,149,0.887,158.0,538,0.18518518518518517,0.12195121951219512,35
96,Data Privacy & Permissions,4611,2004,chi,Privacy policies as decision-making tools,10.1145/985692.985752,144,0.857,615.8,400,0.06952965235173825,0.0,34
96,Data Privacy & Permissions,15902,2015,chi,"Your Location has been Shared 5,398 Times!",10.1145/2702123.2702210,87,0.518,771.9,318,-0.01639344262295082,-0.061855670103092786,19
96,Data Privacy & Permissions,11976,2013,chi,Privacy as part of the app decision-making process,10.1145/2470654.2466466,114,0.679,733.0,310,0.054945054945054944,-0.2962962962962963,24
96,Data Privacy & Permissions,14141,2014,chi,Leakiness and creepiness in app space,10.1145/2556288.2557421,102,0.607,494.7,287,0.031746031746031744,-0.04827586206896552,23
96,Data Privacy & Permissions,4798,2005,ijhcs,Why HCI research in privacy and security is critical now,10.1016/j.ijhcs.2005.04.016,112,0.667,20.8,35,1.0,1.0,32
97,Authentication & Passwords,4000,2003,chi,Usability and biometric verification at the ATM interface,10.1145/642611.642639,142,0.866,154.7,119,1.0,1.0,34
97,Authentication & Passwords,11847,2013,mobilehci,Patterns in the wild,10.1145/2493190.2493231,75,0.457,626.8,142,0.045871559633027525,-0.017241379310344827,23
97,Authentication & Passwords,10282,2012,chi,Touch me once and i know it's you!,10.1145/2207676.2208544,92,0.561,622.7,489,0.2597402597402597,0.28205128205128205,27
97,Authentication & Passwords,6123,2007,chi,Pictures at the ATM,10.1145/1240624.1240758,116,0.707,138.3,82,-0.046511627906976744,0.0,32
97,Authentication & Passwords,8844,2010,chi,The true cost of unusable password policies,10.1145/1753326.1753384,80,0.488,414.1,329,0.22988505747126436,0.1,26
97,Authentication & Passwords,13358,2014,chi,"Now you see me, now you don't",10.1145/2556288.2557097,59,0.36,497.1,117,-0.11009174311926606,-0.140625,22
97,Authentication & Passwords,4946,2005,ijhcs,Is a picture really worth a thousand words? Exploring the feasibility of graphical authent,10.1016/j.ijhcs.2005.04.020,119,0.726,95.4,300,0.5555555555555556,0.25,33
97,Authentication & Passwords,4950,2005,ijhcs,PassPoints: Design and longitudinal evaluation of a graphical password system,10.1016/j.ijhcs.2005.04.010,137,0.835,294.5,695,0.7777777777777778,0.4,33
97,Authentication & Passwords,19003,2017,chi,Understanding Shoulder Surfing in the Wild,10.1145/3025453.3025636,32,0.195,461.7,161,0.02654867256637168,-0.024691358024691357,17
97,Authentication & Passwords,6427,2008,chi,Undercover,10.1145/1357054.1357085,102,0.622,192.9,115,0.16666666666666666,0.23529411764705882,31
98,Smart-home Privacy,23048,2019,chi,Who's In Control?,10.1145/3290605.3300498,79,0.513,1369.8,189,-0.03198653198653199,-0.03773584905660377,12
98,Smart-home Privacy,21772,2018,pacmhci,User Perceptions of Smart Home IoT Privacy,10.1145/3274469,86,0.558,1375.3,417,-0.01875,-0.02926829268292683,15
98,Smart-home Privacy,4592,2004,dis,Privacy risk models for designing privacy-sensitive ubiquitous computing systems,10.1145/1013115.1013129,124,0.805,186.7,248,0.0,-0.13333333333333333,41
98,Smart-home Privacy,10705,2012,hri,The effect of monitoring by cameras and robots on the privacy enhancing behaviors of older,10.1145/2157689.2157807,106,0.688,119.0,123,0.14102564102564102,0.0,20
98,Smart-home Privacy,22065,2018,pacmhci,"Alexa, Are You Listening?",10.1145/3274371,94,0.61,1777.3,561,-0.017069701280227598,-0.04185022026431718,16
98,Smart-home Privacy,7477,2009,ubicomp,A spotlight on security and privacy risks with future household robots,10.1145/1620545.1620564,113,0.734,162.4,151,0.10126582278481013,0.11764705882352941,22
98,Smart-home Privacy,24565,2019,pacmhci,Privacy Perceptions and Designs of Bystanders in Smart Homes,10.1145/3359161,70,0.455,1489.7,151,-0.10333333333333333,-0.08071748878923767,13
98,Smart-home Privacy,23226,2019,chi,Defending My Castle,10.1145/3290605.3300428,83,0.539,1097.7,129,-0.07655502392344497,-0.07317073170731707,14
98,Smart-home Privacy,6651,2008,ubicomp,Protecting your daily in-home activity information from a wireless snooping attack,10.1145/1409635.1409663,105,0.682,36.5,142,1.0,1.0,29
98,Smart-home Privacy,9631,2011,hri,Understanding users' perception of privacy in human-robot interaction,10.1145/1957656.1957721,107,0.695,91.6,82,0.17073170731707318,0.2222222222222222,21
99,Phishing & Security Behaviour,23170,2019,chi,What.Hack,10.1145/3290605.3300338,17,0.129,294.9,98,-0.02666666666666667,0.0,5
99,Phishing & Security Behaviour,5288,2006,chi,Do security toolbars actually prevent phishing attacks?,10.1145/1124772.1124863,92,0.697,418.4,555,0.391304347826087,0.1875,33
99,Phishing & Security Behaviour,5580,2006,chi,Why phishing works,10.1145/1124772.1124861,89,0.674,565.2,1312,0.1111111111111111,-0.09523809523809523,32
99,Phishing & Security Behaviour,23248,2019,chi,Put Your Warning Where Your Link Is,10.1145/3290605.3300748,35,0.265,341.0,80,-0.0847457627118644,-0.058823529411764705,13
99,Phishing & Security Behaviour,5782,2007,chi,Protecting people from phishing,10.1145/1240624.1240760,79,0.598,260.6,280,0.0,-0.25,29
99,Phishing & Security Behaviour,3382,2001,chi,What makes Web sites credible?,10.1145/365024.365037,95,0.72,180.9,682,0.32142857142857145,0.25,34
99,Phishing & Security Behaviour,6844,2008,chi,You've been warned,10.1145/1357054.1357219,70,0.53,385.5,611,0.08571428571428572,-0.047619047619047616,28
100,Dark Patterns,24803,2020,chi,Dark Patterns after the GDPR: Scraping Consent Pop-ups and Demonstrating their Influence,10.1145/3313831.3376321,76,0.215,1258.0,476,-0.05092592592592592,-0.045714285714285714,13
100,Dark Patterns,3878,2003,chi,Usability and privacy,10.1145/642611.642636,161,0.456,133.0,169,0.2727272727272727,0.36363636363636365,41
100,Dark Patterns,20681,2018,chi,The Dark (Patterns) Side of UX Design,10.1145/3173574.3174108,95,0.269,2213.5,803,0.0673289183222958,0.018,16
100,Dark Patterns,14474,2014,dis,Dark patterns in proxemic interactions,10.1145/2598510.2598541,96,0.272,674.5,168,0.17314487632508835,0.022222222222222223,21
100,Dark Patterns,24713,2019,pacmhci,Dark Patterns at Scale,10.1145/3359183,88,0.249,1945.9,647,-0.21967213114754097,-0.22065727699530516,14
100,Dark Patterns,25712,2020,chi,UI Dark Patterns and Where to Find Them,10.1145/3313831.3376600,76,0.215,1371.9,252,-0.12437810945273632,-0.13968253968253969,11
100,Dark Patterns,14044,2014,chi,Practical trigger-action programming in the smart home,10.1145/2556288.2557420,66,0.187,1039.6,385,0.040697674418604654,-0.012987012987012988,24
100,Dark Patterns,4541,2004,cscw,I know my network,10.1145/1031607.1031663,102,0.289,40.7,71,1.0,1.0,35
100,Dark Patterns,4926,2005,ijhcs,Improving user-interface dependability through mitigation of human error,10.1016/j.ijhcs.2005.04.009,160,0.453,226.0,105,0.2857142857142857,0.08333333333333333,31
101,Design Research & Art,8654,2010,dis,An analysis and critique of<i>Research through Design</i>,10.1145/1858171.1858228,312,0.637,1784.0,485,-0.01422070534698521,-0.024615384615384615,30
101,Design Research & Art,6191,2007,chi,Research through design as a method for interaction design research in HCI,10.1145/1240624.1240704,360,0.735,2333.4,2246,0.7309292649098474,0.20689655172413793,33
101,Design Research & Art,2993,2000,chi,Alternatives,10.1145/332040.332433,398,0.812,537.9,279,0.5373134328358209,0.35,44
101,Design Research & Art,497,1986,chi,Structural analysis of verbal data,10.1145/29933.275646,373,0.761,34.8,5,1.0,1.0,54
101,Design Research & Art,691,1989,chi,Artifact as theory-nexus: hermeneutics meets theory-based design,10.1145/67449.67452,423,0.863,273.1,185,0.574468085106383,0.6666666666666666,60
101,Design Research & Art,5076,2005,chi,Making space for stories,10.1145/1054972.1054998,374,0.763,285.7,108,-0.020496224379719527,-0.04929577464788732,36
101,Design Research & Art,11442,2012,chi,What should we expect from research through design?,10.1145/2207676.2208538,279,0.569,3113.8,1094,-0.10907577019150708,-0.10434782608695652,26
101,Design Research & Art,17041,2016,chi,From Research Prototype to Research Product,10.1145/2858036.2858447,216,0.441,2229.7,254,0.06896551724137931,0.06875,21
101,Design Research & Art,4120,2003,chi,Ambiguity as a resource for design,10.1145/642611.642653,389,0.794,1922.0,1326,0.7191011235955056,0.38596491228070173,43
102,"Body, Movement & Soma Design",6951,2008,chi,Usability evaluation considered harmful (some of the time),10.1145/1357054.1357074,214,0.606,308.2,595,0.12992125984251968,0.25925925925925924,33
102,"Body, Movement & Soma Design",6183,2007,tei,From hand-held to body-worn,10.1145/1226969.1227021,224,0.635,174.9,71,0.75,0.42857142857142855,29
102,"Body, Movement & Soma Design",18955,2017,chi,Embodied Design Ideation Methods,10.1145/3025453.3025873,165,0.467,1793.7,188,-0.007159904534606206,-0.03167420814479638,20
102,"Body, Movement & Soma Design",5964,2007,chi,Make Evaluation Poverty History,10.1145/1240624.2180964,219,0.62,46.8,11,1.0,1.0,34
102,"Body, Movement & Soma Design",29357,2021,tochi,Unpacking Non-Dualistic Design: The Soma Design Case,10.1145/3462448,79,0.224,1196.0,82,-0.05232558139534884,-0.05232558139534884,13
102,"Body, Movement & Soma Design",23503,2019,dis,Making an Interactive Dance Piece,10.1145/3322276.3322289,121,0.343,1232.1,97,-0.023907666941467436,-0.03217821782178218,16
102,"Body, Movement & Soma Design",4276,2004,dis,Designing full body movement interaction using modern dance as a starting point,10.1145/1013115.1013178,225,0.637,42.1,26,1.0,1.0,30
102,"Body, Movement & Soma Design",17046,2016,chi,Somaesthetic Appreciation Design,10.1145/2858036.2858583,179,0.507,1938.3,287,-0.03316326530612245,-0.0513347022587269,21
102,"Body, Movement & Soma Design",5821,2007,chi,The Evolution of Evaluation,10.1145/1240624.2180962,217,0.615,92.3,19,1.0,1.0,34
102,"Body, Movement & Soma Design",18014,2016,chi,Embodied Sketching,10.1145/2858036.2858486,182,0.516,1446.6,156,0.060897435897435896,-0.015873015873015872,21
103,HCI Research Practice,9792,2011,chi,Understanding interaction design practices,10.1145/1978942.1979100,61,0.184,600.5,184,0.01639344262295082,0.009615384615384616,27
103,HCI Research Practice,5676,2006,dis,Inspiration card workshops,10.1145/1142405.1142409,43,0.13,586.4,351,0.21942446043165467,0.12962962962962962,31
103,HCI Research Practice,399,1986,cscw,Using a computer-based tool to support collaboration,10.1145/637069.637114,224,0.675,124.5,31,1.0,1.0,61
103,HCI Research Practice,819,1990,chi,How can we make groupware practical? (panel),10.1145/97243.97259,195,0.587,39.8,10,1.0,1.0,56
103,HCI Research Practice,1235,1992,cscw,Faltering from ethnography to design,10.1145/143457.143469,198,0.596,585.0,440,1.0,1.0,55
103,HCI Research Practice,372,1986,cscw,Computer-supported cooperative work,10.1145/637069.637111,223,0.672,79.4,13,1.0,1.0,58
103,HCI Research Practice,19317,2017,dis,Translational Resources,10.1145/3064663.3064667,37,0.111,523.9,157,0.014450867052023121,-0.024390243902439025,18
103,HCI Research Practice,536,1988,cscw,Computer support for cooperative design (invited paper),10.1145/62266.62296,222,0.669,268.7,81,0.95,1.0,57
103,HCI Research Practice,1278,1992,cscw,Ethnographically-informed systems design for air traffic control,10.1145/143457.143470,192,0.578,543.5,416,0.16964285714285715,-0.125,54
104,Design Fiction & Ethics,18752,2017,chi,On Speculative Enactments,10.1145/3025453.3025503,135,0.462,1653.7,241,-0.04035874439461883,-0.06497622820919176,20
104,Design Fiction & Ethics,3108,2000,dis,On the move with a magic thing,10.1145/347642.347715,193,0.661,190.8,221,0.23776223776223776,0.09523809523809523,37
104,Design Fiction & Ethics,14502,2014,chi,Research through design fiction,10.1145/2556288.2557098,170,0.582,2102.2,414,0.0679886685552408,0.05714285714285714,24
104,Design Fiction & Ethics,12134,2013,chi,"What is ""critical"" about critical design?",10.1145/2470654.2466451,182,0.623,1060.8,480,0.049653579676674366,0.03932584269662921,26
104,Design Fiction & Ethics,3633,2002,dis,From user to character,10.1145/778712.778729,196,0.671,116.4,113,0.203125,0.0,35
104,Design Fiction & Ethics,17049,2016,chi,Anti-Solutionist Strategies,10.1145/2858036.2858482,157,0.538,1268.0,216,-0.028639618138424822,-0.07446808510638298,21
104,Design Fiction & Ethics,25137,2020,chi,Expanding Modes of Reflection in Design Futuring,10.1145/3313831.3376526,76,0.26,1061.9,168,-0.027097902097902096,-0.03723404255319149,13
104,Design Fiction & Ethics,3189,2000,dis,Experience prototyping,10.1145/347642.347802,218,0.747,490.5,1200,0.9593908629441624,0.8,43
104,Design Fiction & Ethics,8922,2010,chi,Contravision,10.1145/1753326.1753350,189,0.647,294.7,78,0.0,0.1,27
104,Design Fiction & Ethics,10714,2012,dis,Critical design and critical theory,10.1145/2317956.2318001,185,0.634,670.8,261,-0.0006289308176100629,-0.007434944237918215,27
105,Memory & Reminiscence,3202,2001,uist,PhotoMesa,10.1145/502348.502359,220,0.748,252.5,342,0.059782608695652176,0.05172413793103448,44
105,Memory & Reminiscence,8870,2010,chi,Passing on &amp; putting to rest,10.1145/1753326.1753601,134,0.456,1060.4,129,-0.02476780185758514,-0.07777777777777778,29
105,Memory & Reminiscence,3691,2002,cscw,Requirements for photoware,10.1145/587078.587102,222,0.755,1485.4,378,0.30526315789473685,-0.16666666666666666,39
105,Memory & Reminiscence,6861,2008,chi,AutoTopography,10.1145/1357054.1357065,188,0.639,1327.6,168,0.04914933837429111,0.07291666666666667,34
105,Memory & Reminiscence,2770,1999,chi,FotoFile,10.1145/302979.303143,243,0.827,278.3,202,0.358974358974359,0.4375,46
105,Memory & Reminiscence,11892,2013,chi,Digital artifacts as legacy,10.1145/2470654.2466240,116,0.395,1281.9,135,-0.02997601918465228,-0.046762589928057555,26
105,Memory & Reminiscence,3125,2000,chi,Storytelling with digital photographs,10.1145/332040.332505,242,0.823,874.3,206,0.6590909090909091,0.2222222222222222,45
105,Memory & Reminiscence,2873,2000,chi,"Joking, storytelling, artsharing, expressing affection",10.1145/332040.332499,227,0.772,442.0,130,0.27631578947368424,0.3333333333333333,39
105,Memory & Reminiscence,11551,2012,chi,Technology heirlooms?,10.1145/2207676.2207723,127,0.432,1502.2,156,-0.05308464849354376,-0.09523809523809523,27
106,Museums & Cultural Heritage,2827,2000,iui,MIND-WARPING,10.1145/325737.325864,117,0.406,64.3,91,0.8333333333333334,1.0,43
106,Museums & Cultural Heritage,3564,2002,chi,Sotto voce,10.1145/503376.503454,163,0.566,722.7,211,0.27586206896551724,0.25925925925925924,43
106,Museums & Cultural Heritage,7855,2009,chi,From interaction to trajectories,10.1145/1518701.1518812,80,0.278,686.5,310,0.05194805194805195,0.04040404040404041,29
106,Museums & Cultural Heritage,4087,2003,chi,Where on-line meets on the streets,10.1145/642611.642710,116,0.403,327.9,263,0.23853211009174313,0.4666666666666667,42
106,Museums & Cultural Heritage,12660,2013,chi,"see me, feel me, touch me, hear me",10.1145/2470654.2470675,62,0.215,598.9,89,-0.017133956386292833,-0.027522935779816515,26
106,Museums & Cultural Heritage,4468,2004,dis,Seamful interweaving,10.1145/1013115.1013149,106,0.368,387.6,309,0.041156840934371525,0.01652892561983471,41
106,Museums & Cultural Heritage,3575,2002,cscw,Revisiting the visit:,10.1145/587078.587100,115,0.399,510.4,196,0.021231422505307854,0.0,42
106,Museums & Cultural Heritage,2460,1998,siggraph,AR <sup>2</sup> Hockey,10.1145/280953.281302,118,0.41,33.0,25,1.0,1.0,47
107,Bodily Play & Exertion,9062,2011,chi,Designing sports,10.1145/1978942.1979330,172,0.597,1605.6,280,0.0067178502879078695,-0.017391304347826087,28
107,Bodily Play & Exertion,4456,2004,cscw,Physiological indicators for the evaluation of co-located collaborative play,10.1145/1031607.1031625,192,0.667,134.3,190,0.25,0.0,36
107,Bodily Play & Exertion,4939,2005,chi,Designing the spectator experience,10.1145/1054972.1055074,189,0.656,834.5,434,0.11229135053110774,0.05263157894736842,36
107,Bodily Play & Exertion,14065,2014,chi,Movement-based game guidelines,10.1145/2556288.2557163,110,0.382,1200.7,169,-0.012875536480686695,-0.006696428571428571,25
107,Bodily Play & Exertion,12021,2013,chi,The design space of body games,10.1145/2470654.2466461,143,0.497,1194.6,113,-0.04395604395604396,-0.11578947368421053,26
107,Bodily Play & Exertion,2807,1999,chi,PingPongPlus,10.1145/302979.303115,197,0.684,377.4,263,0.039735099337748346,0.011235955056179775,46
107,Bodily Play & Exertion,20696,2018,chi,Experiencing the Body as Play,10.1145/3173574.3173784,57,0.198,1156.9,126,-0.06919642857142858,-0.08833922261484099,18
107,Bodily Play & Exertion,11643,2012,chi,Uncomfortable interactions,10.1145/2207676.2208347,138,0.479,1077.5,293,0.019206145966709345,-0.0391304347826087,27
107,Bodily Play & Exertion,4124,2003,chi,Exertion interfaces,10.1145/642611.642709,191,0.663,979.6,359,0.4413793103448276,0.3888888888888889,37
107,Bodily Play & Exertion,2431,1998,chi,Heart rate variability,10.1145/274644.274709,197,0.684,105.1,191,0.5666666666666667,0.0,42
108,More-than-Human Design,19012,2017,chi,Designing for Cohabitation,10.1145/3025453.3025948,184,0.643,1451.2,186,0.001256281407035176,-0.007614213197969543,21
108,More-than-Human Design,17285,2016,dis,Thing Ethnography,10.1145/2901790.2901905,188,0.657,102.3,144,1.0,1.0,22
108,More-than-Human Design,17222,2016,dis,Creative Agency and the Space Race of the 21st Century,10.1145/2901790.2915254,185,0.647,17.2,8,1.0,1.0,22
108,More-than-Human Design,10601,2012,dis,Autobiographical design in HCI research,10.1145/2317956.2318034,198,0.692,1195.3,298,0.05730129390018484,0.004629629629629629,26
108,More-than-Human Design,28042,2021,chi,Watching Myself Watching Birds,10.1145/3411764.3445329,125,0.437,2120.7,136,-0.08209959623149395,-0.08209959623149395,12
108,More-than-Human Design,20751,2018,chi,Design for Collaborative Survival,10.1145/3173574.3173614,174,0.608,2135.9,236,-0.06629834254143646,-0.08156606851549755,16
108,More-than-Human Design,1841,1996,chi,The design and long-term use of a personal electronic notebook,10.1145/238386.238392,199,0.696,65.8,56,0.6206896551724138,0.25,51
108,More-than-Human Design,21273,2018,dis,Revealing Tensions in Autobiographical Design in HCI,10.1145/3196709.3196781,151,0.528,1274.3,149,-0.07871720116618076,-0.09158415841584158,16
108,More-than-Human Design,24569,2019,tochi,Entanglement HCI The Next Wave?,10.1145/3364998,142,0.497,1919.4,530,0.03443328550932568,-0.0044742729306487695,15
109,Family Communication at Home,2337,1998,chi,Communication and information,10.1145/274644.274695,186,0.795,66.6,119,1.0,1.0,47
109,Family Communication at Home,3106,2000,chi,Unleashed,10.1145/332040.332042,185,0.791,32.5,29,0.0,0.0,46
109,Family Communication at Home,4133,2003,chi,Technology probes,10.1145/642611.642616,184,0.786,1783.1,1425,0.5690936106983655,0.07608695652173914,41
109,Family Communication at Home,8742,2010,chi,The family window,10.1145/1753326.1753682,109,0.466,1146.2,158,-0.027932960893854747,-0.06060606060606061,28
109,Family Communication at Home,8171,2010,chi,Sharing conversation and sharing life,10.1145/1753326.1753422,118,0.504,963.1,131,0.03663003663003663,0.0,29
109,Family Communication at Home,8697,2010,cscw,Home video communication,10.1145/1718918.1718945,110,0.47,1062.2,164,0.011428571428571429,0.02654867256637168,30
109,Family Communication at Home,8816,2010,cscw,Making love in the network closet,10.1145/1718918.1718946,116,0.496,1453.7,300,0.011614401858304297,0.020618556701030927,30
109,Family Communication at Home,3288,2001,chi,Digital family portraits,10.1145/365024.365126,193,0.825,898.8,582,0.10097323600973236,0.04310344827586207,45
109,Family Communication at Home,2745,1999,chi,Projected realities,10.1145/302979.303168,196,0.838,211.2,163,1.0,1.0,46
109,Family Communication at Home,3226,2001,chi,Casablanca,10.1145/365024.383749,193,0.825,817.7,287,0.6578947368421053,0.4166666666666667,44
110,Biofeedback & Mindfulness,23006,2019,chi,A Review &amp; Analysis of Mindfulness Research in HCI,10.1145/3290605.3300687,65,0.281,767.4,110,-0.034229828850855744,-0.022653721682847898,15
110,Biofeedback & Mindfulness,10414,2012,dis,<i>Sonic Cradle</i>,10.1145/2317956.2318017,124,0.537,715.1,136,0.06493506493506493,0.09803921568627451,25
110,Biofeedback & Mindfulness,19694,2017,chiplay,Life Tree,10.1145/3116595.3116621,103,0.446,883.7,149,0.02109704641350211,-0.0743801652892562,19
110,Biofeedback & Mindfulness,1904,1996,siggraph,Osmose,10.1145/240806.240808,127,0.55,57.8,79,1.0,1.0,46
110,Biofeedback & Mindfulness,18513,2017,chi,Inner Garden,10.1145/3025453.3025743,109,0.472,1102.5,145,-0.01601423487544484,-0.05063291139240506,20
110,Biofeedback & Mindfulness,21237,2018,dis,Attending to Breath,10.1145/3196709.3196765,88,0.381,806.3,97,-0.02531645569620253,-0.03804347826086957,16
110,Biofeedback & Mindfulness,12473,2013,ijhcs,Computer-supported mindfulness: Evaluation of a mobile thought distancing application on n,10.1016/j.ijhcs.2013.11.001,121,0.524,75.0,75,0.28,0.6666666666666666,22
110,Biofeedback & Mindfulness,20253,2018,chi,Breeze,10.1145/3173574.3174219,63,0.273,765.2,114,-0.06753812636165578,-0.059027777777777776,14
110,Biofeedback & Mindfulness,9598,2011,uist,Peripheral paced respiration,10.1145/2047196.2047250,128,0.554,80.5,85,0.4418604651162791,0.23529411764705882,26
110,Biofeedback & Mindfulness,14687,2015,chi,The Virtual Meditative Walk,10.1145/2702123.2702344,122,0.528,91.3,189,1.0,1.0,22
111,Human-Food Interaction,6918,2008,chi,Celebratory technology,10.1145/1357054.1357130,96,0.667,1323.8,285,0.4189723320158103,0.2542372881355932,32
111,Human-Food Interaction,9191,2011,chi,Augmented reality flavors,10.1145/1978942.1978957,83,0.576,241.6,200,0.7391304347826086,0.8571428571428571,30
111,Human-Food Interaction,23240,2019,chi,Making Sense of Human-Food Interaction,10.1145/3290605.3300908,56,0.389,1106.8,152,-0.029411764705882353,-0.054455445544554455,15
111,Human-Food Interaction,21926,2018,chiplay,Arm-A-Dine,10.1145/3242671.3242710,56,0.389,649.5,54,-0.026467203682393557,-0.03925619834710744,17
111,Human-Food Interaction,2954,2000,dis,The building blocks of experience,10.1145/347642.347800,91,0.632,94.8,413,1.0,1.0,35
111,Human-Food Interaction,24262,2019,chiplay,Playful Human-Food Interaction Research,10.1145/3311350.3347155,50,0.347,648.8,50,-0.09565217391304348,-0.11299435028248588,14
111,Human-Food Interaction,19149,2017,chi,<i>EdiPulse</i>,10.1145/3025453.3025980,68,0.472,812.1,105,-0.02193645990922844,-0.03374233128834356,19
111,Human-Food Interaction,5466,2006,chi,The sensual evaluation instrument,10.1145/1124772.1124946,97,0.674,122.5,137,0.04809619238476954,0.10526315789473684,35
111,Human-Food Interaction,4605,2004,dis,Understanding experience in interactive systems,10.1145/1013115.1013152,90,0.625,267.8,913,0.17114093959731544,0.0,34
112,Animal-Computer Interaction,6528,2008,cscw,Hunting for fun,10.1145/1460563.1460575,54,0.844,136.6,20,0.0374331550802139,0.046511627906976744,25
112,Animal-Computer Interaction,11553,2012,ubicomp,Exploring interspecies sensemaking,10.1145/2370216.2370239,50,0.781,633.4,82,0.0,-0.16666666666666666,23
112,Animal-Computer Interaction,18720,2017,chi,Kinecting with Orangutans,10.1145/3025453.3025729,26,0.406,465.6,86,-0.0847457627118644,-0.04838709677419355,15
112,Animal-Computer Interaction,4900,2005,uist,Supporting interspecies social awareness,10.1145/1095034.1095076,54,0.844,302.6,43,0.03110047846889952,0.0,25
112,Animal-Computer Interaction,9387,2011,chi,Cat cat revolution,10.1145/1978942.1979331,54,0.844,307.3,56,0.2830188679245283,0.2,24
112,Animal-Computer Interaction,16917,2016,ijhcs,Towards an animal-centred ethics for Animal–Computer Interaction,10.1016/j.ijhcs.2016.04.008,29,0.453,506.9,123,0.15714285714285714,0.07407407407407407,17
112,Animal-Computer Interaction,13366,2014,chi,Canine-centered interface design,10.1145/2556288.2557396,45,0.703,677.3,71,-0.05714285714285714,-0.3333333333333333,22
112,Animal-Computer Interaction,2167,1997,uist,"A finger-mounted, direct pointing device for mobile computing",10.1145/263407.263506,55,0.859,19.5,8,0.0136986301369863,0.0,26
112,Animal-Computer Interaction,9786,2011,chi,Understanding people and animals,10.1145/1978942.1979328,52,0.812,481.9,62,0.013100436681222707,0.0,24
113,Personal Informatics,6945,2008,ubicomp,Flowers or a robot army?,10.1145/1409635.1409644,500,0.858,1661.4,400,0.006779661016949152,0.03225806451612903,33
113,Personal Informatics,14083,2014,chi,Personal tracking as lived informatics,10.1145/2556288.2557039,402,0.69,4132.6,659,-0.12300319488817892,-0.15416666666666667,25
113,Personal Informatics,8806,2010,chi,A stage-based model of personal informatics systems,10.1145/1753326.1753409,447,0.767,5579.8,1123,0.23770491803278687,-0.006211180124223602,28
113,Personal Informatics,5095,2006,ubicomp,Fish’n’Steps: Encouraging Physical Activity with an Interactive Computer Game,10.1007/11853565_16,538,0.923,1491.6,850,1.0,1.0,35
113,Personal Informatics,5576,2006,chi,Design requirements for technologies that encourage physical activity,10.1145/1124772.1124840,542,0.93,2862.6,800,0.5537848605577689,0.3793103448275862,35
113,Personal Informatics,14440,2014,chi,Understanding quantified-selfers' practices in collecting and exploring personal data,10.1145/2556288.2557372,397,0.681,3974.0,774,-0.11387434554973822,-0.11683848797250859,25
113,Personal Informatics,15051,2015,ubicomp,A lived informatics model of personal informatics,10.1145/2750858.2804250,343,0.588,4645.1,503,-0.19014084507042253,-0.14798206278026907,24
113,Personal Informatics,7086,2008,chi,Activity sensing in the wild,10.1145/1357054.1357335,521,0.894,2855.1,1128,0.09492273730684327,0.052083333333333336,34
113,Personal Informatics,5084,2006,ubicomp,Embedding Behavior Modification Strategies into a Consumer Electronic Device: A Case Study,10.1007/11853565_18,506,0.868,185.1,70,1.0,1.0,34
114,Older Adults & Dementia Care,18723,2017,chi,A Critical Lens on Dementia and Design in HCI,10.1145/3025453.3025522,172,0.449,2044.5,199,-0.03773584905660377,-0.08615384615384615,19
114,Older Adults & Dementia Care,5893,2007,assets,"Using participatory activities with seniors to critique, build, and evaluate mobile phones",10.1145/1296843.1296871,271,0.708,313.2,127,0.075,0.06382978723404255,38
114,Older Adults & Dementia Care,3500,2002,assets,Designing for dynamic diversity,10.1145/638249.638277,270,0.705,179.2,364,1.0,1.0,38
114,Older Adults & Dementia Care,6547,2008,ijhcs,Technological opportunities for supporting people with dementia who are living at home,10.1016/j.ijhcs.2008.03.001,267,0.697,122.8,139,0.07317073170731707,0.030303030303030304,26
114,Older Adults & Dementia Care,5011,2005,chi,Participatory design of an orientation aid for amnesics,10.1145/1054972.1055043,274,0.715,169.5,66,0.5652173913043478,0.8888888888888888,41
114,Older Adults & Dementia Care,13909,2014,chi,Never too old,10.1145/2556288.2557184,222,0.58,1484.7,215,-0.036893203883495145,-0.02824858757062147,22
114,Older Adults & Dementia Care,12883,2013,chi,Older adults as digital content producers,10.1145/2470654.2470662,240,0.627,1315.9,185,0.05714285714285714,0.053691275167785234,23
114,Older Adults & Dementia Care,5083,2006,ubicomp,An Exploratory Study of How Older Women Use Mobile Phones,10.1007/11853565_7,277,0.723,64.6,50,1.0,1.0,39
114,Older Adults & Dementia Care,21021,2018,chi,Exploring the Design of Tailored Virtual Reality Experiences for People with Dementia,10.1145/3173574.3174088,138,0.36,1272.8,142,-0.10283687943262411,-0.14201183431952663,17
114,Older Adults & Dementia Care,10782,2012,chi,"Empathy, participatory design and people with dementia",10.1145/2207676.2207749,264,0.689,1102.6,260,0.07122507122507123,0.06382978723404255,25
115,Chronic Care & Caregiving,16482,2016,cscw,Boundary Negotiating Artifacts in Personal Informatics,10.1145/2818048.2819926,201,0.537,1808.4,234,-0.039540816326530615,-0.08031088082901554,22
115,Chronic Care & Caregiving,6886,2008,chi,Healthcare in everyday life,10.1145/1357054.1357336,286,0.765,576.6,165,0.09569377990430622,0.1111111111111111,34
115,Chronic Care & Caregiving,5674,2006,chi,Investigating health management practices of individuals with diabetes,10.1145/1124772.1124910,303,0.81,748.2,177,0.05412371134020619,0.0234375,35
115,Chronic Care & Caregiving,18316,2017,cscw,Supporting Patient-Provider Collaboration to Identify Individual Triggers using Food and S,10.1145/2998181.2998276,168,0.449,1132.2,113,-0.05803571428571429,-0.06552706552706553,20
115,Chronic Care & Caregiving,5425,2006,cscw,Of pill boxes and piano benches,10.1145/1180875.1180888,292,0.781,385.5,121,0.06048387096774194,-0.05555555555555555,35
115,Chronic Care & Caregiving,11669,2013,cscw,Caring for caregivers,10.1145/2441776.2441789,227,0.607,1397.2,172,0.10689655172413794,-0.0625,23
115,Chronic Care & Caregiving,7033,2008,chi,MAHI,10.1145/1357054.1357131,294,0.786,1898.8,358,0.012036108324974924,-0.025510204081632654,33
115,Chronic Care & Caregiving,8890,2010,chi,Catalyzing social support for breast cancer patients,10.1145/1753326.1753353,269,0.719,763.0,165,0.5535714285714286,0.5,33
115,Chronic Care & Caregiving,16441,2016,cscw,Partners in Care,10.1145/2818048.2819983,195,0.521,1433.3,121,-0.08605341246290801,-0.08743169398907104,21
116,Mental Health Interventions,22464,2019,chi,HCI and Affective Health,10.1145/3290605.3300475,113,0.498,1241.4,223,-0.023295944779982744,-0.038238702201622246,18
116,Mental Health Interventions,18566,2017,chi,Self-tracking for Mental Wellness,10.1145/3025453.3025750,138,0.608,956.4,186,-0.03894297635605007,-0.06345177664974619,19
116,Mental Health Interventions,10153,2011,chi,In the mood,10.1145/1978942.1979379,173,0.762,515.5,139,0.03968253968253968,-0.014285714285714285,28
116,Mental Health Interventions,11337,2012,dis,Magic land,10.1145/2317956.2317978,152,0.67,293.1,33,0.017857142857142856,0.0,24
116,Mental Health Interventions,16396,2016,chi,Health Technologies 'In the Wild',10.1145/2858036.2858128,151,0.665,562.2,62,-0.0106951871657754,-0.02631578947368421,20
116,Mental Health Interventions,22029,2018,pacmhci,Personal Informatics in Interpersonal Contexts,10.1145/3274396,92,0.405,826.4,196,-0.08841843088418432,-0.08350730688935282,17
116,Mental Health Interventions,7568,2009,chi,Clinical evaluations and collaborative design,10.1145/1518701.1519013,174,0.767,245.3,83,0.4222222222222222,0.38461538461538464,28
116,Mental Health Interventions,20757,2018,chi,"“Suddenly, we got to become therapists for each other”",10.1145/3173574.3173905,107,0.471,1038.4,133,-0.035830618892508145,-0.07655502392344497,18
116,Mental Health Interventions,11259,2012,chi,Engagement with online mental health interventions,10.1145/2207676.2208602,169,0.744,821.2,213,0.04154302670623145,-0.06474820143884892,27
116,Mental Health Interventions,25375,2020,chi,Designing Mental Health Technologies that Support the Social Ecosystem of College Students,10.1145/3313831.3376362,66,0.291,986.5,86,-0.053164556962025315,-0.05333333333333334,11
117,Women's Health & Menstrual Tracking,9058,2011,siggraph,"""Mommy Tummy"" a pregnancy experience system simulating fetal movement",10.1145/2048259.2048269,144,0.857,66.5,26,1.0,1.0,24
117,Women's Health & Menstrual Tracking,18758,2017,chi,Examining Menstrual Tracking to Inform the Design of Personal Informatics Tools,10.1145/3025453.3025635,129,0.768,2162.9,344,-0.06921824104234528,-0.07436708860759493,20
117,Women's Health & Menstrual Tracking,13735,2014,dis,"""Every pregnancy is different""",10.1145/2598510.2598572,140,0.833,886.0,99,0.17757009345794392,0.125,23
117,Women's Health & Menstrual Tracking,22086,2018,pacmhci,Learning <i>from</i> and <i>with</i> Menstrupedia,10.1145/3274443,113,0.673,1484.8,90,-0.05434782608695652,-0.06147540983606557,17
117,Women's Health & Menstrual Tracking,9324,2011,chi,How HCI talks about sexuality,10.1145/1978942.1979043,141,0.839,589.1,94,0.035175879396984924,-0.007407407407407408,28
117,Women's Health & Menstrual Tracking,16974,2016,chi,On Looking at the Vagina through Labella,10.1145/2858036.2858119,136,0.81,1603.5,119,-0.08521303258145363,-0.15517241379310345,21
117,Women's Health & Menstrual Tracking,15410,2015,chi,FeedFinder,10.1145/2702123.2702328,143,0.851,1347.0,132,-0.013777267508610792,-0.03611111111111111,23
117,Women's Health & Menstrual Tracking,9586,2011,chi,Pleasure is your birthright,10.1145/1978942.1978979,142,0.845,782.6,113,0.0020491803278688526,0.017857142857142856,28
117,Women's Health & Menstrual Tracking,24825,2020,chi,Touching and Being in Touch with the Menstruating Body,10.1145/3313831.3376471,88,0.524,1479.8,164,-0.03856266432953549,-0.03987068965517242,15
117,Women's Health & Menstrual Tracking,16799,2016,chi,HCI and Intimate Care as an Agenda for Change in Women's Health,10.1145/2858036.2858187,137,0.815,1713.6,162,-0.07614942528735633,-0.0935672514619883,22
118,Family Health Informatics,15906,2015,cscw,Spaceship Launch,10.1145/2675133.2675159,89,0.567,908.9,91,-0.003436426116838488,-0.02247191011235955,20
118,Family Health Informatics,25823,2020,pacmhci,DreamCatcher: Exploring How Parents and School-Age Children can Track and Review Sleep Inf,10.1145/3392882,42,0.268,883.7,81,-0.06470588235294118,-0.06429780033840947,10
118,Family Health Informatics,25668,2020,chi,Storywell: Designing for Family Fitness App Motivation by Using Social Rewards and Reflect,10.1145/3313831.3376686,43,0.274,796.7,82,-0.06910569105691057,-0.06928406466512702,11
118,Family Health Informatics,14911,2015,cscw,Snack Buddy,10.1145/2675133.2675180,83,0.529,1031.0,92,0.044186046511627906,-0.01015228426395939,21
118,Family Health Informatics,2382,1998,assets,Automatic babble recognition for early detection of speech related disorders,10.1145/274497.274510,114,0.726,24.5,8,0.0,-1.0,32
118,Family Health Informatics,1774,1996,assets,"EVA, an early vocalization analyzer: an empirical validity study of computer categorizatio",10.1145/228347.228358,115,0.732,48.9,7,1.0,1.0,33
118,Family Health Informatics,18230,2017,cscw,From Personal Informatics to Family Informatics,10.1145/2998181.2998362,67,0.427,1370.5,202,-0.09671532846715329,-0.08650519031141868,19
118,Family Health Informatics,5367,2006,chi,Tensions in designing capture technologies for an evidence-based care community,10.1145/1124772.1124911,115,0.732,274.7,49,0.0035714285714285713,0.0,36
118,Family Health Informatics,6202,2007,chi,Grow and know,10.1145/1240624.1240830,110,0.701,295.2,77,0.046153846153846156,0.038834951456310676,30
118,Family Health Informatics,3903,2003,assets,visiBabble for reinforcement of early vocalization,10.1145/1028630.1028659,112,0.713,69.4,22,0.8571428571428571,0.6666666666666666,31
119,Hospital Work & Records,6189,2007,chi,An observational study on information flow during nurses' shift change,10.1145/1240624.1240661,75,0.605,244.4,95,0.2702702702702703,0.3333333333333333,34
119,Hospital Work & Records,1165,1992,cscw,Time-management,10.1145/143457.143517,82,0.661,82.0,55,0.4444444444444444,1.0,51
119,Hospital Work & Records,8464,2010,chi,Documenting transitional information in EMR,10.1145/1753326.1753594,51,0.411,427.6,80,-0.05042016806722689,-0.1935483870967742,27
119,Hospital Work & Records,7763,2009,chi,<i>I just don't know why it's gone</i>,10.1145/1518701.1519014,65,0.524,414.3,69,-0.056338028169014086,-0.125,28
119,Hospital Work & Records,3543,2002,cscw,The parameters of common information spaces:,10.1145/587078.587104,89,0.718,213.7,164,1.0,1.0,39
119,Hospital Work & Records,3707,2002,cscw,A finger on the pulse,10.1145/587078.587126,81,0.653,632.7,280,0.3672316384180791,0.21212121212121213,44
119,Hospital Work & Records,5436,2006,cscw,AwareMedia,10.1145/1180875.1180892,60,0.484,585.4,164,0.05185185185185185,0.037037037037037035,32
119,Hospital Work & Records,2013,1996,cscw,Documents and professional practice,10.1145/240080.240342,86,0.694,403.8,252,0.26811594202898553,0.0,48
120,Stroke Rehabilitation & Eating,9795,2011,chi,Motivating mobility,10.1145/1978942.1979397,15,0.143,327.0,114,0.17391304347826086,0.09090909090909091,28
120,Stroke Rehabilitation & Eating,22981,2019,chi,23 Ways to Nudge,10.1145/3290605.3300733,11,0.105,260.0,458,0.05179282868525897,0.03812316715542522,15
120,Stroke Rehabilitation & Eating,14919,2015,ubicomp,A practical approach for recognizing eating moments with wrist-mounted inertial sensing,10.1145/2750858.2807545,24,0.229,426.9,304,0.11711711711711711,0.07246376811594203,19
120,Stroke Rehabilitation & Eating,17481,2016,ubicomp,Automated estimation of food type and amount consumed from body-worn audio and motion sens,10.1145/2971648.2971677,22,0.21,252.1,99,-0.06363636363636363,-0.06493506493506493,18
120,Stroke Rehabilitation & Eating,19627,2017,imwut,EarBit,10.1145/3130902,19,0.181,407.8,188,0.04201680672268908,-0.06976744186046512,17
120,Stroke Rehabilitation & Eating,5035,2005,ubicomp,Analysis of Chewing Sounds for Dietary Monitoring,10.1007/11551201_4,24,0.229,61.4,215,1.0,1.0,38
120,Stroke Rehabilitation & Eating,20532,2018,imwut,Detecting Eating Episodes by Tracking Jawbone Movements with a Non-Contact Wearable Sensor,10.1145/3191736,16,0.152,270.3,87,-0.1232876712328767,-0.125,13
120,Stroke Rehabilitation & Eating,14683,2015,iui,Inferring Meal Eating Activities in Real World Settings from Ambient Sounds,10.1145/2678025.2701405,25,0.238,196.3,54,-0.015267175572519083,-0.04878048780487805,25
121,Social Media & Privacy,6690,2008,chi,The network in the garden,10.1145/1357054.1357304,694,0.844,196.4,136,0.1793103448275862,0.0425531914893617,37
121,Social Media & Privacy,4103,2003,chi,"Unpacking ""privacy"" for a networked world",10.1145/642611.642635,631,0.768,1985.0,967,0.6254180602006689,0.4057971014492754,43
121,Social Media & Privacy,7016,2008,chi,"Looking at, looking up or keeping up with people?",10.1145/1357054.1357213,701,0.853,1558.5,1396,0.32727272727272727,0.22033898305084745,37
121,Social Media & Privacy,4812,2005,chi,Who gets to know what when,10.1145/1054972.1054987,740,0.9,521.1,139,0.05373134328358209,0.06060606060606061,40
121,Social Media & Privacy,13552,2014,cscw,"""You can't block people offline""",10.1145/2531602.2531672,415,0.505,1843.4,157,0.04205607476635514,0.009900990099009901,25
121,Social Media & Privacy,20980,2018,chi,Announcing Pregnancy Loss on Facebook,10.1145/3173574.3173732,246,0.299,1983.1,189,-0.10869565217391304,-0.1355421686746988,18
121,Social Media & Privacy,5205,2006,cscw,A face(book) in the crowd,10.1145/1180875.1180901,709,0.863,1106.6,1002,0.6931818181818182,0.696969696969697,39
121,Social Media & Privacy,18197,2017,cscw,"Sensitive Self-disclosures, Responses, and Social Support on Instagram",10.1145/2998181.2998243,292,0.355,2556.0,331,-0.11392405063291139,-0.1881918819188192,20
121,Social Media & Privacy,16890,2016,chi,Understanding Social Media Disclosures of Sexual Abuse Through the Lenses of Support Seeki,10.1145/2858036.2858096,331,0.403,2439.8,382,0.12987012987012986,-0.024390243902439025,22
121,Social Media & Privacy,6267,2007,chi,A familiar face(book),10.1145/1240624.1240695,705,0.858,729.9,628,0.30097087378640774,-0.05555555555555555,38
122,Sustainable HCI,8707,2010,chi,The design of eco-feedback technology,10.1145/1753326.1753629,490,0.715,3537.6,786,0.006482982171799027,-0.011235955056179775,31
122,Sustainable HCI,7143,2008,chi,A bright green perspective on sustainable choices,10.1145/1357054.1357109,552,0.806,1835.0,174,-0.0035842293906810036,-0.13432835820895522,34
122,Sustainable HCI,8871,2010,dis,HCI and environmental sustainability,10.1145/1858171.1858173,477,0.696,3007.2,425,-0.05289421157684631,-0.11904761904761904,30
122,Sustainable HCI,11243,2012,chi,Sustainably unpersuaded,10.1145/2207676.2208539,398,0.581,3509.2,474,-0.10526315789473684,-0.15772870662460567,29
122,Sustainable HCI,4717,2005,chi,Waterbot,10.1145/1054972.1055059,554,0.809,362.1,176,0.4722222222222222,0.6153846153846154,35
122,Sustainable HCI,2609,1998,chi,Persuasive computers,10.1145/274644.274677,557,0.813,101.8,434,0.3177570093457944,0.0,37
122,Sustainable HCI,6292,2007,chi,Sustainable interaction design,10.1145/1240624.1240705,563,0.822,3019.8,755,0.43190661478599224,0.37333333333333335,36
122,Sustainable HCI,8565,2010,chi,Mapping the landscape of sustainable HCI,10.1145/1753326.1753625,507,0.74,4494.1,775,-0.047244094488188976,-0.12093023255813953,31
122,Sustainable HCI,4566,2004,ubicomp,Some Assembly Required: Supporting End-User Sensor Installation in Domestic Ubiquitous Com,10.1007/978-3-540-30119-6_7,542,0.791,159.2,88,0.24193548387096775,0.14814814814814814,36
123,Content Moderation,5956,2007,chi,Follow the reader,10.1145/1240624.1240815,499,0.825,257.9,98,0.0035335689045936395,0.05,30
123,Content Moderation,23655,2019,tochi,Human-Machine Collaboration for Content Regulation,10.1145/3338243,352,0.582,3300.1,286,-0.13009708737864079,-0.13150684931506848,16
123,Content Moderation,4970,2005,chi,How oversight improves member-maintained communities,10.1145/1054972.1054975,499,0.825,211.8,112,-0.0220125786163522,-0.09433962264150944,40
123,Content Moderation,6508,2008,chi,"Don't look now, but we've created a bureaucracy",10.1145/1357054.1357227,504,0.833,752.0,237,0.13414634146341464,-0.07142857142857142,36
123,Content Moderation,6061,2007,chi,"He says, she says",10.1145/1240624.1240698,513,0.848,683.8,573,0.09158415841584158,0.061855670103092786,38
123,Content Moderation,20051,2017,pacmhci,Classification and Its Consequences for Online Harassment,10.1145/3134659,418,0.691,2691.1,242,-0.053857350800582245,-0.08355795148247978,20
123,Content Moderation,24564,2019,pacmhci,Does Transparency in Moderation Really Matter?,10.1145/3359252,335,0.554,2888.0,202,-0.09662576687116564,-0.10947368421052632,15
123,Content Moderation,23028,2019,chi,Moderation Practices as Emotional Labor in Sustaining Online Communities,10.1145/3290605.3300372,383,0.633,2872.4,175,-0.05514316012725345,-0.05113636363636364,17
123,Content Moderation,4377,2004,chi,Slash(dot) and burn,10.1145/985692.985761,537,0.888,1204.8,405,0.7048192771084337,0.24,41
123,Content Moderation,28895,2021,pacmhci,"Disproportionate Removals and Differing Content Moderation Experiences for Conservative, T",10.1145/3479610,206,0.34,2662.3,277,-0.054474708171206226,-0.054474708171206226,11
124,Open Collaboration Online,2624,1998,cscw,The dynamics of mass interaction,10.1145/289444.289500,402,0.723,315.7,278,0.1276595744680851,0.045454545454545456,43
124,Open Collaboration Online,2920,2000,tochi,Social translucence,10.1145/344949.345004,390,0.701,784.2,997,0.15695067264573992,0.042105263157894736,46
124,Open Collaboration Online,1804,1996,cscw,Answer Garden 2,10.1145/240080.240203,377,0.678,206.1,293,0.21739130434782608,-0.041666666666666664,46
124,Open Collaboration Online,3148,2000,chi,Lurker demographics,10.1145/332040.332409,388,0.698,298.6,569,0.16766467065868262,-0.029411764705882353,40
124,Open Collaboration Online,4493,2004,chi,Studying cooperation and conflict between authors with <i>history flow</i> visualizations,10.1145/985692.985765,326,0.586,1008.2,773,0.9863013698630136,1.0,41
124,Open Collaboration Online,6714,2008,cscw,Harnessing the wisdom of crowds in wikipedia,10.1145/1460563.1460572,273,0.491,1112.8,680,0.21761658031088082,0.14285714285714285,35
124,Open Collaboration Online,11348,2012,cscw,Social coding in GitHub,10.1145/2145204.2145396,106,0.191,804.4,984,0.06666666666666667,0.09154929577464789,26
124,Open Collaboration Online,6073,2007,iui,SuggestBot,10.1145/1216295.1216309,275,0.495,1064.5,246,0.08670520231213873,0.03529411764705882,38
124,Open Collaboration Online,2394,1998,chi,Are newsgroups virtual communities?,10.1145/274644.274694,401,0.721,92.2,89,1.0,1.0,43
124,Open Collaboration Online,6428,2008,cscw,Motivations for social networking at work,10.1145/1460563.1460674,220,0.396,980.7,751,0.1346153846153846,0.08571428571428572,35
125,Participatory & Community Design,6148,2007,chi,Social dynamics of early stage co-design in developing regions,10.1145/1240624.1240790,488,0.881,208.4,88,0.0,-0.019417475728155338,34
125,Participatory & Community Design,7077,2008,dis,The landscape's apprentice,10.1145/1394445.1394455,451,0.814,137.7,46,0.020477815699658702,0.030303030303030304,31
125,Participatory & Community Design,6406,2008,chi,Designs on dignity,10.1145/1357054.1357155,469,0.847,1012.5,187,0.30917874396135264,0.28205128205128205,33
125,Participatory & Community Design,15143,2015,cscw,Strangers at the Gate,10.1145/2675133.2675147,386,0.697,1958.9,252,0.0370843989769821,0.009933774834437087,23
125,Participatory & Community Design,25480,2020,chi,Critical Race Theory for HCI,10.1145/3313831.3376392,245,0.442,2785.6,388,-0.05169172932330827,-0.053631284916201116,16
125,Participatory & Community Design,17291,2016,dis,Social Justice-Oriented Interaction Design,10.1145/2901790.2901861,363,0.655,3118.3,389,-0.053208996160175534,-0.07644110275689223,22
125,Participatory & Community Design,6706,2008,cscw,The view from the trenches,10.1145/1460563.1460656,460,0.83,896.6,84,0.02118003025718608,0.018691588785046728,32
125,Participatory & Community Design,8727,2010,chi,Postcolonial computing,10.1145/1753326.1753522,448,0.809,2069.2,763,0.8737541528239202,0.7619047619047619,30
125,Participatory & Community Design,24442,2019,pacmhci,Deconstructing Community-Based Collaborative Design,10.1145/3359318,271,0.489,4202.0,584,-0.0688836104513064,-0.06278538812785388,16
126,Misinformation & News,8449,2010,chi,Microblogging during two natural hazards events,10.1145/1753326.1753486,432,0.818,1783.5,1419,0.04395604395604396,-0.02727272727272727,29
126,Misinformation & News,6180,2007,chi,Citizen communications in crisis,10.1145/1240624.1240736,446,0.845,1279.6,491,0.5130434782608696,0.5416666666666666,32
126,Misinformation & News,6533,2008,cscw,The emergence of online widescale interaction in unexpected events,10.1145/1460563.1460583,438,0.83,416.5,123,0.008547008547008548,0.0196078431372549,31
126,Misinformation & News,24519,2019,pacmhci,Disinformation as Collaborative Work,10.1145/3359229,142,0.269,1474.3,357,-0.009671179883945842,-0.005333333333333333,13
126,Misinformation & News,7021,2008,cscw,Finding community through information and communication technology in disaster response,10.1145/1460563.1460584,439,0.831,801.6,331,0.08024691358024691,0.05,31
126,Misinformation & News,10452,2012,cscw,(How) will the revolution be retweeted?,10.1145/2145204.2145212,357,0.676,1332.7,416,0.09852216748768473,0.03571428571428571,27
126,Misinformation & News,9751,2011,chi,"""Voluntweeters""",10.1145/1978942.1979102,376,0.712,2041.9,537,0.0223463687150838,0.016129032258064516,28
126,Misinformation & News,8317,2010,cscw,Chatter on the red,10.1145/1718918.1718965,435,0.824,1151.9,444,0.21333333333333335,0.25,30
127,Feminist HCI & Global Contexts,5699,2006,chi,Mobile phones and paper documents,10.1145/1124772.1124857,365,0.773,459.7,153,0.0738255033557047,0.11627906976744186,35
127,Feminist HCI & Global Contexts,20931,2018,chi,Design Within a Patriarchal Society,10.1145/3173574.3174110,193,0.409,2063.5,198,-0.05465949820788531,-0.0517503805175038,19
127,Feminist HCI & Global Contexts,8746,2010,chi,Intermediated technology use in developing communities,10.1145/1753326.1753718,311,0.659,1447.3,228,0.6122448979591837,0.25,29
127,Feminist HCI & Global Contexts,8779,2010,chi,Feminist HCI,10.1145/1753326.1753521,324,0.686,1882.0,1098,0.3665338645418327,0.04827586206896552,30
127,Feminist HCI & Global Contexts,6188,2007,chi,Localized iterative design for language learning in underdeveloped regions,10.1145/1240624.1240791,336,0.712,212.4,56,0.23076923076923078,0.1875,32
127,Feminist HCI & Global Contexts,6197,2007,chi,Multiple mice for retention tasks in disadvantaged schools,10.1145/1240624.1240864,342,0.725,414.3,93,0.1,0.05714285714285714,35
127,Feminist HCI & Global Contexts,2138,1997,chi,Designing a graphical user interface for healthcare workers in rural India,10.1145/258549.258869,370,0.784,220.5,89,1.0,,36
127,Feminist HCI & Global Contexts,20701,2018,chi,“A Stalker's Paradise”,10.1145/3173574.3174241,204,0.432,1892.8,291,-0.09174311926605505,-0.08415841584158416,19
127,Feminist HCI & Global Contexts,7294,2009,chi,A comparison of mobile money-transfer UIs for non-literate and semi-literate users,10.1145/1518701.1518970,337,0.714,411.0,164,0.2037037037037037,0.2631578947368421,31
127,Feminist HCI & Global Contexts,14431,2014,chi,<i>Protibadi</i>,10.1145/2556288.2557376,236,0.5,1507.0,153,-0.027479091995221028,-0.04090909090909091,24
128,Youth & Online Media,9185,2011,cscw,Understanding technology choices and values through social class,10.1145/1958824.1958834,183,0.638,350.4,102,0.02706359945872801,-0.011976047904191617,28
128,Youth & Online Media,1925,1996,chi,Interaction design and human factors support in the development of a personal communicator,10.1145/238386.238603,210,0.732,83.0,58,1.0,1.0,46
128,Youth & Online Media,9895,2011,chi,Social and technical challenges in parenting teens' social media use,10.1145/1978942.1979422,187,0.652,713.8,139,0.045060658578856154,0.007194244604316547,27
128,Youth & Online Media,21127,2018,chi,Safety vs. Surveillance,10.1145/3173574.3173698,133,0.463,1125.2,159,-0.0728643216080402,-0.08130081300813008,15
128,Youth & Online Media,18288,2017,cscw,Parental Control vs. Teen Self-Regulation,10.1145/2998181.2998352,144,0.502,1447.7,199,-0.1391941391941392,-0.13815789473684212,16
128,Youth & Online Media,16528,2016,cscw,Managing Expectations,10.1145/2818048.2819928,169,0.589,1200.2,141,0.022222222222222223,-0.039473684210526314,20
128,Youth & Online Media,16435,2016,cscw,Not at the Dinner Table,10.1145/2818048.2819940,170,0.592,1240.6,281,-0.037037037037037035,-0.06310679611650485,23
128,Youth & Online Media,2261,1997,chi,Designing for or designing with? Informant design for interactive learning environments,10.1145/258549.258789,209,0.728,323.2,385,0.28431372549019607,-0.0625,45
128,Youth & Online Media,2776,1999,chi,Cooperative inquiry,10.1145/302979.303166,207,0.721,965.8,854,0.5202702702702703,0.15384615384615385,44
128,Youth & Online Media,25822,2020,chi,Let's Talk about Sext,10.1145/3313831.3376400,64,0.223,994.4,86,-0.04398148148148148,-0.04591836734693878,13
129,Makerspaces & Hackathons,15750,2015,cscw,"Hacking Culture, Not Devices",10.1145/2675133.2675223,103,0.407,1280.3,202,-0.028678304239401497,-0.03303303303303303,24
129,Makerspaces & Hackathons,14285,2014,chi,Emerging sites of HCI innovation,10.1145/2556288.2557132,121,0.478,1552.0,286,-0.029003783102143757,-0.06007067137809187,25
129,Makerspaces & Hackathons,10543,2012,cscw,Repair worlds,10.1145/2145204.2145224,135,0.534,713.1,149,0.02875399361022364,0.006622516556291391,26
129,Makerspaces & Hackathons,12720,2013,chi,Democratizing technology,10.1145/2470654.2481360,126,0.498,1458.3,400,0.041666666666666664,-0.036290322580645164,26
129,Makerspaces & Hackathons,16919,2016,chi,Reconstituting the Utopian Vision of Making,10.1145/2858036.2858506,83,0.328,1332.2,196,-0.035204567078972404,-0.05625,23
129,Makerspaces & Hackathons,7608,2009,chi,Learning from IKEA hacking,10.1145/1518701.1518768,138,0.545,624.9,118,0.13609467455621302,0.15294117647058825,31
129,Makerspaces & Hackathons,5305,2006,cscw,The human infrastructure of cyberinfrastructure,10.1145/1180875.1180950,148,0.585,1055.2,354,0.8428571428571429,0.3888888888888889,31
129,Makerspaces & Hackathons,1531,1994,cscw,Steps towards an ecology of infrastructure,10.1145/192844.193021,162,0.64,144.0,391,0.5683453237410072,0.0,43
129,Makerspaces & Hackathons,1951,1996,cscw,Groupware implementation,10.1145/240080.240355,149,0.589,24.8,56,1.0,,32
130,Gig Work & Labour,30461,2022,chi,Algorithmic Management Reimagined For Workers and By Workers: Centering Worker Well-Being ,10.1145/3491102.3501866,68,0.275,1805.1,154,-0.07309941520467836,-0.07309941520467836,10
130,Gig Work & Labour,13131,2014,chi,Towards community-centered support for peer-to-peer service exchange,10.1145/2556288.2557061,198,0.802,225.6,118,1.0,1.0,26
130,Gig Work & Labour,16587,2016,cscw,Standing Out from the Crowd,10.1145/2818048.2820026,179,0.725,2260.0,225,-0.07370184254606366,-0.08783783783783784,22
130,Gig Work & Labour,14928,2015,chi,A Muddle of Models of Motivation for Using Peer-to-Peer Economy Systems,10.1145/2702123.2702272,196,0.794,650.8,239,0.02631578947368421,-0.058823529411764705,24
130,Gig Work & Labour,12785,2013,chi,Turkopticon,10.1145/2470654.2470742,209,0.846,2852.0,799,0.13702127659574467,0.17204301075268819,26
130,Gig Work & Labour,14802,2015,cscw,Creating Value Together,10.1145/2675133.2675270,197,0.798,221.1,74,0.07547169811320754,0.02631578947368421,25
130,Gig Work & Labour,14931,2015,chi,Working with Machines,10.1145/2702123.2702548,188,0.761,2581.8,757,0.01683937823834197,0.020134228187919462,23
130,Gig Work & Labour,17137,2016,chi,Designing for Labour,10.1145/2858036.2858476,174,0.704,1492.1,196,-0.07171314741035857,-0.125,21
130,Gig Work & Labour,11869,2013,cscw,Indebtedness and reciprocity in local online exchange,10.1145/2441776.2441850,197,0.798,381.8,62,0.25842696629213485,0.2549019607843137,25
131,Live Streaming,5825,2007,chi,Watching together,10.1145/1240624.1240756,129,0.694,580.0,124,0.21052631578947367,0.22857142857142856,31
131,Live Streaming,22850,2019,chi,"""I feel it is my responsibility to stream""",10.1145/3290605.3300459,74,0.398,1162.5,151,-0.16939890710382513,-0.19863013698630136,15
131,Live Streaming,12388,2013,cscw,Media technologies and learning in the starcraft esport community,10.1145/2441776.2441821,130,0.699,179.0,50,0.09782608695652174,0.029411764705882353,24
131,Live Streaming,22314,2018,chi,"You Watch, You Give, and You Engage",10.1145/3173574.3174040,87,0.468,1507.6,289,-0.12811387900355872,-0.14563106796116504,18
131,Live Streaming,19178,2017,chi,"What Makes Live Events Engaging on Facebook Live, Periscope, and Snapchat",10.1145/3025453.3025642,99,0.532,1232.0,219,-0.07857142857142857,-0.09055118110236221,20
131,Live Streaming,13901,2014,chi,Streaming on twitch,10.1145/2556288.2557048,128,0.688,2167.2,659,0.1419491525423729,0.12781954887218044,23
131,Live Streaming,5553,2006,chi,Watching the cars go round and round,10.1145/1124772.1124955,133,0.715,92.6,41,0.007246376811594203,-0.09523809523809523,35
131,Live Streaming,10097,2011,chi,Starcraft from the stands,10.1145/1978942.1979053,132,0.71,549.7,210,0.16346153846153846,0.057971014492753624,26
131,Live Streaming,16948,2016,chi,Meerkat and Periscope,10.1145/2858036.2858374,113,0.608,1406.7,188,-0.11824324324324324,-0.16149068322981366,22
131,Live Streaming,6717,2008,cscw,Empirical evidence of information overload constraining chat channel community interaction,10.1145/1460563.1460616,131,0.704,119.7,38,0.18604651162790697,0.07142857142857142,29
132,Trans & Gender Representation,16000,2015,chi,Unequal Representation and Gender Stereotypes in Image Search Results for Occupations,10.1145/2702123.2702520,84,0.689,147.4,522,1.0,1.0,22
132,Trans & Gender Representation,22049,2018,pacmhci,The Misgendering Machines,10.1145/3274357,67,0.549,1251.3,501,-0.030942334739803096,-0.03508771929824561,18
132,Trans & Gender Representation,20879,2018,chi,Gender Recognition or Gender Reductionism?,10.1145/3173574.3173582,68,0.557,724.7,218,0.0071090047393364926,-0.01838235294117647,19
132,Trans & Gender Representation,24559,2019,pacmhci,How Computers See Gender,10.1145/3359246,51,0.418,965.7,249,-0.05100671140939597,-0.05162523900573614,15
132,Trans & Gender Representation,24912,2020,chi,Designing Trans Technology,10.1145/3313831.3376669,32,0.262,618.2,137,-0.06823027718550106,-0.052884615384615384,15
132,Trans & Gender Representation,20666,2018,chi,"""Genderfluid"" or ""Attack Helicopter""",10.1145/3173574.3173881,73,0.598,448.4,77,0.0,0.0,19
132,Trans & Gender Representation,13982,2014,hri,Morphological gender recognition by a social robot and privacy concerns,10.1145/2559636.2563714,69,0.566,41.2,12,1.0,1.0,20
133,Cryptocurrency & Trust,10755,2012,cscw,The joy of cheques,10.1145/2145204.2145229,50,0.658,561.0,62,0.08012820512820513,0.0875,28
133,Cryptocurrency & Trust,4196,2004,ubicomp,Security and Trust in Mobile Interactions: A Study of Users’ Perceptions and Reasoning,10.1007/978-3-540-30119-6_12,49,0.645,35.4,58,1.0,1.0,31
133,Cryptocurrency & Trust,17091,2016,chi,"Of Two Minds, Multiple Addresses, and One Ledger",10.1145/2858036.2858049,32,0.421,529.9,72,0.09090909090909091,0.06097560975609756,18
133,Cryptocurrency & Trust,14183,2014,chi,Pay or delay,10.1145/2556288.2556961,47,0.618,417.7,66,0.001838235294117647,-0.004405286343612335,24
133,Cryptocurrency & Trust,19088,2017,chi,Design for Trust,10.1145/3025453.3025886,33,0.434,436.8,127,0.1368421052631579,0.15,18
133,Cryptocurrency & Trust,9078,2011,chi,The times they are a-changin',10.1145/1978942.1979150,49,0.645,330.5,57,0.055900621118012424,0.09375,25
133,Cryptocurrency & Trust,12122,2013,mobilehci,"Money on the move workload, usability and technology acceptance of second-screen atm-inter",10.1145/2493190.2493211,48,0.632,34.4,8,0.015873015873015872,0.07692307692307693,25
133,Cryptocurrency & Trust,13823,2014,chi,Money talks,10.1145/2556288.2556975,49,0.645,547.8,123,0.16279069767441862,0.038461538461538464,25
