sub,name,band,year,papers,cites_received
0,Activity Recognition & Sensing,Sensing & Input Techniques,1985,1,0
0,Activity Recognition & Sensing,Sensing & Input Techniques,1991,0,1
0,Activity Recognition & Sensing,Sensing & Input Techniques,1995,1,0
0,Activity Recognition & Sensing,Sensing & Input Techniques,1996,0,1
0,Activity Recognition & Sensing,Sensing & Input Techniques,1997,1,0
0,Activity Recognition & Sensing,Sensing & Input Techniques,1998,0,1
0,Activity Recognition & Sensing,Sensing & Input Techniques,1999,0,1
0,Activity Recognition & Sensing,Sensing & Input Techniques,2000,0,1
0,Activity Recognition & Sensing,Sensing & Input Techniques,2001,2,1
0,Activity Recognition & Sensing,Sensing & Input Techniques,2002,1,1
0,Activity Recognition & Sensing,Sensing & Input Techniques,2003,3,1
0,Activity Recognition & Sensing,Sensing & Input Techniques,2004,1,5
0,Activity Recognition & Sensing,Sensing & Input Techniques,2005,2,4
0,Activity Recognition & Sensing,Sensing & Input Techniques,2006,2,9
0,Activity Recognition & Sensing,Sensing & Input Techniques,2007,2,7
0,Activity Recognition & Sensing,Sensing & Input Techniques,2008,10,12
0,Activity Recognition & Sensing,Sensing & Input Techniques,2009,6,11
0,Activity Recognition & Sensing,Sensing & Input Techniques,2010,4,16
0,Activity Recognition & Sensing,Sensing & Input Techniques,2011,7,21
0,Activity Recognition & Sensing,Sensing & Input Techniques,2012,26,28
0,Activity Recognition & Sensing,Sensing & Input Techniques,2013,14,29
0,Activity Recognition & Sensing,Sensing & Input Techniques,2014,24,55
0,Activity Recognition & Sensing,Sensing & Input Techniques,2015,27,82
0,Activity Recognition & Sensing,Sensing & Input Techniques,2016,36,113
0,Activity Recognition & Sensing,Sensing & Input Techniques,2017,37,167
0,Activity Recognition & Sensing,Sensing & Input Techniques,2018,88,321
0,Activity Recognition & Sensing,Sensing & Input Techniques,2019,62,344
0,Activity Recognition & Sensing,Sensing & Input Techniques,2020,71,448
0,Activity Recognition & Sensing,Sensing & Input Techniques,2021,91,594
0,Activity Recognition & Sensing,Sensing & Input Techniques,2022,99,731
0,Activity Recognition & Sensing,Sensing & Input Techniques,2023,113,934
0,Activity Recognition & Sensing,Sensing & Input Techniques,2024,106,1010
0,Activity Recognition & Sensing,Sensing & Input Techniques,2025,126,1197
0,Activity Recognition & Sensing,Sensing & Input Techniques,2026,49,433
1,Touch & Multi-touch Input,Sensing & Input Techniques,1978,1,0
1,Touch & Multi-touch Input,Sensing & Input Techniques,1981,1,0
1,Touch & Multi-touch Input,Sensing & Input Techniques,1983,2,1
1,Touch & Multi-touch Input,Sensing & Input Techniques,1984,1,0
1,Touch & Multi-touch Input,Sensing & Input Techniques,1985,3,1
1,Touch & Multi-touch Input,Sensing & Input Techniques,1986,3,3
1,Touch & Multi-touch Input,Sensing & Input Techniques,1988,3,2
1,Touch & Multi-touch Input,Sensing & Input Techniques,1989,1,3
1,Touch & Multi-touch Input,Sensing & Input Techniques,1990,3,4
1,Touch & Multi-touch Input,Sensing & Input Techniques,1991,1,3
1,Touch & Multi-touch Input,Sensing & Input Techniques,1992,2,5
1,Touch & Multi-touch Input,Sensing & Input Techniques,1993,0,4
1,Touch & Multi-touch Input,Sensing & Input Techniques,1994,5,11
1,Touch & Multi-touch Input,Sensing & Input Techniques,1995,1,5
1,Touch & Multi-touch Input,Sensing & Input Techniques,1996,2,11
1,Touch & Multi-touch Input,Sensing & Input Techniques,1997,7,9
1,Touch & Multi-touch Input,Sensing & Input Techniques,1998,7,26
1,Touch & Multi-touch Input,Sensing & Input Techniques,1999,8,38
1,Touch & Multi-touch Input,Sensing & Input Techniques,2000,12,64
1,Touch & Multi-touch Input,Sensing & Input Techniques,2001,4,14
1,Touch & Multi-touch Input,Sensing & Input Techniques,2002,7,42
1,Touch & Multi-touch Input,Sensing & Input Techniques,2003,8,57
1,Touch & Multi-touch Input,Sensing & Input Techniques,2004,17,82
1,Touch & Multi-touch Input,Sensing & Input Techniques,2005,17,102
1,Touch & Multi-touch Input,Sensing & Input Techniques,2006,21,146
1,Touch & Multi-touch Input,Sensing & Input Techniques,2007,27,193
1,Touch & Multi-touch Input,Sensing & Input Techniques,2008,27,259
1,Touch & Multi-touch Input,Sensing & Input Techniques,2009,27,272
1,Touch & Multi-touch Input,Sensing & Input Techniques,2010,30,289
1,Touch & Multi-touch Input,Sensing & Input Techniques,2011,45,460
1,Touch & Multi-touch Input,Sensing & Input Techniques,2012,41,469
1,Touch & Multi-touch Input,Sensing & Input Techniques,2013,46,480
1,Touch & Multi-touch Input,Sensing & Input Techniques,2014,52,529
1,Touch & Multi-touch Input,Sensing & Input Techniques,2015,24,409
1,Touch & Multi-touch Input,Sensing & Input Techniques,2016,31,517
1,Touch & Multi-touch Input,Sensing & Input Techniques,2017,42,638
1,Touch & Multi-touch Input,Sensing & Input Techniques,2018,33,700
1,Touch & Multi-touch Input,Sensing & Input Techniques,2019,31,639
1,Touch & Multi-touch Input,Sensing & Input Techniques,2020,25,660
1,Touch & Multi-touch Input,Sensing & Input Techniques,2021,21,590
1,Touch & Multi-touch Input,Sensing & Input Techniques,2022,25,521
1,Touch & Multi-touch Input,Sensing & Input Techniques,2023,15,451
1,Touch & Multi-touch Input,Sensing & Input Techniques,2024,20,448
1,Touch & Multi-touch Input,Sensing & Input Techniques,2025,17,447
1,Touch & Multi-touch Input,Sensing & Input Techniques,2026,7,199
2,Hand Sensing & Input,Sensing & Input Techniques,1995,1,1
2,Hand Sensing & Input,Sensing & Input Techniques,1996,0,1
2,Hand Sensing & Input,Sensing & Input Techniques,1997,1,2
2,Hand Sensing & Input,Sensing & Input Techniques,1998,1,2
2,Hand Sensing & Input,Sensing & Input Techniques,1999,1,3
2,Hand Sensing & Input,Sensing & Input Techniques,2000,2,2
2,Hand Sensing & Input,Sensing & Input Techniques,2001,2,7
2,Hand Sensing & Input,Sensing & Input Techniques,2002,2,3
2,Hand Sensing & Input,Sensing & Input Techniques,2004,1,3
2,Hand Sensing & Input,Sensing & Input Techniques,2005,3,7
2,Hand Sensing & Input,Sensing & Input Techniques,2006,4,5
2,Hand Sensing & Input,Sensing & Input Techniques,2007,8,6
2,Hand Sensing & Input,Sensing & Input Techniques,2008,9,15
2,Hand Sensing & Input,Sensing & Input Techniques,2009,11,19
2,Hand Sensing & Input,Sensing & Input Techniques,2010,11,48
2,Hand Sensing & Input,Sensing & Input Techniques,2011,20,89
2,Hand Sensing & Input,Sensing & Input Techniques,2012,23,125
2,Hand Sensing & Input,Sensing & Input Techniques,2013,23,165
2,Hand Sensing & Input,Sensing & Input Techniques,2014,30,259
2,Hand Sensing & Input,Sensing & Input Techniques,2015,40,440
2,Hand Sensing & Input,Sensing & Input Techniques,2016,44,507
2,Hand Sensing & Input,Sensing & Input Techniques,2017,41,601
2,Hand Sensing & Input,Sensing & Input Techniques,2018,43,712
2,Hand Sensing & Input,Sensing & Input Techniques,2019,47,743
2,Hand Sensing & Input,Sensing & Input Techniques,2020,38,741
2,Hand Sensing & Input,Sensing & Input Techniques,2021,39,796
2,Hand Sensing & Input,Sensing & Input Techniques,2022,43,876
2,Hand Sensing & Input,Sensing & Input Techniques,2023,52,1079
2,Hand Sensing & Input,Sensing & Input Techniques,2024,54,922
2,Hand Sensing & Input,Sensing & Input Techniques,2025,54,1170
2,Hand Sensing & Input,Sensing & Input Techniques,2026,28,507
3,Gaze in VR,Sensing & Input Techniques,1980,1,0
3,Gaze in VR,Sensing & Input Techniques,1981,1,0
3,Gaze in VR,Sensing & Input Techniques,1982,1,3
3,Gaze in VR,Sensing & Input Techniques,1983,3,0
3,Gaze in VR,Sensing & Input Techniques,1984,0,1
3,Gaze in VR,Sensing & Input Techniques,1985,1,1
3,Gaze in VR,Sensing & Input Techniques,1986,3,2
3,Gaze in VR,Sensing & Input Techniques,1988,1,2
3,Gaze in VR,Sensing & Input Techniques,1989,2,4
3,Gaze in VR,Sensing & Input Techniques,1990,4,18
3,Gaze in VR,Sensing & Input Techniques,1991,1,8
3,Gaze in VR,Sensing & Input Techniques,1992,5,16
3,Gaze in VR,Sensing & Input Techniques,1993,1,4
3,Gaze in VR,Sensing & Input Techniques,1994,3,16
3,Gaze in VR,Sensing & Input Techniques,1995,1,16
3,Gaze in VR,Sensing & Input Techniques,1996,7,19
3,Gaze in VR,Sensing & Input Techniques,1997,3,26
3,Gaze in VR,Sensing & Input Techniques,1998,6,11
3,Gaze in VR,Sensing & Input Techniques,1999,3,25
3,Gaze in VR,Sensing & Input Techniques,2000,9,36
3,Gaze in VR,Sensing & Input Techniques,2001,3,18
3,Gaze in VR,Sensing & Input Techniques,2002,7,36
3,Gaze in VR,Sensing & Input Techniques,2003,3,25
3,Gaze in VR,Sensing & Input Techniques,2004,8,38
3,Gaze in VR,Sensing & Input Techniques,2005,8,66
3,Gaze in VR,Sensing & Input Techniques,2006,10,53
3,Gaze in VR,Sensing & Input Techniques,2007,4,55
3,Gaze in VR,Sensing & Input Techniques,2008,9,71
3,Gaze in VR,Sensing & Input Techniques,2009,13,38
3,Gaze in VR,Sensing & Input Techniques,2010,11,88
3,Gaze in VR,Sensing & Input Techniques,2011,13,101
3,Gaze in VR,Sensing & Input Techniques,2012,20,118
3,Gaze in VR,Sensing & Input Techniques,2013,16,131
3,Gaze in VR,Sensing & Input Techniques,2014,21,139
3,Gaze in VR,Sensing & Input Techniques,2015,27,192
3,Gaze in VR,Sensing & Input Techniques,2016,22,231
3,Gaze in VR,Sensing & Input Techniques,2017,30,321
3,Gaze in VR,Sensing & Input Techniques,2018,31,356
3,Gaze in VR,Sensing & Input Techniques,2019,43,499
3,Gaze in VR,Sensing & Input Techniques,2020,32,524
3,Gaze in VR,Sensing & Input Techniques,2021,34,522
3,Gaze in VR,Sensing & Input Techniques,2022,41,630
3,Gaze in VR,Sensing & Input Techniques,2023,33,673
3,Gaze in VR,Sensing & Input Techniques,2024,46,711
3,Gaze in VR,Sensing & Input Techniques,2025,40,836
3,Gaze in VR,Sensing & Input Techniques,2026,23,468
4,Pointing & Target Selection,Sensing & Input Techniques,1982,3,0
4,Pointing & Target Selection,Sensing & Input Techniques,1983,2,1
4,Pointing & Target Selection,Sensing & Input Techniques,1985,1,1
4,Pointing & Target Selection,Sensing & Input Techniques,1986,2,1
4,Pointing & Target Selection,Sensing & Input Techniques,1988,4,5
4,Pointing & Target Selection,Sensing & Input Techniques,1989,1,3
4,Pointing & Target Selection,Sensing & Input Techniques,1990,3,1
4,Pointing & Target Selection,Sensing & Input Techniques,1991,2,1
4,Pointing & Target Selection,Sensing & Input Techniques,1992,4,10
4,Pointing & Target Selection,Sensing & Input Techniques,1993,0,1
4,Pointing & Target Selection,Sensing & Input Techniques,1994,7,16
4,Pointing & Target Selection,Sensing & Input Techniques,1995,2,10
4,Pointing & Target Selection,Sensing & Input Techniques,1996,7,7
4,Pointing & Target Selection,Sensing & Input Techniques,1997,4,7
4,Pointing & Target Selection,Sensing & Input Techniques,1998,5,21
4,Pointing & Target Selection,Sensing & Input Techniques,1999,9,25
4,Pointing & Target Selection,Sensing & Input Techniques,2000,9,37
4,Pointing & Target Selection,Sensing & Input Techniques,2001,6,31
4,Pointing & Target Selection,Sensing & Input Techniques,2002,6,38
4,Pointing & Target Selection,Sensing & Input Techniques,2003,11,55
4,Pointing & Target Selection,Sensing & Input Techniques,2004,14,88
4,Pointing & Target Selection,Sensing & Input Techniques,2005,12,89
4,Pointing & Target Selection,Sensing & Input Techniques,2006,6,83
4,Pointing & Target Selection,Sensing & Input Techniques,2007,13,164
4,Pointing & Target Selection,Sensing & Input Techniques,2008,26,193
4,Pointing & Target Selection,Sensing & Input Techniques,2009,17,178
4,Pointing & Target Selection,Sensing & Input Techniques,2010,17,219
4,Pointing & Target Selection,Sensing & Input Techniques,2011,27,274
4,Pointing & Target Selection,Sensing & Input Techniques,2012,15,201
4,Pointing & Target Selection,Sensing & Input Techniques,2013,19,226
4,Pointing & Target Selection,Sensing & Input Techniques,2014,20,272
4,Pointing & Target Selection,Sensing & Input Techniques,2015,19,178
4,Pointing & Target Selection,Sensing & Input Techniques,2016,13,215
4,Pointing & Target Selection,Sensing & Input Techniques,2017,18,247
4,Pointing & Target Selection,Sensing & Input Techniques,2018,23,335
4,Pointing & Target Selection,Sensing & Input Techniques,2019,25,387
4,Pointing & Target Selection,Sensing & Input Techniques,2020,27,428
4,Pointing & Target Selection,Sensing & Input Techniques,2021,26,446
4,Pointing & Target Selection,Sensing & Input Techniques,2022,26,503
4,Pointing & Target Selection,Sensing & Input Techniques,2023,21,435
4,Pointing & Target Selection,Sensing & Input Techniques,2024,31,531
4,Pointing & Target Selection,Sensing & Input Techniques,2025,32,510
4,Pointing & Target Selection,Sensing & Input Techniques,2026,17,328
5,Information Navigation,Sensing & Input Techniques,1975,1,0
5,Information Navigation,Sensing & Input Techniques,1978,1,1
5,Information Navigation,Sensing & Input Techniques,1979,0,1
5,Information Navigation,Sensing & Input Techniques,1980,2,1
5,Information Navigation,Sensing & Input Techniques,1981,2,0
5,Information Navigation,Sensing & Input Techniques,1982,1,3
5,Information Navigation,Sensing & Input Techniques,1986,2,2
5,Information Navigation,Sensing & Input Techniques,1987,1,2
5,Information Navigation,Sensing & Input Techniques,1988,2,2
5,Information Navigation,Sensing & Input Techniques,1989,7,5
5,Information Navigation,Sensing & Input Techniques,1990,5,13
5,Information Navigation,Sensing & Input Techniques,1991,9,26
5,Information Navigation,Sensing & Input Techniques,1992,17,35
5,Information Navigation,Sensing & Input Techniques,1993,7,45
5,Information Navigation,Sensing & Input Techniques,1994,18,97
5,Information Navigation,Sensing & Input Techniques,1995,22,134
5,Information Navigation,Sensing & Input Techniques,1996,20,88
5,Information Navigation,Sensing & Input Techniques,1997,12,66
5,Information Navigation,Sensing & Input Techniques,1998,19,91
5,Information Navigation,Sensing & Input Techniques,1999,11,110
5,Information Navigation,Sensing & Input Techniques,2000,20,125
5,Information Navigation,Sensing & Input Techniques,2001,14,97
5,Information Navigation,Sensing & Input Techniques,2002,16,121
5,Information Navigation,Sensing & Input Techniques,2003,15,105
5,Information Navigation,Sensing & Input Techniques,2004,19,160
5,Information Navigation,Sensing & Input Techniques,2005,15,130
5,Information Navigation,Sensing & Input Techniques,2006,14,153
5,Information Navigation,Sensing & Input Techniques,2007,15,152
5,Information Navigation,Sensing & Input Techniques,2008,25,255
5,Information Navigation,Sensing & Input Techniques,2009,9,115
5,Information Navigation,Sensing & Input Techniques,2010,13,117
5,Information Navigation,Sensing & Input Techniques,2011,10,121
5,Information Navigation,Sensing & Input Techniques,2012,14,149
5,Information Navigation,Sensing & Input Techniques,2013,15,158
5,Information Navigation,Sensing & Input Techniques,2014,17,193
5,Information Navigation,Sensing & Input Techniques,2015,9,130
5,Information Navigation,Sensing & Input Techniques,2016,8,154
5,Information Navigation,Sensing & Input Techniques,2017,5,143
5,Information Navigation,Sensing & Input Techniques,2018,5,150
5,Information Navigation,Sensing & Input Techniques,2019,5,147
5,Information Navigation,Sensing & Input Techniques,2020,4,114
5,Information Navigation,Sensing & Input Techniques,2021,2,102
5,Information Navigation,Sensing & Input Techniques,2022,1,101
5,Information Navigation,Sensing & Input Techniques,2023,3,149
5,Information Navigation,Sensing & Input Techniques,2024,2,61
5,Information Navigation,Sensing & Input Techniques,2025,0,82
5,Information Navigation,Sensing & Input Techniques,2026,2,60
6,Text Entry,Sensing & Input Techniques,1982,1,0
6,Text Entry,Sensing & Input Techniques,1991,1,0
6,Text Entry,Sensing & Input Techniques,1994,2,0
6,Text Entry,Sensing & Input Techniques,1995,1,0
6,Text Entry,Sensing & Input Techniques,1996,1,0
6,Text Entry,Sensing & Input Techniques,1997,2,2
6,Text Entry,Sensing & Input Techniques,1998,4,0
6,Text Entry,Sensing & Input Techniques,1999,3,3
6,Text Entry,Sensing & Input Techniques,2000,4,15
6,Text Entry,Sensing & Input Techniques,2001,4,13
6,Text Entry,Sensing & Input Techniques,2002,5,22
6,Text Entry,Sensing & Input Techniques,2003,6,23
6,Text Entry,Sensing & Input Techniques,2004,7,44
6,Text Entry,Sensing & Input Techniques,2005,5,23
6,Text Entry,Sensing & Input Techniques,2006,12,50
6,Text Entry,Sensing & Input Techniques,2007,8,49
6,Text Entry,Sensing & Input Techniques,2008,13,56
6,Text Entry,Sensing & Input Techniques,2009,5,43
6,Text Entry,Sensing & Input Techniques,2010,11,58
6,Text Entry,Sensing & Input Techniques,2011,7,61
6,Text Entry,Sensing & Input Techniques,2012,15,101
6,Text Entry,Sensing & Input Techniques,2013,12,119
6,Text Entry,Sensing & Input Techniques,2014,19,129
6,Text Entry,Sensing & Input Techniques,2015,21,178
6,Text Entry,Sensing & Input Techniques,2016,24,254
6,Text Entry,Sensing & Input Techniques,2017,16,243
6,Text Entry,Sensing & Input Techniques,2018,23,371
6,Text Entry,Sensing & Input Techniques,2019,28,460
6,Text Entry,Sensing & Input Techniques,2020,23,465
6,Text Entry,Sensing & Input Techniques,2021,21,439
6,Text Entry,Sensing & Input Techniques,2022,18,537
6,Text Entry,Sensing & Input Techniques,2023,23,519
6,Text Entry,Sensing & Input Techniques,2024,21,422
6,Text Entry,Sensing & Input Techniques,2025,20,566
6,Text Entry,Sensing & Input Techniques,2026,8,181
7,Gesture Elicitation & Recognition,Sensing & Input Techniques,1982,1,0
7,Gesture Elicitation & Recognition,Sensing & Input Techniques,1983,1,0
7,Gesture Elicitation & Recognition,Sensing & Input Techniques,1984,0,1
7,Gesture Elicitation & Recognition,Sensing & Input Techniques,1986,2,0
7,Gesture Elicitation & Recognition,Sensing & Input Techniques,1988,2,0
7,Gesture Elicitation & Recognition,Sensing & Input Techniques,1989,1,0
7,Gesture Elicitation & Recognition,Sensing & Input Techniques,1991,2,0
7,Gesture Elicitation & Recognition,Sensing & Input Techniques,1992,3,2
7,Gesture Elicitation & Recognition,Sensing & Input Techniques,1993,2,0
7,Gesture Elicitation & Recognition,Sensing & Input Techniques,1994,2,1
7,Gesture Elicitation & Recognition,Sensing & Input Techniques,1995,5,13
7,Gesture Elicitation & Recognition,Sensing & Input Techniques,1996,2,9
7,Gesture Elicitation & Recognition,Sensing & Input Techniques,1997,3,14
7,Gesture Elicitation & Recognition,Sensing & Input Techniques,1998,3,19
7,Gesture Elicitation & Recognition,Sensing & Input Techniques,1999,3,20
7,Gesture Elicitation & Recognition,Sensing & Input Techniques,2000,5,59
7,Gesture Elicitation & Recognition,Sensing & Input Techniques,2001,2,17
7,Gesture Elicitation & Recognition,Sensing & Input Techniques,2002,1,18
7,Gesture Elicitation & Recognition,Sensing & Input Techniques,2003,5,35
7,Gesture Elicitation & Recognition,Sensing & Input Techniques,2004,7,62
7,Gesture Elicitation & Recognition,Sensing & Input Techniques,2005,4,24
7,Gesture Elicitation & Recognition,Sensing & Input Techniques,2006,4,17
7,Gesture Elicitation & Recognition,Sensing & Input Techniques,2007,5,30
7,Gesture Elicitation & Recognition,Sensing & Input Techniques,2008,6,59
7,Gesture Elicitation & Recognition,Sensing & Input Techniques,2009,4,41
7,Gesture Elicitation & Recognition,Sensing & Input Techniques,2010,16,57
7,Gesture Elicitation & Recognition,Sensing & Input Techniques,2011,13,71
7,Gesture Elicitation & Recognition,Sensing & Input Techniques,2012,28,141
7,Gesture Elicitation & Recognition,Sensing & Input Techniques,2013,17,155
7,Gesture Elicitation & Recognition,Sensing & Input Techniques,2014,21,171
7,Gesture Elicitation & Recognition,Sensing & Input Techniques,2015,13,104
7,Gesture Elicitation & Recognition,Sensing & Input Techniques,2016,14,158
7,Gesture Elicitation & Recognition,Sensing & Input Techniques,2017,18,212
7,Gesture Elicitation & Recognition,Sensing & Input Techniques,2018,24,273
7,Gesture Elicitation & Recognition,Sensing & Input Techniques,2019,21,257
7,Gesture Elicitation & Recognition,Sensing & Input Techniques,2020,13,285
7,Gesture Elicitation & Recognition,Sensing & Input Techniques,2021,12,255
7,Gesture Elicitation & Recognition,Sensing & Input Techniques,2022,18,411
7,Gesture Elicitation & Recognition,Sensing & Input Techniques,2023,14,318
7,Gesture Elicitation & Recognition,Sensing & Input Techniques,2024,9,221
7,Gesture Elicitation & Recognition,Sensing & Input Techniques,2025,10,299
7,Gesture Elicitation & Recognition,Sensing & Input Techniques,2026,5,178
8,Performance Modelling & Latency,Sensing & Input Techniques,1978,1,0
8,Performance Modelling & Latency,Sensing & Input Techniques,1979,0,1
8,Performance Modelling & Latency,Sensing & Input Techniques,1981,0,1
8,Performance Modelling & Latency,Sensing & Input Techniques,1982,0,1
8,Performance Modelling & Latency,Sensing & Input Techniques,1983,1,0
8,Performance Modelling & Latency,Sensing & Input Techniques,1985,3,0
8,Performance Modelling & Latency,Sensing & Input Techniques,1986,11,9
8,Performance Modelling & Latency,Sensing & Input Techniques,1988,2,3
8,Performance Modelling & Latency,Sensing & Input Techniques,1989,7,6
8,Performance Modelling & Latency,Sensing & Input Techniques,1990,4,10
8,Performance Modelling & Latency,Sensing & Input Techniques,1991,3,7
8,Performance Modelling & Latency,Sensing & Input Techniques,1992,9,14
8,Performance Modelling & Latency,Sensing & Input Techniques,1993,2,5
8,Performance Modelling & Latency,Sensing & Input Techniques,1994,5,23
8,Performance Modelling & Latency,Sensing & Input Techniques,1995,15,25
8,Performance Modelling & Latency,Sensing & Input Techniques,1996,8,32
8,Performance Modelling & Latency,Sensing & Input Techniques,1997,7,28
8,Performance Modelling & Latency,Sensing & Input Techniques,1998,6,14
8,Performance Modelling & Latency,Sensing & Input Techniques,1999,8,29
8,Performance Modelling & Latency,Sensing & Input Techniques,2000,9,34
8,Performance Modelling & Latency,Sensing & Input Techniques,2001,10,40
8,Performance Modelling & Latency,Sensing & Input Techniques,2002,7,32
8,Performance Modelling & Latency,Sensing & Input Techniques,2003,8,33
8,Performance Modelling & Latency,Sensing & Input Techniques,2004,8,36
8,Performance Modelling & Latency,Sensing & Input Techniques,2005,12,52
8,Performance Modelling & Latency,Sensing & Input Techniques,2006,6,47
8,Performance Modelling & Latency,Sensing & Input Techniques,2007,13,59
8,Performance Modelling & Latency,Sensing & Input Techniques,2008,5,34
8,Performance Modelling & Latency,Sensing & Input Techniques,2009,5,28
8,Performance Modelling & Latency,Sensing & Input Techniques,2010,7,30
8,Performance Modelling & Latency,Sensing & Input Techniques,2011,6,42
8,Performance Modelling & Latency,Sensing & Input Techniques,2012,6,22
8,Performance Modelling & Latency,Sensing & Input Techniques,2013,9,33
8,Performance Modelling & Latency,Sensing & Input Techniques,2014,10,46
8,Performance Modelling & Latency,Sensing & Input Techniques,2015,3,30
8,Performance Modelling & Latency,Sensing & Input Techniques,2016,8,50
8,Performance Modelling & Latency,Sensing & Input Techniques,2017,7,59
8,Performance Modelling & Latency,Sensing & Input Techniques,2018,7,53
8,Performance Modelling & Latency,Sensing & Input Techniques,2019,7,81
8,Performance Modelling & Latency,Sensing & Input Techniques,2020,10,84
8,Performance Modelling & Latency,Sensing & Input Techniques,2021,10,77
8,Performance Modelling & Latency,Sensing & Input Techniques,2022,11,108
8,Performance Modelling & Latency,Sensing & Input Techniques,2023,10,102
8,Performance Modelling & Latency,Sensing & Input Techniques,2024,4,84
8,Performance Modelling & Latency,Sensing & Input Techniques,2025,14,103
8,Performance Modelling & Latency,Sensing & Input Techniques,2026,5,70
9,Telepresence & Remote Collaboration,"AR, VR & Immersive Displays",1986,1,0
9,Telepresence & Remote Collaboration,"AR, VR & Immersive Displays",1988,1,0
9,Telepresence & Remote Collaboration,"AR, VR & Immersive Displays",1989,0,1
9,Telepresence & Remote Collaboration,"AR, VR & Immersive Displays",1990,1,2
9,Telepresence & Remote Collaboration,"AR, VR & Immersive Displays",1991,3,3
9,Telepresence & Remote Collaboration,"AR, VR & Immersive Displays",1992,5,19
9,Telepresence & Remote Collaboration,"AR, VR & Immersive Displays",1993,0,1
9,Telepresence & Remote Collaboration,"AR, VR & Immersive Displays",1994,4,15
9,Telepresence & Remote Collaboration,"AR, VR & Immersive Displays",1995,3,13
9,Telepresence & Remote Collaboration,"AR, VR & Immersive Displays",1996,8,23
9,Telepresence & Remote Collaboration,"AR, VR & Immersive Displays",1997,3,14
9,Telepresence & Remote Collaboration,"AR, VR & Immersive Displays",1998,9,41
9,Telepresence & Remote Collaboration,"AR, VR & Immersive Displays",1999,2,13
9,Telepresence & Remote Collaboration,"AR, VR & Immersive Displays",2000,8,51
9,Telepresence & Remote Collaboration,"AR, VR & Immersive Displays",2001,4,6
9,Telepresence & Remote Collaboration,"AR, VR & Immersive Displays",2002,10,29
9,Telepresence & Remote Collaboration,"AR, VR & Immersive Displays",2003,8,38
9,Telepresence & Remote Collaboration,"AR, VR & Immersive Displays",2004,10,60
9,Telepresence & Remote Collaboration,"AR, VR & Immersive Displays",2005,5,33
9,Telepresence & Remote Collaboration,"AR, VR & Immersive Displays",2006,10,68
9,Telepresence & Remote Collaboration,"AR, VR & Immersive Displays",2007,13,68
9,Telepresence & Remote Collaboration,"AR, VR & Immersive Displays",2008,16,58
9,Telepresence & Remote Collaboration,"AR, VR & Immersive Displays",2009,10,50
9,Telepresence & Remote Collaboration,"AR, VR & Immersive Displays",2010,18,67
9,Telepresence & Remote Collaboration,"AR, VR & Immersive Displays",2011,27,121
9,Telepresence & Remote Collaboration,"AR, VR & Immersive Displays",2012,32,136
9,Telepresence & Remote Collaboration,"AR, VR & Immersive Displays",2013,20,124
9,Telepresence & Remote Collaboration,"AR, VR & Immersive Displays",2014,19,167
9,Telepresence & Remote Collaboration,"AR, VR & Immersive Displays",2015,15,149
9,Telepresence & Remote Collaboration,"AR, VR & Immersive Displays",2016,31,227
9,Telepresence & Remote Collaboration,"AR, VR & Immersive Displays",2017,26,309
9,Telepresence & Remote Collaboration,"AR, VR & Immersive Displays",2018,25,287
9,Telepresence & Remote Collaboration,"AR, VR & Immersive Displays",2019,29,366
9,Telepresence & Remote Collaboration,"AR, VR & Immersive Displays",2020,24,316
9,Telepresence & Remote Collaboration,"AR, VR & Immersive Displays",2021,28,461
9,Telepresence & Remote Collaboration,"AR, VR & Immersive Displays",2022,26,487
9,Telepresence & Remote Collaboration,"AR, VR & Immersive Displays",2023,39,719
9,Telepresence & Remote Collaboration,"AR, VR & Immersive Displays",2024,47,653
9,Telepresence & Remote Collaboration,"AR, VR & Immersive Displays",2025,48,816
9,Telepresence & Remote Collaboration,"AR, VR & Immersive Displays",2026,19,413
10,AR Authoring & Prototyping,"AR, VR & Immersive Displays",1996,1,0
10,AR Authoring & Prototyping,"AR, VR & Immersive Displays",1997,1,1
10,AR Authoring & Prototyping,"AR, VR & Immersive Displays",2000,1,0
10,AR Authoring & Prototyping,"AR, VR & Immersive Displays",2002,2,5
10,AR Authoring & Prototyping,"AR, VR & Immersive Displays",2003,4,3
10,AR Authoring & Prototyping,"AR, VR & Immersive Displays",2004,2,4
10,AR Authoring & Prototyping,"AR, VR & Immersive Displays",2005,8,9
10,AR Authoring & Prototyping,"AR, VR & Immersive Displays",2006,3,7
10,AR Authoring & Prototyping,"AR, VR & Immersive Displays",2007,4,8
10,AR Authoring & Prototyping,"AR, VR & Immersive Displays",2008,4,13
10,AR Authoring & Prototyping,"AR, VR & Immersive Displays",2009,2,9
10,AR Authoring & Prototyping,"AR, VR & Immersive Displays",2010,3,15
10,AR Authoring & Prototyping,"AR, VR & Immersive Displays",2011,4,6
10,AR Authoring & Prototyping,"AR, VR & Immersive Displays",2012,12,21
10,AR Authoring & Prototyping,"AR, VR & Immersive Displays",2013,4,22
10,AR Authoring & Prototyping,"AR, VR & Immersive Displays",2014,15,22
10,AR Authoring & Prototyping,"AR, VR & Immersive Displays",2015,7,22
10,AR Authoring & Prototyping,"AR, VR & Immersive Displays",2016,7,46
10,AR Authoring & Prototyping,"AR, VR & Immersive Displays",2017,9,45
10,AR Authoring & Prototyping,"AR, VR & Immersive Displays",2018,20,88
10,AR Authoring & Prototyping,"AR, VR & Immersive Displays",2019,34,115
10,AR Authoring & Prototyping,"AR, VR & Immersive Displays",2020,25,192
10,AR Authoring & Prototyping,"AR, VR & Immersive Displays",2021,27,263
10,AR Authoring & Prototyping,"AR, VR & Immersive Displays",2022,29,380
10,AR Authoring & Prototyping,"AR, VR & Immersive Displays",2023,44,513
10,AR Authoring & Prototyping,"AR, VR & Immersive Displays",2024,67,590
10,AR Authoring & Prototyping,"AR, VR & Immersive Displays",2025,71,976
10,AR Authoring & Prototyping,"AR, VR & Immersive Displays",2026,44,589
11,Avatars & Presence,"AR, VR & Immersive Displays",1992,1,0
11,Avatars & Presence,"AR, VR & Immersive Displays",1994,0,2
11,Avatars & Presence,"AR, VR & Immersive Displays",1995,1,2
11,Avatars & Presence,"AR, VR & Immersive Displays",1996,1,6
11,Avatars & Presence,"AR, VR & Immersive Displays",1997,0,2
11,Avatars & Presence,"AR, VR & Immersive Displays",1998,0,1
11,Avatars & Presence,"AR, VR & Immersive Displays",1999,0,3
11,Avatars & Presence,"AR, VR & Immersive Displays",2000,2,1
11,Avatars & Presence,"AR, VR & Immersive Displays",2001,1,1
11,Avatars & Presence,"AR, VR & Immersive Displays",2002,1,1
11,Avatars & Presence,"AR, VR & Immersive Displays",2003,0,2
11,Avatars & Presence,"AR, VR & Immersive Displays",2004,1,4
11,Avatars & Presence,"AR, VR & Immersive Displays",2005,2,4
11,Avatars & Presence,"AR, VR & Immersive Displays",2006,3,4
11,Avatars & Presence,"AR, VR & Immersive Displays",2007,1,3
11,Avatars & Presence,"AR, VR & Immersive Displays",2008,1,9
11,Avatars & Presence,"AR, VR & Immersive Displays",2009,3,2
11,Avatars & Presence,"AR, VR & Immersive Displays",2010,5,4
11,Avatars & Presence,"AR, VR & Immersive Displays",2011,3,8
11,Avatars & Presence,"AR, VR & Immersive Displays",2012,4,2
11,Avatars & Presence,"AR, VR & Immersive Displays",2013,3,7
11,Avatars & Presence,"AR, VR & Immersive Displays",2014,4,19
11,Avatars & Presence,"AR, VR & Immersive Displays",2015,9,12
11,Avatars & Presence,"AR, VR & Immersive Displays",2016,9,19
11,Avatars & Presence,"AR, VR & Immersive Displays",2017,19,49
11,Avatars & Presence,"AR, VR & Immersive Displays",2018,32,84
11,Avatars & Presence,"AR, VR & Immersive Displays",2019,46,143
11,Avatars & Presence,"AR, VR & Immersive Displays",2020,30,239
11,Avatars & Presence,"AR, VR & Immersive Displays",2021,39,263
11,Avatars & Presence,"AR, VR & Immersive Displays",2022,37,299
11,Avatars & Presence,"AR, VR & Immersive Displays",2023,45,468
11,Avatars & Presence,"AR, VR & Immersive Displays",2024,58,542
11,Avatars & Presence,"AR, VR & Immersive Displays",2025,61,874
11,Avatars & Presence,"AR, VR & Immersive Displays",2026,28,463
12,VR Locomotion,"AR, VR & Immersive Displays",1983,2,0
12,VR Locomotion,"AR, VR & Immersive Displays",1986,2,1
12,VR Locomotion,"AR, VR & Immersive Displays",1993,1,0
12,VR Locomotion,"AR, VR & Immersive Displays",1995,2,1
12,VR Locomotion,"AR, VR & Immersive Displays",1996,3,2
12,VR Locomotion,"AR, VR & Immersive Displays",1997,4,4
12,VR Locomotion,"AR, VR & Immersive Displays",1998,4,11
12,VR Locomotion,"AR, VR & Immersive Displays",1999,2,7
12,VR Locomotion,"AR, VR & Immersive Displays",2000,1,10
12,VR Locomotion,"AR, VR & Immersive Displays",2001,2,6
12,VR Locomotion,"AR, VR & Immersive Displays",2002,1,13
12,VR Locomotion,"AR, VR & Immersive Displays",2003,1,8
12,VR Locomotion,"AR, VR & Immersive Displays",2004,3,10
12,VR Locomotion,"AR, VR & Immersive Displays",2005,4,10
12,VR Locomotion,"AR, VR & Immersive Displays",2006,4,5
12,VR Locomotion,"AR, VR & Immersive Displays",2007,2,15
12,VR Locomotion,"AR, VR & Immersive Displays",2008,5,15
12,VR Locomotion,"AR, VR & Immersive Displays",2009,1,2
12,VR Locomotion,"AR, VR & Immersive Displays",2010,7,14
12,VR Locomotion,"AR, VR & Immersive Displays",2011,6,20
12,VR Locomotion,"AR, VR & Immersive Displays",2012,0,7
12,VR Locomotion,"AR, VR & Immersive Displays",2013,7,19
12,VR Locomotion,"AR, VR & Immersive Displays",2014,6,7
12,VR Locomotion,"AR, VR & Immersive Displays",2015,10,22
12,VR Locomotion,"AR, VR & Immersive Displays",2016,10,34
12,VR Locomotion,"AR, VR & Immersive Displays",2017,24,59
12,VR Locomotion,"AR, VR & Immersive Displays",2018,31,148
12,VR Locomotion,"AR, VR & Immersive Displays",2019,48,237
12,VR Locomotion,"AR, VR & Immersive Displays",2020,32,260
12,VR Locomotion,"AR, VR & Immersive Displays",2021,34,271
12,VR Locomotion,"AR, VR & Immersive Displays",2022,43,373
12,VR Locomotion,"AR, VR & Immersive Displays",2023,36,378
12,VR Locomotion,"AR, VR & Immersive Displays",2024,32,438
12,VR Locomotion,"AR, VR & Immersive Displays",2025,43,527
12,VR Locomotion,"AR, VR & Immersive Displays",2026,19,211
13,Groupware & Tabletops,"AR, VR & Immersive Displays",1986,3,1
13,Groupware & Tabletops,"AR, VR & Immersive Displays",1988,3,6
13,Groupware & Tabletops,"AR, VR & Immersive Displays",1989,1,3
13,Groupware & Tabletops,"AR, VR & Immersive Displays",1990,4,15
13,Groupware & Tabletops,"AR, VR & Immersive Displays",1991,3,4
13,Groupware & Tabletops,"AR, VR & Immersive Displays",1992,10,49
13,Groupware & Tabletops,"AR, VR & Immersive Displays",1993,0,3
13,Groupware & Tabletops,"AR, VR & Immersive Displays",1994,1,20
13,Groupware & Tabletops,"AR, VR & Immersive Displays",1995,3,18
13,Groupware & Tabletops,"AR, VR & Immersive Displays",1996,5,26
13,Groupware & Tabletops,"AR, VR & Immersive Displays",1997,5,20
13,Groupware & Tabletops,"AR, VR & Immersive Displays",1998,8,46
13,Groupware & Tabletops,"AR, VR & Immersive Displays",1999,11,39
13,Groupware & Tabletops,"AR, VR & Immersive Displays",2000,5,46
13,Groupware & Tabletops,"AR, VR & Immersive Displays",2001,10,67
13,Groupware & Tabletops,"AR, VR & Immersive Displays",2002,10,64
13,Groupware & Tabletops,"AR, VR & Immersive Displays",2003,7,68
13,Groupware & Tabletops,"AR, VR & Immersive Displays",2004,20,146
13,Groupware & Tabletops,"AR, VR & Immersive Displays",2005,4,66
13,Groupware & Tabletops,"AR, VR & Immersive Displays",2006,9,115
13,Groupware & Tabletops,"AR, VR & Immersive Displays",2007,10,77
13,Groupware & Tabletops,"AR, VR & Immersive Displays",2008,13,124
13,Groupware & Tabletops,"AR, VR & Immersive Displays",2009,12,119
13,Groupware & Tabletops,"AR, VR & Immersive Displays",2010,12,125
13,Groupware & Tabletops,"AR, VR & Immersive Displays",2011,28,145
13,Groupware & Tabletops,"AR, VR & Immersive Displays",2012,18,183
13,Groupware & Tabletops,"AR, VR & Immersive Displays",2013,20,164
13,Groupware & Tabletops,"AR, VR & Immersive Displays",2014,17,180
13,Groupware & Tabletops,"AR, VR & Immersive Displays",2015,21,194
13,Groupware & Tabletops,"AR, VR & Immersive Displays",2016,19,222
13,Groupware & Tabletops,"AR, VR & Immersive Displays",2017,22,316
13,Groupware & Tabletops,"AR, VR & Immersive Displays",2018,18,371
13,Groupware & Tabletops,"AR, VR & Immersive Displays",2019,11,334
13,Groupware & Tabletops,"AR, VR & Immersive Displays",2020,10,272
13,Groupware & Tabletops,"AR, VR & Immersive Displays",2021,8,293
13,Groupware & Tabletops,"AR, VR & Immersive Displays",2022,10,339
13,Groupware & Tabletops,"AR, VR & Immersive Displays",2023,10,335
13,Groupware & Tabletops,"AR, VR & Immersive Displays",2024,5,181
13,Groupware & Tabletops,"AR, VR & Immersive Displays",2025,8,261
13,Groupware & Tabletops,"AR, VR & Immersive Displays",2026,1,102
14,Immersive Mixed Reality,"AR, VR & Immersive Displays",1991,1,0
14,Immersive Mixed Reality,"AR, VR & Immersive Displays",1993,1,1
14,Immersive Mixed Reality,"AR, VR & Immersive Displays",1994,0,2
14,Immersive Mixed Reality,"AR, VR & Immersive Displays",1995,2,2
14,Immersive Mixed Reality,"AR, VR & Immersive Displays",1996,1,2
14,Immersive Mixed Reality,"AR, VR & Immersive Displays",1997,1,6
14,Immersive Mixed Reality,"AR, VR & Immersive Displays",1998,1,3
14,Immersive Mixed Reality,"AR, VR & Immersive Displays",1999,0,5
14,Immersive Mixed Reality,"AR, VR & Immersive Displays",2000,1,2
14,Immersive Mixed Reality,"AR, VR & Immersive Displays",2001,1,11
14,Immersive Mixed Reality,"AR, VR & Immersive Displays",2002,1,9
14,Immersive Mixed Reality,"AR, VR & Immersive Displays",2003,3,6
14,Immersive Mixed Reality,"AR, VR & Immersive Displays",2004,2,11
14,Immersive Mixed Reality,"AR, VR & Immersive Displays",2005,4,11
14,Immersive Mixed Reality,"AR, VR & Immersive Displays",2006,2,12
14,Immersive Mixed Reality,"AR, VR & Immersive Displays",2007,4,12
14,Immersive Mixed Reality,"AR, VR & Immersive Displays",2008,4,18
14,Immersive Mixed Reality,"AR, VR & Immersive Displays",2009,7,14
14,Immersive Mixed Reality,"AR, VR & Immersive Displays",2010,7,23
14,Immersive Mixed Reality,"AR, VR & Immersive Displays",2011,3,23
14,Immersive Mixed Reality,"AR, VR & Immersive Displays",2012,5,27
14,Immersive Mixed Reality,"AR, VR & Immersive Displays",2013,14,32
14,Immersive Mixed Reality,"AR, VR & Immersive Displays",2014,15,51
14,Immersive Mixed Reality,"AR, VR & Immersive Displays",2015,13,49
14,Immersive Mixed Reality,"AR, VR & Immersive Displays",2016,13,40
14,Immersive Mixed Reality,"AR, VR & Immersive Displays",2017,9,58
14,Immersive Mixed Reality,"AR, VR & Immersive Displays",2018,18,86
14,Immersive Mixed Reality,"AR, VR & Immersive Displays",2019,38,155
14,Immersive Mixed Reality,"AR, VR & Immersive Displays",2020,27,187
14,Immersive Mixed Reality,"AR, VR & Immersive Displays",2021,26,239
14,Immersive Mixed Reality,"AR, VR & Immersive Displays",2022,28,341
14,Immersive Mixed Reality,"AR, VR & Immersive Displays",2023,49,559
14,Immersive Mixed Reality,"AR, VR & Immersive Displays",2024,34,519
14,Immersive Mixed Reality,"AR, VR & Immersive Displays",2025,37,618
14,Immersive Mixed Reality,"AR, VR & Immersive Displays",2026,21,388
15,Projection & Spatial AR,"AR, VR & Immersive Displays",1993,1,0
15,Projection & Spatial AR,"AR, VR & Immersive Displays",1994,0,2
15,Projection & Spatial AR,"AR, VR & Immersive Displays",1996,2,1
15,Projection & Spatial AR,"AR, VR & Immersive Displays",1997,1,3
15,Projection & Spatial AR,"AR, VR & Immersive Displays",1998,3,2
15,Projection & Spatial AR,"AR, VR & Immersive Displays",1999,7,5
15,Projection & Spatial AR,"AR, VR & Immersive Displays",2000,1,5
15,Projection & Spatial AR,"AR, VR & Immersive Displays",2001,2,11
15,Projection & Spatial AR,"AR, VR & Immersive Displays",2002,4,6
15,Projection & Spatial AR,"AR, VR & Immersive Displays",2003,5,18
15,Projection & Spatial AR,"AR, VR & Immersive Displays",2004,4,13
15,Projection & Spatial AR,"AR, VR & Immersive Displays",2005,7,27
15,Projection & Spatial AR,"AR, VR & Immersive Displays",2006,7,20
15,Projection & Spatial AR,"AR, VR & Immersive Displays",2007,9,17
15,Projection & Spatial AR,"AR, VR & Immersive Displays",2008,4,13
15,Projection & Spatial AR,"AR, VR & Immersive Displays",2009,10,33
15,Projection & Spatial AR,"AR, VR & Immersive Displays",2010,8,31
15,Projection & Spatial AR,"AR, VR & Immersive Displays",2011,14,57
15,Projection & Spatial AR,"AR, VR & Immersive Displays",2012,9,75
15,Projection & Spatial AR,"AR, VR & Immersive Displays",2013,11,87
15,Projection & Spatial AR,"AR, VR & Immersive Displays",2014,12,100
15,Projection & Spatial AR,"AR, VR & Immersive Displays",2015,9,76
15,Projection & Spatial AR,"AR, VR & Immersive Displays",2016,7,89
15,Projection & Spatial AR,"AR, VR & Immersive Displays",2017,12,96
15,Projection & Spatial AR,"AR, VR & Immersive Displays",2018,6,96
15,Projection & Spatial AR,"AR, VR & Immersive Displays",2019,14,103
15,Projection & Spatial AR,"AR, VR & Immersive Displays",2020,4,84
15,Projection & Spatial AR,"AR, VR & Immersive Displays",2021,3,65
15,Projection & Spatial AR,"AR, VR & Immersive Displays",2022,3,78
15,Projection & Spatial AR,"AR, VR & Immersive Displays",2023,4,86
15,Projection & Spatial AR,"AR, VR & Immersive Displays",2024,3,47
15,Projection & Spatial AR,"AR, VR & Immersive Displays",2025,3,41
15,Projection & Spatial AR,"AR, VR & Immersive Displays",2026,2,33
16,Asymmetric Mixed Reality,"AR, VR & Immersive Displays",2000,1,0
16,Asymmetric Mixed Reality,"AR, VR & Immersive Displays",2001,1,1
16,Asymmetric Mixed Reality,"AR, VR & Immersive Displays",2002,2,3
16,Asymmetric Mixed Reality,"AR, VR & Immersive Displays",2003,1,2
16,Asymmetric Mixed Reality,"AR, VR & Immersive Displays",2004,0,7
16,Asymmetric Mixed Reality,"AR, VR & Immersive Displays",2005,2,7
16,Asymmetric Mixed Reality,"AR, VR & Immersive Displays",2006,1,5
16,Asymmetric Mixed Reality,"AR, VR & Immersive Displays",2007,1,3
16,Asymmetric Mixed Reality,"AR, VR & Immersive Displays",2008,1,7
16,Asymmetric Mixed Reality,"AR, VR & Immersive Displays",2009,2,6
16,Asymmetric Mixed Reality,"AR, VR & Immersive Displays",2010,0,3
16,Asymmetric Mixed Reality,"AR, VR & Immersive Displays",2011,0,2
16,Asymmetric Mixed Reality,"AR, VR & Immersive Displays",2012,1,4
16,Asymmetric Mixed Reality,"AR, VR & Immersive Displays",2013,0,2
16,Asymmetric Mixed Reality,"AR, VR & Immersive Displays",2014,2,7
16,Asymmetric Mixed Reality,"AR, VR & Immersive Displays",2015,2,5
16,Asymmetric Mixed Reality,"AR, VR & Immersive Displays",2016,9,2
16,Asymmetric Mixed Reality,"AR, VR & Immersive Displays",2017,8,14
16,Asymmetric Mixed Reality,"AR, VR & Immersive Displays",2018,14,39
16,Asymmetric Mixed Reality,"AR, VR & Immersive Displays",2019,15,78
16,Asymmetric Mixed Reality,"AR, VR & Immersive Displays",2020,15,119
16,Asymmetric Mixed Reality,"AR, VR & Immersive Displays",2021,20,171
16,Asymmetric Mixed Reality,"AR, VR & Immersive Displays",2022,17,209
16,Asymmetric Mixed Reality,"AR, VR & Immersive Displays",2023,14,258
16,Asymmetric Mixed Reality,"AR, VR & Immersive Displays",2024,20,255
16,Asymmetric Mixed Reality,"AR, VR & Immersive Displays",2025,24,428
16,Asymmetric Mixed Reality,"AR, VR & Immersive Displays",2026,16,209
17,AR Training & Guidance,"AR, VR & Immersive Displays",1999,1,0
17,AR Training & Guidance,"AR, VR & Immersive Displays",2005,2,0
17,AR Training & Guidance,"AR, VR & Immersive Displays",2007,2,0
17,AR Training & Guidance,"AR, VR & Immersive Displays",2008,4,0
17,AR Training & Guidance,"AR, VR & Immersive Displays",2010,2,1
17,AR Training & Guidance,"AR, VR & Immersive Displays",2011,2,2
17,AR Training & Guidance,"AR, VR & Immersive Displays",2012,3,23
17,AR Training & Guidance,"AR, VR & Immersive Displays",2013,10,25
17,AR Training & Guidance,"AR, VR & Immersive Displays",2014,13,38
17,AR Training & Guidance,"AR, VR & Immersive Displays",2015,5,41
17,AR Training & Guidance,"AR, VR & Immersive Displays",2016,6,58
17,AR Training & Guidance,"AR, VR & Immersive Displays",2017,11,65
17,AR Training & Guidance,"AR, VR & Immersive Displays",2018,10,79
17,AR Training & Guidance,"AR, VR & Immersive Displays",2019,16,93
17,AR Training & Guidance,"AR, VR & Immersive Displays",2020,7,75
17,AR Training & Guidance,"AR, VR & Immersive Displays",2021,16,102
17,AR Training & Guidance,"AR, VR & Immersive Displays",2022,11,86
17,AR Training & Guidance,"AR, VR & Immersive Displays",2023,14,146
17,AR Training & Guidance,"AR, VR & Immersive Displays",2024,20,174
17,AR Training & Guidance,"AR, VR & Immersive Displays",2025,15,150
17,AR Training & Guidance,"AR, VR & Immersive Displays",2026,10,115
18,Public & Ambient Displays,"AR, VR & Immersive Displays",1998,1,0
18,Public & Ambient Displays,"AR, VR & Immersive Displays",1999,1,0
18,Public & Ambient Displays,"AR, VR & Immersive Displays",2000,1,1
18,Public & Ambient Displays,"AR, VR & Immersive Displays",2001,2,1
18,Public & Ambient Displays,"AR, VR & Immersive Displays",2002,2,4
18,Public & Ambient Displays,"AR, VR & Immersive Displays",2003,1,7
18,Public & Ambient Displays,"AR, VR & Immersive Displays",2004,4,3
18,Public & Ambient Displays,"AR, VR & Immersive Displays",2005,2,2
18,Public & Ambient Displays,"AR, VR & Immersive Displays",2006,2,5
18,Public & Ambient Displays,"AR, VR & Immersive Displays",2007,1,4
18,Public & Ambient Displays,"AR, VR & Immersive Displays",2008,5,13
18,Public & Ambient Displays,"AR, VR & Immersive Displays",2009,1,8
18,Public & Ambient Displays,"AR, VR & Immersive Displays",2010,11,24
18,Public & Ambient Displays,"AR, VR & Immersive Displays",2011,7,28
18,Public & Ambient Displays,"AR, VR & Immersive Displays",2012,11,70
18,Public & Ambient Displays,"AR, VR & Immersive Displays",2013,13,78
18,Public & Ambient Displays,"AR, VR & Immersive Displays",2014,22,132
18,Public & Ambient Displays,"AR, VR & Immersive Displays",2015,11,89
18,Public & Ambient Displays,"AR, VR & Immersive Displays",2016,14,138
18,Public & Ambient Displays,"AR, VR & Immersive Displays",2017,10,111
18,Public & Ambient Displays,"AR, VR & Immersive Displays",2018,10,122
18,Public & Ambient Displays,"AR, VR & Immersive Displays",2019,6,104
18,Public & Ambient Displays,"AR, VR & Immersive Displays",2020,11,151
18,Public & Ambient Displays,"AR, VR & Immersive Displays",2021,6,116
18,Public & Ambient Displays,"AR, VR & Immersive Displays",2022,7,109
18,Public & Ambient Displays,"AR, VR & Immersive Displays",2023,7,122
18,Public & Ambient Displays,"AR, VR & Immersive Displays",2024,2,82
18,Public & Ambient Displays,"AR, VR & Immersive Displays",2025,3,89
18,Public & Ambient Displays,"AR, VR & Immersive Displays",2026,2,58
19,In-car & Video AR,"AR, VR & Immersive Displays",1996,1,0
19,In-car & Video AR,"AR, VR & Immersive Displays",1997,0,2
19,In-car & Video AR,"AR, VR & Immersive Displays",2000,0,2
19,In-car & Video AR,"AR, VR & Immersive Displays",2001,0,1
19,In-car & Video AR,"AR, VR & Immersive Displays",2002,1,1
19,In-car & Video AR,"AR, VR & Immersive Displays",2005,3,0
19,In-car & Video AR,"AR, VR & Immersive Displays",2006,3,1
19,In-car & Video AR,"AR, VR & Immersive Displays",2007,2,2
19,In-car & Video AR,"AR, VR & Immersive Displays",2008,2,3
19,In-car & Video AR,"AR, VR & Immersive Displays",2009,4,5
19,In-car & Video AR,"AR, VR & Immersive Displays",2010,2,4
19,In-car & Video AR,"AR, VR & Immersive Displays",2011,1,4
19,In-car & Video AR,"AR, VR & Immersive Displays",2012,5,7
19,In-car & Video AR,"AR, VR & Immersive Displays",2013,8,9
19,In-car & Video AR,"AR, VR & Immersive Displays",2014,3,7
19,In-car & Video AR,"AR, VR & Immersive Displays",2015,1,5
19,In-car & Video AR,"AR, VR & Immersive Displays",2016,7,12
19,In-car & Video AR,"AR, VR & Immersive Displays",2017,16,36
19,In-car & Video AR,"AR, VR & Immersive Displays",2018,12,45
19,In-car & Video AR,"AR, VR & Immersive Displays",2019,14,73
19,In-car & Video AR,"AR, VR & Immersive Displays",2020,11,81
19,In-car & Video AR,"AR, VR & Immersive Displays",2021,8,97
19,In-car & Video AR,"AR, VR & Immersive Displays",2022,6,72
19,In-car & Video AR,"AR, VR & Immersive Displays",2023,7,88
19,In-car & Video AR,"AR, VR & Immersive Displays",2024,8,57
19,In-car & Video AR,"AR, VR & Immersive Displays",2025,6,90
19,In-car & Video AR,"AR, VR & Immersive Displays",2026,3,37
20,Near-eye & Foveated Displays,"AR, VR & Immersive Displays",1978,1,0
20,Near-eye & Foveated Displays,"AR, VR & Immersive Displays",1980,0,1
20,Near-eye & Foveated Displays,"AR, VR & Immersive Displays",1981,1,1
20,Near-eye & Foveated Displays,"AR, VR & Immersive Displays",1982,1,1
20,Near-eye & Foveated Displays,"AR, VR & Immersive Displays",1987,0,1
20,Near-eye & Foveated Displays,"AR, VR & Immersive Displays",1991,0,2
20,Near-eye & Foveated Displays,"AR, VR & Immersive Displays",1992,0,1
20,Near-eye & Foveated Displays,"AR, VR & Immersive Displays",1995,1,1
20,Near-eye & Foveated Displays,"AR, VR & Immersive Displays",1997,1,2
20,Near-eye & Foveated Displays,"AR, VR & Immersive Displays",1998,0,1
20,Near-eye & Foveated Displays,"AR, VR & Immersive Displays",1999,0,1
20,Near-eye & Foveated Displays,"AR, VR & Immersive Displays",2000,1,1
20,Near-eye & Foveated Displays,"AR, VR & Immersive Displays",2001,0,1
20,Near-eye & Foveated Displays,"AR, VR & Immersive Displays",2002,1,1
20,Near-eye & Foveated Displays,"AR, VR & Immersive Displays",2003,0,2
20,Near-eye & Foveated Displays,"AR, VR & Immersive Displays",2004,3,2
20,Near-eye & Foveated Displays,"AR, VR & Immersive Displays",2005,2,2
20,Near-eye & Foveated Displays,"AR, VR & Immersive Displays",2006,2,1
20,Near-eye & Foveated Displays,"AR, VR & Immersive Displays",2007,2,3
20,Near-eye & Foveated Displays,"AR, VR & Immersive Displays",2008,1,0
20,Near-eye & Foveated Displays,"AR, VR & Immersive Displays",2009,1,8
20,Near-eye & Foveated Displays,"AR, VR & Immersive Displays",2010,2,4
20,Near-eye & Foveated Displays,"AR, VR & Immersive Displays",2011,9,12
20,Near-eye & Foveated Displays,"AR, VR & Immersive Displays",2012,7,19
20,Near-eye & Foveated Displays,"AR, VR & Immersive Displays",2013,7,26
20,Near-eye & Foveated Displays,"AR, VR & Immersive Displays",2014,8,41
20,Near-eye & Foveated Displays,"AR, VR & Immersive Displays",2015,7,41
20,Near-eye & Foveated Displays,"AR, VR & Immersive Displays",2016,9,52
20,Near-eye & Foveated Displays,"AR, VR & Immersive Displays",2017,11,74
20,Near-eye & Foveated Displays,"AR, VR & Immersive Displays",2018,5,56
20,Near-eye & Foveated Displays,"AR, VR & Immersive Displays",2019,8,68
20,Near-eye & Foveated Displays,"AR, VR & Immersive Displays",2020,9,69
20,Near-eye & Foveated Displays,"AR, VR & Immersive Displays",2021,3,41
20,Near-eye & Foveated Displays,"AR, VR & Immersive Displays",2022,5,63
20,Near-eye & Foveated Displays,"AR, VR & Immersive Displays",2023,7,49
20,Near-eye & Foveated Displays,"AR, VR & Immersive Displays",2024,5,49
20,Near-eye & Foveated Displays,"AR, VR & Immersive Displays",2025,5,31
20,Near-eye & Foveated Displays,"AR, VR & Immersive Displays",2026,1,20
21,AR Depth Perception,"AR, VR & Immersive Displays",1987,1,0
21,AR Depth Perception,"AR, VR & Immersive Displays",1991,1,2
21,AR Depth Perception,"AR, VR & Immersive Displays",1992,1,0
21,AR Depth Perception,"AR, VR & Immersive Displays",1993,2,3
21,AR Depth Perception,"AR, VR & Immersive Displays",1994,1,5
21,AR Depth Perception,"AR, VR & Immersive Displays",1995,0,4
21,AR Depth Perception,"AR, VR & Immersive Displays",1996,4,6
21,AR Depth Perception,"AR, VR & Immersive Displays",1997,3,6
21,AR Depth Perception,"AR, VR & Immersive Displays",1998,6,9
21,AR Depth Perception,"AR, VR & Immersive Displays",1999,2,4
21,AR Depth Perception,"AR, VR & Immersive Displays",2000,1,6
21,AR Depth Perception,"AR, VR & Immersive Displays",2001,8,13
21,AR Depth Perception,"AR, VR & Immersive Displays",2002,6,11
21,AR Depth Perception,"AR, VR & Immersive Displays",2003,4,10
21,AR Depth Perception,"AR, VR & Immersive Displays",2004,3,12
21,AR Depth Perception,"AR, VR & Immersive Displays",2005,5,13
21,AR Depth Perception,"AR, VR & Immersive Displays",2006,4,10
21,AR Depth Perception,"AR, VR & Immersive Displays",2007,2,7
21,AR Depth Perception,"AR, VR & Immersive Displays",2008,4,12
21,AR Depth Perception,"AR, VR & Immersive Displays",2009,5,5
21,AR Depth Perception,"AR, VR & Immersive Displays",2010,2,3
21,AR Depth Perception,"AR, VR & Immersive Displays",2011,4,12
21,AR Depth Perception,"AR, VR & Immersive Displays",2012,4,11
21,AR Depth Perception,"AR, VR & Immersive Displays",2013,5,20
21,AR Depth Perception,"AR, VR & Immersive Displays",2014,4,16
21,AR Depth Perception,"AR, VR & Immersive Displays",2015,9,15
21,AR Depth Perception,"AR, VR & Immersive Displays",2016,4,23
21,AR Depth Perception,"AR, VR & Immersive Displays",2017,5,27
21,AR Depth Perception,"AR, VR & Immersive Displays",2018,12,54
21,AR Depth Perception,"AR, VR & Immersive Displays",2019,10,66
21,AR Depth Perception,"AR, VR & Immersive Displays",2020,8,52
21,AR Depth Perception,"AR, VR & Immersive Displays",2021,12,87
21,AR Depth Perception,"AR, VR & Immersive Displays",2022,14,98
21,AR Depth Perception,"AR, VR & Immersive Displays",2023,12,93
21,AR Depth Perception,"AR, VR & Immersive Displays",2024,13,99
21,AR Depth Perception,"AR, VR & Immersive Displays",2025,18,123
21,AR Depth Perception,"AR, VR & Immersive Displays",2026,3,47
22,Vibrotactile Feedback,Haptics & Touch Feedback,1998,1,0
22,Vibrotactile Feedback,Haptics & Touch Feedback,2000,1,0
22,Vibrotactile Feedback,Haptics & Touch Feedback,2001,1,0
22,Vibrotactile Feedback,Haptics & Touch Feedback,2002,1,0
22,Vibrotactile Feedback,Haptics & Touch Feedback,2003,1,2
22,Vibrotactile Feedback,Haptics & Touch Feedback,2004,3,4
22,Vibrotactile Feedback,Haptics & Touch Feedback,2005,2,4
22,Vibrotactile Feedback,Haptics & Touch Feedback,2006,3,7
22,Vibrotactile Feedback,Haptics & Touch Feedback,2007,5,14
22,Vibrotactile Feedback,Haptics & Touch Feedback,2008,7,27
22,Vibrotactile Feedback,Haptics & Touch Feedback,2009,13,48
22,Vibrotactile Feedback,Haptics & Touch Feedback,2010,10,52
22,Vibrotactile Feedback,Haptics & Touch Feedback,2011,15,56
22,Vibrotactile Feedback,Haptics & Touch Feedback,2012,7,50
22,Vibrotactile Feedback,Haptics & Touch Feedback,2013,11,75
22,Vibrotactile Feedback,Haptics & Touch Feedback,2014,6,50
22,Vibrotactile Feedback,Haptics & Touch Feedback,2015,13,95
22,Vibrotactile Feedback,Haptics & Touch Feedback,2016,15,136
22,Vibrotactile Feedback,Haptics & Touch Feedback,2017,15,142
22,Vibrotactile Feedback,Haptics & Touch Feedback,2018,20,159
22,Vibrotactile Feedback,Haptics & Touch Feedback,2019,20,245
22,Vibrotactile Feedback,Haptics & Touch Feedback,2020,20,246
22,Vibrotactile Feedback,Haptics & Touch Feedback,2021,18,208
22,Vibrotactile Feedback,Haptics & Touch Feedback,2022,7,135
22,Vibrotactile Feedback,Haptics & Touch Feedback,2023,20,229
22,Vibrotactile Feedback,Haptics & Touch Feedback,2024,13,178
22,Vibrotactile Feedback,Haptics & Touch Feedback,2025,21,238
22,Vibrotactile Feedback,Haptics & Touch Feedback,2026,3,94
23,Thermal & Olfactory Displays,Haptics & Touch Feedback,2002,1,0
23,Thermal & Olfactory Displays,Haptics & Touch Feedback,2003,1,0
23,Thermal & Olfactory Displays,Haptics & Touch Feedback,2004,1,1
23,Thermal & Olfactory Displays,Haptics & Touch Feedback,2006,4,1
23,Thermal & Olfactory Displays,Haptics & Touch Feedback,2007,2,2
23,Thermal & Olfactory Displays,Haptics & Touch Feedback,2008,1,0
23,Thermal & Olfactory Displays,Haptics & Touch Feedback,2009,3,2
23,Thermal & Olfactory Displays,Haptics & Touch Feedback,2010,5,3
23,Thermal & Olfactory Displays,Haptics & Touch Feedback,2011,4,13
23,Thermal & Olfactory Displays,Haptics & Touch Feedback,2012,4,5
23,Thermal & Olfactory Displays,Haptics & Touch Feedback,2013,1,3
23,Thermal & Olfactory Displays,Haptics & Touch Feedback,2014,3,4
23,Thermal & Olfactory Displays,Haptics & Touch Feedback,2015,3,6
23,Thermal & Olfactory Displays,Haptics & Touch Feedback,2016,8,25
23,Thermal & Olfactory Displays,Haptics & Touch Feedback,2017,12,45
23,Thermal & Olfactory Displays,Haptics & Touch Feedback,2018,16,61
23,Thermal & Olfactory Displays,Haptics & Touch Feedback,2019,18,105
23,Thermal & Olfactory Displays,Haptics & Touch Feedback,2020,19,161
23,Thermal & Olfactory Displays,Haptics & Touch Feedback,2021,9,142
23,Thermal & Olfactory Displays,Haptics & Touch Feedback,2022,13,143
23,Thermal & Olfactory Displays,Haptics & Touch Feedback,2023,17,213
23,Thermal & Olfactory Displays,Haptics & Touch Feedback,2024,39,360
23,Thermal & Olfactory Displays,Haptics & Touch Feedback,2025,17,278
23,Thermal & Olfactory Displays,Haptics & Touch Feedback,2026,21,283
24,Force Feedback Devices,Haptics & Touch Feedback,1990,1,0
24,Force Feedback Devices,Haptics & Touch Feedback,1991,0,1
24,Force Feedback Devices,Haptics & Touch Feedback,1992,0,1
24,Force Feedback Devices,Haptics & Touch Feedback,1994,0,2
24,Force Feedback Devices,Haptics & Touch Feedback,1995,0,1
24,Force Feedback Devices,Haptics & Touch Feedback,1996,0,1
24,Force Feedback Devices,Haptics & Touch Feedback,2001,0,1
24,Force Feedback Devices,Haptics & Touch Feedback,2002,1,0
24,Force Feedback Devices,Haptics & Touch Feedback,2004,1,0
24,Force Feedback Devices,Haptics & Touch Feedback,2005,1,0
24,Force Feedback Devices,Haptics & Touch Feedback,2006,1,0
24,Force Feedback Devices,Haptics & Touch Feedback,2007,1,0
24,Force Feedback Devices,Haptics & Touch Feedback,2008,1,0
24,Force Feedback Devices,Haptics & Touch Feedback,2009,2,5
24,Force Feedback Devices,Haptics & Touch Feedback,2010,1,0
24,Force Feedback Devices,Haptics & Touch Feedback,2011,1,0
24,Force Feedback Devices,Haptics & Touch Feedback,2012,5,7
24,Force Feedback Devices,Haptics & Touch Feedback,2013,3,6
24,Force Feedback Devices,Haptics & Touch Feedback,2014,4,4
24,Force Feedback Devices,Haptics & Touch Feedback,2015,7,21
24,Force Feedback Devices,Haptics & Touch Feedback,2016,9,25
24,Force Feedback Devices,Haptics & Touch Feedback,2017,7,51
24,Force Feedback Devices,Haptics & Touch Feedback,2018,17,119
24,Force Feedback Devices,Haptics & Touch Feedback,2019,27,251
24,Force Feedback Devices,Haptics & Touch Feedback,2020,15,303
24,Force Feedback Devices,Haptics & Touch Feedback,2021,15,242
24,Force Feedback Devices,Haptics & Touch Feedback,2022,13,297
24,Force Feedback Devices,Haptics & Touch Feedback,2023,14,265
24,Force Feedback Devices,Haptics & Touch Feedback,2024,20,354
24,Force Feedback Devices,Haptics & Touch Feedback,2025,15,351
24,Force Feedback Devices,Haptics & Touch Feedback,2026,8,204
25,Haptic Redirection in VR,Haptics & Touch Feedback,1992,1,0
25,Haptic Redirection in VR,Haptics & Touch Feedback,1994,1,1
25,Haptic Redirection in VR,Haptics & Touch Feedback,1995,0,4
25,Haptic Redirection in VR,Haptics & Touch Feedback,1996,0,5
25,Haptic Redirection in VR,Haptics & Touch Feedback,1997,0,5
25,Haptic Redirection in VR,Haptics & Touch Feedback,1998,0,4
25,Haptic Redirection in VR,Haptics & Touch Feedback,1999,0,6
25,Haptic Redirection in VR,Haptics & Touch Feedback,2000,0,1
25,Haptic Redirection in VR,Haptics & Touch Feedback,2002,1,3
25,Haptic Redirection in VR,Haptics & Touch Feedback,2003,0,2
25,Haptic Redirection in VR,Haptics & Touch Feedback,2004,1,5
25,Haptic Redirection in VR,Haptics & Touch Feedback,2005,0,3
25,Haptic Redirection in VR,Haptics & Touch Feedback,2006,1,6
25,Haptic Redirection in VR,Haptics & Touch Feedback,2007,2,2
25,Haptic Redirection in VR,Haptics & Touch Feedback,2008,3,7
25,Haptic Redirection in VR,Haptics & Touch Feedback,2009,4,2
25,Haptic Redirection in VR,Haptics & Touch Feedback,2010,1,5
25,Haptic Redirection in VR,Haptics & Touch Feedback,2011,2,5
25,Haptic Redirection in VR,Haptics & Touch Feedback,2012,5,4
25,Haptic Redirection in VR,Haptics & Touch Feedback,2013,2,8
25,Haptic Redirection in VR,Haptics & Touch Feedback,2014,1,5
25,Haptic Redirection in VR,Haptics & Touch Feedback,2015,6,12
25,Haptic Redirection in VR,Haptics & Touch Feedback,2016,5,26
25,Haptic Redirection in VR,Haptics & Touch Feedback,2017,9,49
25,Haptic Redirection in VR,Haptics & Touch Feedback,2018,12,87
25,Haptic Redirection in VR,Haptics & Touch Feedback,2019,21,192
25,Haptic Redirection in VR,Haptics & Touch Feedback,2020,16,248
25,Haptic Redirection in VR,Haptics & Touch Feedback,2021,13,234
25,Haptic Redirection in VR,Haptics & Touch Feedback,2022,14,301
25,Haptic Redirection in VR,Haptics & Touch Feedback,2023,19,337
25,Haptic Redirection in VR,Haptics & Touch Feedback,2024,18,325
25,Haptic Redirection in VR,Haptics & Touch Feedback,2025,26,476
25,Haptic Redirection in VR,Haptics & Touch Feedback,2026,5,182
26,Wearable Fingertip Haptics,Haptics & Touch Feedback,2002,1,0
26,Wearable Fingertip Haptics,Haptics & Touch Feedback,2006,1,0
26,Wearable Fingertip Haptics,Haptics & Touch Feedback,2007,1,0
26,Wearable Fingertip Haptics,Haptics & Touch Feedback,2008,1,0
26,Wearable Fingertip Haptics,Haptics & Touch Feedback,2009,7,2
26,Wearable Fingertip Haptics,Haptics & Touch Feedback,2010,8,2
26,Wearable Fingertip Haptics,Haptics & Touch Feedback,2011,7,6
26,Wearable Fingertip Haptics,Haptics & Touch Feedback,2012,7,17
26,Wearable Fingertip Haptics,Haptics & Touch Feedback,2013,3,12
26,Wearable Fingertip Haptics,Haptics & Touch Feedback,2014,3,8
26,Wearable Fingertip Haptics,Haptics & Touch Feedback,2015,7,27
26,Wearable Fingertip Haptics,Haptics & Touch Feedback,2016,7,38
26,Wearable Fingertip Haptics,Haptics & Touch Feedback,2017,9,72
26,Wearable Fingertip Haptics,Haptics & Touch Feedback,2018,9,75
26,Wearable Fingertip Haptics,Haptics & Touch Feedback,2019,13,102
26,Wearable Fingertip Haptics,Haptics & Touch Feedback,2020,6,77
26,Wearable Fingertip Haptics,Haptics & Touch Feedback,2021,14,109
26,Wearable Fingertip Haptics,Haptics & Touch Feedback,2022,8,83
26,Wearable Fingertip Haptics,Haptics & Touch Feedback,2023,19,175
26,Wearable Fingertip Haptics,Haptics & Touch Feedback,2024,15,210
26,Wearable Fingertip Haptics,Haptics & Touch Feedback,2025,16,212
26,Wearable Fingertip Haptics,Haptics & Touch Feedback,2026,7,111
27,Tactile Texture Rendering,Haptics & Touch Feedback,2009,2,0
27,Tactile Texture Rendering,Haptics & Touch Feedback,2010,3,0
27,Tactile Texture Rendering,Haptics & Touch Feedback,2011,7,3
27,Tactile Texture Rendering,Haptics & Touch Feedback,2012,5,6
27,Tactile Texture Rendering,Haptics & Touch Feedback,2013,8,14
27,Tactile Texture Rendering,Haptics & Touch Feedback,2014,5,15
27,Tactile Texture Rendering,Haptics & Touch Feedback,2015,3,19
27,Tactile Texture Rendering,Haptics & Touch Feedback,2016,12,27
27,Tactile Texture Rendering,Haptics & Touch Feedback,2017,6,40
27,Tactile Texture Rendering,Haptics & Touch Feedback,2018,4,52
27,Tactile Texture Rendering,Haptics & Touch Feedback,2019,9,55
27,Tactile Texture Rendering,Haptics & Touch Feedback,2020,12,82
27,Tactile Texture Rendering,Haptics & Touch Feedback,2021,11,90
27,Tactile Texture Rendering,Haptics & Touch Feedback,2022,9,103
27,Tactile Texture Rendering,Haptics & Touch Feedback,2023,19,209
27,Tactile Texture Rendering,Haptics & Touch Feedback,2024,11,146
27,Tactile Texture Rendering,Haptics & Touch Feedback,2025,23,293
27,Tactile Texture Rendering,Haptics & Touch Feedback,2026,14,157
28,Mid-air Ultrasound Haptics,Haptics & Touch Feedback,2002,1,0
28,Mid-air Ultrasound Haptics,Haptics & Touch Feedback,2006,1,0
28,Mid-air Ultrasound Haptics,Haptics & Touch Feedback,2007,1,0
28,Mid-air Ultrasound Haptics,Haptics & Touch Feedback,2008,1,0
28,Mid-air Ultrasound Haptics,Haptics & Touch Feedback,2009,2,2
28,Mid-air Ultrasound Haptics,Haptics & Touch Feedback,2010,3,1
28,Mid-air Ultrasound Haptics,Haptics & Touch Feedback,2011,3,4
28,Mid-air Ultrasound Haptics,Haptics & Touch Feedback,2012,2,3
28,Mid-air Ultrasound Haptics,Haptics & Touch Feedback,2013,5,18
28,Mid-air Ultrasound Haptics,Haptics & Touch Feedback,2014,8,62
28,Mid-air Ultrasound Haptics,Haptics & Touch Feedback,2015,2,37
28,Mid-air Ultrasound Haptics,Haptics & Touch Feedback,2016,7,81
28,Mid-air Ultrasound Haptics,Haptics & Touch Feedback,2017,8,55
28,Mid-air Ultrasound Haptics,Haptics & Touch Feedback,2018,8,59
28,Mid-air Ultrasound Haptics,Haptics & Touch Feedback,2019,10,102
28,Mid-air Ultrasound Haptics,Haptics & Touch Feedback,2020,13,145
28,Mid-air Ultrasound Haptics,Haptics & Touch Feedback,2021,11,130
28,Mid-air Ultrasound Haptics,Haptics & Touch Feedback,2022,12,111
28,Mid-air Ultrasound Haptics,Haptics & Touch Feedback,2023,19,234
28,Mid-air Ultrasound Haptics,Haptics & Touch Feedback,2024,15,215
28,Mid-air Ultrasound Haptics,Haptics & Touch Feedback,2025,10,210
28,Mid-air Ultrasound Haptics,Haptics & Touch Feedback,2026,3,91
29,Electrical Muscle Stimulation,Haptics & Touch Feedback,2004,1,0
29,Electrical Muscle Stimulation,Haptics & Touch Feedback,2005,0,1
29,Electrical Muscle Stimulation,Haptics & Touch Feedback,2007,1,0
29,Electrical Muscle Stimulation,Haptics & Touch Feedback,2010,2,0
29,Electrical Muscle Stimulation,Haptics & Touch Feedback,2011,1,3
29,Electrical Muscle Stimulation,Haptics & Touch Feedback,2012,3,1
29,Electrical Muscle Stimulation,Haptics & Touch Feedback,2013,2,2
29,Electrical Muscle Stimulation,Haptics & Touch Feedback,2014,1,3
29,Electrical Muscle Stimulation,Haptics & Touch Feedback,2015,6,9
29,Electrical Muscle Stimulation,Haptics & Touch Feedback,2016,7,38
29,Electrical Muscle Stimulation,Haptics & Touch Feedback,2017,9,68
29,Electrical Muscle Stimulation,Haptics & Touch Feedback,2018,15,114
29,Electrical Muscle Stimulation,Haptics & Touch Feedback,2019,12,113
29,Electrical Muscle Stimulation,Haptics & Touch Feedback,2020,5,69
29,Electrical Muscle Stimulation,Haptics & Touch Feedback,2021,7,169
29,Electrical Muscle Stimulation,Haptics & Touch Feedback,2022,7,154
29,Electrical Muscle Stimulation,Haptics & Touch Feedback,2023,9,174
29,Electrical Muscle Stimulation,Haptics & Touch Feedback,2024,16,285
29,Electrical Muscle Stimulation,Haptics & Touch Feedback,2025,12,242
29,Electrical Muscle Stimulation,Haptics & Touch Feedback,2026,12,194
30,Surface Haptics,Haptics & Touch Feedback,1991,1,0
30,Surface Haptics,Haptics & Touch Feedback,1994,0,1
30,Surface Haptics,Haptics & Touch Feedback,1996,1,0
30,Surface Haptics,Haptics & Touch Feedback,1997,1,1
30,Surface Haptics,Haptics & Touch Feedback,1998,1,5
30,Surface Haptics,Haptics & Touch Feedback,1999,2,3
30,Surface Haptics,Haptics & Touch Feedback,2000,2,2
30,Surface Haptics,Haptics & Touch Feedback,2001,1,4
30,Surface Haptics,Haptics & Touch Feedback,2002,1,3
30,Surface Haptics,Haptics & Touch Feedback,2003,0,1
30,Surface Haptics,Haptics & Touch Feedback,2004,1,8
30,Surface Haptics,Haptics & Touch Feedback,2005,0,4
30,Surface Haptics,Haptics & Touch Feedback,2006,1,3
30,Surface Haptics,Haptics & Touch Feedback,2007,2,13
30,Surface Haptics,Haptics & Touch Feedback,2008,4,10
30,Surface Haptics,Haptics & Touch Feedback,2009,2,8
30,Surface Haptics,Haptics & Touch Feedback,2010,6,5
30,Surface Haptics,Haptics & Touch Feedback,2011,4,16
30,Surface Haptics,Haptics & Touch Feedback,2012,15,47
30,Surface Haptics,Haptics & Touch Feedback,2013,12,46
30,Surface Haptics,Haptics & Touch Feedback,2014,14,48
30,Surface Haptics,Haptics & Touch Feedback,2015,9,58
30,Surface Haptics,Haptics & Touch Feedback,2016,11,71
30,Surface Haptics,Haptics & Touch Feedback,2017,19,139
30,Surface Haptics,Haptics & Touch Feedback,2018,11,89
30,Surface Haptics,Haptics & Touch Feedback,2019,14,127
30,Surface Haptics,Haptics & Touch Feedback,2020,20,138
30,Surface Haptics,Haptics & Touch Feedback,2021,13,132
30,Surface Haptics,Haptics & Touch Feedback,2022,14,122
30,Surface Haptics,Haptics & Touch Feedback,2023,14,155
30,Surface Haptics,Haptics & Touch Feedback,2024,10,127
30,Surface Haptics,Haptics & Touch Feedback,2025,13,176
30,Surface Haptics,Haptics & Touch Feedback,2026,8,108
31,Tangibles for Learning,Tangible Interaction & Fabrication,1991,1,0
31,Tangibles for Learning,Tangible Interaction & Fabrication,1992,0,2
31,Tangibles for Learning,Tangible Interaction & Fabrication,1995,3,1
31,Tangibles for Learning,Tangible Interaction & Fabrication,1996,1,1
31,Tangibles for Learning,Tangible Interaction & Fabrication,1997,9,12
31,Tangibles for Learning,Tangible Interaction & Fabrication,1998,9,32
31,Tangibles for Learning,Tangible Interaction & Fabrication,1999,10,61
31,Tangibles for Learning,Tangible Interaction & Fabrication,2000,9,46
31,Tangibles for Learning,Tangible Interaction & Fabrication,2001,4,50
31,Tangibles for Learning,Tangible Interaction & Fabrication,2002,17,81
31,Tangibles for Learning,Tangible Interaction & Fabrication,2003,2,33
31,Tangibles for Learning,Tangible Interaction & Fabrication,2004,10,73
31,Tangibles for Learning,Tangible Interaction & Fabrication,2005,10,54
31,Tangibles for Learning,Tangible Interaction & Fabrication,2006,20,66
31,Tangibles for Learning,Tangible Interaction & Fabrication,2007,31,106
31,Tangibles for Learning,Tangible Interaction & Fabrication,2008,43,198
31,Tangibles for Learning,Tangible Interaction & Fabrication,2009,39,193
31,Tangibles for Learning,Tangible Interaction & Fabrication,2010,51,273
31,Tangibles for Learning,Tangible Interaction & Fabrication,2011,11,127
31,Tangibles for Learning,Tangible Interaction & Fabrication,2012,42,259
31,Tangibles for Learning,Tangible Interaction & Fabrication,2013,33,234
31,Tangibles for Learning,Tangible Interaction & Fabrication,2014,24,203
31,Tangibles for Learning,Tangible Interaction & Fabrication,2015,40,250
31,Tangibles for Learning,Tangible Interaction & Fabrication,2016,39,303
31,Tangibles for Learning,Tangible Interaction & Fabrication,2017,40,351
31,Tangibles for Learning,Tangible Interaction & Fabrication,2018,44,374
31,Tangibles for Learning,Tangible Interaction & Fabrication,2019,29,316
31,Tangibles for Learning,Tangible Interaction & Fabrication,2020,22,324
31,Tangibles for Learning,Tangible Interaction & Fabrication,2021,20,360
31,Tangibles for Learning,Tangible Interaction & Fabrication,2022,20,430
31,Tangibles for Learning,Tangible Interaction & Fabrication,2023,9,287
31,Tangibles for Learning,Tangible Interaction & Fabrication,2024,16,305
31,Tangibles for Learning,Tangible Interaction & Fabrication,2025,24,377
31,Tangibles for Learning,Tangible Interaction & Fabrication,2026,21,331
32,Shape-changing Interfaces,Tangible Interaction & Fabrication,1991,1,0
32,Shape-changing Interfaces,Tangible Interaction & Fabrication,1992,2,0
32,Shape-changing Interfaces,Tangible Interaction & Fabrication,1994,0,2
32,Shape-changing Interfaces,Tangible Interaction & Fabrication,1995,1,3
32,Shape-changing Interfaces,Tangible Interaction & Fabrication,1997,1,3
32,Shape-changing Interfaces,Tangible Interaction & Fabrication,1998,1,2
32,Shape-changing Interfaces,Tangible Interaction & Fabrication,2000,1,2
32,Shape-changing Interfaces,Tangible Interaction & Fabrication,2001,1,1
32,Shape-changing Interfaces,Tangible Interaction & Fabrication,2002,1,3
32,Shape-changing Interfaces,Tangible Interaction & Fabrication,2003,0,1
32,Shape-changing Interfaces,Tangible Interaction & Fabrication,2004,3,2
32,Shape-changing Interfaces,Tangible Interaction & Fabrication,2005,5,3
32,Shape-changing Interfaces,Tangible Interaction & Fabrication,2006,2,4
32,Shape-changing Interfaces,Tangible Interaction & Fabrication,2007,7,15
32,Shape-changing Interfaces,Tangible Interaction & Fabrication,2008,10,20
32,Shape-changing Interfaces,Tangible Interaction & Fabrication,2009,10,31
32,Shape-changing Interfaces,Tangible Interaction & Fabrication,2010,19,63
32,Shape-changing Interfaces,Tangible Interaction & Fabrication,2011,15,80
32,Shape-changing Interfaces,Tangible Interaction & Fabrication,2012,23,96
32,Shape-changing Interfaces,Tangible Interaction & Fabrication,2013,21,185
32,Shape-changing Interfaces,Tangible Interaction & Fabrication,2014,24,176
32,Shape-changing Interfaces,Tangible Interaction & Fabrication,2015,24,211
32,Shape-changing Interfaces,Tangible Interaction & Fabrication,2016,48,440
32,Shape-changing Interfaces,Tangible Interaction & Fabrication,2017,31,439
32,Shape-changing Interfaces,Tangible Interaction & Fabrication,2018,25,465
32,Shape-changing Interfaces,Tangible Interaction & Fabrication,2019,34,516
32,Shape-changing Interfaces,Tangible Interaction & Fabrication,2020,22,463
32,Shape-changing Interfaces,Tangible Interaction & Fabrication,2021,24,523
32,Shape-changing Interfaces,Tangible Interaction & Fabrication,2022,34,702
32,Shape-changing Interfaces,Tangible Interaction & Fabrication,2023,28,681
32,Shape-changing Interfaces,Tangible Interaction & Fabrication,2024,36,773
32,Shape-changing Interfaces,Tangible Interaction & Fabrication,2025,43,862
32,Shape-changing Interfaces,Tangible Interaction & Fabrication,2026,28,528
33,Printed & Paper Electronics,Tangible Interaction & Fabrication,1997,2,0
33,Printed & Paper Electronics,Tangible Interaction & Fabrication,1998,0,3
33,Printed & Paper Electronics,Tangible Interaction & Fabrication,1999,0,3
33,Printed & Paper Electronics,Tangible Interaction & Fabrication,2000,1,0
33,Printed & Paper Electronics,Tangible Interaction & Fabrication,2001,3,5
33,Printed & Paper Electronics,Tangible Interaction & Fabrication,2002,0,12
33,Printed & Paper Electronics,Tangible Interaction & Fabrication,2003,0,5
33,Printed & Paper Electronics,Tangible Interaction & Fabrication,2004,5,8
33,Printed & Paper Electronics,Tangible Interaction & Fabrication,2005,4,8
33,Printed & Paper Electronics,Tangible Interaction & Fabrication,2006,6,13
33,Printed & Paper Electronics,Tangible Interaction & Fabrication,2007,2,16
33,Printed & Paper Electronics,Tangible Interaction & Fabrication,2008,7,24
33,Printed & Paper Electronics,Tangible Interaction & Fabrication,2009,11,42
33,Printed & Paper Electronics,Tangible Interaction & Fabrication,2010,18,56
33,Printed & Paper Electronics,Tangible Interaction & Fabrication,2011,17,77
33,Printed & Paper Electronics,Tangible Interaction & Fabrication,2012,22,99
33,Printed & Paper Electronics,Tangible Interaction & Fabrication,2013,23,119
33,Printed & Paper Electronics,Tangible Interaction & Fabrication,2014,22,154
33,Printed & Paper Electronics,Tangible Interaction & Fabrication,2015,24,254
33,Printed & Paper Electronics,Tangible Interaction & Fabrication,2016,26,277
33,Printed & Paper Electronics,Tangible Interaction & Fabrication,2017,29,371
33,Printed & Paper Electronics,Tangible Interaction & Fabrication,2018,42,544
33,Printed & Paper Electronics,Tangible Interaction & Fabrication,2019,30,526
33,Printed & Paper Electronics,Tangible Interaction & Fabrication,2020,32,570
33,Printed & Paper Electronics,Tangible Interaction & Fabrication,2021,34,720
33,Printed & Paper Electronics,Tangible Interaction & Fabrication,2022,36,685
33,Printed & Paper Electronics,Tangible Interaction & Fabrication,2023,30,756
33,Printed & Paper Electronics,Tangible Interaction & Fabrication,2024,35,748
33,Printed & Paper Electronics,Tangible Interaction & Fabrication,2025,23,719
33,Printed & Paper Electronics,Tangible Interaction & Fabrication,2026,16,397
34,Textiles & Cloth Simulation,Tangible Interaction & Fabrication,1987,1,1
34,Textiles & Cloth Simulation,Tangible Interaction & Fabrication,1989,1,2
34,Textiles & Cloth Simulation,Tangible Interaction & Fabrication,1990,0,1
34,Textiles & Cloth Simulation,Tangible Interaction & Fabrication,1991,0,1
34,Textiles & Cloth Simulation,Tangible Interaction & Fabrication,1992,1,3
34,Textiles & Cloth Simulation,Tangible Interaction & Fabrication,1994,1,2
34,Textiles & Cloth Simulation,Tangible Interaction & Fabrication,1995,0,1
34,Textiles & Cloth Simulation,Tangible Interaction & Fabrication,1997,1,0
34,Textiles & Cloth Simulation,Tangible Interaction & Fabrication,1998,3,5
34,Textiles & Cloth Simulation,Tangible Interaction & Fabrication,1999,0,4
34,Textiles & Cloth Simulation,Tangible Interaction & Fabrication,2000,1,4
34,Textiles & Cloth Simulation,Tangible Interaction & Fabrication,2001,0,2
34,Textiles & Cloth Simulation,Tangible Interaction & Fabrication,2002,1,5
34,Textiles & Cloth Simulation,Tangible Interaction & Fabrication,2003,2,6
34,Textiles & Cloth Simulation,Tangible Interaction & Fabrication,2004,1,0
34,Textiles & Cloth Simulation,Tangible Interaction & Fabrication,2006,3,1
34,Textiles & Cloth Simulation,Tangible Interaction & Fabrication,2007,1,4
34,Textiles & Cloth Simulation,Tangible Interaction & Fabrication,2008,4,3
34,Textiles & Cloth Simulation,Tangible Interaction & Fabrication,2009,6,4
34,Textiles & Cloth Simulation,Tangible Interaction & Fabrication,2010,14,15
34,Textiles & Cloth Simulation,Tangible Interaction & Fabrication,2011,3,15
34,Textiles & Cloth Simulation,Tangible Interaction & Fabrication,2012,9,38
34,Textiles & Cloth Simulation,Tangible Interaction & Fabrication,2013,13,31
34,Textiles & Cloth Simulation,Tangible Interaction & Fabrication,2014,7,52
34,Textiles & Cloth Simulation,Tangible Interaction & Fabrication,2015,18,56
34,Textiles & Cloth Simulation,Tangible Interaction & Fabrication,2016,16,95
34,Textiles & Cloth Simulation,Tangible Interaction & Fabrication,2017,13,136
34,Textiles & Cloth Simulation,Tangible Interaction & Fabrication,2018,29,195
34,Textiles & Cloth Simulation,Tangible Interaction & Fabrication,2019,29,302
34,Textiles & Cloth Simulation,Tangible Interaction & Fabrication,2020,34,359
34,Textiles & Cloth Simulation,Tangible Interaction & Fabrication,2021,43,509
34,Textiles & Cloth Simulation,Tangible Interaction & Fabrication,2022,34,579
34,Textiles & Cloth Simulation,Tangible Interaction & Fabrication,2023,33,654
34,Textiles & Cloth Simulation,Tangible Interaction & Fabrication,2024,51,953
34,Textiles & Cloth Simulation,Tangible Interaction & Fabrication,2025,33,854
34,Textiles & Cloth Simulation,Tangible Interaction & Fabrication,2026,17,469
35,Digital Fabrication,Tangible Interaction & Fabrication,1996,1,0
35,Digital Fabrication,Tangible Interaction & Fabrication,1999,1,0
35,Digital Fabrication,Tangible Interaction & Fabrication,2000,1,0
35,Digital Fabrication,Tangible Interaction & Fabrication,2002,1,0
35,Digital Fabrication,Tangible Interaction & Fabrication,2003,2,1
35,Digital Fabrication,Tangible Interaction & Fabrication,2004,2,1
35,Digital Fabrication,Tangible Interaction & Fabrication,2006,4,0
35,Digital Fabrication,Tangible Interaction & Fabrication,2008,0,1
35,Digital Fabrication,Tangible Interaction & Fabrication,2009,2,3
35,Digital Fabrication,Tangible Interaction & Fabrication,2010,5,9
35,Digital Fabrication,Tangible Interaction & Fabrication,2011,2,9
35,Digital Fabrication,Tangible Interaction & Fabrication,2012,10,22
35,Digital Fabrication,Tangible Interaction & Fabrication,2013,9,45
35,Digital Fabrication,Tangible Interaction & Fabrication,2014,12,72
35,Digital Fabrication,Tangible Interaction & Fabrication,2015,22,120
35,Digital Fabrication,Tangible Interaction & Fabrication,2016,28,216
35,Digital Fabrication,Tangible Interaction & Fabrication,2017,18,221
35,Digital Fabrication,Tangible Interaction & Fabrication,2018,20,265
35,Digital Fabrication,Tangible Interaction & Fabrication,2019,26,409
35,Digital Fabrication,Tangible Interaction & Fabrication,2020,18,334
35,Digital Fabrication,Tangible Interaction & Fabrication,2021,23,414
35,Digital Fabrication,Tangible Interaction & Fabrication,2022,24,457
35,Digital Fabrication,Tangible Interaction & Fabrication,2023,31,756
35,Digital Fabrication,Tangible Interaction & Fabrication,2024,44,874
35,Digital Fabrication,Tangible Interaction & Fabrication,2025,21,668
35,Digital Fabrication,Tangible Interaction & Fabrication,2026,26,748
36,Computational Fabrication,Tangible Interaction & Fabrication,1996,1,0
36,Computational Fabrication,Tangible Interaction & Fabrication,1997,0,1
36,Computational Fabrication,Tangible Interaction & Fabrication,2001,1,2
36,Computational Fabrication,Tangible Interaction & Fabrication,2002,1,2
36,Computational Fabrication,Tangible Interaction & Fabrication,2003,1,4
36,Computational Fabrication,Tangible Interaction & Fabrication,2004,1,0
36,Computational Fabrication,Tangible Interaction & Fabrication,2005,1,1
36,Computational Fabrication,Tangible Interaction & Fabrication,2006,0,2
36,Computational Fabrication,Tangible Interaction & Fabrication,2007,3,1
36,Computational Fabrication,Tangible Interaction & Fabrication,2008,1,2
36,Computational Fabrication,Tangible Interaction & Fabrication,2009,1,3
36,Computational Fabrication,Tangible Interaction & Fabrication,2010,3,2
36,Computational Fabrication,Tangible Interaction & Fabrication,2011,5,7
36,Computational Fabrication,Tangible Interaction & Fabrication,2012,10,51
36,Computational Fabrication,Tangible Interaction & Fabrication,2013,11,59
36,Computational Fabrication,Tangible Interaction & Fabrication,2014,18,148
36,Computational Fabrication,Tangible Interaction & Fabrication,2015,32,303
36,Computational Fabrication,Tangible Interaction & Fabrication,2016,29,312
36,Computational Fabrication,Tangible Interaction & Fabrication,2017,27,345
36,Computational Fabrication,Tangible Interaction & Fabrication,2018,36,406
36,Computational Fabrication,Tangible Interaction & Fabrication,2019,26,386
36,Computational Fabrication,Tangible Interaction & Fabrication,2020,23,310
36,Computational Fabrication,Tangible Interaction & Fabrication,2021,17,372
36,Computational Fabrication,Tangible Interaction & Fabrication,2022,18,327
36,Computational Fabrication,Tangible Interaction & Fabrication,2023,24,454
36,Computational Fabrication,Tangible Interaction & Fabrication,2024,15,305
36,Computational Fabrication,Tangible Interaction & Fabrication,2025,16,380
36,Computational Fabrication,Tangible Interaction & Fabrication,2026,8,255
37,Sustainable Materials,Tangible Interaction & Fabrication,1998,1,0
37,Sustainable Materials,Tangible Interaction & Fabrication,1999,0,1
37,Sustainable Materials,Tangible Interaction & Fabrication,2001,0,1
37,Sustainable Materials,Tangible Interaction & Fabrication,2003,0,2
37,Sustainable Materials,Tangible Interaction & Fabrication,2004,1,0
37,Sustainable Materials,Tangible Interaction & Fabrication,2005,2,0
37,Sustainable Materials,Tangible Interaction & Fabrication,2006,4,3
37,Sustainable Materials,Tangible Interaction & Fabrication,2007,3,0
37,Sustainable Materials,Tangible Interaction & Fabrication,2008,5,2
37,Sustainable Materials,Tangible Interaction & Fabrication,2009,0,2
37,Sustainable Materials,Tangible Interaction & Fabrication,2010,10,15
37,Sustainable Materials,Tangible Interaction & Fabrication,2011,3,8
37,Sustainable Materials,Tangible Interaction & Fabrication,2012,10,17
37,Sustainable Materials,Tangible Interaction & Fabrication,2013,7,38
37,Sustainable Materials,Tangible Interaction & Fabrication,2014,12,52
37,Sustainable Materials,Tangible Interaction & Fabrication,2015,15,74
37,Sustainable Materials,Tangible Interaction & Fabrication,2016,9,83
37,Sustainable Materials,Tangible Interaction & Fabrication,2017,8,93
37,Sustainable Materials,Tangible Interaction & Fabrication,2018,7,98
37,Sustainable Materials,Tangible Interaction & Fabrication,2019,13,112
37,Sustainable Materials,Tangible Interaction & Fabrication,2020,10,136
37,Sustainable Materials,Tangible Interaction & Fabrication,2021,14,155
37,Sustainable Materials,Tangible Interaction & Fabrication,2022,15,284
37,Sustainable Materials,Tangible Interaction & Fabrication,2023,24,425
37,Sustainable Materials,Tangible Interaction & Fabrication,2024,29,577
37,Sustainable Materials,Tangible Interaction & Fabrication,2025,40,691
37,Sustainable Materials,Tangible Interaction & Fabrication,2026,18,433
38,Data Physicalization,Tangible Interaction & Fabrication,1994,1,0
38,Data Physicalization,Tangible Interaction & Fabrication,1995,1,0
38,Data Physicalization,Tangible Interaction & Fabrication,1997,1,2
38,Data Physicalization,Tangible Interaction & Fabrication,1998,1,1
38,Data Physicalization,Tangible Interaction & Fabrication,2000,1,0
38,Data Physicalization,Tangible Interaction & Fabrication,2001,3,1
38,Data Physicalization,Tangible Interaction & Fabrication,2002,3,4
38,Data Physicalization,Tangible Interaction & Fabrication,2003,2,3
38,Data Physicalization,Tangible Interaction & Fabrication,2004,4,21
38,Data Physicalization,Tangible Interaction & Fabrication,2005,0,4
38,Data Physicalization,Tangible Interaction & Fabrication,2006,3,23
38,Data Physicalization,Tangible Interaction & Fabrication,2007,6,36
38,Data Physicalization,Tangible Interaction & Fabrication,2008,5,32
38,Data Physicalization,Tangible Interaction & Fabrication,2009,6,37
38,Data Physicalization,Tangible Interaction & Fabrication,2010,16,50
38,Data Physicalization,Tangible Interaction & Fabrication,2011,3,25
38,Data Physicalization,Tangible Interaction & Fabrication,2012,7,49
38,Data Physicalization,Tangible Interaction & Fabrication,2013,7,48
38,Data Physicalization,Tangible Interaction & Fabrication,2014,7,52
38,Data Physicalization,Tangible Interaction & Fabrication,2015,10,59
38,Data Physicalization,Tangible Interaction & Fabrication,2016,13,87
38,Data Physicalization,Tangible Interaction & Fabrication,2017,17,135
38,Data Physicalization,Tangible Interaction & Fabrication,2018,8,129
38,Data Physicalization,Tangible Interaction & Fabrication,2019,16,201
38,Data Physicalization,Tangible Interaction & Fabrication,2020,6,185
38,Data Physicalization,Tangible Interaction & Fabrication,2021,19,247
38,Data Physicalization,Tangible Interaction & Fabrication,2022,15,240
38,Data Physicalization,Tangible Interaction & Fabrication,2023,14,233
38,Data Physicalization,Tangible Interaction & Fabrication,2024,22,317
38,Data Physicalization,Tangible Interaction & Fabrication,2025,18,361
38,Data Physicalization,Tangible Interaction & Fabrication,2026,13,241
39,Neural Rendering & Reconstruction,"Graphics, Animation & Modelling",1980,2,0
39,Neural Rendering & Reconstruction,"Graphics, Animation & Modelling",1982,2,0
39,Neural Rendering & Reconstruction,"Graphics, Animation & Modelling",1983,1,0
39,Neural Rendering & Reconstruction,"Graphics, Animation & Modelling",1984,1,1
39,Neural Rendering & Reconstruction,"Graphics, Animation & Modelling",1986,0,1
39,Neural Rendering & Reconstruction,"Graphics, Animation & Modelling",1987,2,2
39,Neural Rendering & Reconstruction,"Graphics, Animation & Modelling",1988,1,1
39,Neural Rendering & Reconstruction,"Graphics, Animation & Modelling",1989,0,2
39,Neural Rendering & Reconstruction,"Graphics, Animation & Modelling",1990,0,2
39,Neural Rendering & Reconstruction,"Graphics, Animation & Modelling",1991,0,2
39,Neural Rendering & Reconstruction,"Graphics, Animation & Modelling",1992,1,2
39,Neural Rendering & Reconstruction,"Graphics, Animation & Modelling",1994,2,5
39,Neural Rendering & Reconstruction,"Graphics, Animation & Modelling",1995,5,6
39,Neural Rendering & Reconstruction,"Graphics, Animation & Modelling",1996,6,21
39,Neural Rendering & Reconstruction,"Graphics, Animation & Modelling",1997,4,19
39,Neural Rendering & Reconstruction,"Graphics, Animation & Modelling",1998,4,19
39,Neural Rendering & Reconstruction,"Graphics, Animation & Modelling",1999,2,18
39,Neural Rendering & Reconstruction,"Graphics, Animation & Modelling",2000,2,19
39,Neural Rendering & Reconstruction,"Graphics, Animation & Modelling",2001,3,23
39,Neural Rendering & Reconstruction,"Graphics, Animation & Modelling",2002,1,15
39,Neural Rendering & Reconstruction,"Graphics, Animation & Modelling",2003,1,9
39,Neural Rendering & Reconstruction,"Graphics, Animation & Modelling",2004,3,11
39,Neural Rendering & Reconstruction,"Graphics, Animation & Modelling",2005,4,18
39,Neural Rendering & Reconstruction,"Graphics, Animation & Modelling",2006,1,3
39,Neural Rendering & Reconstruction,"Graphics, Animation & Modelling",2007,4,18
39,Neural Rendering & Reconstruction,"Graphics, Animation & Modelling",2008,4,19
39,Neural Rendering & Reconstruction,"Graphics, Animation & Modelling",2009,2,18
39,Neural Rendering & Reconstruction,"Graphics, Animation & Modelling",2010,4,23
39,Neural Rendering & Reconstruction,"Graphics, Animation & Modelling",2011,4,24
39,Neural Rendering & Reconstruction,"Graphics, Animation & Modelling",2012,3,25
39,Neural Rendering & Reconstruction,"Graphics, Animation & Modelling",2013,5,35
39,Neural Rendering & Reconstruction,"Graphics, Animation & Modelling",2014,7,42
39,Neural Rendering & Reconstruction,"Graphics, Animation & Modelling",2015,5,36
39,Neural Rendering & Reconstruction,"Graphics, Animation & Modelling",2016,8,45
39,Neural Rendering & Reconstruction,"Graphics, Animation & Modelling",2017,12,68
39,Neural Rendering & Reconstruction,"Graphics, Animation & Modelling",2018,7,53
39,Neural Rendering & Reconstruction,"Graphics, Animation & Modelling",2019,9,74
39,Neural Rendering & Reconstruction,"Graphics, Animation & Modelling",2020,6,48
39,Neural Rendering & Reconstruction,"Graphics, Animation & Modelling",2021,5,42
39,Neural Rendering & Reconstruction,"Graphics, Animation & Modelling",2022,10,52
39,Neural Rendering & Reconstruction,"Graphics, Animation & Modelling",2023,11,66
39,Neural Rendering & Reconstruction,"Graphics, Animation & Modelling",2024,12,56
39,Neural Rendering & Reconstruction,"Graphics, Animation & Modelling",2025,14,93
39,Neural Rendering & Reconstruction,"Graphics, Animation & Modelling",2026,1,20
40,Texture & Image Synthesis,"Graphics, Animation & Modelling",1983,1,0
40,Texture & Image Synthesis,"Graphics, Animation & Modelling",1984,1,0
40,Texture & Image Synthesis,"Graphics, Animation & Modelling",1986,1,0
40,Texture & Image Synthesis,"Graphics, Animation & Modelling",1987,0,2
40,Texture & Image Synthesis,"Graphics, Animation & Modelling",1988,1,0
40,Texture & Image Synthesis,"Graphics, Animation & Modelling",1989,3,3
40,Texture & Image Synthesis,"Graphics, Animation & Modelling",1990,2,2
40,Texture & Image Synthesis,"Graphics, Animation & Modelling",1991,2,4
40,Texture & Image Synthesis,"Graphics, Animation & Modelling",1992,1,3
40,Texture & Image Synthesis,"Graphics, Animation & Modelling",1993,3,4
40,Texture & Image Synthesis,"Graphics, Animation & Modelling",1994,2,10
40,Texture & Image Synthesis,"Graphics, Animation & Modelling",1995,2,13
40,Texture & Image Synthesis,"Graphics, Animation & Modelling",1996,4,21
40,Texture & Image Synthesis,"Graphics, Animation & Modelling",1997,4,11
40,Texture & Image Synthesis,"Graphics, Animation & Modelling",1998,3,14
40,Texture & Image Synthesis,"Graphics, Animation & Modelling",1999,4,16
40,Texture & Image Synthesis,"Graphics, Animation & Modelling",2000,6,29
40,Texture & Image Synthesis,"Graphics, Animation & Modelling",2001,7,28
40,Texture & Image Synthesis,"Graphics, Animation & Modelling",2002,6,27
40,Texture & Image Synthesis,"Graphics, Animation & Modelling",2003,8,41
40,Texture & Image Synthesis,"Graphics, Animation & Modelling",2004,3,21
40,Texture & Image Synthesis,"Graphics, Animation & Modelling",2005,4,17
40,Texture & Image Synthesis,"Graphics, Animation & Modelling",2006,3,18
40,Texture & Image Synthesis,"Graphics, Animation & Modelling",2007,3,22
40,Texture & Image Synthesis,"Graphics, Animation & Modelling",2008,3,16
40,Texture & Image Synthesis,"Graphics, Animation & Modelling",2009,3,11
40,Texture & Image Synthesis,"Graphics, Animation & Modelling",2010,2,12
40,Texture & Image Synthesis,"Graphics, Animation & Modelling",2011,4,25
40,Texture & Image Synthesis,"Graphics, Animation & Modelling",2012,8,38
40,Texture & Image Synthesis,"Graphics, Animation & Modelling",2013,8,33
40,Texture & Image Synthesis,"Graphics, Animation & Modelling",2014,6,52
40,Texture & Image Synthesis,"Graphics, Animation & Modelling",2015,7,57
40,Texture & Image Synthesis,"Graphics, Animation & Modelling",2016,8,79
40,Texture & Image Synthesis,"Graphics, Animation & Modelling",2017,7,72
40,Texture & Image Synthesis,"Graphics, Animation & Modelling",2018,5,57
40,Texture & Image Synthesis,"Graphics, Animation & Modelling",2019,5,42
40,Texture & Image Synthesis,"Graphics, Animation & Modelling",2020,6,70
40,Texture & Image Synthesis,"Graphics, Animation & Modelling",2021,3,34
40,Texture & Image Synthesis,"Graphics, Animation & Modelling",2022,7,49
40,Texture & Image Synthesis,"Graphics, Animation & Modelling",2023,1,50
40,Texture & Image Synthesis,"Graphics, Animation & Modelling",2024,5,38
40,Texture & Image Synthesis,"Graphics, Animation & Modelling",2025,2,34
40,Texture & Image Synthesis,"Graphics, Animation & Modelling",2026,0,12
41,Animation Principles,"Graphics, Animation & Modelling",1976,1,0
41,Animation Principles,"Graphics, Animation & Modelling",1977,1,0
41,Animation Principles,"Graphics, Animation & Modelling",1979,1,2
41,Animation Principles,"Graphics, Animation & Modelling",1980,1,0
41,Animation Principles,"Graphics, Animation & Modelling",1981,1,0
41,Animation Principles,"Graphics, Animation & Modelling",1982,1,4
41,Animation Principles,"Graphics, Animation & Modelling",1983,0,2
41,Animation Principles,"Graphics, Animation & Modelling",1984,1,1
41,Animation Principles,"Graphics, Animation & Modelling",1986,2,2
41,Animation Principles,"Graphics, Animation & Modelling",1987,1,2
41,Animation Principles,"Graphics, Animation & Modelling",1988,0,1
41,Animation Principles,"Graphics, Animation & Modelling",1989,0,1
41,Animation Principles,"Graphics, Animation & Modelling",1990,1,0
41,Animation Principles,"Graphics, Animation & Modelling",1991,3,6
41,Animation Principles,"Graphics, Animation & Modelling",1992,2,0
41,Animation Principles,"Graphics, Animation & Modelling",1993,3,6
41,Animation Principles,"Graphics, Animation & Modelling",1994,2,10
41,Animation Principles,"Graphics, Animation & Modelling",1995,2,16
41,Animation Principles,"Graphics, Animation & Modelling",1996,4,8
41,Animation Principles,"Graphics, Animation & Modelling",1997,1,3
41,Animation Principles,"Graphics, Animation & Modelling",1998,0,3
41,Animation Principles,"Graphics, Animation & Modelling",1999,5,15
41,Animation Principles,"Graphics, Animation & Modelling",2000,2,10
41,Animation Principles,"Graphics, Animation & Modelling",2001,2,12
41,Animation Principles,"Graphics, Animation & Modelling",2002,5,14
41,Animation Principles,"Graphics, Animation & Modelling",2003,1,8
41,Animation Principles,"Graphics, Animation & Modelling",2004,3,8
41,Animation Principles,"Graphics, Animation & Modelling",2005,1,20
41,Animation Principles,"Graphics, Animation & Modelling",2006,3,13
41,Animation Principles,"Graphics, Animation & Modelling",2007,0,5
41,Animation Principles,"Graphics, Animation & Modelling",2008,3,14
41,Animation Principles,"Graphics, Animation & Modelling",2009,3,7
41,Animation Principles,"Graphics, Animation & Modelling",2010,2,15
41,Animation Principles,"Graphics, Animation & Modelling",2011,5,30
41,Animation Principles,"Graphics, Animation & Modelling",2012,0,12
41,Animation Principles,"Graphics, Animation & Modelling",2013,5,14
41,Animation Principles,"Graphics, Animation & Modelling",2014,6,30
41,Animation Principles,"Graphics, Animation & Modelling",2015,9,57
41,Animation Principles,"Graphics, Animation & Modelling",2016,5,55
41,Animation Principles,"Graphics, Animation & Modelling",2017,7,64
41,Animation Principles,"Graphics, Animation & Modelling",2018,7,77
41,Animation Principles,"Graphics, Animation & Modelling",2019,3,49
41,Animation Principles,"Graphics, Animation & Modelling",2020,2,59
41,Animation Principles,"Graphics, Animation & Modelling",2021,3,41
41,Animation Principles,"Graphics, Animation & Modelling",2022,2,36
41,Animation Principles,"Graphics, Animation & Modelling",2023,8,93
41,Animation Principles,"Graphics, Animation & Modelling",2024,6,61
41,Animation Principles,"Graphics, Animation & Modelling",2025,8,94
41,Animation Principles,"Graphics, Animation & Modelling",2026,9,95
42,Sketch-based Modelling,"Graphics, Animation & Modelling",1991,1,0
42,Sketch-based Modelling,"Graphics, Animation & Modelling",1992,0,2
42,Sketch-based Modelling,"Graphics, Animation & Modelling",1993,1,0
42,Sketch-based Modelling,"Graphics, Animation & Modelling",1994,1,2
42,Sketch-based Modelling,"Graphics, Animation & Modelling",1995,1,3
42,Sketch-based Modelling,"Graphics, Animation & Modelling",1999,2,2
42,Sketch-based Modelling,"Graphics, Animation & Modelling",2000,0,1
42,Sketch-based Modelling,"Graphics, Animation & Modelling",2001,2,7
42,Sketch-based Modelling,"Graphics, Animation & Modelling",2002,1,7
42,Sketch-based Modelling,"Graphics, Animation & Modelling",2003,1,13
42,Sketch-based Modelling,"Graphics, Animation & Modelling",2004,2,13
42,Sketch-based Modelling,"Graphics, Animation & Modelling",2005,3,5
42,Sketch-based Modelling,"Graphics, Animation & Modelling",2006,3,9
42,Sketch-based Modelling,"Graphics, Animation & Modelling",2007,2,7
42,Sketch-based Modelling,"Graphics, Animation & Modelling",2008,1,9
42,Sketch-based Modelling,"Graphics, Animation & Modelling",2009,7,23
42,Sketch-based Modelling,"Graphics, Animation & Modelling",2010,3,19
42,Sketch-based Modelling,"Graphics, Animation & Modelling",2011,5,35
42,Sketch-based Modelling,"Graphics, Animation & Modelling",2012,4,26
42,Sketch-based Modelling,"Graphics, Animation & Modelling",2013,6,38
42,Sketch-based Modelling,"Graphics, Animation & Modelling",2014,5,48
42,Sketch-based Modelling,"Graphics, Animation & Modelling",2015,6,61
42,Sketch-based Modelling,"Graphics, Animation & Modelling",2016,7,71
42,Sketch-based Modelling,"Graphics, Animation & Modelling",2017,9,92
42,Sketch-based Modelling,"Graphics, Animation & Modelling",2018,5,81
42,Sketch-based Modelling,"Graphics, Animation & Modelling",2019,3,74
42,Sketch-based Modelling,"Graphics, Animation & Modelling",2020,5,91
42,Sketch-based Modelling,"Graphics, Animation & Modelling",2021,8,150
42,Sketch-based Modelling,"Graphics, Animation & Modelling",2022,7,95
42,Sketch-based Modelling,"Graphics, Animation & Modelling",2023,7,112
42,Sketch-based Modelling,"Graphics, Animation & Modelling",2024,8,147
42,Sketch-based Modelling,"Graphics, Animation & Modelling",2025,9,163
42,Sketch-based Modelling,"Graphics, Animation & Modelling",2026,4,78
43,Motion Synthesis & Control,"Graphics, Animation & Modelling",1987,2,0
43,Motion Synthesis & Control,"Graphics, Animation & Modelling",1988,1,1
43,Motion Synthesis & Control,"Graphics, Animation & Modelling",1989,1,4
43,Motion Synthesis & Control,"Graphics, Animation & Modelling",1990,1,6
43,Motion Synthesis & Control,"Graphics, Animation & Modelling",1991,1,5
43,Motion Synthesis & Control,"Graphics, Animation & Modelling",1992,0,1
43,Motion Synthesis & Control,"Graphics, Animation & Modelling",1993,1,0
43,Motion Synthesis & Control,"Graphics, Animation & Modelling",1994,4,11
43,Motion Synthesis & Control,"Graphics, Animation & Modelling",1995,4,11
43,Motion Synthesis & Control,"Graphics, Animation & Modelling",1996,2,6
43,Motion Synthesis & Control,"Graphics, Animation & Modelling",1997,2,4
43,Motion Synthesis & Control,"Graphics, Animation & Modelling",1998,4,10
43,Motion Synthesis & Control,"Graphics, Animation & Modelling",1999,2,13
43,Motion Synthesis & Control,"Graphics, Animation & Modelling",2000,4,16
43,Motion Synthesis & Control,"Graphics, Animation & Modelling",2001,1,12
43,Motion Synthesis & Control,"Graphics, Animation & Modelling",2002,3,18
43,Motion Synthesis & Control,"Graphics, Animation & Modelling",2003,2,10
43,Motion Synthesis & Control,"Graphics, Animation & Modelling",2004,3,10
43,Motion Synthesis & Control,"Graphics, Animation & Modelling",2005,2,11
43,Motion Synthesis & Control,"Graphics, Animation & Modelling",2006,0,2
43,Motion Synthesis & Control,"Graphics, Animation & Modelling",2007,2,8
43,Motion Synthesis & Control,"Graphics, Animation & Modelling",2008,2,6
43,Motion Synthesis & Control,"Graphics, Animation & Modelling",2009,4,24
43,Motion Synthesis & Control,"Graphics, Animation & Modelling",2010,5,19
43,Motion Synthesis & Control,"Graphics, Animation & Modelling",2011,1,5
43,Motion Synthesis & Control,"Graphics, Animation & Modelling",2012,4,25
43,Motion Synthesis & Control,"Graphics, Animation & Modelling",2013,0,3
43,Motion Synthesis & Control,"Graphics, Animation & Modelling",2014,5,19
43,Motion Synthesis & Control,"Graphics, Animation & Modelling",2015,3,12
43,Motion Synthesis & Control,"Graphics, Animation & Modelling",2016,2,21
43,Motion Synthesis & Control,"Graphics, Animation & Modelling",2017,4,17
43,Motion Synthesis & Control,"Graphics, Animation & Modelling",2018,8,57
43,Motion Synthesis & Control,"Graphics, Animation & Modelling",2019,4,55
43,Motion Synthesis & Control,"Graphics, Animation & Modelling",2020,10,75
43,Motion Synthesis & Control,"Graphics, Animation & Modelling",2021,6,51
43,Motion Synthesis & Control,"Graphics, Animation & Modelling",2022,7,76
43,Motion Synthesis & Control,"Graphics, Animation & Modelling",2023,9,71
43,Motion Synthesis & Control,"Graphics, Animation & Modelling",2024,3,47
43,Motion Synthesis & Control,"Graphics, Animation & Modelling",2025,6,60
43,Motion Synthesis & Control,"Graphics, Animation & Modelling",2026,2,39
44,Procedural Shape Modelling,"Graphics, Animation & Modelling",1989,1,0
44,Procedural Shape Modelling,"Graphics, Animation & Modelling",1993,2,0
44,Procedural Shape Modelling,"Graphics, Animation & Modelling",1994,1,1
44,Procedural Shape Modelling,"Graphics, Animation & Modelling",1995,2,3
44,Procedural Shape Modelling,"Graphics, Animation & Modelling",1996,1,3
44,Procedural Shape Modelling,"Graphics, Animation & Modelling",1998,1,3
44,Procedural Shape Modelling,"Graphics, Animation & Modelling",1999,0,1
44,Procedural Shape Modelling,"Graphics, Animation & Modelling",2000,0,1
44,Procedural Shape Modelling,"Graphics, Animation & Modelling",2001,1,3
44,Procedural Shape Modelling,"Graphics, Animation & Modelling",2002,1,5
44,Procedural Shape Modelling,"Graphics, Animation & Modelling",2003,1,2
44,Procedural Shape Modelling,"Graphics, Animation & Modelling",2004,1,0
44,Procedural Shape Modelling,"Graphics, Animation & Modelling",2005,0,1
44,Procedural Shape Modelling,"Graphics, Animation & Modelling",2006,3,3
44,Procedural Shape Modelling,"Graphics, Animation & Modelling",2007,2,5
44,Procedural Shape Modelling,"Graphics, Animation & Modelling",2008,1,3
44,Procedural Shape Modelling,"Graphics, Animation & Modelling",2009,2,11
44,Procedural Shape Modelling,"Graphics, Animation & Modelling",2010,4,6
44,Procedural Shape Modelling,"Graphics, Animation & Modelling",2011,8,18
44,Procedural Shape Modelling,"Graphics, Animation & Modelling",2012,15,62
44,Procedural Shape Modelling,"Graphics, Animation & Modelling",2013,3,46
44,Procedural Shape Modelling,"Graphics, Animation & Modelling",2014,14,113
44,Procedural Shape Modelling,"Graphics, Animation & Modelling",2015,11,119
44,Procedural Shape Modelling,"Graphics, Animation & Modelling",2016,8,92
44,Procedural Shape Modelling,"Graphics, Animation & Modelling",2017,7,76
44,Procedural Shape Modelling,"Graphics, Animation & Modelling",2018,7,78
44,Procedural Shape Modelling,"Graphics, Animation & Modelling",2019,6,72
44,Procedural Shape Modelling,"Graphics, Animation & Modelling",2020,5,49
44,Procedural Shape Modelling,"Graphics, Animation & Modelling",2021,9,78
44,Procedural Shape Modelling,"Graphics, Animation & Modelling",2022,1,39
44,Procedural Shape Modelling,"Graphics, Animation & Modelling",2023,4,76
44,Procedural Shape Modelling,"Graphics, Animation & Modelling",2024,1,36
44,Procedural Shape Modelling,"Graphics, Animation & Modelling",2025,1,19
44,Procedural Shape Modelling,"Graphics, Animation & Modelling",2026,0,8
45,Image & Facial Synthesis,"Graphics, Animation & Modelling",1976,1,0
45,Image & Facial Synthesis,"Graphics, Animation & Modelling",1977,1,0
45,Image & Facial Synthesis,"Graphics, Animation & Modelling",1978,5,1
45,Image & Facial Synthesis,"Graphics, Animation & Modelling",1979,3,5
45,Image & Facial Synthesis,"Graphics, Animation & Modelling",1980,3,4
45,Image & Facial Synthesis,"Graphics, Animation & Modelling",1981,1,2
45,Image & Facial Synthesis,"Graphics, Animation & Modelling",1982,4,4
45,Image & Facial Synthesis,"Graphics, Animation & Modelling",1983,2,3
45,Image & Facial Synthesis,"Graphics, Animation & Modelling",1984,5,3
45,Image & Facial Synthesis,"Graphics, Animation & Modelling",1985,3,1
45,Image & Facial Synthesis,"Graphics, Animation & Modelling",1986,3,1
45,Image & Facial Synthesis,"Graphics, Animation & Modelling",1987,1,3
45,Image & Facial Synthesis,"Graphics, Animation & Modelling",1988,5,6
45,Image & Facial Synthesis,"Graphics, Animation & Modelling",1989,6,4
45,Image & Facial Synthesis,"Graphics, Animation & Modelling",1990,4,7
45,Image & Facial Synthesis,"Graphics, Animation & Modelling",1991,5,13
45,Image & Facial Synthesis,"Graphics, Animation & Modelling",1992,8,7
45,Image & Facial Synthesis,"Graphics, Animation & Modelling",1993,2,13
45,Image & Facial Synthesis,"Graphics, Animation & Modelling",1994,8,22
45,Image & Facial Synthesis,"Graphics, Animation & Modelling",1995,8,23
45,Image & Facial Synthesis,"Graphics, Animation & Modelling",1996,4,18
45,Image & Facial Synthesis,"Graphics, Animation & Modelling",1997,10,33
45,Image & Facial Synthesis,"Graphics, Animation & Modelling",1998,4,30
45,Image & Facial Synthesis,"Graphics, Animation & Modelling",1999,12,37
45,Image & Facial Synthesis,"Graphics, Animation & Modelling",2000,5,17
45,Image & Facial Synthesis,"Graphics, Animation & Modelling",2001,6,25
45,Image & Facial Synthesis,"Graphics, Animation & Modelling",2002,9,46
45,Image & Facial Synthesis,"Graphics, Animation & Modelling",2003,9,37
45,Image & Facial Synthesis,"Graphics, Animation & Modelling",2004,7,25
45,Image & Facial Synthesis,"Graphics, Animation & Modelling",2005,6,25
45,Image & Facial Synthesis,"Graphics, Animation & Modelling",2006,7,16
45,Image & Facial Synthesis,"Graphics, Animation & Modelling",2007,17,53
45,Image & Facial Synthesis,"Graphics, Animation & Modelling",2008,5,33
45,Image & Facial Synthesis,"Graphics, Animation & Modelling",2009,15,41
45,Image & Facial Synthesis,"Graphics, Animation & Modelling",2010,12,49
45,Image & Facial Synthesis,"Graphics, Animation & Modelling",2011,12,59
45,Image & Facial Synthesis,"Graphics, Animation & Modelling",2012,18,105
45,Image & Facial Synthesis,"Graphics, Animation & Modelling",2013,22,88
45,Image & Facial Synthesis,"Graphics, Animation & Modelling",2014,20,125
45,Image & Facial Synthesis,"Graphics, Animation & Modelling",2015,22,160
45,Image & Facial Synthesis,"Graphics, Animation & Modelling",2016,26,197
45,Image & Facial Synthesis,"Graphics, Animation & Modelling",2017,21,194
45,Image & Facial Synthesis,"Graphics, Animation & Modelling",2018,26,208
45,Image & Facial Synthesis,"Graphics, Animation & Modelling",2019,18,203
45,Image & Facial Synthesis,"Graphics, Animation & Modelling",2020,18,173
45,Image & Facial Synthesis,"Graphics, Animation & Modelling",2021,16,189
45,Image & Facial Synthesis,"Graphics, Animation & Modelling",2022,13,145
45,Image & Facial Synthesis,"Graphics, Animation & Modelling",2023,16,182
45,Image & Facial Synthesis,"Graphics, Animation & Modelling",2024,16,165
45,Image & Facial Synthesis,"Graphics, Animation & Modelling",2025,12,130
45,Image & Facial Synthesis,"Graphics, Animation & Modelling",2026,4,79
46,UI Toolkits & Constraints,UI Toolkits & Groupware,1982,2,0
46,UI Toolkits & Constraints,UI Toolkits & Groupware,1984,1,0
46,UI Toolkits & Constraints,UI Toolkits & Groupware,1985,1,0
46,UI Toolkits & Constraints,UI Toolkits & Groupware,1986,5,8
46,UI Toolkits & Constraints,UI Toolkits & Groupware,1988,5,11
46,UI Toolkits & Constraints,UI Toolkits & Groupware,1989,11,25
46,UI Toolkits & Constraints,UI Toolkits & Groupware,1990,11,24
46,UI Toolkits & Constraints,UI Toolkits & Groupware,1991,16,68
46,UI Toolkits & Constraints,UI Toolkits & Groupware,1992,12,59
46,UI Toolkits & Constraints,UI Toolkits & Groupware,1993,9,32
46,UI Toolkits & Constraints,UI Toolkits & Groupware,1994,9,68
46,UI Toolkits & Constraints,UI Toolkits & Groupware,1995,7,68
46,UI Toolkits & Constraints,UI Toolkits & Groupware,1996,8,38
46,UI Toolkits & Constraints,UI Toolkits & Groupware,1997,7,37
46,UI Toolkits & Constraints,UI Toolkits & Groupware,1998,6,26
46,UI Toolkits & Constraints,UI Toolkits & Groupware,1999,3,24
46,UI Toolkits & Constraints,UI Toolkits & Groupware,2000,0,25
46,UI Toolkits & Constraints,UI Toolkits & Groupware,2001,3,27
46,UI Toolkits & Constraints,UI Toolkits & Groupware,2002,2,19
46,UI Toolkits & Constraints,UI Toolkits & Groupware,2003,3,20
46,UI Toolkits & Constraints,UI Toolkits & Groupware,2004,2,18
46,UI Toolkits & Constraints,UI Toolkits & Groupware,2005,4,28
46,UI Toolkits & Constraints,UI Toolkits & Groupware,2006,1,12
46,UI Toolkits & Constraints,UI Toolkits & Groupware,2007,0,8
46,UI Toolkits & Constraints,UI Toolkits & Groupware,2008,1,12
46,UI Toolkits & Constraints,UI Toolkits & Groupware,2009,0,6
46,UI Toolkits & Constraints,UI Toolkits & Groupware,2010,1,7
46,UI Toolkits & Constraints,UI Toolkits & Groupware,2011,0,6
46,UI Toolkits & Constraints,UI Toolkits & Groupware,2012,0,11
46,UI Toolkits & Constraints,UI Toolkits & Groupware,2013,2,11
46,UI Toolkits & Constraints,UI Toolkits & Groupware,2014,1,24
46,UI Toolkits & Constraints,UI Toolkits & Groupware,2015,1,14
46,UI Toolkits & Constraints,UI Toolkits & Groupware,2016,0,15
46,UI Toolkits & Constraints,UI Toolkits & Groupware,2017,0,13
46,UI Toolkits & Constraints,UI Toolkits & Groupware,2018,0,11
46,UI Toolkits & Constraints,UI Toolkits & Groupware,2019,1,21
46,UI Toolkits & Constraints,UI Toolkits & Groupware,2020,2,25
46,UI Toolkits & Constraints,UI Toolkits & Groupware,2021,0,20
46,UI Toolkits & Constraints,UI Toolkits & Groupware,2022,0,9
46,UI Toolkits & Constraints,UI Toolkits & Groupware,2023,0,14
46,UI Toolkits & Constraints,UI Toolkits & Groupware,2024,1,34
46,UI Toolkits & Constraints,UI Toolkits & Groupware,2025,0,15
46,UI Toolkits & Constraints,UI Toolkits & Groupware,2026,0,7
47,UI Software Tools,UI Toolkits & Groupware,1979,1,0
47,UI Software Tools,UI Toolkits & Groupware,1980,1,1
47,UI Software Tools,UI Toolkits & Groupware,1981,5,0
47,UI Software Tools,UI Toolkits & Groupware,1982,11,9
47,UI Software Tools,UI Toolkits & Groupware,1983,9,14
47,UI Software Tools,UI Toolkits & Groupware,1984,1,7
47,UI Software Tools,UI Toolkits & Groupware,1985,6,7
47,UI Software Tools,UI Toolkits & Groupware,1986,13,57
47,UI Software Tools,UI Toolkits & Groupware,1988,13,52
47,UI Software Tools,UI Toolkits & Groupware,1989,14,68
47,UI Software Tools,UI Toolkits & Groupware,1990,10,61
47,UI Software Tools,UI Toolkits & Groupware,1991,8,47
47,UI Software Tools,UI Toolkits & Groupware,1992,9,57
47,UI Software Tools,UI Toolkits & Groupware,1993,4,30
47,UI Software Tools,UI Toolkits & Groupware,1994,4,17
47,UI Software Tools,UI Toolkits & Groupware,1995,4,62
47,UI Software Tools,UI Toolkits & Groupware,1996,1,13
47,UI Software Tools,UI Toolkits & Groupware,1997,2,16
47,UI Software Tools,UI Toolkits & Groupware,1998,1,3
47,UI Software Tools,UI Toolkits & Groupware,1999,1,13
47,UI Software Tools,UI Toolkits & Groupware,2000,1,25
47,UI Software Tools,UI Toolkits & Groupware,2001,0,7
47,UI Software Tools,UI Toolkits & Groupware,2002,0,8
47,UI Software Tools,UI Toolkits & Groupware,2003,1,6
47,UI Software Tools,UI Toolkits & Groupware,2004,0,10
47,UI Software Tools,UI Toolkits & Groupware,2005,0,4
47,UI Software Tools,UI Toolkits & Groupware,2006,2,10
47,UI Software Tools,UI Toolkits & Groupware,2007,0,8
47,UI Software Tools,UI Toolkits & Groupware,2008,1,8
47,UI Software Tools,UI Toolkits & Groupware,2009,0,8
47,UI Software Tools,UI Toolkits & Groupware,2010,0,7
47,UI Software Tools,UI Toolkits & Groupware,2011,0,7
47,UI Software Tools,UI Toolkits & Groupware,2012,1,12
47,UI Software Tools,UI Toolkits & Groupware,2013,0,3
47,UI Software Tools,UI Toolkits & Groupware,2014,1,13
47,UI Software Tools,UI Toolkits & Groupware,2015,0,9
47,UI Software Tools,UI Toolkits & Groupware,2016,0,6
47,UI Software Tools,UI Toolkits & Groupware,2017,0,9
47,UI Software Tools,UI Toolkits & Groupware,2018,0,19
47,UI Software Tools,UI Toolkits & Groupware,2019,2,22
47,UI Software Tools,UI Toolkits & Groupware,2020,1,17
47,UI Software Tools,UI Toolkits & Groupware,2021,0,23
47,UI Software Tools,UI Toolkits & Groupware,2022,0,8
47,UI Software Tools,UI Toolkits & Groupware,2023,0,19
47,UI Software Tools,UI Toolkits & Groupware,2024,1,19
47,UI Software Tools,UI Toolkits & Groupware,2025,1,24
47,UI Software Tools,UI Toolkits & Groupware,2026,0,12
48,Real-time Groupware,UI Toolkits & Groupware,1981,1,0
48,Real-time Groupware,UI Toolkits & Groupware,1982,3,1
48,Real-time Groupware,UI Toolkits & Groupware,1983,6,4
48,Real-time Groupware,UI Toolkits & Groupware,1984,1,2
48,Real-time Groupware,UI Toolkits & Groupware,1985,4,1
48,Real-time Groupware,UI Toolkits & Groupware,1986,18,23
48,Real-time Groupware,UI Toolkits & Groupware,1988,14,13
48,Real-time Groupware,UI Toolkits & Groupware,1989,7,14
48,Real-time Groupware,UI Toolkits & Groupware,1990,12,33
48,Real-time Groupware,UI Toolkits & Groupware,1991,8,25
48,Real-time Groupware,UI Toolkits & Groupware,1992,32,86
48,Real-time Groupware,UI Toolkits & Groupware,1993,5,23
48,Real-time Groupware,UI Toolkits & Groupware,1994,23,90
48,Real-time Groupware,UI Toolkits & Groupware,1995,16,58
48,Real-time Groupware,UI Toolkits & Groupware,1996,21,96
48,Real-time Groupware,UI Toolkits & Groupware,1997,21,55
48,Real-time Groupware,UI Toolkits & Groupware,1998,28,132
48,Real-time Groupware,UI Toolkits & Groupware,1999,7,52
48,Real-time Groupware,UI Toolkits & Groupware,2000,24,80
48,Real-time Groupware,UI Toolkits & Groupware,2001,6,21
48,Real-time Groupware,UI Toolkits & Groupware,2002,19,90
48,Real-time Groupware,UI Toolkits & Groupware,2003,6,26
48,Real-time Groupware,UI Toolkits & Groupware,2004,28,135
48,Real-time Groupware,UI Toolkits & Groupware,2005,8,37
48,Real-time Groupware,UI Toolkits & Groupware,2006,14,74
48,Real-time Groupware,UI Toolkits & Groupware,2007,5,28
48,Real-time Groupware,UI Toolkits & Groupware,2008,4,33
48,Real-time Groupware,UI Toolkits & Groupware,2009,0,15
48,Real-time Groupware,UI Toolkits & Groupware,2010,4,29
48,Real-time Groupware,UI Toolkits & Groupware,2011,7,39
48,Real-time Groupware,UI Toolkits & Groupware,2012,14,81
48,Real-time Groupware,UI Toolkits & Groupware,2013,3,44
48,Real-time Groupware,UI Toolkits & Groupware,2014,6,52
48,Real-time Groupware,UI Toolkits & Groupware,2015,3,13
48,Real-time Groupware,UI Toolkits & Groupware,2016,1,8
48,Real-time Groupware,UI Toolkits & Groupware,2017,3,49
48,Real-time Groupware,UI Toolkits & Groupware,2018,5,37
48,Real-time Groupware,UI Toolkits & Groupware,2019,3,45
48,Real-time Groupware,UI Toolkits & Groupware,2020,9,73
48,Real-time Groupware,UI Toolkits & Groupware,2021,2,32
48,Real-time Groupware,UI Toolkits & Groupware,2022,3,33
48,Real-time Groupware,UI Toolkits & Groupware,2023,0,21
48,Real-time Groupware,UI Toolkits & Groupware,2024,1,27
48,Real-time Groupware,UI Toolkits & Groupware,2025,3,27
48,Real-time Groupware,UI Toolkits & Groupware,2026,1,11
49,Semantic Media & Documentation,Miscellaneous,1982,3,0
49,Semantic Media & Documentation,Miscellaneous,1983,1,0
49,Semantic Media & Documentation,Miscellaneous,1985,1,0
49,Semantic Media & Documentation,Miscellaneous,1986,2,5
49,Semantic Media & Documentation,Miscellaneous,1990,1,0
49,Semantic Media & Documentation,Miscellaneous,1991,2,0
49,Semantic Media & Documentation,Miscellaneous,1992,3,3
49,Semantic Media & Documentation,Miscellaneous,1994,2,1
49,Semantic Media & Documentation,Miscellaneous,1996,1,0
49,Semantic Media & Documentation,Miscellaneous,2000,1,0
49,Semantic Media & Documentation,Miscellaneous,2002,1,1
49,Semantic Media & Documentation,Miscellaneous,2003,3,1
49,Semantic Media & Documentation,Miscellaneous,2005,4,1
49,Semantic Media & Documentation,Miscellaneous,2006,4,1
49,Semantic Media & Documentation,Miscellaneous,2007,1,0
49,Semantic Media & Documentation,Miscellaneous,2008,2,0
49,Semantic Media & Documentation,Miscellaneous,2009,6,3
49,Semantic Media & Documentation,Miscellaneous,2010,9,7
49,Semantic Media & Documentation,Miscellaneous,2011,7,3
49,Semantic Media & Documentation,Miscellaneous,2012,4,4
49,Semantic Media & Documentation,Miscellaneous,2013,4,3
49,Semantic Media & Documentation,Miscellaneous,2014,1,0
49,Semantic Media & Documentation,Miscellaneous,2016,3,1
49,Semantic Media & Documentation,Miscellaneous,2017,1,1
49,Semantic Media & Documentation,Miscellaneous,2018,4,2
49,Semantic Media & Documentation,Miscellaneous,2019,1,1
49,Semantic Media & Documentation,Miscellaneous,2022,1,0
49,Semantic Media & Documentation,Miscellaneous,2023,5,3
49,Semantic Media & Documentation,Miscellaneous,2024,2,2
49,Semantic Media & Documentation,Miscellaneous,2025,2,1
49,Semantic Media & Documentation,Miscellaneous,2026,1,1
50,Autism & Neurodiversity,Accessibility & Assistive Tech,1988,1,0
50,Autism & Neurodiversity,Accessibility & Assistive Tech,1992,0,1
50,Autism & Neurodiversity,Accessibility & Assistive Tech,1997,1,0
50,Autism & Neurodiversity,Accessibility & Assistive Tech,1998,1,0
50,Autism & Neurodiversity,Accessibility & Assistive Tech,2002,1,0
50,Autism & Neurodiversity,Accessibility & Assistive Tech,2003,2,2
50,Autism & Neurodiversity,Accessibility & Assistive Tech,2004,1,0
50,Autism & Neurodiversity,Accessibility & Assistive Tech,2005,3,4
50,Autism & Neurodiversity,Accessibility & Assistive Tech,2006,4,7
50,Autism & Neurodiversity,Accessibility & Assistive Tech,2007,1,0
50,Autism & Neurodiversity,Accessibility & Assistive Tech,2008,6,9
50,Autism & Neurodiversity,Accessibility & Assistive Tech,2009,8,16
50,Autism & Neurodiversity,Accessibility & Assistive Tech,2010,12,16
50,Autism & Neurodiversity,Accessibility & Assistive Tech,2011,10,20
50,Autism & Neurodiversity,Accessibility & Assistive Tech,2012,8,21
50,Autism & Neurodiversity,Accessibility & Assistive Tech,2013,10,33
50,Autism & Neurodiversity,Accessibility & Assistive Tech,2014,17,43
50,Autism & Neurodiversity,Accessibility & Assistive Tech,2015,21,39
50,Autism & Neurodiversity,Accessibility & Assistive Tech,2016,23,70
50,Autism & Neurodiversity,Accessibility & Assistive Tech,2017,22,108
50,Autism & Neurodiversity,Accessibility & Assistive Tech,2018,18,128
50,Autism & Neurodiversity,Accessibility & Assistive Tech,2019,25,138
50,Autism & Neurodiversity,Accessibility & Assistive Tech,2020,16,168
50,Autism & Neurodiversity,Accessibility & Assistive Tech,2021,23,374
50,Autism & Neurodiversity,Accessibility & Assistive Tech,2022,24,330
50,Autism & Neurodiversity,Accessibility & Assistive Tech,2023,33,380
50,Autism & Neurodiversity,Accessibility & Assistive Tech,2024,40,576
50,Autism & Neurodiversity,Accessibility & Assistive Tech,2025,59,947
50,Autism & Neurodiversity,Accessibility & Assistive Tech,2026,28,430
51,Web Accessibility,Accessibility & Assistive Tech,1986,1,0
51,Web Accessibility,Accessibility & Assistive Tech,1988,2,0
51,Web Accessibility,Accessibility & Assistive Tech,1989,0,1
51,Web Accessibility,Accessibility & Assistive Tech,1991,1,0
51,Web Accessibility,Accessibility & Assistive Tech,1992,2,6
51,Web Accessibility,Accessibility & Assistive Tech,1993,1,0
51,Web Accessibility,Accessibility & Assistive Tech,1994,8,8
51,Web Accessibility,Accessibility & Assistive Tech,1995,3,5
51,Web Accessibility,Accessibility & Assistive Tech,1996,7,22
51,Web Accessibility,Accessibility & Assistive Tech,1997,1,5
51,Web Accessibility,Accessibility & Assistive Tech,1998,12,22
51,Web Accessibility,Accessibility & Assistive Tech,1999,1,6
51,Web Accessibility,Accessibility & Assistive Tech,2000,10,24
51,Web Accessibility,Accessibility & Assistive Tech,2001,0,2
51,Web Accessibility,Accessibility & Assistive Tech,2002,8,33
51,Web Accessibility,Accessibility & Assistive Tech,2003,12,40
51,Web Accessibility,Accessibility & Assistive Tech,2004,1,14
51,Web Accessibility,Accessibility & Assistive Tech,2005,11,19
51,Web Accessibility,Accessibility & Assistive Tech,2006,14,23
51,Web Accessibility,Accessibility & Assistive Tech,2007,22,50
51,Web Accessibility,Accessibility & Assistive Tech,2008,15,44
51,Web Accessibility,Accessibility & Assistive Tech,2009,12,55
51,Web Accessibility,Accessibility & Assistive Tech,2010,13,53
51,Web Accessibility,Accessibility & Assistive Tech,2011,16,59
51,Web Accessibility,Accessibility & Assistive Tech,2012,11,44
51,Web Accessibility,Accessibility & Assistive Tech,2013,9,32
51,Web Accessibility,Accessibility & Assistive Tech,2014,10,36
51,Web Accessibility,Accessibility & Assistive Tech,2015,11,44
51,Web Accessibility,Accessibility & Assistive Tech,2016,11,48
51,Web Accessibility,Accessibility & Assistive Tech,2017,11,73
51,Web Accessibility,Accessibility & Assistive Tech,2018,19,87
51,Web Accessibility,Accessibility & Assistive Tech,2019,14,135
51,Web Accessibility,Accessibility & Assistive Tech,2020,19,200
51,Web Accessibility,Accessibility & Assistive Tech,2021,12,201
51,Web Accessibility,Accessibility & Assistive Tech,2022,17,247
51,Web Accessibility,Accessibility & Assistive Tech,2023,13,274
51,Web Accessibility,Accessibility & Assistive Tech,2024,28,314
51,Web Accessibility,Accessibility & Assistive Tech,2025,27,434
51,Web Accessibility,Accessibility & Assistive Tech,2026,5,191
52,Non-visual Navigation,Accessibility & Assistive Tech,1994,1,0
52,Non-visual Navigation,Accessibility & Assistive Tech,1996,1,1
52,Non-visual Navigation,Accessibility & Assistive Tech,1998,1,1
52,Non-visual Navigation,Accessibility & Assistive Tech,2000,1,1
52,Non-visual Navigation,Accessibility & Assistive Tech,2002,2,3
52,Non-visual Navigation,Accessibility & Assistive Tech,2003,2,3
52,Non-visual Navigation,Accessibility & Assistive Tech,2004,0,1
52,Non-visual Navigation,Accessibility & Assistive Tech,2005,2,1
52,Non-visual Navigation,Accessibility & Assistive Tech,2006,4,4
52,Non-visual Navigation,Accessibility & Assistive Tech,2007,5,6
52,Non-visual Navigation,Accessibility & Assistive Tech,2008,8,5
52,Non-visual Navigation,Accessibility & Assistive Tech,2009,5,10
52,Non-visual Navigation,Accessibility & Assistive Tech,2010,8,18
52,Non-visual Navigation,Accessibility & Assistive Tech,2011,14,22
52,Non-visual Navigation,Accessibility & Assistive Tech,2012,7,30
52,Non-visual Navigation,Accessibility & Assistive Tech,2013,14,54
52,Non-visual Navigation,Accessibility & Assistive Tech,2014,17,52
52,Non-visual Navigation,Accessibility & Assistive Tech,2015,18,72
52,Non-visual Navigation,Accessibility & Assistive Tech,2016,19,96
52,Non-visual Navigation,Accessibility & Assistive Tech,2017,24,176
52,Non-visual Navigation,Accessibility & Assistive Tech,2018,23,265
52,Non-visual Navigation,Accessibility & Assistive Tech,2019,31,324
52,Non-visual Navigation,Accessibility & Assistive Tech,2020,32,375
52,Non-visual Navigation,Accessibility & Assistive Tech,2021,25,426
52,Non-visual Navigation,Accessibility & Assistive Tech,2022,18,385
52,Non-visual Navigation,Accessibility & Assistive Tech,2023,26,364
52,Non-visual Navigation,Accessibility & Assistive Tech,2024,35,580
52,Non-visual Navigation,Accessibility & Assistive Tech,2025,30,700
52,Non-visual Navigation,Accessibility & Assistive Tech,2026,13,280
53,Deaf & Sign Language,Accessibility & Assistive Tech,1994,1,0
53,Deaf & Sign Language,Accessibility & Assistive Tech,1998,1,0
53,Deaf & Sign Language,Accessibility & Assistive Tech,2000,2,0
53,Deaf & Sign Language,Accessibility & Assistive Tech,2002,3,2
53,Deaf & Sign Language,Accessibility & Assistive Tech,2003,1,1
53,Deaf & Sign Language,Accessibility & Assistive Tech,2004,0,2
53,Deaf & Sign Language,Accessibility & Assistive Tech,2005,4,1
53,Deaf & Sign Language,Accessibility & Assistive Tech,2006,8,3
53,Deaf & Sign Language,Accessibility & Assistive Tech,2007,3,5
53,Deaf & Sign Language,Accessibility & Assistive Tech,2008,6,7
53,Deaf & Sign Language,Accessibility & Assistive Tech,2009,4,7
53,Deaf & Sign Language,Accessibility & Assistive Tech,2010,6,11
53,Deaf & Sign Language,Accessibility & Assistive Tech,2011,8,17
53,Deaf & Sign Language,Accessibility & Assistive Tech,2012,6,10
53,Deaf & Sign Language,Accessibility & Assistive Tech,2013,6,14
53,Deaf & Sign Language,Accessibility & Assistive Tech,2014,6,6
53,Deaf & Sign Language,Accessibility & Assistive Tech,2015,16,24
53,Deaf & Sign Language,Accessibility & Assistive Tech,2016,10,18
53,Deaf & Sign Language,Accessibility & Assistive Tech,2017,16,54
53,Deaf & Sign Language,Accessibility & Assistive Tech,2018,17,82
53,Deaf & Sign Language,Accessibility & Assistive Tech,2019,12,80
53,Deaf & Sign Language,Accessibility & Assistive Tech,2020,19,119
53,Deaf & Sign Language,Accessibility & Assistive Tech,2021,19,160
53,Deaf & Sign Language,Accessibility & Assistive Tech,2022,22,199
53,Deaf & Sign Language,Accessibility & Assistive Tech,2023,28,325
53,Deaf & Sign Language,Accessibility & Assistive Tech,2024,35,382
53,Deaf & Sign Language,Accessibility & Assistive Tech,2025,42,562
53,Deaf & Sign Language,Accessibility & Assistive Tech,2026,24,356
54,Visual Accessibility,Accessibility & Assistive Tech,1998,1,0
54,Visual Accessibility,Accessibility & Assistive Tech,2003,1,0
54,Visual Accessibility,Accessibility & Assistive Tech,2005,1,1
54,Visual Accessibility,Accessibility & Assistive Tech,2006,4,1
54,Visual Accessibility,Accessibility & Assistive Tech,2007,1,6
54,Visual Accessibility,Accessibility & Assistive Tech,2008,0,5
54,Visual Accessibility,Accessibility & Assistive Tech,2009,1,2
54,Visual Accessibility,Accessibility & Assistive Tech,2010,5,4
54,Visual Accessibility,Accessibility & Assistive Tech,2011,4,10
54,Visual Accessibility,Accessibility & Assistive Tech,2012,2,15
54,Visual Accessibility,Accessibility & Assistive Tech,2013,8,44
54,Visual Accessibility,Accessibility & Assistive Tech,2014,8,39
54,Visual Accessibility,Accessibility & Assistive Tech,2015,5,64
54,Visual Accessibility,Accessibility & Assistive Tech,2016,7,60
54,Visual Accessibility,Accessibility & Assistive Tech,2017,14,109
54,Visual Accessibility,Accessibility & Assistive Tech,2018,13,183
54,Visual Accessibility,Accessibility & Assistive Tech,2019,13,151
54,Visual Accessibility,Accessibility & Assistive Tech,2020,23,231
54,Visual Accessibility,Accessibility & Assistive Tech,2021,32,341
54,Visual Accessibility,Accessibility & Assistive Tech,2022,29,420
54,Visual Accessibility,Accessibility & Assistive Tech,2023,25,488
54,Visual Accessibility,Accessibility & Assistive Tech,2024,46,742
54,Visual Accessibility,Accessibility & Assistive Tech,2025,51,974
54,Visual Accessibility,Accessibility & Assistive Tech,2026,16,340
55,Non-visual Touch Interfaces,Accessibility & Assistive Tech,1982,1,0
55,Non-visual Touch Interfaces,Accessibility & Assistive Tech,1985,1,1
55,Non-visual Touch Interfaces,Accessibility & Assistive Tech,1990,1,2
55,Non-visual Touch Interfaces,Accessibility & Assistive Tech,1991,0,1
55,Non-visual Touch Interfaces,Accessibility & Assistive Tech,1996,4,0
55,Non-visual Touch Interfaces,Accessibility & Assistive Tech,1997,1,3
55,Non-visual Touch Interfaces,Accessibility & Assistive Tech,1998,2,5
55,Non-visual Touch Interfaces,Accessibility & Assistive Tech,2000,5,5
55,Non-visual Touch Interfaces,Accessibility & Assistive Tech,2002,2,7
55,Non-visual Touch Interfaces,Accessibility & Assistive Tech,2003,1,2
55,Non-visual Touch Interfaces,Accessibility & Assistive Tech,2004,2,6
55,Non-visual Touch Interfaces,Accessibility & Assistive Tech,2005,3,8
55,Non-visual Touch Interfaces,Accessibility & Assistive Tech,2006,5,12
55,Non-visual Touch Interfaces,Accessibility & Assistive Tech,2007,3,6
55,Non-visual Touch Interfaces,Accessibility & Assistive Tech,2008,6,9
55,Non-visual Touch Interfaces,Accessibility & Assistive Tech,2009,6,12
55,Non-visual Touch Interfaces,Accessibility & Assistive Tech,2010,10,16
55,Non-visual Touch Interfaces,Accessibility & Assistive Tech,2011,7,24
55,Non-visual Touch Interfaces,Accessibility & Assistive Tech,2012,5,14
55,Non-visual Touch Interfaces,Accessibility & Assistive Tech,2013,7,17
55,Non-visual Touch Interfaces,Accessibility & Assistive Tech,2014,10,32
55,Non-visual Touch Interfaces,Accessibility & Assistive Tech,2015,15,53
55,Non-visual Touch Interfaces,Accessibility & Assistive Tech,2016,11,59
55,Non-visual Touch Interfaces,Accessibility & Assistive Tech,2017,11,109
55,Non-visual Touch Interfaces,Accessibility & Assistive Tech,2018,14,103
55,Non-visual Touch Interfaces,Accessibility & Assistive Tech,2019,20,157
55,Non-visual Touch Interfaces,Accessibility & Assistive Tech,2020,21,176
55,Non-visual Touch Interfaces,Accessibility & Assistive Tech,2021,13,178
55,Non-visual Touch Interfaces,Accessibility & Assistive Tech,2022,17,221
55,Non-visual Touch Interfaces,Accessibility & Assistive Tech,2023,30,452
55,Non-visual Touch Interfaces,Accessibility & Assistive Tech,2024,25,375
55,Non-visual Touch Interfaces,Accessibility & Assistive Tech,2025,24,470
55,Non-visual Touch Interfaces,Accessibility & Assistive Tech,2026,5,127
56,AAC & Aphasia,Accessibility & Assistive Tech,1994,1,0
56,AAC & Aphasia,Accessibility & Assistive Tech,1997,1,1
56,AAC & Aphasia,Accessibility & Assistive Tech,2000,1,0
56,AAC & Aphasia,Accessibility & Assistive Tech,2002,1,1
56,AAC & Aphasia,Accessibility & Assistive Tech,2003,1,2
56,AAC & Aphasia,Accessibility & Assistive Tech,2004,1,0
56,AAC & Aphasia,Accessibility & Assistive Tech,2005,3,3
56,AAC & Aphasia,Accessibility & Assistive Tech,2006,1,4
56,AAC & Aphasia,Accessibility & Assistive Tech,2007,2,5
56,AAC & Aphasia,Accessibility & Assistive Tech,2008,2,6
56,AAC & Aphasia,Accessibility & Assistive Tech,2009,5,13
56,AAC & Aphasia,Accessibility & Assistive Tech,2010,5,12
56,AAC & Aphasia,Accessibility & Assistive Tech,2011,10,9
56,AAC & Aphasia,Accessibility & Assistive Tech,2012,7,14
56,AAC & Aphasia,Accessibility & Assistive Tech,2013,6,16
56,AAC & Aphasia,Accessibility & Assistive Tech,2014,4,3
56,AAC & Aphasia,Accessibility & Assistive Tech,2015,2,12
56,AAC & Aphasia,Accessibility & Assistive Tech,2016,3,19
56,AAC & Aphasia,Accessibility & Assistive Tech,2017,10,33
56,AAC & Aphasia,Accessibility & Assistive Tech,2018,8,25
56,AAC & Aphasia,Accessibility & Assistive Tech,2019,5,18
56,AAC & Aphasia,Accessibility & Assistive Tech,2020,13,68
56,AAC & Aphasia,Accessibility & Assistive Tech,2021,10,85
56,AAC & Aphasia,Accessibility & Assistive Tech,2022,9,103
56,AAC & Aphasia,Accessibility & Assistive Tech,2023,5,82
56,AAC & Aphasia,Accessibility & Assistive Tech,2024,10,164
56,AAC & Aphasia,Accessibility & Assistive Tech,2025,14,241
56,AAC & Aphasia,Accessibility & Assistive Tech,2026,6,82
57,Assistive Music & Audio,Accessibility & Assistive Tech,1996,1,0
57,Assistive Music & Audio,Accessibility & Assistive Tech,2005,1,0
57,Assistive Music & Audio,Accessibility & Assistive Tech,2006,1,1
57,Assistive Music & Audio,Accessibility & Assistive Tech,2007,1,5
57,Assistive Music & Audio,Accessibility & Assistive Tech,2008,4,8
57,Assistive Music & Audio,Accessibility & Assistive Tech,2009,1,4
57,Assistive Music & Audio,Accessibility & Assistive Tech,2010,0,6
57,Assistive Music & Audio,Accessibility & Assistive Tech,2011,4,7
57,Assistive Music & Audio,Accessibility & Assistive Tech,2012,3,2
57,Assistive Music & Audio,Accessibility & Assistive Tech,2013,3,8
57,Assistive Music & Audio,Accessibility & Assistive Tech,2014,2,10
57,Assistive Music & Audio,Accessibility & Assistive Tech,2015,4,17
57,Assistive Music & Audio,Accessibility & Assistive Tech,2016,7,48
57,Assistive Music & Audio,Accessibility & Assistive Tech,2017,3,35
57,Assistive Music & Audio,Accessibility & Assistive Tech,2018,5,36
57,Assistive Music & Audio,Accessibility & Assistive Tech,2019,9,91
57,Assistive Music & Audio,Accessibility & Assistive Tech,2020,11,95
57,Assistive Music & Audio,Accessibility & Assistive Tech,2021,5,149
57,Assistive Music & Audio,Accessibility & Assistive Tech,2022,12,167
57,Assistive Music & Audio,Accessibility & Assistive Tech,2023,12,205
57,Assistive Music & Audio,Accessibility & Assistive Tech,2024,15,203
57,Assistive Music & Audio,Accessibility & Assistive Tech,2025,18,306
57,Assistive Music & Audio,Accessibility & Assistive Tech,2026,5,156
58,Blind Access to VR,Accessibility & Assistive Tech,1996,3,1
58,Blind Access to VR,Accessibility & Assistive Tech,1997,0,1
58,Blind Access to VR,Accessibility & Assistive Tech,1999,1,2
58,Blind Access to VR,Accessibility & Assistive Tech,2002,0,2
58,Blind Access to VR,Accessibility & Assistive Tech,2003,1,4
58,Blind Access to VR,Accessibility & Assistive Tech,2004,0,1
58,Blind Access to VR,Accessibility & Assistive Tech,2005,2,4
58,Blind Access to VR,Accessibility & Assistive Tech,2006,1,2
58,Blind Access to VR,Accessibility & Assistive Tech,2007,1,1
58,Blind Access to VR,Accessibility & Assistive Tech,2008,3,3
58,Blind Access to VR,Accessibility & Assistive Tech,2009,3,11
58,Blind Access to VR,Accessibility & Assistive Tech,2010,8,9
58,Blind Access to VR,Accessibility & Assistive Tech,2011,2,7
58,Blind Access to VR,Accessibility & Assistive Tech,2012,0,3
58,Blind Access to VR,Accessibility & Assistive Tech,2013,4,8
58,Blind Access to VR,Accessibility & Assistive Tech,2014,2,10
58,Blind Access to VR,Accessibility & Assistive Tech,2015,2,11
58,Blind Access to VR,Accessibility & Assistive Tech,2016,2,4
58,Blind Access to VR,Accessibility & Assistive Tech,2017,4,32
58,Blind Access to VR,Accessibility & Assistive Tech,2018,4,36
58,Blind Access to VR,Accessibility & Assistive Tech,2019,7,27
58,Blind Access to VR,Accessibility & Assistive Tech,2020,7,53
58,Blind Access to VR,Accessibility & Assistive Tech,2021,12,86
58,Blind Access to VR,Accessibility & Assistive Tech,2022,7,72
58,Blind Access to VR,Accessibility & Assistive Tech,2023,10,83
58,Blind Access to VR,Accessibility & Assistive Tech,2024,12,179
58,Blind Access to VR,Accessibility & Assistive Tech,2025,17,276
58,Blind Access to VR,Accessibility & Assistive Tech,2026,5,79
59,Low-vision Accessibility,Accessibility & Assistive Tech,1998,1,0
59,Low-vision Accessibility,Accessibility & Assistive Tech,2000,1,0
59,Low-vision Accessibility,Accessibility & Assistive Tech,2001,1,0
59,Low-vision Accessibility,Accessibility & Assistive Tech,2002,3,2
59,Low-vision Accessibility,Accessibility & Assistive Tech,2003,2,1
59,Low-vision Accessibility,Accessibility & Assistive Tech,2005,5,1
59,Low-vision Accessibility,Accessibility & Assistive Tech,2006,7,5
59,Low-vision Accessibility,Accessibility & Assistive Tech,2007,7,6
59,Low-vision Accessibility,Accessibility & Assistive Tech,2008,2,5
59,Low-vision Accessibility,Accessibility & Assistive Tech,2009,8,11
59,Low-vision Accessibility,Accessibility & Assistive Tech,2010,5,16
59,Low-vision Accessibility,Accessibility & Assistive Tech,2011,7,16
59,Low-vision Accessibility,Accessibility & Assistive Tech,2012,14,21
59,Low-vision Accessibility,Accessibility & Assistive Tech,2013,10,44
59,Low-vision Accessibility,Accessibility & Assistive Tech,2014,10,39
59,Low-vision Accessibility,Accessibility & Assistive Tech,2015,9,45
59,Low-vision Accessibility,Accessibility & Assistive Tech,2016,11,51
59,Low-vision Accessibility,Accessibility & Assistive Tech,2017,13,61
59,Low-vision Accessibility,Accessibility & Assistive Tech,2018,11,77
59,Low-vision Accessibility,Accessibility & Assistive Tech,2019,24,108
59,Low-vision Accessibility,Accessibility & Assistive Tech,2020,12,98
59,Low-vision Accessibility,Accessibility & Assistive Tech,2021,22,192
59,Low-vision Accessibility,Accessibility & Assistive Tech,2022,18,204
59,Low-vision Accessibility,Accessibility & Assistive Tech,2023,17,159
59,Low-vision Accessibility,Accessibility & Assistive Tech,2024,15,214
59,Low-vision Accessibility,Accessibility & Assistive Tech,2025,18,242
59,Low-vision Accessibility,Accessibility & Assistive Tech,2026,2,69
60,Visual Aesthetics & UX,Gamification & Engagement,1983,1,0
60,Visual Aesthetics & UX,Gamification & Engagement,1985,1,0
60,Visual Aesthetics & UX,Gamification & Engagement,1986,0,1
60,Visual Aesthetics & UX,Gamification & Engagement,1988,1,2
60,Visual Aesthetics & UX,Gamification & Engagement,1992,0,2
60,Visual Aesthetics & UX,Gamification & Engagement,1994,2,1
60,Visual Aesthetics & UX,Gamification & Engagement,1995,0,1
60,Visual Aesthetics & UX,Gamification & Engagement,1996,0,1
60,Visual Aesthetics & UX,Gamification & Engagement,1997,5,2
60,Visual Aesthetics & UX,Gamification & Engagement,1998,1,1
60,Visual Aesthetics & UX,Gamification & Engagement,2000,4,3
60,Visual Aesthetics & UX,Gamification & Engagement,2001,2,3
60,Visual Aesthetics & UX,Gamification & Engagement,2002,2,4
60,Visual Aesthetics & UX,Gamification & Engagement,2003,7,9
60,Visual Aesthetics & UX,Gamification & Engagement,2004,5,13
60,Visual Aesthetics & UX,Gamification & Engagement,2005,6,17
60,Visual Aesthetics & UX,Gamification & Engagement,2006,6,11
60,Visual Aesthetics & UX,Gamification & Engagement,2007,6,19
60,Visual Aesthetics & UX,Gamification & Engagement,2008,5,15
60,Visual Aesthetics & UX,Gamification & Engagement,2009,13,34
60,Visual Aesthetics & UX,Gamification & Engagement,2010,10,42
60,Visual Aesthetics & UX,Gamification & Engagement,2011,9,49
60,Visual Aesthetics & UX,Gamification & Engagement,2012,13,39
60,Visual Aesthetics & UX,Gamification & Engagement,2013,9,65
60,Visual Aesthetics & UX,Gamification & Engagement,2014,10,67
60,Visual Aesthetics & UX,Gamification & Engagement,2015,6,63
60,Visual Aesthetics & UX,Gamification & Engagement,2016,11,78
60,Visual Aesthetics & UX,Gamification & Engagement,2017,12,99
60,Visual Aesthetics & UX,Gamification & Engagement,2018,6,65
60,Visual Aesthetics & UX,Gamification & Engagement,2019,7,85
60,Visual Aesthetics & UX,Gamification & Engagement,2020,14,103
60,Visual Aesthetics & UX,Gamification & Engagement,2021,6,72
60,Visual Aesthetics & UX,Gamification & Engagement,2022,7,78
60,Visual Aesthetics & UX,Gamification & Engagement,2023,5,72
60,Visual Aesthetics & UX,Gamification & Engagement,2024,7,80
60,Visual Aesthetics & UX,Gamification & Engagement,2025,6,94
60,Visual Aesthetics & UX,Gamification & Engagement,2026,5,76
61,Player Experience & Immersion,Gamification & Engagement,1981,1,0
61,Player Experience & Immersion,Gamification & Engagement,2007,1,0
61,Player Experience & Immersion,Gamification & Engagement,2008,1,3
61,Player Experience & Immersion,Gamification & Engagement,2009,0,2
61,Player Experience & Immersion,Gamification & Engagement,2010,2,1
61,Player Experience & Immersion,Gamification & Engagement,2011,0,8
61,Player Experience & Immersion,Gamification & Engagement,2012,4,4
61,Player Experience & Immersion,Gamification & Engagement,2013,4,5
61,Player Experience & Immersion,Gamification & Engagement,2014,13,20
61,Player Experience & Immersion,Gamification & Engagement,2015,11,38
61,Player Experience & Immersion,Gamification & Engagement,2016,8,41
61,Player Experience & Immersion,Gamification & Engagement,2017,8,43
61,Player Experience & Immersion,Gamification & Engagement,2018,14,84
61,Player Experience & Immersion,Gamification & Engagement,2019,14,83
61,Player Experience & Immersion,Gamification & Engagement,2020,12,133
61,Player Experience & Immersion,Gamification & Engagement,2021,20,183
61,Player Experience & Immersion,Gamification & Engagement,2022,14,146
61,Player Experience & Immersion,Gamification & Engagement,2023,15,156
61,Player Experience & Immersion,Gamification & Engagement,2024,24,300
61,Player Experience & Immersion,Gamification & Engagement,2025,21,195
61,Player Experience & Immersion,Gamification & Engagement,2026,13,193
62,Rehabilitation Exergames,Gamification & Engagement,2003,1,0
62,Rehabilitation Exergames,Gamification & Engagement,2008,1,0
62,Rehabilitation Exergames,Gamification & Engagement,2010,3,1
62,Rehabilitation Exergames,Gamification & Engagement,2011,4,1
62,Rehabilitation Exergames,Gamification & Engagement,2012,9,13
62,Rehabilitation Exergames,Gamification & Engagement,2013,9,22
62,Rehabilitation Exergames,Gamification & Engagement,2014,10,32
62,Rehabilitation Exergames,Gamification & Engagement,2015,14,52
62,Rehabilitation Exergames,Gamification & Engagement,2016,16,87
62,Rehabilitation Exergames,Gamification & Engagement,2017,6,73
62,Rehabilitation Exergames,Gamification & Engagement,2018,9,51
62,Rehabilitation Exergames,Gamification & Engagement,2019,14,80
62,Rehabilitation Exergames,Gamification & Engagement,2020,12,102
62,Rehabilitation Exergames,Gamification & Engagement,2021,7,92
62,Rehabilitation Exergames,Gamification & Engagement,2022,7,81
62,Rehabilitation Exergames,Gamification & Engagement,2023,9,114
62,Rehabilitation Exergames,Gamification & Engagement,2024,15,167
62,Rehabilitation Exergames,Gamification & Engagement,2025,10,146
62,Rehabilitation Exergames,Gamification & Engagement,2026,8,112
63,Multiplayer & Location-based Games,Gamification & Engagement,2004,4,0
63,Multiplayer & Location-based Games,Gamification & Engagement,2006,2,7
63,Multiplayer & Location-based Games,Gamification & Engagement,2007,3,7
63,Multiplayer & Location-based Games,Gamification & Engagement,2008,6,21
63,Multiplayer & Location-based Games,Gamification & Engagement,2009,0,9
63,Multiplayer & Location-based Games,Gamification & Engagement,2010,6,13
63,Multiplayer & Location-based Games,Gamification & Engagement,2011,4,21
63,Multiplayer & Location-based Games,Gamification & Engagement,2012,9,47
63,Multiplayer & Location-based Games,Gamification & Engagement,2013,4,14
63,Multiplayer & Location-based Games,Gamification & Engagement,2014,9,49
63,Multiplayer & Location-based Games,Gamification & Engagement,2015,5,28
63,Multiplayer & Location-based Games,Gamification & Engagement,2016,9,73
63,Multiplayer & Location-based Games,Gamification & Engagement,2017,8,63
63,Multiplayer & Location-based Games,Gamification & Engagement,2018,7,95
63,Multiplayer & Location-based Games,Gamification & Engagement,2019,4,92
63,Multiplayer & Location-based Games,Gamification & Engagement,2020,9,121
63,Multiplayer & Location-based Games,Gamification & Engagement,2021,14,184
63,Multiplayer & Location-based Games,Gamification & Engagement,2022,10,144
63,Multiplayer & Location-based Games,Gamification & Engagement,2023,8,99
63,Multiplayer & Location-based Games,Gamification & Engagement,2024,10,183
63,Multiplayer & Location-based Games,Gamification & Engagement,2025,10,134
63,Multiplayer & Location-based Games,Gamification & Engagement,2026,5,89
64,Gamification & Usability,Gamification & Engagement,1982,6,4
64,Gamification & Usability,Gamification & Engagement,1983,5,11
64,Gamification & Usability,Gamification & Engagement,1985,3,2
64,Gamification & Usability,Gamification & Engagement,1986,2,5
64,Gamification & Usability,Gamification & Engagement,1988,1,0
64,Gamification & Usability,Gamification & Engagement,1989,2,1
64,Gamification & Usability,Gamification & Engagement,1990,5,0
64,Gamification & Usability,Gamification & Engagement,1991,4,6
64,Gamification & Usability,Gamification & Engagement,1992,8,31
64,Gamification & Usability,Gamification & Engagement,1993,0,3
64,Gamification & Usability,Gamification & Engagement,1994,3,11
64,Gamification & Usability,Gamification & Engagement,1995,3,13
64,Gamification & Usability,Gamification & Engagement,1996,4,9
64,Gamification & Usability,Gamification & Engagement,1997,4,13
64,Gamification & Usability,Gamification & Engagement,1998,5,7
64,Gamification & Usability,Gamification & Engagement,1999,0,3
64,Gamification & Usability,Gamification & Engagement,2000,6,9
64,Gamification & Usability,Gamification & Engagement,2001,3,11
64,Gamification & Usability,Gamification & Engagement,2002,2,10
64,Gamification & Usability,Gamification & Engagement,2003,2,9
64,Gamification & Usability,Gamification & Engagement,2004,3,9
64,Gamification & Usability,Gamification & Engagement,2005,2,9
64,Gamification & Usability,Gamification & Engagement,2006,10,27
64,Gamification & Usability,Gamification & Engagement,2007,5,25
64,Gamification & Usability,Gamification & Engagement,2008,12,49
64,Gamification & Usability,Gamification & Engagement,2009,7,35
64,Gamification & Usability,Gamification & Engagement,2010,7,24
64,Gamification & Usability,Gamification & Engagement,2011,18,62
64,Gamification & Usability,Gamification & Engagement,2012,17,63
64,Gamification & Usability,Gamification & Engagement,2013,25,58
64,Gamification & Usability,Gamification & Engagement,2014,34,98
64,Gamification & Usability,Gamification & Engagement,2015,53,108
64,Gamification & Usability,Gamification & Engagement,2016,34,146
64,Gamification & Usability,Gamification & Engagement,2017,43,193
64,Gamification & Usability,Gamification & Engagement,2018,47,234
64,Gamification & Usability,Gamification & Engagement,2019,33,248
64,Gamification & Usability,Gamification & Engagement,2020,47,429
64,Gamification & Usability,Gamification & Engagement,2021,40,392
64,Gamification & Usability,Gamification & Engagement,2022,24,338
64,Gamification & Usability,Gamification & Engagement,2023,24,263
64,Gamification & Usability,Gamification & Engagement,2024,30,477
64,Gamification & Usability,Gamification & Engagement,2025,26,331
64,Gamification & Usability,Gamification & Engagement,2026,15,261
65,Human-Robot Interaction,Robots & Conversational Agents,2002,1,0
65,Human-Robot Interaction,Robots & Conversational Agents,2003,1,1
65,Human-Robot Interaction,Robots & Conversational Agents,2004,1,0
65,Human-Robot Interaction,Robots & Conversational Agents,2006,9,6
65,Human-Robot Interaction,Robots & Conversational Agents,2007,6,9
65,Human-Robot Interaction,Robots & Conversational Agents,2008,5,22
65,Human-Robot Interaction,Robots & Conversational Agents,2009,6,30
65,Human-Robot Interaction,Robots & Conversational Agents,2010,6,16
65,Human-Robot Interaction,Robots & Conversational Agents,2011,7,16
65,Human-Robot Interaction,Robots & Conversational Agents,2012,12,26
65,Human-Robot Interaction,Robots & Conversational Agents,2013,8,31
65,Human-Robot Interaction,Robots & Conversational Agents,2014,13,35
65,Human-Robot Interaction,Robots & Conversational Agents,2015,14,41
65,Human-Robot Interaction,Robots & Conversational Agents,2016,16,41
65,Human-Robot Interaction,Robots & Conversational Agents,2017,17,78
65,Human-Robot Interaction,Robots & Conversational Agents,2018,18,104
65,Human-Robot Interaction,Robots & Conversational Agents,2019,25,165
65,Human-Robot Interaction,Robots & Conversational Agents,2020,20,175
65,Human-Robot Interaction,Robots & Conversational Agents,2021,20,203
65,Human-Robot Interaction,Robots & Conversational Agents,2022,43,294
65,Human-Robot Interaction,Robots & Conversational Agents,2023,24,171
65,Human-Robot Interaction,Robots & Conversational Agents,2024,39,366
65,Human-Robot Interaction,Robots & Conversational Agents,2025,26,269
65,Human-Robot Interaction,Robots & Conversational Agents,2026,33,401
66,Social Robots in the Field,Robots & Conversational Agents,1988,1,0
66,Social Robots in the Field,Robots & Conversational Agents,1996,1,0
66,Social Robots in the Field,Robots & Conversational Agents,2001,0,1
66,Social Robots in the Field,Robots & Conversational Agents,2003,1,0
66,Social Robots in the Field,Robots & Conversational Agents,2004,2,0
66,Social Robots in the Field,Robots & Conversational Agents,2006,14,5
66,Social Robots in the Field,Robots & Conversational Agents,2007,14,25
66,Social Robots in the Field,Robots & Conversational Agents,2008,22,36
66,Social Robots in the Field,Robots & Conversational Agents,2009,19,74
66,Social Robots in the Field,Robots & Conversational Agents,2010,2,15
66,Social Robots in the Field,Robots & Conversational Agents,2011,17,55
66,Social Robots in the Field,Robots & Conversational Agents,2012,15,48
66,Social Robots in the Field,Robots & Conversational Agents,2013,9,21
66,Social Robots in the Field,Robots & Conversational Agents,2014,17,64
66,Social Robots in the Field,Robots & Conversational Agents,2015,10,46
66,Social Robots in the Field,Robots & Conversational Agents,2016,16,64
66,Social Robots in the Field,Robots & Conversational Agents,2017,16,65
66,Social Robots in the Field,Robots & Conversational Agents,2018,14,89
66,Social Robots in the Field,Robots & Conversational Agents,2019,22,137
66,Social Robots in the Field,Robots & Conversational Agents,2020,22,134
66,Social Robots in the Field,Robots & Conversational Agents,2021,11,173
66,Social Robots in the Field,Robots & Conversational Agents,2022,32,281
66,Social Robots in the Field,Robots & Conversational Agents,2023,14,177
66,Social Robots in the Field,Robots & Conversational Agents,2024,19,277
66,Social Robots in the Field,Robots & Conversational Agents,2025,13,193
66,Social Robots in the Field,Robots & Conversational Agents,2026,28,274
67,Voice Assistants for Older Adults,Robots & Conversational Agents,1983,1,0
67,Voice Assistants for Older Adults,Robots & Conversational Agents,1985,1,1
67,Voice Assistants for Older Adults,Robots & Conversational Agents,1993,1,0
67,Voice Assistants for Older Adults,Robots & Conversational Agents,1994,0,1
67,Voice Assistants for Older Adults,Robots & Conversational Agents,1995,1,3
67,Voice Assistants for Older Adults,Robots & Conversational Agents,1996,3,4
67,Voice Assistants for Older Adults,Robots & Conversational Agents,1997,1,2
67,Voice Assistants for Older Adults,Robots & Conversational Agents,1998,2,4
67,Voice Assistants for Older Adults,Robots & Conversational Agents,1999,0,2
67,Voice Assistants for Older Adults,Robots & Conversational Agents,2000,3,8
67,Voice Assistants for Older Adults,Robots & Conversational Agents,2001,2,4
67,Voice Assistants for Older Adults,Robots & Conversational Agents,2002,1,1
67,Voice Assistants for Older Adults,Robots & Conversational Agents,2003,0,5
67,Voice Assistants for Older Adults,Robots & Conversational Agents,2004,1,5
67,Voice Assistants for Older Adults,Robots & Conversational Agents,2005,2,2
67,Voice Assistants for Older Adults,Robots & Conversational Agents,2006,6,9
67,Voice Assistants for Older Adults,Robots & Conversational Agents,2007,3,9
67,Voice Assistants for Older Adults,Robots & Conversational Agents,2008,1,6
67,Voice Assistants for Older Adults,Robots & Conversational Agents,2009,3,3
67,Voice Assistants for Older Adults,Robots & Conversational Agents,2010,2,11
67,Voice Assistants for Older Adults,Robots & Conversational Agents,2011,3,7
67,Voice Assistants for Older Adults,Robots & Conversational Agents,2012,0,2
67,Voice Assistants for Older Adults,Robots & Conversational Agents,2013,2,9
67,Voice Assistants for Older Adults,Robots & Conversational Agents,2014,6,10
67,Voice Assistants for Older Adults,Robots & Conversational Agents,2015,4,8
67,Voice Assistants for Older Adults,Robots & Conversational Agents,2016,4,14
67,Voice Assistants for Older Adults,Robots & Conversational Agents,2017,5,37
67,Voice Assistants for Older Adults,Robots & Conversational Agents,2018,8,47
67,Voice Assistants for Older Adults,Robots & Conversational Agents,2019,27,180
67,Voice Assistants for Older Adults,Robots & Conversational Agents,2020,32,285
67,Voice Assistants for Older Adults,Robots & Conversational Agents,2021,30,376
67,Voice Assistants for Older Adults,Robots & Conversational Agents,2022,31,462
67,Voice Assistants for Older Adults,Robots & Conversational Agents,2023,25,425
67,Voice Assistants for Older Adults,Robots & Conversational Agents,2024,37,516
67,Voice Assistants for Older Adults,Robots & Conversational Agents,2025,38,705
67,Voice Assistants for Older Adults,Robots & Conversational Agents,2026,24,436
68,Automated Driving Interfaces,Robots & Conversational Agents,2001,1,0
68,Automated Driving Interfaces,Robots & Conversational Agents,2004,1,0
68,Automated Driving Interfaces,Robots & Conversational Agents,2005,1,0
68,Automated Driving Interfaces,Robots & Conversational Agents,2006,1,0
68,Automated Driving Interfaces,Robots & Conversational Agents,2007,0,2
68,Automated Driving Interfaces,Robots & Conversational Agents,2008,1,0
68,Automated Driving Interfaces,Robots & Conversational Agents,2009,0,4
68,Automated Driving Interfaces,Robots & Conversational Agents,2010,3,6
68,Automated Driving Interfaces,Robots & Conversational Agents,2011,1,3
68,Automated Driving Interfaces,Robots & Conversational Agents,2012,4,3
68,Automated Driving Interfaces,Robots & Conversational Agents,2013,9,13
68,Automated Driving Interfaces,Robots & Conversational Agents,2014,10,11
68,Automated Driving Interfaces,Robots & Conversational Agents,2015,6,13
68,Automated Driving Interfaces,Robots & Conversational Agents,2016,9,21
68,Automated Driving Interfaces,Robots & Conversational Agents,2017,19,45
68,Automated Driving Interfaces,Robots & Conversational Agents,2018,14,41
68,Automated Driving Interfaces,Robots & Conversational Agents,2019,14,57
68,Automated Driving Interfaces,Robots & Conversational Agents,2020,29,92
68,Automated Driving Interfaces,Robots & Conversational Agents,2021,22,151
68,Automated Driving Interfaces,Robots & Conversational Agents,2022,24,199
68,Automated Driving Interfaces,Robots & Conversational Agents,2023,22,230
68,Automated Driving Interfaces,Robots & Conversational Agents,2024,27,292
68,Automated Driving Interfaces,Robots & Conversational Agents,2025,22,240
68,Automated Driving Interfaces,Robots & Conversational Agents,2026,20,144
69,Virtual Agents & Social Effects,Robots & Conversational Agents,1990,1,0
69,Virtual Agents & Social Effects,Robots & Conversational Agents,1991,1,1
69,Virtual Agents & Social Effects,Robots & Conversational Agents,1992,3,1
69,Virtual Agents & Social Effects,Robots & Conversational Agents,1993,1,3
69,Virtual Agents & Social Effects,Robots & Conversational Agents,1994,5,4
69,Virtual Agents & Social Effects,Robots & Conversational Agents,1995,2,4
69,Virtual Agents & Social Effects,Robots & Conversational Agents,1996,4,4
69,Virtual Agents & Social Effects,Robots & Conversational Agents,1997,5,8
69,Virtual Agents & Social Effects,Robots & Conversational Agents,1998,5,11
69,Virtual Agents & Social Effects,Robots & Conversational Agents,1999,3,14
69,Virtual Agents & Social Effects,Robots & Conversational Agents,2000,7,25
69,Virtual Agents & Social Effects,Robots & Conversational Agents,2001,5,19
69,Virtual Agents & Social Effects,Robots & Conversational Agents,2002,2,14
69,Virtual Agents & Social Effects,Robots & Conversational Agents,2003,13,28
69,Virtual Agents & Social Effects,Robots & Conversational Agents,2004,5,30
69,Virtual Agents & Social Effects,Robots & Conversational Agents,2005,14,48
69,Virtual Agents & Social Effects,Robots & Conversational Agents,2006,8,51
69,Virtual Agents & Social Effects,Robots & Conversational Agents,2007,8,37
69,Virtual Agents & Social Effects,Robots & Conversational Agents,2008,5,24
69,Virtual Agents & Social Effects,Robots & Conversational Agents,2009,7,33
69,Virtual Agents & Social Effects,Robots & Conversational Agents,2010,7,35
69,Virtual Agents & Social Effects,Robots & Conversational Agents,2011,7,32
69,Virtual Agents & Social Effects,Robots & Conversational Agents,2012,8,49
69,Virtual Agents & Social Effects,Robots & Conversational Agents,2013,4,16
69,Virtual Agents & Social Effects,Robots & Conversational Agents,2014,9,37
69,Virtual Agents & Social Effects,Robots & Conversational Agents,2015,4,28
69,Virtual Agents & Social Effects,Robots & Conversational Agents,2016,9,62
69,Virtual Agents & Social Effects,Robots & Conversational Agents,2017,3,38
69,Virtual Agents & Social Effects,Robots & Conversational Agents,2018,6,55
69,Virtual Agents & Social Effects,Robots & Conversational Agents,2019,11,116
69,Virtual Agents & Social Effects,Robots & Conversational Agents,2020,6,83
69,Virtual Agents & Social Effects,Robots & Conversational Agents,2021,10,128
69,Virtual Agents & Social Effects,Robots & Conversational Agents,2022,11,121
69,Virtual Agents & Social Effects,Robots & Conversational Agents,2023,6,100
69,Virtual Agents & Social Effects,Robots & Conversational Agents,2024,6,120
69,Virtual Agents & Social Effects,Robots & Conversational Agents,2025,12,148
69,Virtual Agents & Social Effects,Robots & Conversational Agents,2026,6,156
70,Chatbot Companions,Robots & Conversational Agents,1983,1,0
70,Chatbot Companions,Robots & Conversational Agents,1988,1,0
70,Chatbot Companions,Robots & Conversational Agents,1990,0,2
70,Chatbot Companions,Robots & Conversational Agents,1992,0,1
70,Chatbot Companions,Robots & Conversational Agents,1996,0,1
70,Chatbot Companions,Robots & Conversational Agents,2007,2,0
70,Chatbot Companions,Robots & Conversational Agents,2008,0,1
70,Chatbot Companions,Robots & Conversational Agents,2010,3,1
70,Chatbot Companions,Robots & Conversational Agents,2011,1,0
70,Chatbot Companions,Robots & Conversational Agents,2012,1,2
70,Chatbot Companions,Robots & Conversational Agents,2013,0,1
70,Chatbot Companions,Robots & Conversational Agents,2014,2,3
70,Chatbot Companions,Robots & Conversational Agents,2015,1,5
70,Chatbot Companions,Robots & Conversational Agents,2016,1,9
70,Chatbot Companions,Robots & Conversational Agents,2017,6,5
70,Chatbot Companions,Robots & Conversational Agents,2018,10,29
70,Chatbot Companions,Robots & Conversational Agents,2019,10,62
70,Chatbot Companions,Robots & Conversational Agents,2020,18,105
70,Chatbot Companions,Robots & Conversational Agents,2021,23,221
70,Chatbot Companions,Robots & Conversational Agents,2022,19,206
70,Chatbot Companions,Robots & Conversational Agents,2023,15,213
70,Chatbot Companions,Robots & Conversational Agents,2024,29,330
70,Chatbot Companions,Robots & Conversational Agents,2025,40,592
70,Chatbot Companions,Robots & Conversational Agents,2026,36,403
71,Drones & Flying Robots,Robots & Conversational Agents,1997,1,1
71,Drones & Flying Robots,Robots & Conversational Agents,1998,0,1
71,Drones & Flying Robots,Robots & Conversational Agents,2000,2,0
71,Drones & Flying Robots,Robots & Conversational Agents,2002,1,0
71,Drones & Flying Robots,Robots & Conversational Agents,2005,1,0
71,Drones & Flying Robots,Robots & Conversational Agents,2006,2,2
71,Drones & Flying Robots,Robots & Conversational Agents,2007,1,1
71,Drones & Flying Robots,Robots & Conversational Agents,2008,1,1
71,Drones & Flying Robots,Robots & Conversational Agents,2009,3,2
71,Drones & Flying Robots,Robots & Conversational Agents,2010,1,2
71,Drones & Flying Robots,Robots & Conversational Agents,2011,4,3
71,Drones & Flying Robots,Robots & Conversational Agents,2012,6,4
71,Drones & Flying Robots,Robots & Conversational Agents,2013,6,8
71,Drones & Flying Robots,Robots & Conversational Agents,2014,9,13
71,Drones & Flying Robots,Robots & Conversational Agents,2015,5,14
71,Drones & Flying Robots,Robots & Conversational Agents,2016,4,13
71,Drones & Flying Robots,Robots & Conversational Agents,2017,6,24
71,Drones & Flying Robots,Robots & Conversational Agents,2018,11,44
71,Drones & Flying Robots,Robots & Conversational Agents,2019,14,90
71,Drones & Flying Robots,Robots & Conversational Agents,2020,5,48
71,Drones & Flying Robots,Robots & Conversational Agents,2021,8,104
71,Drones & Flying Robots,Robots & Conversational Agents,2022,7,90
71,Drones & Flying Robots,Robots & Conversational Agents,2023,9,101
71,Drones & Flying Robots,Robots & Conversational Agents,2024,11,98
71,Drones & Flying Robots,Robots & Conversational Agents,2025,9,84
71,Drones & Flying Robots,Robots & Conversational Agents,2026,3,67
72,Robot Presence & Embodiment,Robots & Conversational Agents,1982,1,0
72,Robot Presence & Embodiment,Robots & Conversational Agents,1983,1,0
72,Robot Presence & Embodiment,Robots & Conversational Agents,1986,1,1
72,Robot Presence & Embodiment,Robots & Conversational Agents,1988,1,0
72,Robot Presence & Embodiment,Robots & Conversational Agents,1994,1,1
72,Robot Presence & Embodiment,Robots & Conversational Agents,1996,2,0
72,Robot Presence & Embodiment,Robots & Conversational Agents,1997,3,4
72,Robot Presence & Embodiment,Robots & Conversational Agents,1998,2,3
72,Robot Presence & Embodiment,Robots & Conversational Agents,1999,1,3
72,Robot Presence & Embodiment,Robots & Conversational Agents,2000,3,4
72,Robot Presence & Embodiment,Robots & Conversational Agents,2001,0,1
72,Robot Presence & Embodiment,Robots & Conversational Agents,2002,2,1
72,Robot Presence & Embodiment,Robots & Conversational Agents,2003,2,3
72,Robot Presence & Embodiment,Robots & Conversational Agents,2004,3,3
72,Robot Presence & Embodiment,Robots & Conversational Agents,2005,2,3
72,Robot Presence & Embodiment,Robots & Conversational Agents,2006,9,12
72,Robot Presence & Embodiment,Robots & Conversational Agents,2007,10,10
72,Robot Presence & Embodiment,Robots & Conversational Agents,2008,4,9
72,Robot Presence & Embodiment,Robots & Conversational Agents,2009,10,14
72,Robot Presence & Embodiment,Robots & Conversational Agents,2010,3,8
72,Robot Presence & Embodiment,Robots & Conversational Agents,2011,8,20
72,Robot Presence & Embodiment,Robots & Conversational Agents,2012,5,24
72,Robot Presence & Embodiment,Robots & Conversational Agents,2013,4,24
72,Robot Presence & Embodiment,Robots & Conversational Agents,2014,9,25
72,Robot Presence & Embodiment,Robots & Conversational Agents,2015,8,32
72,Robot Presence & Embodiment,Robots & Conversational Agents,2016,6,22
72,Robot Presence & Embodiment,Robots & Conversational Agents,2017,8,44
72,Robot Presence & Embodiment,Robots & Conversational Agents,2018,5,44
72,Robot Presence & Embodiment,Robots & Conversational Agents,2019,15,86
72,Robot Presence & Embodiment,Robots & Conversational Agents,2020,15,119
72,Robot Presence & Embodiment,Robots & Conversational Agents,2021,8,80
72,Robot Presence & Embodiment,Robots & Conversational Agents,2022,12,97
72,Robot Presence & Embodiment,Robots & Conversational Agents,2023,8,61
72,Robot Presence & Embodiment,Robots & Conversational Agents,2024,17,154
72,Robot Presence & Embodiment,Robots & Conversational Agents,2025,8,115
72,Robot Presence & Embodiment,Robots & Conversational Agents,2026,17,142
73,Human-AI Trust & Explanation,"AI, Data & Intelligent Interfaces",1983,1,0
73,Human-AI Trust & Explanation,"AI, Data & Intelligent Interfaces",1986,0,3
73,Human-AI Trust & Explanation,"AI, Data & Intelligent Interfaces",1988,1,0
73,Human-AI Trust & Explanation,"AI, Data & Intelligent Interfaces",1989,1,0
73,Human-AI Trust & Explanation,"AI, Data & Intelligent Interfaces",1992,1,0
73,Human-AI Trust & Explanation,"AI, Data & Intelligent Interfaces",1993,2,2
73,Human-AI Trust & Explanation,"AI, Data & Intelligent Interfaces",1994,3,1
73,Human-AI Trust & Explanation,"AI, Data & Intelligent Interfaces",1997,1,3
73,Human-AI Trust & Explanation,"AI, Data & Intelligent Interfaces",1998,1,1
73,Human-AI Trust & Explanation,"AI, Data & Intelligent Interfaces",1999,3,0
73,Human-AI Trust & Explanation,"AI, Data & Intelligent Interfaces",2000,4,8
73,Human-AI Trust & Explanation,"AI, Data & Intelligent Interfaces",2001,2,5
73,Human-AI Trust & Explanation,"AI, Data & Intelligent Interfaces",2002,4,5
73,Human-AI Trust & Explanation,"AI, Data & Intelligent Interfaces",2003,4,11
73,Human-AI Trust & Explanation,"AI, Data & Intelligent Interfaces",2004,1,9
73,Human-AI Trust & Explanation,"AI, Data & Intelligent Interfaces",2005,2,10
73,Human-AI Trust & Explanation,"AI, Data & Intelligent Interfaces",2006,5,12
73,Human-AI Trust & Explanation,"AI, Data & Intelligent Interfaces",2007,6,26
73,Human-AI Trust & Explanation,"AI, Data & Intelligent Interfaces",2008,6,25
73,Human-AI Trust & Explanation,"AI, Data & Intelligent Interfaces",2009,9,44
73,Human-AI Trust & Explanation,"AI, Data & Intelligent Interfaces",2010,6,25
73,Human-AI Trust & Explanation,"AI, Data & Intelligent Interfaces",2011,8,37
73,Human-AI Trust & Explanation,"AI, Data & Intelligent Interfaces",2012,15,50
73,Human-AI Trust & Explanation,"AI, Data & Intelligent Interfaces",2013,5,30
73,Human-AI Trust & Explanation,"AI, Data & Intelligent Interfaces",2014,9,28
73,Human-AI Trust & Explanation,"AI, Data & Intelligent Interfaces",2015,15,45
73,Human-AI Trust & Explanation,"AI, Data & Intelligent Interfaces",2016,17,86
73,Human-AI Trust & Explanation,"AI, Data & Intelligent Interfaces",2017,19,84
73,Human-AI Trust & Explanation,"AI, Data & Intelligent Interfaces",2018,33,195
73,Human-AI Trust & Explanation,"AI, Data & Intelligent Interfaces",2019,61,419
73,Human-AI Trust & Explanation,"AI, Data & Intelligent Interfaces",2020,61,520
73,Human-AI Trust & Explanation,"AI, Data & Intelligent Interfaces",2021,94,1101
73,Human-AI Trust & Explanation,"AI, Data & Intelligent Interfaces",2022,105,1269
73,Human-AI Trust & Explanation,"AI, Data & Intelligent Interfaces",2023,136,2003
73,Human-AI Trust & Explanation,"AI, Data & Intelligent Interfaces",2024,146,2680
73,Human-AI Trust & Explanation,"AI, Data & Intelligent Interfaces",2025,178,3453
73,Human-AI Trust & Explanation,"AI, Data & Intelligent Interfaces",2026,155,2361
74,Crowdsourcing & Peer Feedback,"AI, Data & Intelligent Interfaces",1983,1,0
74,Crowdsourcing & Peer Feedback,"AI, Data & Intelligent Interfaces",1986,2,1
74,Crowdsourcing & Peer Feedback,"AI, Data & Intelligent Interfaces",1988,1,1
74,Crowdsourcing & Peer Feedback,"AI, Data & Intelligent Interfaces",1990,3,1
74,Crowdsourcing & Peer Feedback,"AI, Data & Intelligent Interfaces",1996,0,1
74,Crowdsourcing & Peer Feedback,"AI, Data & Intelligent Interfaces",1997,1,1
74,Crowdsourcing & Peer Feedback,"AI, Data & Intelligent Interfaces",1999,1,0
74,Crowdsourcing & Peer Feedback,"AI, Data & Intelligent Interfaces",2000,2,0
74,Crowdsourcing & Peer Feedback,"AI, Data & Intelligent Interfaces",2001,1,1
74,Crowdsourcing & Peer Feedback,"AI, Data & Intelligent Interfaces",2004,1,1
74,Crowdsourcing & Peer Feedback,"AI, Data & Intelligent Interfaces",2006,8,6
74,Crowdsourcing & Peer Feedback,"AI, Data & Intelligent Interfaces",2007,2,6
74,Crowdsourcing & Peer Feedback,"AI, Data & Intelligent Interfaces",2008,8,7
74,Crowdsourcing & Peer Feedback,"AI, Data & Intelligent Interfaces",2009,12,22
74,Crowdsourcing & Peer Feedback,"AI, Data & Intelligent Interfaces",2010,8,27
74,Crowdsourcing & Peer Feedback,"AI, Data & Intelligent Interfaces",2011,21,62
74,Crowdsourcing & Peer Feedback,"AI, Data & Intelligent Interfaces",2012,30,122
74,Crowdsourcing & Peer Feedback,"AI, Data & Intelligent Interfaces",2013,35,187
74,Crowdsourcing & Peer Feedback,"AI, Data & Intelligent Interfaces",2014,47,260
74,Crowdsourcing & Peer Feedback,"AI, Data & Intelligent Interfaces",2015,40,255
74,Crowdsourcing & Peer Feedback,"AI, Data & Intelligent Interfaces",2016,58,515
74,Crowdsourcing & Peer Feedback,"AI, Data & Intelligent Interfaces",2017,70,799
74,Crowdsourcing & Peer Feedback,"AI, Data & Intelligent Interfaces",2018,47,649
74,Crowdsourcing & Peer Feedback,"AI, Data & Intelligent Interfaces",2019,39,637
74,Crowdsourcing & Peer Feedback,"AI, Data & Intelligent Interfaces",2020,27,448
74,Crowdsourcing & Peer Feedback,"AI, Data & Intelligent Interfaces",2021,52,912
74,Crowdsourcing & Peer Feedback,"AI, Data & Intelligent Interfaces",2022,25,663
74,Crowdsourcing & Peer Feedback,"AI, Data & Intelligent Interfaces",2023,27,519
74,Crowdsourcing & Peer Feedback,"AI, Data & Intelligent Interfaces",2024,27,634
74,Crowdsourcing & Peer Feedback,"AI, Data & Intelligent Interfaces",2025,23,616
74,Crowdsourcing & Peer Feedback,"AI, Data & Intelligent Interfaces",2026,4,215
75,"LLMs, Writing & Prompting","AI, Data & Intelligent Interfaces",1982,1,0
75,"LLMs, Writing & Prompting","AI, Data & Intelligent Interfaces",1983,1,0
75,"LLMs, Writing & Prompting","AI, Data & Intelligent Interfaces",1986,1,0
75,"LLMs, Writing & Prompting","AI, Data & Intelligent Interfaces",1989,0,3
75,"LLMs, Writing & Prompting","AI, Data & Intelligent Interfaces",1992,1,0
75,"LLMs, Writing & Prompting","AI, Data & Intelligent Interfaces",2001,2,0
75,"LLMs, Writing & Prompting","AI, Data & Intelligent Interfaces",2002,2,0
75,"LLMs, Writing & Prompting","AI, Data & Intelligent Interfaces",2003,2,2
75,"LLMs, Writing & Prompting","AI, Data & Intelligent Interfaces",2004,3,0
75,"LLMs, Writing & Prompting","AI, Data & Intelligent Interfaces",2005,0,1
75,"LLMs, Writing & Prompting","AI, Data & Intelligent Interfaces",2006,0,2
75,"LLMs, Writing & Prompting","AI, Data & Intelligent Interfaces",2008,1,0
75,"LLMs, Writing & Prompting","AI, Data & Intelligent Interfaces",2010,3,0
75,"LLMs, Writing & Prompting","AI, Data & Intelligent Interfaces",2011,2,1
75,"LLMs, Writing & Prompting","AI, Data & Intelligent Interfaces",2012,4,1
75,"LLMs, Writing & Prompting","AI, Data & Intelligent Interfaces",2013,0,2
75,"LLMs, Writing & Prompting","AI, Data & Intelligent Interfaces",2014,2,5
75,"LLMs, Writing & Prompting","AI, Data & Intelligent Interfaces",2015,6,2
75,"LLMs, Writing & Prompting","AI, Data & Intelligent Interfaces",2016,5,9
75,"LLMs, Writing & Prompting","AI, Data & Intelligent Interfaces",2017,5,16
75,"LLMs, Writing & Prompting","AI, Data & Intelligent Interfaces",2018,3,12
75,"LLMs, Writing & Prompting","AI, Data & Intelligent Interfaces",2019,12,22
75,"LLMs, Writing & Prompting","AI, Data & Intelligent Interfaces",2020,15,51
75,"LLMs, Writing & Prompting","AI, Data & Intelligent Interfaces",2021,15,92
75,"LLMs, Writing & Prompting","AI, Data & Intelligent Interfaces",2022,25,132
75,"LLMs, Writing & Prompting","AI, Data & Intelligent Interfaces",2023,43,302
75,"LLMs, Writing & Prompting","AI, Data & Intelligent Interfaces",2024,113,1019
75,"LLMs, Writing & Prompting","AI, Data & Intelligent Interfaces",2025,166,2249
75,"LLMs, Writing & Prompting","AI, Data & Intelligent Interfaces",2026,119,1826
76,Search & Recommendation,"AI, Data & Intelligent Interfaces",1982,2,0
76,Search & Recommendation,"AI, Data & Intelligent Interfaces",1983,2,2
76,Search & Recommendation,"AI, Data & Intelligent Interfaces",1985,1,0
76,Search & Recommendation,"AI, Data & Intelligent Interfaces",1986,7,1
76,Search & Recommendation,"AI, Data & Intelligent Interfaces",1988,1,1
76,Search & Recommendation,"AI, Data & Intelligent Interfaces",1989,4,6
76,Search & Recommendation,"AI, Data & Intelligent Interfaces",1990,0,1
76,Search & Recommendation,"AI, Data & Intelligent Interfaces",1991,3,0
76,Search & Recommendation,"AI, Data & Intelligent Interfaces",1992,11,8
76,Search & Recommendation,"AI, Data & Intelligent Interfaces",1993,4,5
76,Search & Recommendation,"AI, Data & Intelligent Interfaces",1994,9,15
76,Search & Recommendation,"AI, Data & Intelligent Interfaces",1995,11,20
76,Search & Recommendation,"AI, Data & Intelligent Interfaces",1996,10,25
76,Search & Recommendation,"AI, Data & Intelligent Interfaces",1997,16,57
76,Search & Recommendation,"AI, Data & Intelligent Interfaces",1998,17,72
76,Search & Recommendation,"AI, Data & Intelligent Interfaces",1999,14,72
76,Search & Recommendation,"AI, Data & Intelligent Interfaces",2000,16,97
76,Search & Recommendation,"AI, Data & Intelligent Interfaces",2001,23,98
76,Search & Recommendation,"AI, Data & Intelligent Interfaces",2002,13,87
76,Search & Recommendation,"AI, Data & Intelligent Interfaces",2003,17,92
76,Search & Recommendation,"AI, Data & Intelligent Interfaces",2004,14,93
76,Search & Recommendation,"AI, Data & Intelligent Interfaces",2005,11,65
76,Search & Recommendation,"AI, Data & Intelligent Interfaces",2006,21,124
76,Search & Recommendation,"AI, Data & Intelligent Interfaces",2007,15,77
76,Search & Recommendation,"AI, Data & Intelligent Interfaces",2008,18,125
76,Search & Recommendation,"AI, Data & Intelligent Interfaces",2009,17,104
76,Search & Recommendation,"AI, Data & Intelligent Interfaces",2010,19,152
76,Search & Recommendation,"AI, Data & Intelligent Interfaces",2011,25,124
76,Search & Recommendation,"AI, Data & Intelligent Interfaces",2012,15,143
76,Search & Recommendation,"AI, Data & Intelligent Interfaces",2013,15,118
76,Search & Recommendation,"AI, Data & Intelligent Interfaces",2014,17,138
76,Search & Recommendation,"AI, Data & Intelligent Interfaces",2015,16,130
76,Search & Recommendation,"AI, Data & Intelligent Interfaces",2016,10,138
76,Search & Recommendation,"AI, Data & Intelligent Interfaces",2017,15,167
76,Search & Recommendation,"AI, Data & Intelligent Interfaces",2018,14,174
76,Search & Recommendation,"AI, Data & Intelligent Interfaces",2019,9,159
76,Search & Recommendation,"AI, Data & Intelligent Interfaces",2020,8,149
76,Search & Recommendation,"AI, Data & Intelligent Interfaces",2021,13,218
76,Search & Recommendation,"AI, Data & Intelligent Interfaces",2022,25,314
76,Search & Recommendation,"AI, Data & Intelligent Interfaces",2023,10,192
76,Search & Recommendation,"AI, Data & Intelligent Interfaces",2024,18,301
76,Search & Recommendation,"AI, Data & Intelligent Interfaces",2025,22,409
76,Search & Recommendation,"AI, Data & Intelligent Interfaces",2026,8,239
77,Creativity Support & Generative Tools,"AI, Data & Intelligent Interfaces",1990,1,0
77,Creativity Support & Generative Tools,"AI, Data & Intelligent Interfaces",1991,1,0
77,Creativity Support & Generative Tools,"AI, Data & Intelligent Interfaces",1993,1,0
77,Creativity Support & Generative Tools,"AI, Data & Intelligent Interfaces",1994,1,1
77,Creativity Support & Generative Tools,"AI, Data & Intelligent Interfaces",1995,0,1
77,Creativity Support & Generative Tools,"AI, Data & Intelligent Interfaces",1997,1,0
77,Creativity Support & Generative Tools,"AI, Data & Intelligent Interfaces",1998,1,0
77,Creativity Support & Generative Tools,"AI, Data & Intelligent Interfaces",2000,6,0
77,Creativity Support & Generative Tools,"AI, Data & Intelligent Interfaces",2001,2,3
77,Creativity Support & Generative Tools,"AI, Data & Intelligent Interfaces",2002,4,2
77,Creativity Support & Generative Tools,"AI, Data & Intelligent Interfaces",2003,2,7
77,Creativity Support & Generative Tools,"AI, Data & Intelligent Interfaces",2004,5,10
77,Creativity Support & Generative Tools,"AI, Data & Intelligent Interfaces",2005,8,14
77,Creativity Support & Generative Tools,"AI, Data & Intelligent Interfaces",2006,4,19
77,Creativity Support & Generative Tools,"AI, Data & Intelligent Interfaces",2007,1,8
77,Creativity Support & Generative Tools,"AI, Data & Intelligent Interfaces",2008,3,18
77,Creativity Support & Generative Tools,"AI, Data & Intelligent Interfaces",2009,2,11
77,Creativity Support & Generative Tools,"AI, Data & Intelligent Interfaces",2010,8,20
77,Creativity Support & Generative Tools,"AI, Data & Intelligent Interfaces",2011,7,22
77,Creativity Support & Generative Tools,"AI, Data & Intelligent Interfaces",2012,6,27
77,Creativity Support & Generative Tools,"AI, Data & Intelligent Interfaces",2013,5,24
77,Creativity Support & Generative Tools,"AI, Data & Intelligent Interfaces",2014,10,32
77,Creativity Support & Generative Tools,"AI, Data & Intelligent Interfaces",2015,9,54
77,Creativity Support & Generative Tools,"AI, Data & Intelligent Interfaces",2016,17,72
77,Creativity Support & Generative Tools,"AI, Data & Intelligent Interfaces",2017,16,87
77,Creativity Support & Generative Tools,"AI, Data & Intelligent Interfaces",2018,11,124
77,Creativity Support & Generative Tools,"AI, Data & Intelligent Interfaces",2019,14,126
77,Creativity Support & Generative Tools,"AI, Data & Intelligent Interfaces",2020,22,210
77,Creativity Support & Generative Tools,"AI, Data & Intelligent Interfaces",2021,19,287
77,Creativity Support & Generative Tools,"AI, Data & Intelligent Interfaces",2022,36,316
77,Creativity Support & Generative Tools,"AI, Data & Intelligent Interfaces",2023,61,558
77,Creativity Support & Generative Tools,"AI, Data & Intelligent Interfaces",2024,71,902
77,Creativity Support & Generative Tools,"AI, Data & Intelligent Interfaces",2025,100,1701
77,Creativity Support & Generative Tools,"AI, Data & Intelligent Interfaces",2026,76,1441
78,Data Visualization,"AI, Data & Intelligent Interfaces",1986,1,0
78,Data Visualization,"AI, Data & Intelligent Interfaces",1988,3,3
78,Data Visualization,"AI, Data & Intelligent Interfaces",1989,1,3
78,Data Visualization,"AI, Data & Intelligent Interfaces",1990,1,5
78,Data Visualization,"AI, Data & Intelligent Interfaces",1991,3,7
78,Data Visualization,"AI, Data & Intelligent Interfaces",1992,3,5
78,Data Visualization,"AI, Data & Intelligent Interfaces",1993,5,6
78,Data Visualization,"AI, Data & Intelligent Interfaces",1994,4,13
78,Data Visualization,"AI, Data & Intelligent Interfaces",1995,1,11
78,Data Visualization,"AI, Data & Intelligent Interfaces",1996,2,6
78,Data Visualization,"AI, Data & Intelligent Interfaces",1997,11,24
78,Data Visualization,"AI, Data & Intelligent Interfaces",1998,5,15
78,Data Visualization,"AI, Data & Intelligent Interfaces",1999,1,12
78,Data Visualization,"AI, Data & Intelligent Interfaces",2000,6,16
78,Data Visualization,"AI, Data & Intelligent Interfaces",2001,1,9
78,Data Visualization,"AI, Data & Intelligent Interfaces",2002,4,8
78,Data Visualization,"AI, Data & Intelligent Interfaces",2003,2,9
78,Data Visualization,"AI, Data & Intelligent Interfaces",2004,5,18
78,Data Visualization,"AI, Data & Intelligent Interfaces",2005,0,7
78,Data Visualization,"AI, Data & Intelligent Interfaces",2006,4,9
78,Data Visualization,"AI, Data & Intelligent Interfaces",2007,3,7
78,Data Visualization,"AI, Data & Intelligent Interfaces",2008,6,20
78,Data Visualization,"AI, Data & Intelligent Interfaces",2009,6,19
78,Data Visualization,"AI, Data & Intelligent Interfaces",2010,7,15
78,Data Visualization,"AI, Data & Intelligent Interfaces",2011,8,26
78,Data Visualization,"AI, Data & Intelligent Interfaces",2012,10,22
78,Data Visualization,"AI, Data & Intelligent Interfaces",2013,10,22
78,Data Visualization,"AI, Data & Intelligent Interfaces",2014,12,46
78,Data Visualization,"AI, Data & Intelligent Interfaces",2015,21,64
78,Data Visualization,"AI, Data & Intelligent Interfaces",2016,14,61
78,Data Visualization,"AI, Data & Intelligent Interfaces",2017,23,104
78,Data Visualization,"AI, Data & Intelligent Interfaces",2018,27,132
78,Data Visualization,"AI, Data & Intelligent Interfaces",2019,33,199
78,Data Visualization,"AI, Data & Intelligent Interfaces",2020,34,258
78,Data Visualization,"AI, Data & Intelligent Interfaces",2021,35,306
78,Data Visualization,"AI, Data & Intelligent Interfaces",2022,24,321
78,Data Visualization,"AI, Data & Intelligent Interfaces",2023,40,458
78,Data Visualization,"AI, Data & Intelligent Interfaces",2024,32,455
78,Data Visualization,"AI, Data & Intelligent Interfaces",2025,49,568
78,Data Visualization,"AI, Data & Intelligent Interfaces",2026,29,432
79,Video Interfaces & Editing,"AI, Data & Intelligent Interfaces",1982,1,0
79,Video Interfaces & Editing,"AI, Data & Intelligent Interfaces",1983,1,0
79,Video Interfaces & Editing,"AI, Data & Intelligent Interfaces",1985,2,0
79,Video Interfaces & Editing,"AI, Data & Intelligent Interfaces",1986,7,6
79,Video Interfaces & Editing,"AI, Data & Intelligent Interfaces",1988,4,5
79,Video Interfaces & Editing,"AI, Data & Intelligent Interfaces",1989,5,3
79,Video Interfaces & Editing,"AI, Data & Intelligent Interfaces",1990,8,14
79,Video Interfaces & Editing,"AI, Data & Intelligent Interfaces",1991,9,20
79,Video Interfaces & Editing,"AI, Data & Intelligent Interfaces",1992,8,17
79,Video Interfaces & Editing,"AI, Data & Intelligent Interfaces",1993,3,10
79,Video Interfaces & Editing,"AI, Data & Intelligent Interfaces",1994,4,10
79,Video Interfaces & Editing,"AI, Data & Intelligent Interfaces",1995,8,24
79,Video Interfaces & Editing,"AI, Data & Intelligent Interfaces",1996,4,17
79,Video Interfaces & Editing,"AI, Data & Intelligent Interfaces",1997,3,15
79,Video Interfaces & Editing,"AI, Data & Intelligent Interfaces",1998,5,12
79,Video Interfaces & Editing,"AI, Data & Intelligent Interfaces",1999,1,7
79,Video Interfaces & Editing,"AI, Data & Intelligent Interfaces",2000,6,9
79,Video Interfaces & Editing,"AI, Data & Intelligent Interfaces",2001,5,16
79,Video Interfaces & Editing,"AI, Data & Intelligent Interfaces",2002,5,19
79,Video Interfaces & Editing,"AI, Data & Intelligent Interfaces",2003,2,10
79,Video Interfaces & Editing,"AI, Data & Intelligent Interfaces",2004,7,27
79,Video Interfaces & Editing,"AI, Data & Intelligent Interfaces",2005,6,18
79,Video Interfaces & Editing,"AI, Data & Intelligent Interfaces",2006,10,30
79,Video Interfaces & Editing,"AI, Data & Intelligent Interfaces",2007,7,42
79,Video Interfaces & Editing,"AI, Data & Intelligent Interfaces",2008,15,37
79,Video Interfaces & Editing,"AI, Data & Intelligent Interfaces",2009,11,58
79,Video Interfaces & Editing,"AI, Data & Intelligent Interfaces",2010,9,63
79,Video Interfaces & Editing,"AI, Data & Intelligent Interfaces",2011,19,111
79,Video Interfaces & Editing,"AI, Data & Intelligent Interfaces",2012,21,153
79,Video Interfaces & Editing,"AI, Data & Intelligent Interfaces",2013,14,107
79,Video Interfaces & Editing,"AI, Data & Intelligent Interfaces",2014,21,208
79,Video Interfaces & Editing,"AI, Data & Intelligent Interfaces",2015,12,152
79,Video Interfaces & Editing,"AI, Data & Intelligent Interfaces",2016,13,187
79,Video Interfaces & Editing,"AI, Data & Intelligent Interfaces",2017,13,165
79,Video Interfaces & Editing,"AI, Data & Intelligent Interfaces",2018,19,203
79,Video Interfaces & Editing,"AI, Data & Intelligent Interfaces",2019,14,236
79,Video Interfaces & Editing,"AI, Data & Intelligent Interfaces",2020,17,255
79,Video Interfaces & Editing,"AI, Data & Intelligent Interfaces",2021,11,263
79,Video Interfaces & Editing,"AI, Data & Intelligent Interfaces",2022,14,281
79,Video Interfaces & Editing,"AI, Data & Intelligent Interfaces",2023,14,394
79,Video Interfaces & Editing,"AI, Data & Intelligent Interfaces",2024,20,396
79,Video Interfaces & Editing,"AI, Data & Intelligent Interfaces",2025,16,417
79,Video Interfaces & Editing,"AI, Data & Intelligent Interfaces",2026,18,298
80,GUI Datasets & Automation,"AI, Data & Intelligent Interfaces",1982,1,0
80,GUI Datasets & Automation,"AI, Data & Intelligent Interfaces",1985,1,0
80,GUI Datasets & Automation,"AI, Data & Intelligent Interfaces",1989,1,0
80,GUI Datasets & Automation,"AI, Data & Intelligent Interfaces",1990,0,1
80,GUI Datasets & Automation,"AI, Data & Intelligent Interfaces",1991,2,1
80,GUI Datasets & Automation,"AI, Data & Intelligent Interfaces",1992,4,1
80,GUI Datasets & Automation,"AI, Data & Intelligent Interfaces",1993,2,3
80,GUI Datasets & Automation,"AI, Data & Intelligent Interfaces",1995,3,5
80,GUI Datasets & Automation,"AI, Data & Intelligent Interfaces",1996,1,2
80,GUI Datasets & Automation,"AI, Data & Intelligent Interfaces",1997,6,5
80,GUI Datasets & Automation,"AI, Data & Intelligent Interfaces",1998,9,11
80,GUI Datasets & Automation,"AI, Data & Intelligent Interfaces",1999,4,10
80,GUI Datasets & Automation,"AI, Data & Intelligent Interfaces",2000,4,12
80,GUI Datasets & Automation,"AI, Data & Intelligent Interfaces",2001,2,11
80,GUI Datasets & Automation,"AI, Data & Intelligent Interfaces",2002,5,22
80,GUI Datasets & Automation,"AI, Data & Intelligent Interfaces",2003,6,13
80,GUI Datasets & Automation,"AI, Data & Intelligent Interfaces",2004,9,19
80,GUI Datasets & Automation,"AI, Data & Intelligent Interfaces",2005,9,23
80,GUI Datasets & Automation,"AI, Data & Intelligent Interfaces",2006,13,47
80,GUI Datasets & Automation,"AI, Data & Intelligent Interfaces",2007,11,56
80,GUI Datasets & Automation,"AI, Data & Intelligent Interfaces",2008,17,87
80,GUI Datasets & Automation,"AI, Data & Intelligent Interfaces",2009,15,91
80,GUI Datasets & Automation,"AI, Data & Intelligent Interfaces",2010,13,90
80,GUI Datasets & Automation,"AI, Data & Intelligent Interfaces",2011,17,116
80,GUI Datasets & Automation,"AI, Data & Intelligent Interfaces",2012,9,99
80,GUI Datasets & Automation,"AI, Data & Intelligent Interfaces",2013,10,72
80,GUI Datasets & Automation,"AI, Data & Intelligent Interfaces",2014,13,110
80,GUI Datasets & Automation,"AI, Data & Intelligent Interfaces",2015,10,69
80,GUI Datasets & Automation,"AI, Data & Intelligent Interfaces",2016,9,94
80,GUI Datasets & Automation,"AI, Data & Intelligent Interfaces",2017,10,138
80,GUI Datasets & Automation,"AI, Data & Intelligent Interfaces",2018,13,153
80,GUI Datasets & Automation,"AI, Data & Intelligent Interfaces",2019,14,192
80,GUI Datasets & Automation,"AI, Data & Intelligent Interfaces",2020,20,210
80,GUI Datasets & Automation,"AI, Data & Intelligent Interfaces",2021,24,334
80,GUI Datasets & Automation,"AI, Data & Intelligent Interfaces",2022,14,218
80,GUI Datasets & Automation,"AI, Data & Intelligent Interfaces",2023,18,310
80,GUI Datasets & Automation,"AI, Data & Intelligent Interfaces",2024,22,434
80,GUI Datasets & Automation,"AI, Data & Intelligent Interfaces",2025,20,445
80,GUI Datasets & Automation,"AI, Data & Intelligent Interfaces",2026,10,210
81,Programming & Notebooks,"AI, Data & Intelligent Interfaces",1982,2,0
81,Programming & Notebooks,"AI, Data & Intelligent Interfaces",1983,2,1
81,Programming & Notebooks,"AI, Data & Intelligent Interfaces",1985,1,0
81,Programming & Notebooks,"AI, Data & Intelligent Interfaces",1986,2,4
81,Programming & Notebooks,"AI, Data & Intelligent Interfaces",1988,0,1
81,Programming & Notebooks,"AI, Data & Intelligent Interfaces",1994,3,0
81,Programming & Notebooks,"AI, Data & Intelligent Interfaces",1996,1,1
81,Programming & Notebooks,"AI, Data & Intelligent Interfaces",1997,2,0
81,Programming & Notebooks,"AI, Data & Intelligent Interfaces",1998,1,2
81,Programming & Notebooks,"AI, Data & Intelligent Interfaces",1999,2,0
81,Programming & Notebooks,"AI, Data & Intelligent Interfaces",2000,2,2
81,Programming & Notebooks,"AI, Data & Intelligent Interfaces",2001,3,5
81,Programming & Notebooks,"AI, Data & Intelligent Interfaces",2002,1,2
81,Programming & Notebooks,"AI, Data & Intelligent Interfaces",2003,3,4
81,Programming & Notebooks,"AI, Data & Intelligent Interfaces",2004,4,8
81,Programming & Notebooks,"AI, Data & Intelligent Interfaces",2005,3,4
81,Programming & Notebooks,"AI, Data & Intelligent Interfaces",2006,4,10
81,Programming & Notebooks,"AI, Data & Intelligent Interfaces",2007,2,6
81,Programming & Notebooks,"AI, Data & Intelligent Interfaces",2008,5,12
81,Programming & Notebooks,"AI, Data & Intelligent Interfaces",2009,3,13
81,Programming & Notebooks,"AI, Data & Intelligent Interfaces",2010,5,16
81,Programming & Notebooks,"AI, Data & Intelligent Interfaces",2011,8,8
81,Programming & Notebooks,"AI, Data & Intelligent Interfaces",2012,3,17
81,Programming & Notebooks,"AI, Data & Intelligent Interfaces",2013,5,17
81,Programming & Notebooks,"AI, Data & Intelligent Interfaces",2014,3,17
81,Programming & Notebooks,"AI, Data & Intelligent Interfaces",2015,8,28
81,Programming & Notebooks,"AI, Data & Intelligent Interfaces",2016,8,52
81,Programming & Notebooks,"AI, Data & Intelligent Interfaces",2017,13,47
81,Programming & Notebooks,"AI, Data & Intelligent Interfaces",2018,14,77
81,Programming & Notebooks,"AI, Data & Intelligent Interfaces",2019,21,132
81,Programming & Notebooks,"AI, Data & Intelligent Interfaces",2020,28,201
81,Programming & Notebooks,"AI, Data & Intelligent Interfaces",2021,39,376
81,Programming & Notebooks,"AI, Data & Intelligent Interfaces",2022,29,387
81,Programming & Notebooks,"AI, Data & Intelligent Interfaces",2023,44,499
81,Programming & Notebooks,"AI, Data & Intelligent Interfaces",2024,30,575
81,Programming & Notebooks,"AI, Data & Intelligent Interfaces",2025,32,682
81,Programming & Notebooks,"AI, Data & Intelligent Interfaces",2026,23,370
82,Meetings & Multilingual Communication,"AI, Data & Intelligent Interfaces",1990,1,0
82,Meetings & Multilingual Communication,"AI, Data & Intelligent Interfaces",1992,1,2
82,Meetings & Multilingual Communication,"AI, Data & Intelligent Interfaces",1994,1,1
82,Meetings & Multilingual Communication,"AI, Data & Intelligent Interfaces",1995,1,1
82,Meetings & Multilingual Communication,"AI, Data & Intelligent Interfaces",1997,3,1
82,Meetings & Multilingual Communication,"AI, Data & Intelligent Interfaces",1999,1,0
82,Meetings & Multilingual Communication,"AI, Data & Intelligent Interfaces",2000,2,6
82,Meetings & Multilingual Communication,"AI, Data & Intelligent Interfaces",2001,2,1
82,Meetings & Multilingual Communication,"AI, Data & Intelligent Interfaces",2002,1,2
82,Meetings & Multilingual Communication,"AI, Data & Intelligent Interfaces",2003,0,3
82,Meetings & Multilingual Communication,"AI, Data & Intelligent Interfaces",2004,5,3
82,Meetings & Multilingual Communication,"AI, Data & Intelligent Interfaces",2005,3,5
82,Meetings & Multilingual Communication,"AI, Data & Intelligent Interfaces",2006,10,11
82,Meetings & Multilingual Communication,"AI, Data & Intelligent Interfaces",2007,2,7
82,Meetings & Multilingual Communication,"AI, Data & Intelligent Interfaces",2008,11,14
82,Meetings & Multilingual Communication,"AI, Data & Intelligent Interfaces",2009,8,22
82,Meetings & Multilingual Communication,"AI, Data & Intelligent Interfaces",2010,7,33
82,Meetings & Multilingual Communication,"AI, Data & Intelligent Interfaces",2011,9,37
82,Meetings & Multilingual Communication,"AI, Data & Intelligent Interfaces",2012,14,49
82,Meetings & Multilingual Communication,"AI, Data & Intelligent Interfaces",2013,14,58
82,Meetings & Multilingual Communication,"AI, Data & Intelligent Interfaces",2014,15,75
82,Meetings & Multilingual Communication,"AI, Data & Intelligent Interfaces",2015,15,74
82,Meetings & Multilingual Communication,"AI, Data & Intelligent Interfaces",2016,6,51
82,Meetings & Multilingual Communication,"AI, Data & Intelligent Interfaces",2017,13,125
82,Meetings & Multilingual Communication,"AI, Data & Intelligent Interfaces",2018,18,101
82,Meetings & Multilingual Communication,"AI, Data & Intelligent Interfaces",2019,14,82
82,Meetings & Multilingual Communication,"AI, Data & Intelligent Interfaces",2020,15,84
82,Meetings & Multilingual Communication,"AI, Data & Intelligent Interfaces",2021,14,152
82,Meetings & Multilingual Communication,"AI, Data & Intelligent Interfaces",2022,17,201
82,Meetings & Multilingual Communication,"AI, Data & Intelligent Interfaces",2023,15,179
82,Meetings & Multilingual Communication,"AI, Data & Intelligent Interfaces",2024,13,167
82,Meetings & Multilingual Communication,"AI, Data & Intelligent Interfaces",2025,28,387
82,Meetings & Multilingual Communication,"AI, Data & Intelligent Interfaces",2026,16,209
83,Interactive Machine Learning,"AI, Data & Intelligent Interfaces",1997,1,0
83,Interactive Machine Learning,"AI, Data & Intelligent Interfaces",2000,0,2
83,Interactive Machine Learning,"AI, Data & Intelligent Interfaces",2001,3,2
83,Interactive Machine Learning,"AI, Data & Intelligent Interfaces",2003,2,2
83,Interactive Machine Learning,"AI, Data & Intelligent Interfaces",2005,4,1
83,Interactive Machine Learning,"AI, Data & Intelligent Interfaces",2006,3,3
83,Interactive Machine Learning,"AI, Data & Intelligent Interfaces",2007,3,6
83,Interactive Machine Learning,"AI, Data & Intelligent Interfaces",2008,3,9
83,Interactive Machine Learning,"AI, Data & Intelligent Interfaces",2009,5,26
83,Interactive Machine Learning,"AI, Data & Intelligent Interfaces",2010,4,19
83,Interactive Machine Learning,"AI, Data & Intelligent Interfaces",2011,5,17
83,Interactive Machine Learning,"AI, Data & Intelligent Interfaces",2012,4,24
83,Interactive Machine Learning,"AI, Data & Intelligent Interfaces",2013,3,15
83,Interactive Machine Learning,"AI, Data & Intelligent Interfaces",2014,4,18
83,Interactive Machine Learning,"AI, Data & Intelligent Interfaces",2015,6,35
83,Interactive Machine Learning,"AI, Data & Intelligent Interfaces",2016,7,35
83,Interactive Machine Learning,"AI, Data & Intelligent Interfaces",2017,6,33
83,Interactive Machine Learning,"AI, Data & Intelligent Interfaces",2018,13,46
83,Interactive Machine Learning,"AI, Data & Intelligent Interfaces",2019,5,90
83,Interactive Machine Learning,"AI, Data & Intelligent Interfaces",2020,13,77
83,Interactive Machine Learning,"AI, Data & Intelligent Interfaces",2021,18,180
83,Interactive Machine Learning,"AI, Data & Intelligent Interfaces",2022,12,144
83,Interactive Machine Learning,"AI, Data & Intelligent Interfaces",2023,9,160
83,Interactive Machine Learning,"AI, Data & Intelligent Interfaces",2024,15,179
83,Interactive Machine Learning,"AI, Data & Intelligent Interfaces",2025,9,230
83,Interactive Machine Learning,"AI, Data & Intelligent Interfaces",2026,6,103
84,AI-generated Personas,"AI, Data & Intelligent Interfaces",1998,2,0
84,AI-generated Personas,"AI, Data & Intelligent Interfaces",2000,3,1
84,AI-generated Personas,"AI, Data & Intelligent Interfaces",2001,1,3
84,AI-generated Personas,"AI, Data & Intelligent Interfaces",2003,1,2
84,AI-generated Personas,"AI, Data & Intelligent Interfaces",2005,1,3
84,AI-generated Personas,"AI, Data & Intelligent Interfaces",2006,1,0
84,AI-generated Personas,"AI, Data & Intelligent Interfaces",2007,0,2
84,AI-generated Personas,"AI, Data & Intelligent Interfaces",2008,2,0
84,AI-generated Personas,"AI, Data & Intelligent Interfaces",2011,2,2
84,AI-generated Personas,"AI, Data & Intelligent Interfaces",2012,5,11
84,AI-generated Personas,"AI, Data & Intelligent Interfaces",2013,1,8
84,AI-generated Personas,"AI, Data & Intelligent Interfaces",2014,1,6
84,AI-generated Personas,"AI, Data & Intelligent Interfaces",2015,1,10
84,AI-generated Personas,"AI, Data & Intelligent Interfaces",2016,2,14
84,AI-generated Personas,"AI, Data & Intelligent Interfaces",2017,2,11
84,AI-generated Personas,"AI, Data & Intelligent Interfaces",2018,1,11
84,AI-generated Personas,"AI, Data & Intelligent Interfaces",2019,3,27
84,AI-generated Personas,"AI, Data & Intelligent Interfaces",2020,4,32
84,AI-generated Personas,"AI, Data & Intelligent Interfaces",2021,3,28
84,AI-generated Personas,"AI, Data & Intelligent Interfaces",2022,6,40
84,AI-generated Personas,"AI, Data & Intelligent Interfaces",2023,3,15
84,AI-generated Personas,"AI, Data & Intelligent Interfaces",2024,5,46
84,AI-generated Personas,"AI, Data & Intelligent Interfaces",2025,12,98
84,AI-generated Personas,"AI, Data & Intelligent Interfaces",2026,5,95
85,Awareness & Workplace Chat,Mobile Life & Sensing,1986,7,0
85,Awareness & Workplace Chat,Mobile Life & Sensing,1988,9,11
85,Awareness & Workplace Chat,Mobile Life & Sensing,1989,1,4
85,Awareness & Workplace Chat,Mobile Life & Sensing,1990,9,23
85,Awareness & Workplace Chat,Mobile Life & Sensing,1991,4,11
85,Awareness & Workplace Chat,Mobile Life & Sensing,1992,9,56
85,Awareness & Workplace Chat,Mobile Life & Sensing,1993,1,4
85,Awareness & Workplace Chat,Mobile Life & Sensing,1994,12,50
85,Awareness & Workplace Chat,Mobile Life & Sensing,1995,11,40
85,Awareness & Workplace Chat,Mobile Life & Sensing,1996,19,93
85,Awareness & Workplace Chat,Mobile Life & Sensing,1997,16,59
85,Awareness & Workplace Chat,Mobile Life & Sensing,1998,13,66
85,Awareness & Workplace Chat,Mobile Life & Sensing,1999,4,31
85,Awareness & Workplace Chat,Mobile Life & Sensing,2000,24,126
85,Awareness & Workplace Chat,Mobile Life & Sensing,2001,13,51
85,Awareness & Workplace Chat,Mobile Life & Sensing,2002,29,175
85,Awareness & Workplace Chat,Mobile Life & Sensing,2003,11,79
85,Awareness & Workplace Chat,Mobile Life & Sensing,2004,21,203
85,Awareness & Workplace Chat,Mobile Life & Sensing,2005,6,79
85,Awareness & Workplace Chat,Mobile Life & Sensing,2006,22,159
85,Awareness & Workplace Chat,Mobile Life & Sensing,2007,6,74
85,Awareness & Workplace Chat,Mobile Life & Sensing,2008,18,160
85,Awareness & Workplace Chat,Mobile Life & Sensing,2009,5,77
85,Awareness & Workplace Chat,Mobile Life & Sensing,2010,5,81
85,Awareness & Workplace Chat,Mobile Life & Sensing,2011,7,105
85,Awareness & Workplace Chat,Mobile Life & Sensing,2012,11,125
85,Awareness & Workplace Chat,Mobile Life & Sensing,2013,3,70
85,Awareness & Workplace Chat,Mobile Life & Sensing,2014,4,78
85,Awareness & Workplace Chat,Mobile Life & Sensing,2015,5,108
85,Awareness & Workplace Chat,Mobile Life & Sensing,2016,4,83
85,Awareness & Workplace Chat,Mobile Life & Sensing,2017,4,100
85,Awareness & Workplace Chat,Mobile Life & Sensing,2018,3,90
85,Awareness & Workplace Chat,Mobile Life & Sensing,2019,5,114
85,Awareness & Workplace Chat,Mobile Life & Sensing,2020,1,60
85,Awareness & Workplace Chat,Mobile Life & Sensing,2021,1,94
85,Awareness & Workplace Chat,Mobile Life & Sensing,2022,0,123
85,Awareness & Workplace Chat,Mobile Life & Sensing,2023,4,128
85,Awareness & Workplace Chat,Mobile Life & Sensing,2024,1,93
85,Awareness & Workplace Chat,Mobile Life & Sensing,2025,1,110
85,Awareness & Workplace Chat,Mobile Life & Sensing,2026,1,41
86,Urban Mobility Prediction,Mobile Life & Sensing,1995,1,0
86,Urban Mobility Prediction,Mobile Life & Sensing,2003,1,0
86,Urban Mobility Prediction,Mobile Life & Sensing,2004,0,4
86,Urban Mobility Prediction,Mobile Life & Sensing,2005,2,0
86,Urban Mobility Prediction,Mobile Life & Sensing,2006,2,8
86,Urban Mobility Prediction,Mobile Life & Sensing,2007,2,4
86,Urban Mobility Prediction,Mobile Life & Sensing,2008,3,13
86,Urban Mobility Prediction,Mobile Life & Sensing,2009,3,8
86,Urban Mobility Prediction,Mobile Life & Sensing,2010,5,14
86,Urban Mobility Prediction,Mobile Life & Sensing,2011,14,33
86,Urban Mobility Prediction,Mobile Life & Sensing,2012,19,31
86,Urban Mobility Prediction,Mobile Life & Sensing,2013,18,32
86,Urban Mobility Prediction,Mobile Life & Sensing,2014,24,62
86,Urban Mobility Prediction,Mobile Life & Sensing,2015,20,69
86,Urban Mobility Prediction,Mobile Life & Sensing,2016,28,142
86,Urban Mobility Prediction,Mobile Life & Sensing,2017,9,80
86,Urban Mobility Prediction,Mobile Life & Sensing,2018,38,192
86,Urban Mobility Prediction,Mobile Life & Sensing,2019,19,150
86,Urban Mobility Prediction,Mobile Life & Sensing,2020,17,141
86,Urban Mobility Prediction,Mobile Life & Sensing,2021,17,112
86,Urban Mobility Prediction,Mobile Life & Sensing,2022,4,31
86,Urban Mobility Prediction,Mobile Life & Sensing,2023,3,46
86,Urban Mobility Prediction,Mobile Life & Sensing,2024,7,57
86,Urban Mobility Prediction,Mobile Life & Sensing,2025,3,49
86,Urban Mobility Prediction,Mobile Life & Sensing,2026,3,26
87,Physiological & Brain Sensing,Mobile Life & Sensing,1992,1,0
87,Physiological & Brain Sensing,Mobile Life & Sensing,1996,1,0
87,Physiological & Brain Sensing,Mobile Life & Sensing,1998,0,1
87,Physiological & Brain Sensing,Mobile Life & Sensing,2001,1,2
87,Physiological & Brain Sensing,Mobile Life & Sensing,2003,1,0
87,Physiological & Brain Sensing,Mobile Life & Sensing,2004,3,0
87,Physiological & Brain Sensing,Mobile Life & Sensing,2005,1,3
87,Physiological & Brain Sensing,Mobile Life & Sensing,2006,2,3
87,Physiological & Brain Sensing,Mobile Life & Sensing,2007,5,4
87,Physiological & Brain Sensing,Mobile Life & Sensing,2008,3,7
87,Physiological & Brain Sensing,Mobile Life & Sensing,2009,6,11
87,Physiological & Brain Sensing,Mobile Life & Sensing,2010,4,7
87,Physiological & Brain Sensing,Mobile Life & Sensing,2011,7,19
87,Physiological & Brain Sensing,Mobile Life & Sensing,2012,8,26
87,Physiological & Brain Sensing,Mobile Life & Sensing,2013,11,19
87,Physiological & Brain Sensing,Mobile Life & Sensing,2014,12,35
87,Physiological & Brain Sensing,Mobile Life & Sensing,2015,15,57
87,Physiological & Brain Sensing,Mobile Life & Sensing,2016,10,59
87,Physiological & Brain Sensing,Mobile Life & Sensing,2017,15,62
87,Physiological & Brain Sensing,Mobile Life & Sensing,2018,16,73
87,Physiological & Brain Sensing,Mobile Life & Sensing,2019,18,92
87,Physiological & Brain Sensing,Mobile Life & Sensing,2020,21,138
87,Physiological & Brain Sensing,Mobile Life & Sensing,2021,13,82
87,Physiological & Brain Sensing,Mobile Life & Sensing,2022,15,172
87,Physiological & Brain Sensing,Mobile Life & Sensing,2023,10,120
87,Physiological & Brain Sensing,Mobile Life & Sensing,2024,11,103
87,Physiological & Brain Sensing,Mobile Life & Sensing,2025,12,120
87,Physiological & Brain Sensing,Mobile Life & Sensing,2026,7,69
88,Email & Web Revisitation,Mobile Life & Sensing,1983,1,1
88,Email & Web Revisitation,Mobile Life & Sensing,1985,1,0
88,Email & Web Revisitation,Mobile Life & Sensing,1986,5,3
88,Email & Web Revisitation,Mobile Life & Sensing,1988,2,3
88,Email & Web Revisitation,Mobile Life & Sensing,1989,0,3
88,Email & Web Revisitation,Mobile Life & Sensing,1990,0,3
88,Email & Web Revisitation,Mobile Life & Sensing,1991,0,8
88,Email & Web Revisitation,Mobile Life & Sensing,1992,1,5
88,Email & Web Revisitation,Mobile Life & Sensing,1993,0,1
88,Email & Web Revisitation,Mobile Life & Sensing,1994,0,4
88,Email & Web Revisitation,Mobile Life & Sensing,1995,0,2
88,Email & Web Revisitation,Mobile Life & Sensing,1996,3,3
88,Email & Web Revisitation,Mobile Life & Sensing,1997,3,10
88,Email & Web Revisitation,Mobile Life & Sensing,1998,3,11
88,Email & Web Revisitation,Mobile Life & Sensing,1999,3,4
88,Email & Web Revisitation,Mobile Life & Sensing,2000,5,28
88,Email & Web Revisitation,Mobile Life & Sensing,2001,2,22
88,Email & Web Revisitation,Mobile Life & Sensing,2002,6,35
88,Email & Web Revisitation,Mobile Life & Sensing,2003,3,30
88,Email & Web Revisitation,Mobile Life & Sensing,2004,10,51
88,Email & Web Revisitation,Mobile Life & Sensing,2005,4,41
88,Email & Web Revisitation,Mobile Life & Sensing,2006,15,95
88,Email & Web Revisitation,Mobile Life & Sensing,2007,13,72
88,Email & Web Revisitation,Mobile Life & Sensing,2008,13,94
88,Email & Web Revisitation,Mobile Life & Sensing,2009,16,114
88,Email & Web Revisitation,Mobile Life & Sensing,2010,19,90
88,Email & Web Revisitation,Mobile Life & Sensing,2011,14,108
88,Email & Web Revisitation,Mobile Life & Sensing,2012,11,80
88,Email & Web Revisitation,Mobile Life & Sensing,2013,5,72
88,Email & Web Revisitation,Mobile Life & Sensing,2014,7,83
88,Email & Web Revisitation,Mobile Life & Sensing,2015,9,69
88,Email & Web Revisitation,Mobile Life & Sensing,2016,8,80
88,Email & Web Revisitation,Mobile Life & Sensing,2017,4,63
88,Email & Web Revisitation,Mobile Life & Sensing,2018,4,77
88,Email & Web Revisitation,Mobile Life & Sensing,2019,3,61
88,Email & Web Revisitation,Mobile Life & Sensing,2020,3,82
88,Email & Web Revisitation,Mobile Life & Sensing,2021,4,72
88,Email & Web Revisitation,Mobile Life & Sensing,2022,3,68
88,Email & Web Revisitation,Mobile Life & Sensing,2023,1,38
88,Email & Web Revisitation,Mobile Life & Sensing,2024,3,57
88,Email & Web Revisitation,Mobile Life & Sensing,2025,2,57
88,Email & Web Revisitation,Mobile Life & Sensing,2026,1,42
89,Interruptions & Multitasking,Mobile Life & Sensing,1986,3,2
89,Interruptions & Multitasking,Mobile Life & Sensing,1988,0,1
89,Interruptions & Multitasking,Mobile Life & Sensing,1990,1,1
89,Interruptions & Multitasking,Mobile Life & Sensing,1992,2,2
89,Interruptions & Multitasking,Mobile Life & Sensing,1993,1,0
89,Interruptions & Multitasking,Mobile Life & Sensing,1994,0,3
89,Interruptions & Multitasking,Mobile Life & Sensing,1997,1,0
89,Interruptions & Multitasking,Mobile Life & Sensing,1999,1,2
89,Interruptions & Multitasking,Mobile Life & Sensing,2000,1,4
89,Interruptions & Multitasking,Mobile Life & Sensing,2001,2,4
89,Interruptions & Multitasking,Mobile Life & Sensing,2002,2,10
89,Interruptions & Multitasking,Mobile Life & Sensing,2003,2,8
89,Interruptions & Multitasking,Mobile Life & Sensing,2004,2,23
89,Interruptions & Multitasking,Mobile Life & Sensing,2005,4,15
89,Interruptions & Multitasking,Mobile Life & Sensing,2006,6,38
89,Interruptions & Multitasking,Mobile Life & Sensing,2007,4,23
89,Interruptions & Multitasking,Mobile Life & Sensing,2008,8,49
89,Interruptions & Multitasking,Mobile Life & Sensing,2009,4,32
89,Interruptions & Multitasking,Mobile Life & Sensing,2010,8,71
89,Interruptions & Multitasking,Mobile Life & Sensing,2011,8,50
89,Interruptions & Multitasking,Mobile Life & Sensing,2012,7,44
89,Interruptions & Multitasking,Mobile Life & Sensing,2013,7,75
89,Interruptions & Multitasking,Mobile Life & Sensing,2014,12,96
89,Interruptions & Multitasking,Mobile Life & Sensing,2015,13,154
89,Interruptions & Multitasking,Mobile Life & Sensing,2016,15,178
89,Interruptions & Multitasking,Mobile Life & Sensing,2017,4,118
89,Interruptions & Multitasking,Mobile Life & Sensing,2018,9,127
89,Interruptions & Multitasking,Mobile Life & Sensing,2019,8,148
89,Interruptions & Multitasking,Mobile Life & Sensing,2020,10,193
89,Interruptions & Multitasking,Mobile Life & Sensing,2021,4,129
89,Interruptions & Multitasking,Mobile Life & Sensing,2022,10,180
89,Interruptions & Multitasking,Mobile Life & Sensing,2023,11,223
89,Interruptions & Multitasking,Mobile Life & Sensing,2024,12,236
89,Interruptions & Multitasking,Mobile Life & Sensing,2025,12,256
89,Interruptions & Multitasking,Mobile Life & Sensing,2026,9,176
90,Notifications & Interruptibility,Mobile Life & Sensing,2000,1,0
90,Notifications & Interruptibility,Mobile Life & Sensing,2002,2,4
90,Notifications & Interruptibility,Mobile Life & Sensing,2003,5,9
90,Notifications & Interruptibility,Mobile Life & Sensing,2004,6,22
90,Notifications & Interruptibility,Mobile Life & Sensing,2005,4,11
90,Notifications & Interruptibility,Mobile Life & Sensing,2006,2,34
90,Notifications & Interruptibility,Mobile Life & Sensing,2007,4,40
90,Notifications & Interruptibility,Mobile Life & Sensing,2008,3,42
90,Notifications & Interruptibility,Mobile Life & Sensing,2009,3,26
90,Notifications & Interruptibility,Mobile Life & Sensing,2010,3,29
90,Notifications & Interruptibility,Mobile Life & Sensing,2011,3,17
90,Notifications & Interruptibility,Mobile Life & Sensing,2012,1,9
90,Notifications & Interruptibility,Mobile Life & Sensing,2013,4,21
90,Notifications & Interruptibility,Mobile Life & Sensing,2014,8,54
90,Notifications & Interruptibility,Mobile Life & Sensing,2015,14,126
90,Notifications & Interruptibility,Mobile Life & Sensing,2016,11,137
90,Notifications & Interruptibility,Mobile Life & Sensing,2017,18,198
90,Notifications & Interruptibility,Mobile Life & Sensing,2018,8,182
90,Notifications & Interruptibility,Mobile Life & Sensing,2019,15,224
90,Notifications & Interruptibility,Mobile Life & Sensing,2020,12,171
90,Notifications & Interruptibility,Mobile Life & Sensing,2021,10,214
90,Notifications & Interruptibility,Mobile Life & Sensing,2022,9,215
90,Notifications & Interruptibility,Mobile Life & Sensing,2023,13,269
90,Notifications & Interruptibility,Mobile Life & Sensing,2024,10,290
90,Notifications & Interruptibility,Mobile Life & Sensing,2025,9,244
90,Notifications & Interruptibility,Mobile Life & Sensing,2026,7,130
91,Mobile Sensing for Mental Health,Mobile Life & Sensing,2002,1,0
91,Mobile Sensing for Mental Health,Mobile Life & Sensing,2008,1,1
91,Mobile Sensing for Mental Health,Mobile Life & Sensing,2010,2,2
91,Mobile Sensing for Mental Health,Mobile Life & Sensing,2011,4,5
91,Mobile Sensing for Mental Health,Mobile Life & Sensing,2012,6,7
91,Mobile Sensing for Mental Health,Mobile Life & Sensing,2013,6,16
91,Mobile Sensing for Mental Health,Mobile Life & Sensing,2014,3,15
91,Mobile Sensing for Mental Health,Mobile Life & Sensing,2015,6,27
91,Mobile Sensing for Mental Health,Mobile Life & Sensing,2016,12,39
91,Mobile Sensing for Mental Health,Mobile Life & Sensing,2017,5,54
91,Mobile Sensing for Mental Health,Mobile Life & Sensing,2018,15,83
91,Mobile Sensing for Mental Health,Mobile Life & Sensing,2019,15,114
91,Mobile Sensing for Mental Health,Mobile Life & Sensing,2020,11,144
91,Mobile Sensing for Mental Health,Mobile Life & Sensing,2021,13,140
91,Mobile Sensing for Mental Health,Mobile Life & Sensing,2022,15,169
91,Mobile Sensing for Mental Health,Mobile Life & Sensing,2023,13,157
91,Mobile Sensing for Mental Health,Mobile Life & Sensing,2024,21,240
91,Mobile Sensing for Mental Health,Mobile Life & Sensing,2025,16,192
91,Mobile Sensing for Mental Health,Mobile Life & Sensing,2026,7,83
92,Collaborative Filtering & Browsing,Mobile Life & Sensing,1986,1,0
92,Collaborative Filtering & Browsing,Mobile Life & Sensing,1990,1,0
92,Collaborative Filtering & Browsing,Mobile Life & Sensing,1991,1,0
92,Collaborative Filtering & Browsing,Mobile Life & Sensing,1992,1,1
92,Collaborative Filtering & Browsing,Mobile Life & Sensing,1993,2,0
92,Collaborative Filtering & Browsing,Mobile Life & Sensing,1995,3,4
92,Collaborative Filtering & Browsing,Mobile Life & Sensing,1996,1,10
92,Collaborative Filtering & Browsing,Mobile Life & Sensing,1997,7,15
92,Collaborative Filtering & Browsing,Mobile Life & Sensing,1998,12,26
92,Collaborative Filtering & Browsing,Mobile Life & Sensing,1999,2,11
92,Collaborative Filtering & Browsing,Mobile Life & Sensing,2000,17,28
92,Collaborative Filtering & Browsing,Mobile Life & Sensing,2001,10,30
92,Collaborative Filtering & Browsing,Mobile Life & Sensing,2002,12,43
92,Collaborative Filtering & Browsing,Mobile Life & Sensing,2003,9,34
92,Collaborative Filtering & Browsing,Mobile Life & Sensing,2004,6,27
92,Collaborative Filtering & Browsing,Mobile Life & Sensing,2005,6,21
92,Collaborative Filtering & Browsing,Mobile Life & Sensing,2006,7,20
92,Collaborative Filtering & Browsing,Mobile Life & Sensing,2007,2,12
92,Collaborative Filtering & Browsing,Mobile Life & Sensing,2008,6,23
92,Collaborative Filtering & Browsing,Mobile Life & Sensing,2009,4,20
92,Collaborative Filtering & Browsing,Mobile Life & Sensing,2010,5,17
92,Collaborative Filtering & Browsing,Mobile Life & Sensing,2011,7,24
92,Collaborative Filtering & Browsing,Mobile Life & Sensing,2012,8,20
92,Collaborative Filtering & Browsing,Mobile Life & Sensing,2013,4,21
92,Collaborative Filtering & Browsing,Mobile Life & Sensing,2014,3,21
92,Collaborative Filtering & Browsing,Mobile Life & Sensing,2015,2,13
92,Collaborative Filtering & Browsing,Mobile Life & Sensing,2016,2,15
92,Collaborative Filtering & Browsing,Mobile Life & Sensing,2017,4,19
92,Collaborative Filtering & Browsing,Mobile Life & Sensing,2018,4,21
92,Collaborative Filtering & Browsing,Mobile Life & Sensing,2019,3,17
92,Collaborative Filtering & Browsing,Mobile Life & Sensing,2020,2,20
92,Collaborative Filtering & Browsing,Mobile Life & Sensing,2021,1,15
92,Collaborative Filtering & Browsing,Mobile Life & Sensing,2022,0,14
92,Collaborative Filtering & Browsing,Mobile Life & Sensing,2023,1,12
92,Collaborative Filtering & Browsing,Mobile Life & Sensing,2024,1,8
92,Collaborative Filtering & Browsing,Mobile Life & Sensing,2025,0,10
92,Collaborative Filtering & Browsing,Mobile Life & Sensing,2026,1,7
93,Smartphone Use & Wellbeing,Mobile Life & Sensing,2007,1,0
93,Smartphone Use & Wellbeing,Mobile Life & Sensing,2013,3,2
93,Smartphone Use & Wellbeing,Mobile Life & Sensing,2014,2,12
93,Smartphone Use & Wellbeing,Mobile Life & Sensing,2015,3,28
93,Smartphone Use & Wellbeing,Mobile Life & Sensing,2016,7,30
93,Smartphone Use & Wellbeing,Mobile Life & Sensing,2017,3,42
93,Smartphone Use & Wellbeing,Mobile Life & Sensing,2018,7,60
93,Smartphone Use & Wellbeing,Mobile Life & Sensing,2019,12,105
93,Smartphone Use & Wellbeing,Mobile Life & Sensing,2020,4,64
93,Smartphone Use & Wellbeing,Mobile Life & Sensing,2021,8,158
93,Smartphone Use & Wellbeing,Mobile Life & Sensing,2022,14,179
93,Smartphone Use & Wellbeing,Mobile Life & Sensing,2023,16,256
93,Smartphone Use & Wellbeing,Mobile Life & Sensing,2024,16,269
93,Smartphone Use & Wellbeing,Mobile Life & Sensing,2025,15,321
93,Smartphone Use & Wellbeing,Mobile Life & Sensing,2026,15,241
94,Experience Sampling,Mobile Life & Sensing,1996,1,0
94,Experience Sampling,Mobile Life & Sensing,2000,1,0
94,Experience Sampling,Mobile Life & Sensing,2001,0,1
94,Experience Sampling,Mobile Life & Sensing,2002,2,5
94,Experience Sampling,Mobile Life & Sensing,2003,3,2
94,Experience Sampling,Mobile Life & Sensing,2004,1,8
94,Experience Sampling,Mobile Life & Sensing,2005,3,4
94,Experience Sampling,Mobile Life & Sensing,2006,5,16
94,Experience Sampling,Mobile Life & Sensing,2007,4,10
94,Experience Sampling,Mobile Life & Sensing,2008,7,29
94,Experience Sampling,Mobile Life & Sensing,2009,4,12
94,Experience Sampling,Mobile Life & Sensing,2010,4,20
94,Experience Sampling,Mobile Life & Sensing,2011,5,24
94,Experience Sampling,Mobile Life & Sensing,2012,4,24
94,Experience Sampling,Mobile Life & Sensing,2013,4,31
94,Experience Sampling,Mobile Life & Sensing,2014,8,35
94,Experience Sampling,Mobile Life & Sensing,2015,9,59
94,Experience Sampling,Mobile Life & Sensing,2016,7,57
94,Experience Sampling,Mobile Life & Sensing,2017,7,78
94,Experience Sampling,Mobile Life & Sensing,2018,7,78
94,Experience Sampling,Mobile Life & Sensing,2019,8,85
94,Experience Sampling,Mobile Life & Sensing,2020,5,79
94,Experience Sampling,Mobile Life & Sensing,2021,5,80
94,Experience Sampling,Mobile Life & Sensing,2022,6,111
94,Experience Sampling,Mobile Life & Sensing,2023,5,84
94,Experience Sampling,Mobile Life & Sensing,2024,3,79
94,Experience Sampling,Mobile Life & Sensing,2025,3,118
94,Experience Sampling,Mobile Life & Sensing,2026,3,41
95,Ambient Displays & Language Learning,Mobile Life & Sensing,1982,1,0
95,Ambient Displays & Language Learning,Mobile Life & Sensing,1991,1,0
95,Ambient Displays & Language Learning,Mobile Life & Sensing,1992,1,1
95,Ambient Displays & Language Learning,Mobile Life & Sensing,1994,2,0
95,Ambient Displays & Language Learning,Mobile Life & Sensing,1995,5,5
95,Ambient Displays & Language Learning,Mobile Life & Sensing,1996,2,1
95,Ambient Displays & Language Learning,Mobile Life & Sensing,1997,7,12
95,Ambient Displays & Language Learning,Mobile Life & Sensing,1998,3,7
95,Ambient Displays & Language Learning,Mobile Life & Sensing,1999,1,3
95,Ambient Displays & Language Learning,Mobile Life & Sensing,2000,0,4
95,Ambient Displays & Language Learning,Mobile Life & Sensing,2001,2,10
95,Ambient Displays & Language Learning,Mobile Life & Sensing,2002,2,7
95,Ambient Displays & Language Learning,Mobile Life & Sensing,2003,6,13
95,Ambient Displays & Language Learning,Mobile Life & Sensing,2004,5,24
95,Ambient Displays & Language Learning,Mobile Life & Sensing,2005,3,16
95,Ambient Displays & Language Learning,Mobile Life & Sensing,2006,3,20
95,Ambient Displays & Language Learning,Mobile Life & Sensing,2007,2,13
95,Ambient Displays & Language Learning,Mobile Life & Sensing,2008,5,14
95,Ambient Displays & Language Learning,Mobile Life & Sensing,2009,2,17
95,Ambient Displays & Language Learning,Mobile Life & Sensing,2010,5,26
95,Ambient Displays & Language Learning,Mobile Life & Sensing,2011,6,18
95,Ambient Displays & Language Learning,Mobile Life & Sensing,2012,5,23
95,Ambient Displays & Language Learning,Mobile Life & Sensing,2013,9,34
95,Ambient Displays & Language Learning,Mobile Life & Sensing,2014,5,41
95,Ambient Displays & Language Learning,Mobile Life & Sensing,2015,7,48
95,Ambient Displays & Language Learning,Mobile Life & Sensing,2016,9,60
95,Ambient Displays & Language Learning,Mobile Life & Sensing,2017,19,92
95,Ambient Displays & Language Learning,Mobile Life & Sensing,2018,9,93
95,Ambient Displays & Language Learning,Mobile Life & Sensing,2019,8,112
95,Ambient Displays & Language Learning,Mobile Life & Sensing,2020,7,88
95,Ambient Displays & Language Learning,Mobile Life & Sensing,2021,5,104
95,Ambient Displays & Language Learning,Mobile Life & Sensing,2022,5,124
95,Ambient Displays & Language Learning,Mobile Life & Sensing,2023,6,106
95,Ambient Displays & Language Learning,Mobile Life & Sensing,2024,5,116
95,Ambient Displays & Language Learning,Mobile Life & Sensing,2025,6,140
95,Ambient Displays & Language Learning,Mobile Life & Sensing,2026,5,61
96,Data Privacy & Permissions,Privacy & Security,2001,1,0
96,Data Privacy & Permissions,Privacy & Security,2002,1,2
96,Data Privacy & Permissions,Privacy & Security,2003,1,1
96,Data Privacy & Permissions,Privacy & Security,2004,1,1
96,Data Privacy & Permissions,Privacy & Security,2005,4,3
96,Data Privacy & Permissions,Privacy & Security,2006,1,7
96,Data Privacy & Permissions,Privacy & Security,2007,2,6
96,Data Privacy & Permissions,Privacy & Security,2008,0,5
96,Data Privacy & Permissions,Privacy & Security,2009,2,3
96,Data Privacy & Permissions,Privacy & Security,2010,4,7
96,Data Privacy & Permissions,Privacy & Security,2011,1,5
96,Data Privacy & Permissions,Privacy & Security,2012,2,7
96,Data Privacy & Permissions,Privacy & Security,2013,9,21
96,Data Privacy & Permissions,Privacy & Security,2014,5,13
96,Data Privacy & Permissions,Privacy & Security,2015,7,32
96,Data Privacy & Permissions,Privacy & Security,2016,5,31
96,Data Privacy & Permissions,Privacy & Security,2017,8,38
96,Data Privacy & Permissions,Privacy & Security,2018,13,86
96,Data Privacy & Permissions,Privacy & Security,2019,6,68
96,Data Privacy & Permissions,Privacy & Security,2020,9,82
96,Data Privacy & Permissions,Privacy & Security,2021,15,144
96,Data Privacy & Permissions,Privacy & Security,2022,12,111
96,Data Privacy & Permissions,Privacy & Security,2023,12,147
96,Data Privacy & Permissions,Privacy & Security,2024,21,236
96,Data Privacy & Permissions,Privacy & Security,2025,14,211
96,Data Privacy & Permissions,Privacy & Security,2026,12,208
97,Authentication & Passwords,Privacy & Security,2003,1,0
97,Authentication & Passwords,Privacy & Security,2005,2,2
97,Authentication & Passwords,Privacy & Security,2006,1,0
97,Authentication & Passwords,Privacy & Security,2007,3,4
97,Authentication & Passwords,Privacy & Security,2008,2,2
97,Authentication & Passwords,Privacy & Security,2009,3,7
97,Authentication & Passwords,Privacy & Security,2010,6,9
97,Authentication & Passwords,Privacy & Security,2011,6,13
97,Authentication & Passwords,Privacy & Security,2012,7,24
97,Authentication & Passwords,Privacy & Security,2013,10,40
97,Authentication & Passwords,Privacy & Security,2014,12,56
97,Authentication & Passwords,Privacy & Security,2015,15,59
97,Authentication & Passwords,Privacy & Security,2016,15,80
97,Authentication & Passwords,Privacy & Security,2017,8,89
97,Authentication & Passwords,Privacy & Security,2018,10,62
97,Authentication & Passwords,Privacy & Security,2019,11,117
97,Authentication & Passwords,Privacy & Security,2020,5,53
97,Authentication & Passwords,Privacy & Security,2021,13,152
97,Authentication & Passwords,Privacy & Security,2022,12,97
97,Authentication & Passwords,Privacy & Security,2023,5,67
97,Authentication & Passwords,Privacy & Security,2024,6,69
97,Authentication & Passwords,Privacy & Security,2025,7,72
97,Authentication & Passwords,Privacy & Security,2026,4,51
98,Smart-home Privacy,Privacy & Security,2002,1,0
98,Smart-home Privacy,Privacy & Security,2004,1,0
98,Smart-home Privacy,Privacy & Security,2005,1,4
98,Smart-home Privacy,Privacy & Security,2006,0,4
98,Smart-home Privacy,Privacy & Security,2007,1,2
98,Smart-home Privacy,Privacy & Security,2008,2,0
98,Smart-home Privacy,Privacy & Security,2009,1,4
98,Smart-home Privacy,Privacy & Security,2010,0,1
98,Smart-home Privacy,Privacy & Security,2011,2,5
98,Smart-home Privacy,Privacy & Security,2012,5,9
98,Smart-home Privacy,Privacy & Security,2013,1,6
98,Smart-home Privacy,Privacy & Security,2014,1,6
98,Smart-home Privacy,Privacy & Security,2015,2,14
98,Smart-home Privacy,Privacy & Security,2016,4,10
98,Smart-home Privacy,Privacy & Security,2017,3,25
98,Smart-home Privacy,Privacy & Security,2018,8,46
98,Smart-home Privacy,Privacy & Security,2019,11,59
98,Smart-home Privacy,Privacy & Security,2020,15,115
98,Smart-home Privacy,Privacy & Security,2021,15,186
98,Smart-home Privacy,Privacy & Security,2022,17,209
98,Smart-home Privacy,Privacy & Security,2023,13,257
98,Smart-home Privacy,Privacy & Security,2024,20,336
98,Smart-home Privacy,Privacy & Security,2025,18,363
98,Smart-home Privacy,Privacy & Security,2026,12,308
99,Phishing & Security Behaviour,Privacy & Security,1999,1,0
99,Phishing & Security Behaviour,Privacy & Security,2001,1,1
99,Phishing & Security Behaviour,Privacy & Security,2003,3,1
99,Phishing & Security Behaviour,Privacy & Security,2004,0,1
99,Phishing & Security Behaviour,Privacy & Security,2005,2,3
99,Phishing & Security Behaviour,Privacy & Security,2006,3,5
99,Phishing & Security Behaviour,Privacy & Security,2007,1,5
99,Phishing & Security Behaviour,Privacy & Security,2008,5,11
99,Phishing & Security Behaviour,Privacy & Security,2009,4,11
99,Phishing & Security Behaviour,Privacy & Security,2010,3,17
99,Phishing & Security Behaviour,Privacy & Security,2011,6,20
99,Phishing & Security Behaviour,Privacy & Security,2012,2,4
99,Phishing & Security Behaviour,Privacy & Security,2013,3,7
99,Phishing & Security Behaviour,Privacy & Security,2014,3,8
99,Phishing & Security Behaviour,Privacy & Security,2015,4,18
99,Phishing & Security Behaviour,Privacy & Security,2016,4,21
99,Phishing & Security Behaviour,Privacy & Security,2017,7,29
99,Phishing & Security Behaviour,Privacy & Security,2018,8,37
99,Phishing & Security Behaviour,Privacy & Security,2019,13,47
99,Phishing & Security Behaviour,Privacy & Security,2020,7,59
99,Phishing & Security Behaviour,Privacy & Security,2021,7,69
99,Phishing & Security Behaviour,Privacy & Security,2022,2,38
99,Phishing & Security Behaviour,Privacy & Security,2023,8,101
99,Phishing & Security Behaviour,Privacy & Security,2024,9,93
99,Phishing & Security Behaviour,Privacy & Security,2025,13,134
99,Phishing & Security Behaviour,Privacy & Security,2026,13,99
100,Dark Patterns,Privacy & Security,1983,3,0
100,Dark Patterns,Privacy & Security,1988,2,4
100,Dark Patterns,Privacy & Security,1989,1,1
100,Dark Patterns,Privacy & Security,1992,1,0
100,Dark Patterns,Privacy & Security,1993,1,1
100,Dark Patterns,Privacy & Security,1995,0,1
100,Dark Patterns,Privacy & Security,1996,2,1
100,Dark Patterns,Privacy & Security,1997,1,0
100,Dark Patterns,Privacy & Security,1998,1,1
100,Dark Patterns,Privacy & Security,1999,1,0
100,Dark Patterns,Privacy & Security,2000,0,3
100,Dark Patterns,Privacy & Security,2001,2,5
100,Dark Patterns,Privacy & Security,2002,2,3
100,Dark Patterns,Privacy & Security,2003,5,10
100,Dark Patterns,Privacy & Security,2004,5,14
100,Dark Patterns,Privacy & Security,2005,2,10
100,Dark Patterns,Privacy & Security,2006,4,14
100,Dark Patterns,Privacy & Security,2007,1,22
100,Dark Patterns,Privacy & Security,2008,7,21
100,Dark Patterns,Privacy & Security,2009,3,25
100,Dark Patterns,Privacy & Security,2010,4,25
100,Dark Patterns,Privacy & Security,2011,6,30
100,Dark Patterns,Privacy & Security,2012,8,37
100,Dark Patterns,Privacy & Security,2013,6,34
100,Dark Patterns,Privacy & Security,2014,8,27
100,Dark Patterns,Privacy & Security,2015,10,59
100,Dark Patterns,Privacy & Security,2016,7,80
100,Dark Patterns,Privacy & Security,2017,20,141
100,Dark Patterns,Privacy & Security,2018,20,182
100,Dark Patterns,Privacy & Security,2019,13,193
100,Dark Patterns,Privacy & Security,2020,19,205
100,Dark Patterns,Privacy & Security,2021,20,265
100,Dark Patterns,Privacy & Security,2022,23,254
100,Dark Patterns,Privacy & Security,2023,33,340
100,Dark Patterns,Privacy & Security,2024,34,449
100,Dark Patterns,Privacy & Security,2025,49,600
100,Dark Patterns,Privacy & Security,2026,29,402
101,Design Research & Art,Design Research & Practice,1986,1,0
101,Design Research & Art,Design Research & Practice,1988,1,1
101,Design Research & Art,Design Research & Practice,1989,2,2
101,Design Research & Art,Design Research & Practice,1990,1,7
101,Design Research & Art,Design Research & Practice,1991,0,1
101,Design Research & Art,Design Research & Practice,1992,0,2
101,Design Research & Art,Design Research & Practice,1994,0,1
101,Design Research & Art,Design Research & Practice,1995,1,1
101,Design Research & Art,Design Research & Practice,1996,0,3
101,Design Research & Art,Design Research & Practice,1997,0,1
101,Design Research & Art,Design Research & Practice,1999,2,1
101,Design Research & Art,Design Research & Practice,2000,2,3
101,Design Research & Art,Design Research & Practice,2001,1,2
101,Design Research & Art,Design Research & Practice,2002,3,4
101,Design Research & Art,Design Research & Practice,2003,2,3
101,Design Research & Art,Design Research & Practice,2004,4,10
101,Design Research & Art,Design Research & Practice,2005,2,9
101,Design Research & Art,Design Research & Practice,2006,7,29
101,Design Research & Art,Design Research & Practice,2007,4,30
101,Design Research & Art,Design Research & Practice,2008,9,58
101,Design Research & Art,Design Research & Practice,2009,9,47
101,Design Research & Art,Design Research & Practice,2010,11,97
101,Design Research & Art,Design Research & Practice,2011,11,76
101,Design Research & Art,Design Research & Practice,2012,19,150
101,Design Research & Art,Design Research & Practice,2013,10,92
101,Design Research & Art,Design Research & Practice,2014,23,176
101,Design Research & Art,Design Research & Practice,2015,14,148
101,Design Research & Art,Design Research & Practice,2016,31,306
101,Design Research & Art,Design Research & Practice,2017,26,306
101,Design Research & Art,Design Research & Practice,2018,28,437
101,Design Research & Art,Design Research & Practice,2019,28,499
101,Design Research & Art,Design Research & Practice,2020,30,491
101,Design Research & Art,Design Research & Practice,2021,28,591
101,Design Research & Art,Design Research & Practice,2022,24,597
101,Design Research & Art,Design Research & Practice,2023,22,796
101,Design Research & Art,Design Research & Practice,2024,49,938
101,Design Research & Art,Design Research & Practice,2025,49,993
101,Design Research & Art,Design Research & Practice,2026,36,1006
102,"Body, Movement & Soma Design",Design Research & Practice,1976,1,0
102,"Body, Movement & Soma Design",Design Research & Practice,1980,1,1
102,"Body, Movement & Soma Design",Design Research & Practice,1983,2,2
102,"Body, Movement & Soma Design",Design Research & Practice,1986,1,2
102,"Body, Movement & Soma Design",Design Research & Practice,1990,1,1
102,"Body, Movement & Soma Design",Design Research & Practice,1997,0,1
102,"Body, Movement & Soma Design",Design Research & Practice,2000,1,0
102,"Body, Movement & Soma Design",Design Research & Practice,2003,3,0
102,"Body, Movement & Soma Design",Design Research & Practice,2004,2,0
102,"Body, Movement & Soma Design",Design Research & Practice,2005,1,1
102,"Body, Movement & Soma Design",Design Research & Practice,2006,0,3
102,"Body, Movement & Soma Design",Design Research & Practice,2007,7,4
102,"Body, Movement & Soma Design",Design Research & Practice,2008,2,16
102,"Body, Movement & Soma Design",Design Research & Practice,2009,7,14
102,"Body, Movement & Soma Design",Design Research & Practice,2010,13,25
102,"Body, Movement & Soma Design",Design Research & Practice,2011,6,24
102,"Body, Movement & Soma Design",Design Research & Practice,2012,8,40
102,"Body, Movement & Soma Design",Design Research & Practice,2013,4,22
102,"Body, Movement & Soma Design",Design Research & Practice,2014,14,46
102,"Body, Movement & Soma Design",Design Research & Practice,2015,10,32
102,"Body, Movement & Soma Design",Design Research & Practice,2016,17,59
102,"Body, Movement & Soma Design",Design Research & Practice,2017,18,111
102,"Body, Movement & Soma Design",Design Research & Practice,2018,13,83
102,"Body, Movement & Soma Design",Design Research & Practice,2019,19,193
102,"Body, Movement & Soma Design",Design Research & Practice,2020,20,148
102,"Body, Movement & Soma Design",Design Research & Practice,2021,31,331
102,"Body, Movement & Soma Design",Design Research & Practice,2022,17,313
102,"Body, Movement & Soma Design",Design Research & Practice,2023,28,417
102,"Body, Movement & Soma Design",Design Research & Practice,2024,41,586
102,"Body, Movement & Soma Design",Design Research & Practice,2025,36,589
102,"Body, Movement & Soma Design",Design Research & Practice,2026,29,522
103,HCI Research Practice,Design Research & Practice,1982,4,0
103,HCI Research Practice,Design Research & Practice,1983,1,0
103,HCI Research Practice,Design Research & Practice,1985,3,1
103,HCI Research Practice,Design Research & Practice,1986,10,9
103,HCI Research Practice,Design Research & Practice,1988,5,10
103,HCI Research Practice,Design Research & Practice,1989,4,6
103,HCI Research Practice,Design Research & Practice,1990,7,18
103,HCI Research Practice,Design Research & Practice,1991,6,15
103,HCI Research Practice,Design Research & Practice,1992,10,26
103,HCI Research Practice,Design Research & Practice,1994,11,24
103,HCI Research Practice,Design Research & Practice,1995,4,16
103,HCI Research Practice,Design Research & Practice,1996,4,27
103,HCI Research Practice,Design Research & Practice,1997,14,28
103,HCI Research Practice,Design Research & Practice,1998,3,16
103,HCI Research Practice,Design Research & Practice,1999,2,14
103,HCI Research Practice,Design Research & Practice,2000,18,50
103,HCI Research Practice,Design Research & Practice,2001,6,12
103,HCI Research Practice,Design Research & Practice,2002,16,41
103,HCI Research Practice,Design Research & Practice,2003,3,25
103,HCI Research Practice,Design Research & Practice,2004,15,64
103,HCI Research Practice,Design Research & Practice,2005,5,25
103,HCI Research Practice,Design Research & Practice,2006,14,89
103,HCI Research Practice,Design Research & Practice,2007,8,72
103,HCI Research Practice,Design Research & Practice,2008,7,103
103,HCI Research Practice,Design Research & Practice,2009,3,52
103,HCI Research Practice,Design Research & Practice,2010,9,77
103,HCI Research Practice,Design Research & Practice,2011,5,58
103,HCI Research Practice,Design Research & Practice,2012,4,67
103,HCI Research Practice,Design Research & Practice,2013,5,50
103,HCI Research Practice,Design Research & Practice,2014,10,84
103,HCI Research Practice,Design Research & Practice,2015,7,90
103,HCI Research Practice,Design Research & Practice,2016,5,100
103,HCI Research Practice,Design Research & Practice,2017,9,119
103,HCI Research Practice,Design Research & Practice,2018,9,160
103,HCI Research Practice,Design Research & Practice,2019,15,199
103,HCI Research Practice,Design Research & Practice,2020,13,226
103,HCI Research Practice,Design Research & Practice,2021,12,227
103,HCI Research Practice,Design Research & Practice,2022,9,171
103,HCI Research Practice,Design Research & Practice,2023,11,208
103,HCI Research Practice,Design Research & Practice,2024,6,278
103,HCI Research Practice,Design Research & Practice,2025,11,265
103,HCI Research Practice,Design Research & Practice,2026,9,225
104,Design Fiction & Ethics,Design Research & Practice,1992,1,0
104,Design Fiction & Ethics,Design Research & Practice,1995,1,0
104,Design Fiction & Ethics,Design Research & Practice,1997,1,0
104,Design Fiction & Ethics,Design Research & Practice,2000,3,0
104,Design Fiction & Ethics,Design Research & Practice,2001,1,1
104,Design Fiction & Ethics,Design Research & Practice,2002,1,3
104,Design Fiction & Ethics,Design Research & Practice,2004,1,4
104,Design Fiction & Ethics,Design Research & Practice,2006,0,6
104,Design Fiction & Ethics,Design Research & Practice,2007,4,8
104,Design Fiction & Ethics,Design Research & Practice,2008,4,7
104,Design Fiction & Ethics,Design Research & Practice,2009,3,12
104,Design Fiction & Ethics,Design Research & Practice,2010,7,28
104,Design Fiction & Ethics,Design Research & Practice,2011,0,12
104,Design Fiction & Ethics,Design Research & Practice,2012,12,37
104,Design Fiction & Ethics,Design Research & Practice,2013,13,30
104,Design Fiction & Ethics,Design Research & Practice,2014,12,85
104,Design Fiction & Ethics,Design Research & Practice,2015,6,59
104,Design Fiction & Ethics,Design Research & Practice,2016,11,106
104,Design Fiction & Ethics,Design Research & Practice,2017,15,182
104,Design Fiction & Ethics,Design Research & Practice,2018,14,166
104,Design Fiction & Ethics,Design Research & Practice,2019,21,262
104,Design Fiction & Ethics,Design Research & Practice,2020,19,303
104,Design Fiction & Ethics,Design Research & Practice,2021,23,394
104,Design Fiction & Ethics,Design Research & Practice,2022,20,405
104,Design Fiction & Ethics,Design Research & Practice,2023,29,450
104,Design Fiction & Ethics,Design Research & Practice,2024,19,481
104,Design Fiction & Ethics,Design Research & Practice,2025,22,654
104,Design Fiction & Ethics,Design Research & Practice,2026,29,620
105,Memory & Reminiscence,Design Research & Practice,1999,1,0
105,Memory & Reminiscence,Design Research & Practice,2000,4,4
105,Memory & Reminiscence,Design Research & Practice,2001,1,1
105,Memory & Reminiscence,Design Research & Practice,2002,4,6
105,Memory & Reminiscence,Design Research & Practice,2003,1,8
105,Memory & Reminiscence,Design Research & Practice,2004,6,20
105,Memory & Reminiscence,Design Research & Practice,2005,3,14
105,Memory & Reminiscence,Design Research & Practice,2006,10,29
105,Memory & Reminiscence,Design Research & Practice,2007,9,23
105,Memory & Reminiscence,Design Research & Practice,2008,11,72
105,Memory & Reminiscence,Design Research & Practice,2009,17,106
105,Memory & Reminiscence,Design Research & Practice,2010,19,92
105,Memory & Reminiscence,Design Research & Practice,2011,15,86
105,Memory & Reminiscence,Design Research & Practice,2012,15,93
105,Memory & Reminiscence,Design Research & Practice,2013,11,117
105,Memory & Reminiscence,Design Research & Practice,2014,14,152
105,Memory & Reminiscence,Design Research & Practice,2015,6,99
105,Memory & Reminiscence,Design Research & Practice,2016,16,226
105,Memory & Reminiscence,Design Research & Practice,2017,12,168
105,Memory & Reminiscence,Design Research & Practice,2018,16,189
105,Memory & Reminiscence,Design Research & Practice,2019,12,193
105,Memory & Reminiscence,Design Research & Practice,2020,10,167
105,Memory & Reminiscence,Design Research & Practice,2021,11,233
105,Memory & Reminiscence,Design Research & Practice,2022,6,160
105,Memory & Reminiscence,Design Research & Practice,2023,12,309
105,Memory & Reminiscence,Design Research & Practice,2024,14,268
105,Memory & Reminiscence,Design Research & Practice,2025,19,401
105,Memory & Reminiscence,Design Research & Practice,2026,19,342
106,Museums & Cultural Heritage,Design Research & Practice,1981,1,0
106,Museums & Cultural Heritage,Design Research & Practice,1992,1,0
106,Museums & Cultural Heritage,Design Research & Practice,1994,1,0
106,Museums & Cultural Heritage,Design Research & Practice,1997,1,0
106,Museums & Cultural Heritage,Design Research & Practice,1998,1,0
106,Museums & Cultural Heritage,Design Research & Practice,1999,0,1
106,Museums & Cultural Heritage,Design Research & Practice,2000,2,1
106,Museums & Cultural Heritage,Design Research & Practice,2001,1,0
106,Museums & Cultural Heritage,Design Research & Practice,2002,7,5
106,Museums & Cultural Heritage,Design Research & Practice,2003,3,3
106,Museums & Cultural Heritage,Design Research & Practice,2004,10,16
106,Museums & Cultural Heritage,Design Research & Practice,2005,5,19
106,Museums & Cultural Heritage,Design Research & Practice,2006,11,53
106,Museums & Cultural Heritage,Design Research & Practice,2007,10,32
106,Museums & Cultural Heritage,Design Research & Practice,2008,9,50
106,Museums & Cultural Heritage,Design Research & Practice,2009,9,33
106,Museums & Cultural Heritage,Design Research & Practice,2010,7,32
106,Museums & Cultural Heritage,Design Research & Practice,2011,15,30
106,Museums & Cultural Heritage,Design Research & Practice,2012,18,59
106,Museums & Cultural Heritage,Design Research & Practice,2013,14,40
106,Museums & Cultural Heritage,Design Research & Practice,2014,23,74
106,Museums & Cultural Heritage,Design Research & Practice,2015,12,89
106,Museums & Cultural Heritage,Design Research & Practice,2016,12,116
106,Museums & Cultural Heritage,Design Research & Practice,2017,20,153
106,Museums & Cultural Heritage,Design Research & Practice,2018,12,96
106,Museums & Cultural Heritage,Design Research & Practice,2019,15,113
106,Museums & Cultural Heritage,Design Research & Practice,2020,9,112
106,Museums & Cultural Heritage,Design Research & Practice,2021,9,86
106,Museums & Cultural Heritage,Design Research & Practice,2022,7,120
106,Museums & Cultural Heritage,Design Research & Practice,2023,11,121
106,Museums & Cultural Heritage,Design Research & Practice,2024,10,113
106,Museums & Cultural Heritage,Design Research & Practice,2025,15,165
106,Museums & Cultural Heritage,Design Research & Practice,2026,7,129
107,Bodily Play & Exertion,Design Research & Practice,1981,1,0
107,Bodily Play & Exertion,Design Research & Practice,1983,0,1
107,Bodily Play & Exertion,Design Research & Practice,1996,1,0
107,Bodily Play & Exertion,Design Research & Practice,1998,1,0
107,Bodily Play & Exertion,Design Research & Practice,1999,1,0
107,Bodily Play & Exertion,Design Research & Practice,2000,0,2
107,Bodily Play & Exertion,Design Research & Practice,2001,1,1
107,Bodily Play & Exertion,Design Research & Practice,2002,2,1
107,Bodily Play & Exertion,Design Research & Practice,2003,1,2
107,Bodily Play & Exertion,Design Research & Practice,2004,3,5
107,Bodily Play & Exertion,Design Research & Practice,2005,6,6
107,Bodily Play & Exertion,Design Research & Practice,2006,4,13
107,Bodily Play & Exertion,Design Research & Practice,2007,4,12
107,Bodily Play & Exertion,Design Research & Practice,2008,8,24
107,Bodily Play & Exertion,Design Research & Practice,2009,8,23
107,Bodily Play & Exertion,Design Research & Practice,2010,6,23
107,Bodily Play & Exertion,Design Research & Practice,2011,8,36
107,Bodily Play & Exertion,Design Research & Practice,2012,12,45
107,Bodily Play & Exertion,Design Research & Practice,2013,11,45
107,Bodily Play & Exertion,Design Research & Practice,2014,21,115
107,Bodily Play & Exertion,Design Research & Practice,2015,21,130
107,Bodily Play & Exertion,Design Research & Practice,2016,19,157
107,Bodily Play & Exertion,Design Research & Practice,2017,17,215
107,Bodily Play & Exertion,Design Research & Practice,2018,19,199
107,Bodily Play & Exertion,Design Research & Practice,2019,23,243
107,Bodily Play & Exertion,Design Research & Practice,2020,17,272
107,Bodily Play & Exertion,Design Research & Practice,2021,12,341
107,Bodily Play & Exertion,Design Research & Practice,2022,15,240
107,Bodily Play & Exertion,Design Research & Practice,2023,10,254
107,Bodily Play & Exertion,Design Research & Practice,2024,14,314
107,Bodily Play & Exertion,Design Research & Practice,2025,13,243
107,Bodily Play & Exertion,Design Research & Practice,2026,9,209
108,More-than-Human Design,Design Research & Practice,1996,1,1
108,More-than-Human Design,Design Research & Practice,1997,2,2
108,More-than-Human Design,Design Research & Practice,1998,2,1
108,More-than-Human Design,Design Research & Practice,2000,0,1
108,More-than-Human Design,Design Research & Practice,2002,1,0
108,More-than-Human Design,Design Research & Practice,2003,0,2
108,More-than-Human Design,Design Research & Practice,2006,1,1
108,More-than-Human Design,Design Research & Practice,2007,2,0
108,More-than-Human Design,Design Research & Practice,2008,1,0
108,More-than-Human Design,Design Research & Practice,2009,2,1
108,More-than-Human Design,Design Research & Practice,2010,0,3
108,More-than-Human Design,Design Research & Practice,2011,3,7
108,More-than-Human Design,Design Research & Practice,2012,4,14
108,More-than-Human Design,Design Research & Practice,2013,1,7
108,More-than-Human Design,Design Research & Practice,2014,3,9
108,More-than-Human Design,Design Research & Practice,2015,3,9
108,More-than-Human Design,Design Research & Practice,2016,3,11
108,More-than-Human Design,Design Research & Practice,2017,5,24
108,More-than-Human Design,Design Research & Practice,2018,6,37
108,More-than-Human Design,Design Research & Practice,2019,14,59
108,More-than-Human Design,Design Research & Practice,2020,25,129
108,More-than-Human Design,Design Research & Practice,2021,21,222
108,More-than-Human Design,Design Research & Practice,2022,18,289
108,More-than-Human Design,Design Research & Practice,2023,35,500
108,More-than-Human Design,Design Research & Practice,2024,50,695
108,More-than-Human Design,Design Research & Practice,2025,40,895
108,More-than-Human Design,Design Research & Practice,2026,43,884
109,Family Communication at Home,Design Research & Practice,1998,3,0
109,Family Communication at Home,Design Research & Practice,1999,1,0
109,Family Communication at Home,Design Research & Practice,2000,2,3
109,Family Communication at Home,Design Research & Practice,2001,3,6
109,Family Communication at Home,Design Research & Practice,2002,3,8
109,Family Communication at Home,Design Research & Practice,2003,2,14
109,Family Communication at Home,Design Research & Practice,2004,4,18
109,Family Communication at Home,Design Research & Practice,2005,4,10
109,Family Communication at Home,Design Research & Practice,2006,8,40
109,Family Communication at Home,Design Research & Practice,2007,7,34
109,Family Communication at Home,Design Research & Practice,2008,12,101
109,Family Communication at Home,Design Research & Practice,2009,4,46
109,Family Communication at Home,Design Research & Practice,2010,18,100
109,Family Communication at Home,Design Research & Practice,2011,7,63
109,Family Communication at Home,Design Research & Practice,2012,14,133
109,Family Communication at Home,Design Research & Practice,2013,17,170
109,Family Communication at Home,Design Research & Practice,2014,13,178
109,Family Communication at Home,Design Research & Practice,2015,9,136
109,Family Communication at Home,Design Research & Practice,2016,6,158
109,Family Communication at Home,Design Research & Practice,2017,9,190
109,Family Communication at Home,Design Research & Practice,2018,10,249
109,Family Communication at Home,Design Research & Practice,2019,8,207
109,Family Communication at Home,Design Research & Practice,2020,6,181
109,Family Communication at Home,Design Research & Practice,2021,15,318
109,Family Communication at Home,Design Research & Practice,2022,9,210
109,Family Communication at Home,Design Research & Practice,2023,6,224
109,Family Communication at Home,Design Research & Practice,2024,14,328
109,Family Communication at Home,Design Research & Practice,2025,8,298
109,Family Communication at Home,Design Research & Practice,2026,12,229
110,Biofeedback & Mindfulness,Design Research & Practice,1992,1,0
110,Biofeedback & Mindfulness,Design Research & Practice,1996,1,0
110,Biofeedback & Mindfulness,Design Research & Practice,1997,0,1
110,Biofeedback & Mindfulness,Design Research & Practice,2004,4,0
110,Biofeedback & Mindfulness,Design Research & Practice,2005,0,1
110,Biofeedback & Mindfulness,Design Research & Practice,2006,3,1
110,Biofeedback & Mindfulness,Design Research & Practice,2007,3,5
110,Biofeedback & Mindfulness,Design Research & Practice,2008,3,16
110,Biofeedback & Mindfulness,Design Research & Practice,2009,4,17
110,Biofeedback & Mindfulness,Design Research & Practice,2010,3,10
110,Biofeedback & Mindfulness,Design Research & Practice,2011,2,23
110,Biofeedback & Mindfulness,Design Research & Practice,2012,2,15
110,Biofeedback & Mindfulness,Design Research & Practice,2013,6,10
110,Biofeedback & Mindfulness,Design Research & Practice,2014,7,31
110,Biofeedback & Mindfulness,Design Research & Practice,2015,9,33
110,Biofeedback & Mindfulness,Design Research & Practice,2016,10,44
110,Biofeedback & Mindfulness,Design Research & Practice,2017,15,87
110,Biofeedback & Mindfulness,Design Research & Practice,2018,13,103
110,Biofeedback & Mindfulness,Design Research & Practice,2019,13,138
110,Biofeedback & Mindfulness,Design Research & Practice,2020,21,167
110,Biofeedback & Mindfulness,Design Research & Practice,2021,7,176
110,Biofeedback & Mindfulness,Design Research & Practice,2022,17,276
110,Biofeedback & Mindfulness,Design Research & Practice,2023,15,263
110,Biofeedback & Mindfulness,Design Research & Practice,2024,23,357
110,Biofeedback & Mindfulness,Design Research & Practice,2025,24,443
110,Biofeedback & Mindfulness,Design Research & Practice,2026,25,440
111,Human-Food Interaction,Design Research & Practice,2000,1,0
111,Human-Food Interaction,Design Research & Practice,2002,1,0
111,Human-Food Interaction,Design Research & Practice,2004,1,1
111,Human-Food Interaction,Design Research & Practice,2005,3,0
111,Human-Food Interaction,Design Research & Practice,2006,3,4
111,Human-Food Interaction,Design Research & Practice,2007,2,6
111,Human-Food Interaction,Design Research & Practice,2008,6,10
111,Human-Food Interaction,Design Research & Practice,2009,1,8
111,Human-Food Interaction,Design Research & Practice,2010,5,11
111,Human-Food Interaction,Design Research & Practice,2011,7,16
111,Human-Food Interaction,Design Research & Practice,2012,7,17
111,Human-Food Interaction,Design Research & Practice,2013,4,36
111,Human-Food Interaction,Design Research & Practice,2014,7,23
111,Human-Food Interaction,Design Research & Practice,2015,3,19
111,Human-Food Interaction,Design Research & Practice,2016,5,31
111,Human-Food Interaction,Design Research & Practice,2017,5,50
111,Human-Food Interaction,Design Research & Practice,2018,3,66
111,Human-Food Interaction,Design Research & Practice,2019,11,93
111,Human-Food Interaction,Design Research & Practice,2020,13,140
111,Human-Food Interaction,Design Research & Practice,2021,4,129
111,Human-Food Interaction,Design Research & Practice,2022,10,186
111,Human-Food Interaction,Design Research & Practice,2023,12,167
111,Human-Food Interaction,Design Research & Practice,2024,8,170
111,Human-Food Interaction,Design Research & Practice,2025,9,170
111,Human-Food Interaction,Design Research & Practice,2026,13,201
112,Animal-Computer Interaction,Design Research & Practice,1997,1,0
112,Animal-Computer Interaction,Design Research & Practice,2005,1,1
112,Animal-Computer Interaction,Design Research & Practice,2008,1,0
112,Animal-Computer Interaction,Design Research & Practice,2011,3,5
112,Animal-Computer Interaction,Design Research & Practice,2012,1,6
112,Animal-Computer Interaction,Design Research & Practice,2013,2,6
112,Animal-Computer Interaction,Design Research & Practice,2014,4,15
112,Animal-Computer Interaction,Design Research & Practice,2015,6,16
112,Animal-Computer Interaction,Design Research & Practice,2016,10,55
112,Animal-Computer Interaction,Design Research & Practice,2017,4,29
112,Animal-Computer Interaction,Design Research & Practice,2018,4,14
112,Animal-Computer Interaction,Design Research & Practice,2019,2,16
112,Animal-Computer Interaction,Design Research & Practice,2020,5,31
112,Animal-Computer Interaction,Design Research & Practice,2021,2,31
112,Animal-Computer Interaction,Design Research & Practice,2022,1,22
112,Animal-Computer Interaction,Design Research & Practice,2023,3,42
112,Animal-Computer Interaction,Design Research & Practice,2024,5,41
112,Animal-Computer Interaction,Design Research & Practice,2025,4,66
112,Animal-Computer Interaction,Design Research & Practice,2026,5,63
113,Personal Informatics,"Health, Care & Ageing",1999,1,0
113,Personal Informatics,"Health, Care & Ageing",2000,0,1
113,Personal Informatics,"Health, Care & Ageing",2004,0,1
113,Personal Informatics,"Health, Care & Ageing",2005,2,0
113,Personal Informatics,"Health, Care & Ageing",2006,3,2
113,Personal Informatics,"Health, Care & Ageing",2007,1,11
113,Personal Informatics,"Health, Care & Ageing",2008,7,23
113,Personal Informatics,"Health, Care & Ageing",2009,7,20
113,Personal Informatics,"Health, Care & Ageing",2010,12,48
113,Personal Informatics,"Health, Care & Ageing",2011,15,53
113,Personal Informatics,"Health, Care & Ageing",2012,18,100
113,Personal Informatics,"Health, Care & Ageing",2013,18,100
113,Personal Informatics,"Health, Care & Ageing",2014,21,164
113,Personal Informatics,"Health, Care & Ageing",2015,36,311
113,Personal Informatics,"Health, Care & Ageing",2016,34,386
113,Personal Informatics,"Health, Care & Ageing",2017,37,575
113,Personal Informatics,"Health, Care & Ageing",2018,40,640
113,Personal Informatics,"Health, Care & Ageing",2019,19,536
113,Personal Informatics,"Health, Care & Ageing",2020,42,792
113,Personal Informatics,"Health, Care & Ageing",2021,43,929
113,Personal Informatics,"Health, Care & Ageing",2022,38,884
113,Personal Informatics,"Health, Care & Ageing",2023,42,1016
113,Personal Informatics,"Health, Care & Ageing",2024,43,1184
113,Personal Informatics,"Health, Care & Ageing",2025,66,1646
113,Personal Informatics,"Health, Care & Ageing",2026,38,1004
114,Older Adults & Dementia Care,"Health, Care & Ageing",2002,1,1
114,Older Adults & Dementia Care,"Health, Care & Ageing",2003,0,1
114,Older Adults & Dementia Care,"Health, Care & Ageing",2005,4,1
114,Older Adults & Dementia Care,"Health, Care & Ageing",2006,4,3
114,Older Adults & Dementia Care,"Health, Care & Ageing",2007,2,5
114,Older Adults & Dementia Care,"Health, Care & Ageing",2008,8,10
114,Older Adults & Dementia Care,"Health, Care & Ageing",2009,5,8
114,Older Adults & Dementia Care,"Health, Care & Ageing",2010,10,18
114,Older Adults & Dementia Care,"Health, Care & Ageing",2011,5,13
114,Older Adults & Dementia Care,"Health, Care & Ageing",2012,13,30
114,Older Adults & Dementia Care,"Health, Care & Ageing",2013,7,31
114,Older Adults & Dementia Care,"Health, Care & Ageing",2014,12,45
114,Older Adults & Dementia Care,"Health, Care & Ageing",2015,6,41
114,Older Adults & Dementia Care,"Health, Care & Ageing",2016,19,104
114,Older Adults & Dementia Care,"Health, Care & Ageing",2017,23,143
114,Older Adults & Dementia Care,"Health, Care & Ageing",2018,15,149
114,Older Adults & Dementia Care,"Health, Care & Ageing",2019,32,234
114,Older Adults & Dementia Care,"Health, Care & Ageing",2020,24,297
114,Older Adults & Dementia Care,"Health, Care & Ageing",2021,29,367
114,Older Adults & Dementia Care,"Health, Care & Ageing",2022,40,499
114,Older Adults & Dementia Care,"Health, Care & Ageing",2023,25,380
114,Older Adults & Dementia Care,"Health, Care & Ageing",2024,33,551
114,Older Adults & Dementia Care,"Health, Care & Ageing",2025,42,771
114,Older Adults & Dementia Care,"Health, Care & Ageing",2026,24,508
115,Chronic Care & Caregiving,"Health, Care & Ageing",1996,1,0
115,Chronic Care & Caregiving,"Health, Care & Ageing",1998,1,0
115,Chronic Care & Caregiving,"Health, Care & Ageing",2001,1,1
115,Chronic Care & Caregiving,"Health, Care & Ageing",2002,2,1
115,Chronic Care & Caregiving,"Health, Care & Ageing",2003,1,1
115,Chronic Care & Caregiving,"Health, Care & Ageing",2004,0,4
115,Chronic Care & Caregiving,"Health, Care & Ageing",2005,0,1
115,Chronic Care & Caregiving,"Health, Care & Ageing",2006,3,1
115,Chronic Care & Caregiving,"Health, Care & Ageing",2007,1,2
115,Chronic Care & Caregiving,"Health, Care & Ageing",2008,4,7
115,Chronic Care & Caregiving,"Health, Care & Ageing",2009,3,7
115,Chronic Care & Caregiving,"Health, Care & Ageing",2010,14,24
115,Chronic Care & Caregiving,"Health, Care & Ageing",2011,11,34
115,Chronic Care & Caregiving,"Health, Care & Ageing",2012,5,28
115,Chronic Care & Caregiving,"Health, Care & Ageing",2013,9,40
115,Chronic Care & Caregiving,"Health, Care & Ageing",2014,10,46
115,Chronic Care & Caregiving,"Health, Care & Ageing",2015,21,98
115,Chronic Care & Caregiving,"Health, Care & Ageing",2016,17,123
115,Chronic Care & Caregiving,"Health, Care & Ageing",2017,29,276
115,Chronic Care & Caregiving,"Health, Care & Ageing",2018,20,233
115,Chronic Care & Caregiving,"Health, Care & Ageing",2019,28,355
115,Chronic Care & Caregiving,"Health, Care & Ageing",2020,19,317
115,Chronic Care & Caregiving,"Health, Care & Ageing",2021,26,468
115,Chronic Care & Caregiving,"Health, Care & Ageing",2022,21,457
115,Chronic Care & Caregiving,"Health, Care & Ageing",2023,24,504
115,Chronic Care & Caregiving,"Health, Care & Ageing",2024,41,690
115,Chronic Care & Caregiving,"Health, Care & Ageing",2025,41,814
115,Chronic Care & Caregiving,"Health, Care & Ageing",2026,21,440
116,Mental Health Interventions,"Health, Care & Ageing",2009,1,0
116,Mental Health Interventions,"Health, Care & Ageing",2010,2,0
116,Mental Health Interventions,"Health, Care & Ageing",2011,5,2
116,Mental Health Interventions,"Health, Care & Ageing",2012,5,10
116,Mental Health Interventions,"Health, Care & Ageing",2013,2,14
116,Mental Health Interventions,"Health, Care & Ageing",2014,7,18
116,Mental Health Interventions,"Health, Care & Ageing",2015,8,31
116,Mental Health Interventions,"Health, Care & Ageing",2016,10,38
116,Mental Health Interventions,"Health, Care & Ageing",2017,6,57
116,Mental Health Interventions,"Health, Care & Ageing",2018,10,94
116,Mental Health Interventions,"Health, Care & Ageing",2019,12,140
116,Mental Health Interventions,"Health, Care & Ageing",2020,18,218
116,Mental Health Interventions,"Health, Care & Ageing",2021,11,186
116,Mental Health Interventions,"Health, Care & Ageing",2022,27,294
116,Mental Health Interventions,"Health, Care & Ageing",2023,21,335
116,Mental Health Interventions,"Health, Care & Ageing",2024,27,421
116,Mental Health Interventions,"Health, Care & Ageing",2025,36,726
116,Mental Health Interventions,"Health, Care & Ageing",2026,19,421
117,Women's Health & Menstrual Tracking,"Health, Care & Ageing",2010,1,0
117,Women's Health & Menstrual Tracking,"Health, Care & Ageing",2011,3,0
117,Women's Health & Menstrual Tracking,"Health, Care & Ageing",2012,2,9
117,Women's Health & Menstrual Tracking,"Health, Care & Ageing",2013,0,2
117,Women's Health & Menstrual Tracking,"Health, Care & Ageing",2014,2,6
117,Women's Health & Menstrual Tracking,"Health, Care & Ageing",2015,2,4
117,Women's Health & Menstrual Tracking,"Health, Care & Ageing",2016,4,15
117,Women's Health & Menstrual Tracking,"Health, Care & Ageing",2017,5,31
117,Women's Health & Menstrual Tracking,"Health, Care & Ageing",2018,6,53
117,Women's Health & Menstrual Tracking,"Health, Care & Ageing",2019,14,95
117,Women's Health & Menstrual Tracking,"Health, Care & Ageing",2020,16,204
117,Women's Health & Menstrual Tracking,"Health, Care & Ageing",2021,12,276
117,Women's Health & Menstrual Tracking,"Health, Care & Ageing",2022,12,215
117,Women's Health & Menstrual Tracking,"Health, Care & Ageing",2023,13,300
117,Women's Health & Menstrual Tracking,"Health, Care & Ageing",2024,30,486
117,Women's Health & Menstrual Tracking,"Health, Care & Ageing",2025,24,577
117,Women's Health & Menstrual Tracking,"Health, Care & Ageing",2026,22,494
118,Family Health Informatics,"Health, Care & Ageing",1996,1,0
118,Family Health Informatics,"Health, Care & Ageing",1998,2,1
118,Family Health Informatics,"Health, Care & Ageing",2003,2,3
118,Family Health Informatics,"Health, Care & Ageing",2005,2,1
118,Family Health Informatics,"Health, Care & Ageing",2006,2,2
118,Family Health Informatics,"Health, Care & Ageing",2007,2,3
118,Family Health Informatics,"Health, Care & Ageing",2008,3,10
118,Family Health Informatics,"Health, Care & Ageing",2009,2,5
118,Family Health Informatics,"Health, Care & Ageing",2010,5,20
118,Family Health Informatics,"Health, Care & Ageing",2011,2,10
118,Family Health Informatics,"Health, Care & Ageing",2012,6,18
118,Family Health Informatics,"Health, Care & Ageing",2013,2,16
118,Family Health Informatics,"Health, Care & Ageing",2014,5,18
118,Family Health Informatics,"Health, Care & Ageing",2015,5,22
118,Family Health Informatics,"Health, Care & Ageing",2016,5,33
118,Family Health Informatics,"Health, Care & Ageing",2017,7,48
118,Family Health Informatics,"Health, Care & Ageing",2018,7,81
118,Family Health Informatics,"Health, Care & Ageing",2019,4,65
118,Family Health Informatics,"Health, Care & Ageing",2020,10,109
118,Family Health Informatics,"Health, Care & Ageing",2021,13,151
118,Family Health Informatics,"Health, Care & Ageing",2022,18,226
118,Family Health Informatics,"Health, Care & Ageing",2023,11,198
118,Family Health Informatics,"Health, Care & Ageing",2024,12,324
118,Family Health Informatics,"Health, Care & Ageing",2025,22,367
118,Family Health Informatics,"Health, Care & Ageing",2026,7,249
119,Hospital Work & Records,"Health, Care & Ageing",1988,1,0
119,Hospital Work & Records,"Health, Care & Ageing",1992,1,0
119,Hospital Work & Records,"Health, Care & Ageing",1994,2,1
119,Hospital Work & Records,"Health, Care & Ageing",1996,4,2
119,Hospital Work & Records,"Health, Care & Ageing",1997,1,1
119,Hospital Work & Records,"Health, Care & Ageing",1998,2,5
119,Hospital Work & Records,"Health, Care & Ageing",2000,0,4
119,Hospital Work & Records,"Health, Care & Ageing",2001,0,1
119,Hospital Work & Records,"Health, Care & Ageing",2002,3,3
119,Hospital Work & Records,"Health, Care & Ageing",2003,0,3
119,Hospital Work & Records,"Health, Care & Ageing",2004,2,7
119,Hospital Work & Records,"Health, Care & Ageing",2005,0,1
119,Hospital Work & Records,"Health, Care & Ageing",2006,5,14
119,Hospital Work & Records,"Health, Care & Ageing",2007,2,2
119,Hospital Work & Records,"Health, Care & Ageing",2008,6,16
119,Hospital Work & Records,"Health, Care & Ageing",2009,2,8
119,Hospital Work & Records,"Health, Care & Ageing",2010,8,46
119,Hospital Work & Records,"Health, Care & Ageing",2011,5,22
119,Hospital Work & Records,"Health, Care & Ageing",2012,8,41
119,Hospital Work & Records,"Health, Care & Ageing",2013,4,31
119,Hospital Work & Records,"Health, Care & Ageing",2014,5,21
119,Hospital Work & Records,"Health, Care & Ageing",2015,5,45
119,Hospital Work & Records,"Health, Care & Ageing",2016,4,41
119,Hospital Work & Records,"Health, Care & Ageing",2017,5,39
119,Hospital Work & Records,"Health, Care & Ageing",2018,3,44
119,Hospital Work & Records,"Health, Care & Ageing",2019,5,41
119,Hospital Work & Records,"Health, Care & Ageing",2020,8,63
119,Hospital Work & Records,"Health, Care & Ageing",2021,9,122
119,Hospital Work & Records,"Health, Care & Ageing",2022,5,90
119,Hospital Work & Records,"Health, Care & Ageing",2023,6,98
119,Hospital Work & Records,"Health, Care & Ageing",2024,4,110
119,Hospital Work & Records,"Health, Care & Ageing",2025,5,104
119,Hospital Work & Records,"Health, Care & Ageing",2026,4,61
120,Stroke Rehabilitation & Eating,"Health, Care & Ageing",2002,1,0
120,Stroke Rehabilitation & Eating,"Health, Care & Ageing",2004,1,0
120,Stroke Rehabilitation & Eating,"Health, Care & Ageing",2005,3,4
120,Stroke Rehabilitation & Eating,"Health, Care & Ageing",2006,1,3
120,Stroke Rehabilitation & Eating,"Health, Care & Ageing",2007,4,7
120,Stroke Rehabilitation & Eating,"Health, Care & Ageing",2008,1,7
120,Stroke Rehabilitation & Eating,"Health, Care & Ageing",2009,2,7
120,Stroke Rehabilitation & Eating,"Health, Care & Ageing",2010,1,4
120,Stroke Rehabilitation & Eating,"Health, Care & Ageing",2011,2,3
120,Stroke Rehabilitation & Eating,"Health, Care & Ageing",2012,2,6
120,Stroke Rehabilitation & Eating,"Health, Care & Ageing",2013,4,7
120,Stroke Rehabilitation & Eating,"Health, Care & Ageing",2014,4,12
120,Stroke Rehabilitation & Eating,"Health, Care & Ageing",2015,3,15
120,Stroke Rehabilitation & Eating,"Health, Care & Ageing",2016,3,24
120,Stroke Rehabilitation & Eating,"Health, Care & Ageing",2017,7,28
120,Stroke Rehabilitation & Eating,"Health, Care & Ageing",2018,9,41
120,Stroke Rehabilitation & Eating,"Health, Care & Ageing",2019,14,67
120,Stroke Rehabilitation & Eating,"Health, Care & Ageing",2020,7,50
120,Stroke Rehabilitation & Eating,"Health, Care & Ageing",2021,3,62
120,Stroke Rehabilitation & Eating,"Health, Care & Ageing",2022,7,57
120,Stroke Rehabilitation & Eating,"Health, Care & Ageing",2023,7,65
120,Stroke Rehabilitation & Eating,"Health, Care & Ageing",2024,9,74
120,Stroke Rehabilitation & Eating,"Health, Care & Ageing",2025,5,88
120,Stroke Rehabilitation & Eating,"Health, Care & Ageing",2026,5,70
121,Social Media & Privacy,Social Media & Online Communities,1996,1,0
121,Social Media & Privacy,Social Media & Online Communities,1997,0,1
121,Social Media & Privacy,Social Media & Online Communities,1998,0,1
121,Social Media & Privacy,Social Media & Online Communities,2000,1,0
121,Social Media & Privacy,Social Media & Online Communities,2001,0,1
121,Social Media & Privacy,Social Media & Online Communities,2002,1,1
121,Social Media & Privacy,Social Media & Online Communities,2003,2,1
121,Social Media & Privacy,Social Media & Online Communities,2004,0,8
121,Social Media & Privacy,Social Media & Online Communities,2005,4,12
121,Social Media & Privacy,Social Media & Online Communities,2006,7,23
121,Social Media & Privacy,Social Media & Online Communities,2007,7,18
121,Social Media & Privacy,Social Media & Online Communities,2008,13,50
121,Social Media & Privacy,Social Media & Online Communities,2009,9,42
121,Social Media & Privacy,Social Media & Online Communities,2010,25,115
121,Social Media & Privacy,Social Media & Online Communities,2011,27,162
121,Social Media & Privacy,Social Media & Online Communities,2012,40,211
121,Social Media & Privacy,Social Media & Online Communities,2013,53,295
121,Social Media & Privacy,Social Media & Online Communities,2014,55,373
121,Social Media & Privacy,Social Media & Online Communities,2015,47,414
121,Social Media & Privacy,Social Media & Online Communities,2016,58,543
121,Social Media & Privacy,Social Media & Online Communities,2017,56,787
121,Social Media & Privacy,Social Media & Online Communities,2018,46,719
121,Social Media & Privacy,Social Media & Online Communities,2019,43,942
121,Social Media & Privacy,Social Media & Online Communities,2020,37,754
121,Social Media & Privacy,Social Media & Online Communities,2021,59,1247
121,Social Media & Privacy,Social Media & Online Communities,2022,48,1134
121,Social Media & Privacy,Social Media & Online Communities,2023,51,1031
121,Social Media & Privacy,Social Media & Online Communities,2024,51,1220
121,Social Media & Privacy,Social Media & Online Communities,2025,58,1486
121,Social Media & Privacy,Social Media & Online Communities,2026,23,718
122,Sustainable HCI,Social Media & Online Communities,1982,1,0
122,Sustainable HCI,Social Media & Online Communities,1996,1,0
122,Sustainable HCI,Social Media & Online Communities,1997,0,2
122,Sustainable HCI,Social Media & Online Communities,1998,1,3
122,Sustainable HCI,Social Media & Online Communities,1999,0,2
122,Sustainable HCI,Social Media & Online Communities,2000,0,3
122,Sustainable HCI,Social Media & Online Communities,2001,0,3
122,Sustainable HCI,Social Media & Online Communities,2002,1,5
122,Sustainable HCI,Social Media & Online Communities,2004,5,9
122,Sustainable HCI,Social Media & Online Communities,2005,1,4
122,Sustainable HCI,Social Media & Online Communities,2006,2,9
122,Sustainable HCI,Social Media & Online Communities,2007,4,7
122,Sustainable HCI,Social Media & Online Communities,2008,11,35
122,Sustainable HCI,Social Media & Online Communities,2009,12,47
122,Sustainable HCI,Social Media & Online Communities,2010,32,100
122,Sustainable HCI,Social Media & Online Communities,2011,23,106
122,Sustainable HCI,Social Media & Online Communities,2012,36,234
122,Sustainable HCI,Social Media & Online Communities,2013,39,307
122,Sustainable HCI,Social Media & Online Communities,2014,42,333
122,Sustainable HCI,Social Media & Online Communities,2015,41,339
122,Sustainable HCI,Social Media & Online Communities,2016,37,469
122,Sustainable HCI,Social Media & Online Communities,2017,34,502
122,Sustainable HCI,Social Media & Online Communities,2018,47,826
122,Sustainable HCI,Social Media & Online Communities,2019,42,669
122,Sustainable HCI,Social Media & Online Communities,2020,35,548
122,Sustainable HCI,Social Media & Online Communities,2021,44,684
122,Sustainable HCI,Social Media & Online Communities,2022,32,712
122,Sustainable HCI,Social Media & Online Communities,2023,45,871
122,Sustainable HCI,Social Media & Online Communities,2024,37,774
122,Sustainable HCI,Social Media & Online Communities,2025,44,1005
122,Sustainable HCI,Social Media & Online Communities,2026,36,761
123,Content Moderation,Social Media & Online Communities,1997,1,0
123,Content Moderation,Social Media & Online Communities,2004,1,1
123,Content Moderation,Social Media & Online Communities,2005,1,2
123,Content Moderation,Social Media & Online Communities,2006,2,2
123,Content Moderation,Social Media & Online Communities,2007,2,3
123,Content Moderation,Social Media & Online Communities,2008,1,11
123,Content Moderation,Social Media & Online Communities,2009,1,9
123,Content Moderation,Social Media & Online Communities,2010,6,20
123,Content Moderation,Social Media & Online Communities,2011,4,13
123,Content Moderation,Social Media & Online Communities,2012,8,32
123,Content Moderation,Social Media & Online Communities,2013,6,33
123,Content Moderation,Social Media & Online Communities,2014,7,35
123,Content Moderation,Social Media & Online Communities,2015,11,40
123,Content Moderation,Social Media & Online Communities,2016,9,79
123,Content Moderation,Social Media & Online Communities,2017,24,168
123,Content Moderation,Social Media & Online Communities,2018,25,212
123,Content Moderation,Social Media & Online Communities,2019,35,320
123,Content Moderation,Social Media & Online Communities,2020,35,392
123,Content Moderation,Social Media & Online Communities,2021,44,683
123,Content Moderation,Social Media & Online Communities,2022,63,888
123,Content Moderation,Social Media & Online Communities,2023,58,1174
123,Content Moderation,Social Media & Online Communities,2024,86,1562
123,Content Moderation,Social Media & Online Communities,2025,119,2048
123,Content Moderation,Social Media & Online Communities,2026,56,1252
124,Open Collaboration Online,Social Media & Online Communities,1986,1,0
124,Open Collaboration Online,Social Media & Online Communities,1989,1,0
124,Open Collaboration Online,Social Media & Online Communities,1990,1,1
124,Open Collaboration Online,Social Media & Online Communities,1992,0,2
124,Open Collaboration Online,Social Media & Online Communities,1994,1,2
124,Open Collaboration Online,Social Media & Online Communities,1996,1,0
124,Open Collaboration Online,Social Media & Online Communities,1997,0,2
124,Open Collaboration Online,Social Media & Online Communities,1998,4,2
124,Open Collaboration Online,Social Media & Online Communities,1999,0,2
124,Open Collaboration Online,Social Media & Online Communities,2000,5,9
124,Open Collaboration Online,Social Media & Online Communities,2001,2,4
124,Open Collaboration Online,Social Media & Online Communities,2002,8,24
124,Open Collaboration Online,Social Media & Online Communities,2003,5,17
124,Open Collaboration Online,Social Media & Online Communities,2004,6,35
124,Open Collaboration Online,Social Media & Online Communities,2005,3,16
124,Open Collaboration Online,Social Media & Online Communities,2006,13,46
124,Open Collaboration Online,Social Media & Online Communities,2007,8,39
124,Open Collaboration Online,Social Media & Online Communities,2008,30,88
124,Open Collaboration Online,Social Media & Online Communities,2009,21,87
124,Open Collaboration Online,Social Media & Online Communities,2010,39,172
124,Open Collaboration Online,Social Media & Online Communities,2011,29,141
124,Open Collaboration Online,Social Media & Online Communities,2012,44,222
124,Open Collaboration Online,Social Media & Online Communities,2013,37,239
124,Open Collaboration Online,Social Media & Online Communities,2014,35,242
124,Open Collaboration Online,Social Media & Online Communities,2015,40,263
124,Open Collaboration Online,Social Media & Online Communities,2016,37,305
124,Open Collaboration Online,Social Media & Online Communities,2017,41,410
124,Open Collaboration Online,Social Media & Online Communities,2018,28,422
124,Open Collaboration Online,Social Media & Online Communities,2019,13,298
124,Open Collaboration Online,Social Media & Online Communities,2020,9,209
124,Open Collaboration Online,Social Media & Online Communities,2021,20,358
124,Open Collaboration Online,Social Media & Online Communities,2022,23,366
124,Open Collaboration Online,Social Media & Online Communities,2023,11,316
124,Open Collaboration Online,Social Media & Online Communities,2024,13,324
124,Open Collaboration Online,Social Media & Online Communities,2025,18,390
124,Open Collaboration Online,Social Media & Online Communities,2026,9,170
125,Participatory & Community Design,Social Media & Online Communities,1982,1,0
125,Participatory & Community Design,Social Media & Online Communities,1983,2,1
125,Participatory & Community Design,Social Media & Online Communities,1988,1,0
125,Participatory & Community Design,Social Media & Online Communities,1990,2,0
125,Participatory & Community Design,Social Media & Online Communities,1991,0,2
125,Participatory & Community Design,Social Media & Online Communities,1992,1,1
125,Participatory & Community Design,Social Media & Online Communities,1994,0,4
125,Participatory & Community Design,Social Media & Online Communities,1995,0,1
125,Participatory & Community Design,Social Media & Online Communities,1996,0,1
125,Participatory & Community Design,Social Media & Online Communities,1997,1,0
125,Participatory & Community Design,Social Media & Online Communities,2000,0,2
125,Participatory & Community Design,Social Media & Online Communities,2001,0,1
125,Participatory & Community Design,Social Media & Online Communities,2002,2,0
125,Participatory & Community Design,Social Media & Online Communities,2003,0,1
125,Participatory & Community Design,Social Media & Online Communities,2004,1,2
125,Participatory & Community Design,Social Media & Online Communities,2005,0,1
125,Participatory & Community Design,Social Media & Online Communities,2006,1,2
125,Participatory & Community Design,Social Media & Online Communities,2007,1,1
125,Participatory & Community Design,Social Media & Online Communities,2008,6,5
125,Participatory & Community Design,Social Media & Online Communities,2009,1,8
125,Participatory & Community Design,Social Media & Online Communities,2010,13,14
125,Participatory & Community Design,Social Media & Online Communities,2011,13,39
125,Participatory & Community Design,Social Media & Online Communities,2012,12,54
125,Participatory & Community Design,Social Media & Online Communities,2013,7,63
125,Participatory & Community Design,Social Media & Online Communities,2014,15,94
125,Participatory & Community Design,Social Media & Online Communities,2015,14,81
125,Participatory & Community Design,Social Media & Online Communities,2016,12,133
125,Participatory & Community Design,Social Media & Online Communities,2017,19,243
125,Participatory & Community Design,Social Media & Online Communities,2018,28,290
125,Participatory & Community Design,Social Media & Online Communities,2019,36,435
125,Participatory & Community Design,Social Media & Online Communities,2020,25,402
125,Participatory & Community Design,Social Media & Online Communities,2021,34,819
125,Participatory & Community Design,Social Media & Online Communities,2022,48,869
125,Participatory & Community Design,Social Media & Online Communities,2023,46,922
125,Participatory & Community Design,Social Media & Online Communities,2024,61,1245
125,Participatory & Community Design,Social Media & Online Communities,2025,83,1768
125,Participatory & Community Design,Social Media & Online Communities,2026,68,1395
126,Misinformation & News,Social Media & Online Communities,2000,1,0
126,Misinformation & News,Social Media & Online Communities,2004,3,0
126,Misinformation & News,Social Media & Online Communities,2005,1,0
126,Misinformation & News,Social Media & Online Communities,2006,0,1
126,Misinformation & News,Social Media & Online Communities,2007,1,0
126,Misinformation & News,Social Media & Online Communities,2008,3,5
126,Misinformation & News,Social Media & Online Communities,2009,5,4
126,Misinformation & News,Social Media & Online Communities,2010,11,14
126,Misinformation & News,Social Media & Online Communities,2011,16,32
126,Misinformation & News,Social Media & Online Communities,2012,19,58
126,Misinformation & News,Social Media & Online Communities,2013,16,79
126,Misinformation & News,Social Media & Online Communities,2014,16,96
126,Misinformation & News,Social Media & Online Communities,2015,23,152
126,Misinformation & News,Social Media & Online Communities,2016,28,204
126,Misinformation & News,Social Media & Online Communities,2017,40,308
126,Misinformation & News,Social Media & Online Communities,2018,31,331
126,Misinformation & News,Social Media & Online Communities,2019,21,227
126,Misinformation & News,Social Media & Online Communities,2020,29,205
126,Misinformation & News,Social Media & Online Communities,2021,45,484
126,Misinformation & News,Social Media & Online Communities,2022,47,469
126,Misinformation & News,Social Media & Online Communities,2023,41,481
126,Misinformation & News,Social Media & Online Communities,2024,48,718
126,Misinformation & News,Social Media & Online Communities,2025,57,945
126,Misinformation & News,Social Media & Online Communities,2026,26,463
127,Feminist HCI & Global Contexts,Social Media & Online Communities,1997,1,0
127,Feminist HCI & Global Contexts,Social Media & Online Communities,1998,2,0
127,Feminist HCI & Global Contexts,Social Media & Online Communities,2002,1,0
127,Feminist HCI & Global Contexts,Social Media & Online Communities,2005,2,0
127,Feminist HCI & Global Contexts,Social Media & Online Communities,2006,1,2
127,Feminist HCI & Global Contexts,Social Media & Online Communities,2007,6,3
127,Feminist HCI & Global Contexts,Social Media & Online Communities,2008,4,11
127,Feminist HCI & Global Contexts,Social Media & Online Communities,2009,8,16
127,Feminist HCI & Global Contexts,Social Media & Online Communities,2010,15,26
127,Feminist HCI & Global Contexts,Social Media & Online Communities,2011,12,63
127,Feminist HCI & Global Contexts,Social Media & Online Communities,2012,10,52
127,Feminist HCI & Global Contexts,Social Media & Online Communities,2013,13,67
127,Feminist HCI & Global Contexts,Social Media & Online Communities,2014,9,53
127,Feminist HCI & Global Contexts,Social Media & Online Communities,2015,11,77
127,Feminist HCI & Global Contexts,Social Media & Online Communities,2016,9,110
127,Feminist HCI & Global Contexts,Social Media & Online Communities,2017,30,238
127,Feminist HCI & Global Contexts,Social Media & Online Communities,2018,27,298
127,Feminist HCI & Global Contexts,Social Media & Online Communities,2019,37,450
127,Feminist HCI & Global Contexts,Social Media & Online Communities,2020,30,424
127,Feminist HCI & Global Contexts,Social Media & Online Communities,2021,45,743
127,Feminist HCI & Global Contexts,Social Media & Online Communities,2022,46,715
127,Feminist HCI & Global Contexts,Social Media & Online Communities,2023,24,505
127,Feminist HCI & Global Contexts,Social Media & Online Communities,2024,44,918
127,Feminist HCI & Global Contexts,Social Media & Online Communities,2025,40,970
127,Feminist HCI & Global Contexts,Social Media & Online Communities,2026,45,795
128,Youth & Online Media,Social Media & Online Communities,1996,1,0
128,Youth & Online Media,Social Media & Online Communities,1997,1,1
128,Youth & Online Media,Social Media & Online Communities,1998,1,0
128,Youth & Online Media,Social Media & Online Communities,1999,1,2
128,Youth & Online Media,Social Media & Online Communities,2000,1,3
128,Youth & Online Media,Social Media & Online Communities,2001,0,5
128,Youth & Online Media,Social Media & Online Communities,2002,0,2
128,Youth & Online Media,Social Media & Online Communities,2005,2,2
128,Youth & Online Media,Social Media & Online Communities,2006,2,1
128,Youth & Online Media,Social Media & Online Communities,2007,3,7
128,Youth & Online Media,Social Media & Online Communities,2008,0,3
128,Youth & Online Media,Social Media & Online Communities,2009,0,2
128,Youth & Online Media,Social Media & Online Communities,2010,6,9
128,Youth & Online Media,Social Media & Online Communities,2011,4,3
128,Youth & Online Media,Social Media & Online Communities,2012,5,19
128,Youth & Online Media,Social Media & Online Communities,2013,7,17
128,Youth & Online Media,Social Media & Online Communities,2014,10,27
128,Youth & Online Media,Social Media & Online Communities,2015,10,22
128,Youth & Online Media,Social Media & Online Communities,2016,16,77
128,Youth & Online Media,Social Media & Online Communities,2017,18,137
128,Youth & Online Media,Social Media & Online Communities,2018,15,154
128,Youth & Online Media,Social Media & Online Communities,2019,21,202
128,Youth & Online Media,Social Media & Online Communities,2020,10,148
128,Youth & Online Media,Social Media & Online Communities,2021,29,346
128,Youth & Online Media,Social Media & Online Communities,2022,18,255
128,Youth & Online Media,Social Media & Online Communities,2023,19,256
128,Youth & Online Media,Social Media & Online Communities,2024,28,494
128,Youth & Online Media,Social Media & Online Communities,2025,36,559
128,Youth & Online Media,Social Media & Online Communities,2026,23,449
129,Makerspaces & Hackathons,Social Media & Online Communities,1986,1,0
129,Makerspaces & Hackathons,Social Media & Online Communities,1994,1,1
129,Makerspaces & Hackathons,Social Media & Online Communities,1995,1,0
129,Makerspaces & Hackathons,Social Media & Online Communities,1996,2,1
129,Makerspaces & Hackathons,Social Media & Online Communities,1998,1,0
129,Makerspaces & Hackathons,Social Media & Online Communities,2000,1,1
129,Makerspaces & Hackathons,Social Media & Online Communities,2001,1,0
129,Makerspaces & Hackathons,Social Media & Online Communities,2002,0,3
129,Makerspaces & Hackathons,Social Media & Online Communities,2004,2,8
129,Makerspaces & Hackathons,Social Media & Online Communities,2006,1,3
129,Makerspaces & Hackathons,Social Media & Online Communities,2007,1,4
129,Makerspaces & Hackathons,Social Media & Online Communities,2008,2,5
129,Makerspaces & Hackathons,Social Media & Online Communities,2009,2,0
129,Makerspaces & Hackathons,Social Media & Online Communities,2010,2,6
129,Makerspaces & Hackathons,Social Media & Online Communities,2011,5,11
129,Makerspaces & Hackathons,Social Media & Online Communities,2012,8,15
129,Makerspaces & Hackathons,Social Media & Online Communities,2013,8,31
129,Makerspaces & Hackathons,Social Media & Online Communities,2014,15,56
129,Makerspaces & Hackathons,Social Media & Online Communities,2015,18,111
129,Makerspaces & Hackathons,Social Media & Online Communities,2016,16,146
129,Makerspaces & Hackathons,Social Media & Online Communities,2017,16,199
129,Makerspaces & Hackathons,Social Media & Online Communities,2018,13,165
129,Makerspaces & Hackathons,Social Media & Online Communities,2019,16,269
129,Makerspaces & Hackathons,Social Media & Online Communities,2020,16,197
129,Makerspaces & Hackathons,Social Media & Online Communities,2021,22,342
129,Makerspaces & Hackathons,Social Media & Online Communities,2022,17,306
129,Makerspaces & Hackathons,Social Media & Online Communities,2023,14,281
129,Makerspaces & Hackathons,Social Media & Online Communities,2024,21,331
129,Makerspaces & Hackathons,Social Media & Online Communities,2025,24,505
129,Makerspaces & Hackathons,Social Media & Online Communities,2026,6,322
130,Gig Work & Labour,Social Media & Online Communities,1996,1,0
130,Gig Work & Labour,Social Media & Online Communities,2004,1,0
130,Gig Work & Labour,Social Media & Online Communities,2006,1,1
130,Gig Work & Labour,Social Media & Online Communities,2007,1,1
130,Gig Work & Labour,Social Media & Online Communities,2008,2,0
130,Gig Work & Labour,Social Media & Online Communities,2010,1,2
130,Gig Work & Labour,Social Media & Online Communities,2013,3,2
130,Gig Work & Labour,Social Media & Online Communities,2014,5,7
130,Gig Work & Labour,Social Media & Online Communities,2015,9,29
130,Gig Work & Labour,Social Media & Online Communities,2016,8,72
130,Gig Work & Labour,Social Media & Online Communities,2017,21,179
130,Gig Work & Labour,Social Media & Online Communities,2018,15,225
130,Gig Work & Labour,Social Media & Online Communities,2019,16,244
130,Gig Work & Labour,Social Media & Online Communities,2020,11,143
130,Gig Work & Labour,Social Media & Online Communities,2021,18,295
130,Gig Work & Labour,Social Media & Online Communities,2022,28,326
130,Gig Work & Labour,Social Media & Online Communities,2023,21,296
130,Gig Work & Labour,Social Media & Online Communities,2024,30,494
130,Gig Work & Labour,Social Media & Online Communities,2025,41,719
130,Gig Work & Labour,Social Media & Online Communities,2026,14,335
131,Live Streaming,Social Media & Online Communities,1992,1,0
131,Live Streaming,Social Media & Online Communities,2005,1,0
131,Live Streaming,Social Media & Online Communities,2006,1,0
131,Live Streaming,Social Media & Online Communities,2007,1,1
131,Live Streaming,Social Media & Online Communities,2008,2,1
131,Live Streaming,Social Media & Online Communities,2009,2,3
131,Live Streaming,Social Media & Online Communities,2010,0,2
131,Live Streaming,Social Media & Online Communities,2011,3,10
131,Live Streaming,Social Media & Online Communities,2012,3,4
131,Live Streaming,Social Media & Online Communities,2013,2,8
131,Live Streaming,Social Media & Online Communities,2014,5,13
131,Live Streaming,Social Media & Online Communities,2015,9,19
131,Live Streaming,Social Media & Online Communities,2016,8,36
131,Live Streaming,Social Media & Online Communities,2017,13,73
131,Live Streaming,Social Media & Online Communities,2018,8,95
131,Live Streaming,Social Media & Online Communities,2019,19,146
131,Live Streaming,Social Media & Online Communities,2020,11,116
131,Live Streaming,Social Media & Online Communities,2021,25,273
131,Live Streaming,Social Media & Online Communities,2022,20,269
131,Live Streaming,Social Media & Online Communities,2023,11,293
131,Live Streaming,Social Media & Online Communities,2024,19,334
131,Live Streaming,Social Media & Online Communities,2025,14,317
131,Live Streaming,Social Media & Online Communities,2026,8,184
132,Trans & Gender Representation,Social Media & Online Communities,2007,1,0
132,Trans & Gender Representation,Social Media & Online Communities,2008,0,1
132,Trans & Gender Representation,Social Media & Online Communities,2009,0,1
132,Trans & Gender Representation,Social Media & Online Communities,2011,0,2
132,Trans & Gender Representation,Social Media & Online Communities,2012,1,2
132,Trans & Gender Representation,Social Media & Online Communities,2013,0,1
132,Trans & Gender Representation,Social Media & Online Communities,2014,2,0
132,Trans & Gender Representation,Social Media & Online Communities,2015,2,1
132,Trans & Gender Representation,Social Media & Online Communities,2016,1,3
132,Trans & Gender Representation,Social Media & Online Communities,2017,5,9
132,Trans & Gender Representation,Social Media & Online Communities,2018,9,31
132,Trans & Gender Representation,Social Media & Online Communities,2019,9,53
132,Trans & Gender Representation,Social Media & Online Communities,2020,12,68
132,Trans & Gender Representation,Social Media & Online Communities,2021,15,150
132,Trans & Gender Representation,Social Media & Online Communities,2022,7,139
132,Trans & Gender Representation,Social Media & Online Communities,2023,17,145
132,Trans & Gender Representation,Social Media & Online Communities,2024,12,202
132,Trans & Gender Representation,Social Media & Online Communities,2025,24,281
132,Trans & Gender Representation,Social Media & Online Communities,2026,5,155
133,Cryptocurrency & Trust,Social Media & Online Communities,2004,1,0
133,Cryptocurrency & Trust,Social Media & Online Communities,2008,2,3
133,Cryptocurrency & Trust,Social Media & Online Communities,2009,0,1
133,Cryptocurrency & Trust,Social Media & Online Communities,2011,1,2
133,Cryptocurrency & Trust,Social Media & Online Communities,2012,3,4
133,Cryptocurrency & Trust,Social Media & Online Communities,2013,4,3
133,Cryptocurrency & Trust,Social Media & Online Communities,2014,3,10
133,Cryptocurrency & Trust,Social Media & Online Communities,2015,3,14
133,Cryptocurrency & Trust,Social Media & Online Communities,2016,3,20
133,Cryptocurrency & Trust,Social Media & Online Communities,2017,5,17
133,Cryptocurrency & Trust,Social Media & Online Communities,2018,6,45
133,Cryptocurrency & Trust,Social Media & Online Communities,2019,10,72
133,Cryptocurrency & Trust,Social Media & Online Communities,2020,3,28
133,Cryptocurrency & Trust,Social Media & Online Communities,2021,8,105
133,Cryptocurrency & Trust,Social Media & Online Communities,2022,4,53
133,Cryptocurrency & Trust,Social Media & Online Communities,2023,3,34
133,Cryptocurrency & Trust,Social Media & Online Communities,2024,9,68
133,Cryptocurrency & Trust,Social Media & Online Communities,2025,6,93
133,Cryptocurrency & Trust,Social Media & Online Communities,2026,2,37
