sub,name,band,year,refs,same_sub_share,same_band_share,other_band_share,mean_age_same_sub
0,3D Pointing & VR Interaction,Input & Interaction Techniques,1990,4,0.25,0.25,0.5,0.0
0,3D Pointing & VR Interaction,Input & Interaction Techniques,1991,7,0.0,0.714,0.286,
0,3D Pointing & VR Interaction,Input & Interaction Techniques,1992,2,0.5,0.5,0.0,2.0
0,3D Pointing & VR Interaction,Input & Interaction Techniques,1993,2,0.5,0.5,0.0,2.0
0,3D Pointing & VR Interaction,Input & Interaction Techniques,1994,18,0.333,0.5,0.167,2.5
0,3D Pointing & VR Interaction,Input & Interaction Techniques,1995,5,0.4,0.4,0.2,4.0
0,3D Pointing & VR Interaction,Input & Interaction Techniques,1996,18,0.333,0.389,0.278,2.0
0,3D Pointing & VR Interaction,Input & Interaction Techniques,1997,27,0.667,0.222,0.111,2.78
0,3D Pointing & VR Interaction,Input & Interaction Techniques,1998,51,0.451,0.314,0.235,2.13
0,3D Pointing & VR Interaction,Input & Interaction Techniques,1999,40,0.6,0.275,0.125,2.08
0,3D Pointing & VR Interaction,Input & Interaction Techniques,2000,33,0.818,0.091,0.091,3.04
0,3D Pointing & VR Interaction,Input & Interaction Techniques,2001,26,0.385,0.308,0.308,3.2
0,3D Pointing & VR Interaction,Input & Interaction Techniques,2002,40,0.325,0.275,0.4,4.62
0,3D Pointing & VR Interaction,Input & Interaction Techniques,2003,48,0.354,0.417,0.229,3.94
0,3D Pointing & VR Interaction,Input & Interaction Techniques,2004,24,0.5,0.25,0.25,5.75
0,3D Pointing & VR Interaction,Input & Interaction Techniques,2005,80,0.438,0.275,0.287,4.91
0,3D Pointing & VR Interaction,Input & Interaction Techniques,2006,91,0.462,0.286,0.253,6.88
0,3D Pointing & VR Interaction,Input & Interaction Techniques,2007,70,0.457,0.371,0.171,8.16
0,3D Pointing & VR Interaction,Input & Interaction Techniques,2008,94,0.351,0.479,0.17,6.36
0,3D Pointing & VR Interaction,Input & Interaction Techniques,2009,118,0.458,0.314,0.229,5.67
0,3D Pointing & VR Interaction,Input & Interaction Techniques,2010,159,0.434,0.346,0.22,6.52
0,3D Pointing & VR Interaction,Input & Interaction Techniques,2011,190,0.405,0.411,0.184,6.03
0,3D Pointing & VR Interaction,Input & Interaction Techniques,2012,110,0.545,0.182,0.273,6.53
0,3D Pointing & VR Interaction,Input & Interaction Techniques,2013,135,0.519,0.244,0.237,6.74
0,3D Pointing & VR Interaction,Input & Interaction Techniques,2014,187,0.54,0.257,0.203,5.59
0,3D Pointing & VR Interaction,Input & Interaction Techniques,2015,227,0.463,0.264,0.273,8.24
0,3D Pointing & VR Interaction,Input & Interaction Techniques,2016,213,0.446,0.263,0.291,7.2
0,3D Pointing & VR Interaction,Input & Interaction Techniques,2017,252,0.484,0.155,0.361,8.15
0,3D Pointing & VR Interaction,Input & Interaction Techniques,2018,196,0.577,0.189,0.235,9.88
0,3D Pointing & VR Interaction,Input & Interaction Techniques,2019,397,0.491,0.277,0.232,9.37
0,3D Pointing & VR Interaction,Input & Interaction Techniques,2020,250,0.444,0.232,0.324,7.35
0,3D Pointing & VR Interaction,Input & Interaction Techniques,2021,610,0.431,0.228,0.341,7.38
0,3D Pointing & VR Interaction,Input & Interaction Techniques,2022,349,0.453,0.178,0.37,6.19
0,3D Pointing & VR Interaction,Input & Interaction Techniques,2023,732,0.455,0.148,0.398,7.36
0,3D Pointing & VR Interaction,Input & Interaction Techniques,2024,465,0.516,0.105,0.378,7.25
0,3D Pointing & VR Interaction,Input & Interaction Techniques,2025,813,0.416,0.183,0.401,8.98
0,3D Pointing & VR Interaction,Input & Interaction Techniques,2026,477,0.436,0.149,0.415,7.38
1,RF & Radar Sensing,Input & Interaction Techniques,1997,1,0.0,1.0,0.0,
1,RF & Radar Sensing,Input & Interaction Techniques,2001,1,1.0,0.0,0.0,6.0
1,RF & Radar Sensing,Input & Interaction Techniques,2003,1,1.0,0.0,0.0,6.0
1,RF & Radar Sensing,Input & Interaction Techniques,2009,2,0.5,0.0,0.5,12.0
1,RF & Radar Sensing,Input & Interaction Techniques,2010,4,0.0,0.25,0.75,
1,RF & Radar Sensing,Input & Interaction Techniques,2011,13,0.308,0.385,0.308,8.0
1,RF & Radar Sensing,Input & Interaction Techniques,2012,6,0.333,0.333,0.333,7.0
1,RF & Radar Sensing,Input & Interaction Techniques,2013,9,0.556,0.111,0.333,5.2
1,RF & Radar Sensing,Input & Interaction Techniques,2014,23,0.391,0.13,0.478,3.0
1,RF & Radar Sensing,Input & Interaction Techniques,2015,18,0.278,0.222,0.5,2.6
1,RF & Radar Sensing,Input & Interaction Techniques,2016,81,0.333,0.444,0.222,3.07
1,RF & Radar Sensing,Input & Interaction Techniques,2017,143,0.42,0.28,0.301,2.33
1,RF & Radar Sensing,Input & Interaction Techniques,2018,239,0.498,0.331,0.172,2.31
1,RF & Radar Sensing,Input & Interaction Techniques,2019,338,0.553,0.207,0.24,2.48
1,RF & Radar Sensing,Input & Interaction Techniques,2020,353,0.586,0.269,0.144,2.6
1,RF & Radar Sensing,Input & Interaction Techniques,2021,565,0.618,0.186,0.196,3.1
1,RF & Radar Sensing,Input & Interaction Techniques,2022,569,0.682,0.116,0.202,3.16
1,RF & Radar Sensing,Input & Interaction Techniques,2023,775,0.672,0.169,0.159,3.33
1,RF & Radar Sensing,Input & Interaction Techniques,2024,744,0.738,0.14,0.122,3.74
1,RF & Radar Sensing,Input & Interaction Techniques,2025,839,0.794,0.101,0.105,3.89
1,RF & Radar Sensing,Input & Interaction Techniques,2026,431,0.578,0.162,0.26,4.04
2,Wearable Activity Recognition,Input & Interaction Techniques,2003,5,0.2,0.4,0.4,1.0
2,Wearable Activity Recognition,Input & Interaction Techniques,2004,1,0.0,0.0,1.0,
2,Wearable Activity Recognition,Input & Interaction Techniques,2005,3,0.333,0.0,0.667,3.0
2,Wearable Activity Recognition,Input & Interaction Techniques,2006,17,0.353,0.0,0.647,2.0
2,Wearable Activity Recognition,Input & Interaction Techniques,2007,20,0.55,0.0,0.45,1.64
2,Wearable Activity Recognition,Input & Interaction Techniques,2008,31,0.613,0.032,0.355,2.53
2,Wearable Activity Recognition,Input & Interaction Techniques,2009,44,0.614,0.045,0.341,1.81
2,Wearable Activity Recognition,Input & Interaction Techniques,2010,40,0.7,0.125,0.175,2.79
2,Wearable Activity Recognition,Input & Interaction Techniques,2011,32,0.438,0.25,0.312,2.86
2,Wearable Activity Recognition,Input & Interaction Techniques,2012,61,0.639,0.049,0.311,3.62
2,Wearable Activity Recognition,Input & Interaction Techniques,2013,60,0.55,0.167,0.283,3.97
2,Wearable Activity Recognition,Input & Interaction Techniques,2014,34,0.529,0.118,0.353,3.94
2,Wearable Activity Recognition,Input & Interaction Techniques,2015,141,0.511,0.099,0.39,3.82
2,Wearable Activity Recognition,Input & Interaction Techniques,2016,84,0.69,0.083,0.226,3.33
2,Wearable Activity Recognition,Input & Interaction Techniques,2017,116,0.526,0.086,0.388,4.98
2,Wearable Activity Recognition,Input & Interaction Techniques,2018,234,0.483,0.124,0.393,4.3
2,Wearable Activity Recognition,Input & Interaction Techniques,2019,210,0.51,0.2,0.29,4.65
2,Wearable Activity Recognition,Input & Interaction Techniques,2020,176,0.659,0.097,0.244,4.48
2,Wearable Activity Recognition,Input & Interaction Techniques,2021,212,0.604,0.208,0.189,4.31
2,Wearable Activity Recognition,Input & Interaction Techniques,2022,328,0.582,0.168,0.25,4.72
2,Wearable Activity Recognition,Input & Interaction Techniques,2023,392,0.518,0.23,0.253,4.43
2,Wearable Activity Recognition,Input & Interaction Techniques,2024,438,0.589,0.183,0.228,4.6
2,Wearable Activity Recognition,Input & Interaction Techniques,2025,486,0.605,0.13,0.265,4.7
2,Wearable Activity Recognition,Input & Interaction Techniques,2026,128,0.602,0.117,0.281,4.16
3,Pointing & Target Selection,Input & Interaction Techniques,1983,1,1.0,0.0,0.0,1.0
3,Pointing & Target Selection,Input & Interaction Techniques,1985,1,1.0,0.0,0.0,3.0
3,Pointing & Target Selection,Input & Interaction Techniques,1986,1,1.0,0.0,0.0,4.0
3,Pointing & Target Selection,Input & Interaction Techniques,1988,4,0.75,0.0,0.25,4.0
3,Pointing & Target Selection,Input & Interaction Techniques,1989,2,0.5,0.0,0.5,7.0
3,Pointing & Target Selection,Input & Interaction Techniques,1991,2,0.5,0.0,0.5,1.0
3,Pointing & Target Selection,Input & Interaction Techniques,1992,6,0.667,0.167,0.167,1.25
3,Pointing & Target Selection,Input & Interaction Techniques,1994,8,0.875,0.125,0.0,5.71
3,Pointing & Target Selection,Input & Interaction Techniques,1995,11,0.364,0.182,0.455,5.25
3,Pointing & Target Selection,Input & Interaction Techniques,1996,1,1.0,0.0,0.0,5.0
3,Pointing & Target Selection,Input & Interaction Techniques,1997,5,0.6,0.2,0.2,3.33
3,Pointing & Target Selection,Input & Interaction Techniques,1998,17,0.412,0.353,0.235,4.71
3,Pointing & Target Selection,Input & Interaction Techniques,1999,15,0.4,0.2,0.4,4.5
3,Pointing & Target Selection,Input & Interaction Techniques,2000,12,0.667,0.333,0.0,6.5
3,Pointing & Target Selection,Input & Interaction Techniques,2001,22,0.591,0.227,0.182,7.23
3,Pointing & Target Selection,Input & Interaction Techniques,2002,12,0.417,0.5,0.083,8.0
3,Pointing & Target Selection,Input & Interaction Techniques,2003,22,0.636,0.273,0.091,6.0
3,Pointing & Target Selection,Input & Interaction Techniques,2004,42,0.452,0.238,0.31,6.32
3,Pointing & Target Selection,Input & Interaction Techniques,2005,86,0.558,0.186,0.256,5.12
3,Pointing & Target Selection,Input & Interaction Techniques,2006,39,0.744,0.051,0.205,5.38
3,Pointing & Target Selection,Input & Interaction Techniques,2007,130,0.577,0.292,0.131,7.33
3,Pointing & Target Selection,Input & Interaction Techniques,2008,165,0.582,0.291,0.127,6.15
3,Pointing & Target Selection,Input & Interaction Techniques,2009,106,0.594,0.292,0.113,7.08
3,Pointing & Target Selection,Input & Interaction Techniques,2010,116,0.767,0.129,0.103,7.19
3,Pointing & Target Selection,Input & Interaction Techniques,2011,152,0.618,0.25,0.132,6.34
3,Pointing & Target Selection,Input & Interaction Techniques,2012,130,0.531,0.162,0.308,7.9
3,Pointing & Target Selection,Input & Interaction Techniques,2013,171,0.591,0.205,0.205,8.44
3,Pointing & Target Selection,Input & Interaction Techniques,2014,207,0.551,0.242,0.208,7.47
3,Pointing & Target Selection,Input & Interaction Techniques,2015,104,0.663,0.135,0.202,6.74
3,Pointing & Target Selection,Input & Interaction Techniques,2016,164,0.628,0.207,0.165,7.47
3,Pointing & Target Selection,Input & Interaction Techniques,2017,174,0.632,0.167,0.201,6.42
3,Pointing & Target Selection,Input & Interaction Techniques,2018,270,0.652,0.193,0.156,8.98
3,Pointing & Target Selection,Input & Interaction Techniques,2019,331,0.616,0.175,0.208,8.51
3,Pointing & Target Selection,Input & Interaction Techniques,2020,288,0.649,0.198,0.153,7.83
3,Pointing & Target Selection,Input & Interaction Techniques,2021,377,0.618,0.17,0.212,7.55
3,Pointing & Target Selection,Input & Interaction Techniques,2022,465,0.606,0.191,0.202,8.29
3,Pointing & Target Selection,Input & Interaction Techniques,2023,426,0.655,0.197,0.148,9.04
3,Pointing & Target Selection,Input & Interaction Techniques,2024,535,0.6,0.204,0.196,8.75
3,Pointing & Target Selection,Input & Interaction Techniques,2025,356,0.624,0.188,0.188,9.12
3,Pointing & Target Selection,Input & Interaction Techniques,2026,345,0.594,0.122,0.284,9.19
4,Hand Input & Gesture Sensing,Input & Interaction Techniques,1985,1,1.0,0.0,0.0,3.0
4,Hand Input & Gesture Sensing,Input & Interaction Techniques,1990,1,1.0,0.0,0.0,8.0
4,Hand Input & Gesture Sensing,Input & Interaction Techniques,1991,2,0.5,0.5,0.0,1.0
4,Hand Input & Gesture Sensing,Input & Interaction Techniques,1992,2,0.5,0.0,0.5,1.0
4,Hand Input & Gesture Sensing,Input & Interaction Techniques,1996,1,0.0,0.0,1.0,
4,Hand Input & Gesture Sensing,Input & Interaction Techniques,1997,2,0.0,0.5,0.5,
4,Hand Input & Gesture Sensing,Input & Interaction Techniques,1998,2,0.5,0.5,0.0,16.0
4,Hand Input & Gesture Sensing,Input & Interaction Techniques,1999,9,0.111,0.556,0.333,3.0
4,Hand Input & Gesture Sensing,Input & Interaction Techniques,2000,18,0.222,0.333,0.444,2.25
4,Hand Input & Gesture Sensing,Input & Interaction Techniques,2001,3,0.667,0.0,0.333,2.0
4,Hand Input & Gesture Sensing,Input & Interaction Techniques,2002,4,0.5,0.5,0.0,2.0
4,Hand Input & Gesture Sensing,Input & Interaction Techniques,2003,5,0.6,0.4,0.0,3.0
4,Hand Input & Gesture Sensing,Input & Interaction Techniques,2004,6,0.333,0.167,0.5,6.0
4,Hand Input & Gesture Sensing,Input & Interaction Techniques,2005,19,0.316,0.421,0.263,3.17
4,Hand Input & Gesture Sensing,Input & Interaction Techniques,2006,16,0.375,0.312,0.312,4.0
4,Hand Input & Gesture Sensing,Input & Interaction Techniques,2007,44,0.341,0.341,0.318,4.07
4,Hand Input & Gesture Sensing,Input & Interaction Techniques,2008,25,0.4,0.12,0.48,2.9
4,Hand Input & Gesture Sensing,Input & Interaction Techniques,2009,50,0.22,0.48,0.3,3.91
4,Hand Input & Gesture Sensing,Input & Interaction Techniques,2010,70,0.357,0.343,0.3,5.48
4,Hand Input & Gesture Sensing,Input & Interaction Techniques,2011,60,0.383,0.333,0.283,2.43
4,Hand Input & Gesture Sensing,Input & Interaction Techniques,2012,143,0.448,0.308,0.245,3.19
4,Hand Input & Gesture Sensing,Input & Interaction Techniques,2013,172,0.523,0.267,0.209,3.88
4,Hand Input & Gesture Sensing,Input & Interaction Techniques,2014,210,0.538,0.29,0.171,3.62
4,Hand Input & Gesture Sensing,Input & Interaction Techniques,2015,383,0.546,0.23,0.225,4.15
4,Hand Input & Gesture Sensing,Input & Interaction Techniques,2016,502,0.546,0.263,0.191,4.25
4,Hand Input & Gesture Sensing,Input & Interaction Techniques,2017,427,0.564,0.23,0.206,4.05
4,Hand Input & Gesture Sensing,Input & Interaction Techniques,2018,533,0.54,0.242,0.218,4.66
4,Hand Input & Gesture Sensing,Input & Interaction Techniques,2019,521,0.52,0.2,0.28,5.08
4,Hand Input & Gesture Sensing,Input & Interaction Techniques,2020,496,0.518,0.224,0.258,5.67
4,Hand Input & Gesture Sensing,Input & Interaction Techniques,2021,633,0.48,0.27,0.25,6.2
4,Hand Input & Gesture Sensing,Input & Interaction Techniques,2022,777,0.476,0.275,0.248,5.84
4,Hand Input & Gesture Sensing,Input & Interaction Techniques,2023,825,0.518,0.246,0.236,7.33
4,Hand Input & Gesture Sensing,Input & Interaction Techniques,2024,673,0.483,0.227,0.29,7.1
4,Hand Input & Gesture Sensing,Input & Interaction Techniques,2025,984,0.509,0.244,0.247,7.26
4,Hand Input & Gesture Sensing,Input & Interaction Techniques,2026,351,0.527,0.308,0.165,6.31
5,Fisheye & Scrolling Techniques,Input & Interaction Techniques,1986,3,0.667,0.333,0.0,2.0
5,Fisheye & Scrolling Techniques,Input & Interaction Techniques,1988,1,1.0,0.0,0.0,5.0
5,Fisheye & Scrolling Techniques,Input & Interaction Techniques,1989,6,0.833,0.0,0.167,1.2
5,Fisheye & Scrolling Techniques,Input & Interaction Techniques,1990,9,0.556,0.111,0.333,1.2
5,Fisheye & Scrolling Techniques,Input & Interaction Techniques,1991,30,0.767,0.0,0.233,2.35
5,Fisheye & Scrolling Techniques,Input & Interaction Techniques,1992,37,0.703,0.081,0.216,2.58
5,Fisheye & Scrolling Techniques,Input & Interaction Techniques,1993,32,0.75,0.031,0.219,2.62
5,Fisheye & Scrolling Techniques,Input & Interaction Techniques,1994,46,0.783,0.087,0.13,2.89
5,Fisheye & Scrolling Techniques,Input & Interaction Techniques,1995,90,0.8,0.078,0.122,3.11
5,Fisheye & Scrolling Techniques,Input & Interaction Techniques,1996,59,0.712,0.119,0.169,3.48
5,Fisheye & Scrolling Techniques,Input & Interaction Techniques,1997,33,0.758,0.091,0.152,3.4
5,Fisheye & Scrolling Techniques,Input & Interaction Techniques,1998,60,0.833,0.017,0.15,4.36
5,Fisheye & Scrolling Techniques,Input & Interaction Techniques,1999,70,0.614,0.129,0.257,5.86
5,Fisheye & Scrolling Techniques,Input & Interaction Techniques,2000,61,0.607,0.115,0.279,5.59
5,Fisheye & Scrolling Techniques,Input & Interaction Techniques,2001,105,0.648,0.143,0.21,6.71
5,Fisheye & Scrolling Techniques,Input & Interaction Techniques,2002,91,0.67,0.154,0.176,6.13
5,Fisheye & Scrolling Techniques,Input & Interaction Techniques,2003,62,0.661,0.097,0.242,6.41
5,Fisheye & Scrolling Techniques,Input & Interaction Techniques,2004,90,0.622,0.189,0.189,7.25
5,Fisheye & Scrolling Techniques,Input & Interaction Techniques,2005,123,0.659,0.179,0.163,8.43
5,Fisheye & Scrolling Techniques,Input & Interaction Techniques,2006,149,0.792,0.081,0.128,7.09
5,Fisheye & Scrolling Techniques,Input & Interaction Techniques,2007,93,0.731,0.108,0.161,6.46
5,Fisheye & Scrolling Techniques,Input & Interaction Techniques,2008,135,0.741,0.096,0.163,7.68
5,Fisheye & Scrolling Techniques,Input & Interaction Techniques,2009,113,0.575,0.177,0.248,8.22
5,Fisheye & Scrolling Techniques,Input & Interaction Techniques,2010,48,0.604,0.312,0.083,11.69
5,Fisheye & Scrolling Techniques,Input & Interaction Techniques,2011,151,0.49,0.258,0.252,11.05
5,Fisheye & Scrolling Techniques,Input & Interaction Techniques,2012,98,0.612,0.173,0.214,9.55
5,Fisheye & Scrolling Techniques,Input & Interaction Techniques,2013,117,0.624,0.197,0.179,9.32
5,Fisheye & Scrolling Techniques,Input & Interaction Techniques,2014,117,0.718,0.094,0.188,10.17
5,Fisheye & Scrolling Techniques,Input & Interaction Techniques,2015,119,0.471,0.21,0.319,7.89
5,Fisheye & Scrolling Techniques,Input & Interaction Techniques,2016,93,0.624,0.097,0.28,11.55
5,Fisheye & Scrolling Techniques,Input & Interaction Techniques,2017,68,0.632,0.191,0.176,13.37
5,Fisheye & Scrolling Techniques,Input & Interaction Techniques,2018,88,0.568,0.148,0.284,10.86
5,Fisheye & Scrolling Techniques,Input & Interaction Techniques,2019,30,0.567,0.3,0.133,15.82
5,Fisheye & Scrolling Techniques,Input & Interaction Techniques,2021,30,0.367,0.533,0.1,13.82
5,Fisheye & Scrolling Techniques,Input & Interaction Techniques,2022,50,0.54,0.1,0.36,16.93
5,Fisheye & Scrolling Techniques,Input & Interaction Techniques,2023,136,0.301,0.301,0.397,18.17
5,Fisheye & Scrolling Techniques,Input & Interaction Techniques,2024,17,0.176,0.118,0.706,24.33
5,Fisheye & Scrolling Techniques,Input & Interaction Techniques,2025,28,0.464,0.143,0.393,14.31
5,Fisheye & Scrolling Techniques,Input & Interaction Techniques,2026,19,0.316,0.105,0.579,17.33
6,Gesture Elicitation & Recognition,Input & Interaction Techniques,1988,1,0.0,1.0,0.0,
6,Gesture Elicitation & Recognition,Input & Interaction Techniques,1991,1,1.0,0.0,0.0,3.0
6,Gesture Elicitation & Recognition,Input & Interaction Techniques,1992,6,0.333,0.5,0.167,2.5
6,Gesture Elicitation & Recognition,Input & Interaction Techniques,1994,3,0.333,0.333,0.333,6.0
6,Gesture Elicitation & Recognition,Input & Interaction Techniques,1995,4,0.25,0.5,0.25,1.0
6,Gesture Elicitation & Recognition,Input & Interaction Techniques,1996,6,0.667,0.333,0.0,4.5
6,Gesture Elicitation & Recognition,Input & Interaction Techniques,1998,7,0.0,0.857,0.143,
6,Gesture Elicitation & Recognition,Input & Interaction Techniques,1999,9,0.333,0.667,0.0,3.67
6,Gesture Elicitation & Recognition,Input & Interaction Techniques,2000,28,0.321,0.357,0.321,5.67
6,Gesture Elicitation & Recognition,Input & Interaction Techniques,2001,5,0.0,0.2,0.8,
6,Gesture Elicitation & Recognition,Input & Interaction Techniques,2002,9,0.444,0.444,0.111,6.0
6,Gesture Elicitation & Recognition,Input & Interaction Techniques,2003,8,0.25,0.25,0.5,1.5
6,Gesture Elicitation & Recognition,Input & Interaction Techniques,2004,34,0.412,0.5,0.088,4.5
6,Gesture Elicitation & Recognition,Input & Interaction Techniques,2005,17,0.294,0.353,0.353,8.4
6,Gesture Elicitation & Recognition,Input & Interaction Techniques,2006,14,0.214,0.643,0.143,7.0
6,Gesture Elicitation & Recognition,Input & Interaction Techniques,2007,51,0.314,0.49,0.196,7.81
6,Gesture Elicitation & Recognition,Input & Interaction Techniques,2008,22,0.5,0.364,0.136,6.91
6,Gesture Elicitation & Recognition,Input & Interaction Techniques,2009,79,0.418,0.456,0.127,5.64
6,Gesture Elicitation & Recognition,Input & Interaction Techniques,2010,130,0.377,0.377,0.246,3.71
6,Gesture Elicitation & Recognition,Input & Interaction Techniques,2011,194,0.335,0.454,0.211,4.05
6,Gesture Elicitation & Recognition,Input & Interaction Techniques,2012,285,0.425,0.396,0.179,4.83
6,Gesture Elicitation & Recognition,Input & Interaction Techniques,2013,362,0.522,0.207,0.271,4.45
6,Gesture Elicitation & Recognition,Input & Interaction Techniques,2014,315,0.584,0.197,0.219,4.85
6,Gesture Elicitation & Recognition,Input & Interaction Techniques,2015,266,0.492,0.293,0.214,4.95
6,Gesture Elicitation & Recognition,Input & Interaction Techniques,2016,225,0.627,0.253,0.12,5.39
6,Gesture Elicitation & Recognition,Input & Interaction Techniques,2017,345,0.571,0.272,0.157,7.21
6,Gesture Elicitation & Recognition,Input & Interaction Techniques,2018,500,0.588,0.266,0.146,6.57
6,Gesture Elicitation & Recognition,Input & Interaction Techniques,2019,427,0.593,0.171,0.237,6.45
6,Gesture Elicitation & Recognition,Input & Interaction Techniques,2020,461,0.586,0.293,0.121,7.18
6,Gesture Elicitation & Recognition,Input & Interaction Techniques,2021,225,0.609,0.262,0.129,8.29
6,Gesture Elicitation & Recognition,Input & Interaction Techniques,2022,629,0.539,0.213,0.248,8.18
6,Gesture Elicitation & Recognition,Input & Interaction Techniques,2023,301,0.415,0.339,0.246,7.89
6,Gesture Elicitation & Recognition,Input & Interaction Techniques,2024,207,0.493,0.266,0.242,8.4
6,Gesture Elicitation & Recognition,Input & Interaction Techniques,2025,232,0.547,0.233,0.22,9.73
6,Gesture Elicitation & Recognition,Input & Interaction Techniques,2026,144,0.549,0.167,0.285,9.97
7,Pen & Sketch Input,Input & Interaction Techniques,1990,3,0.0,0.667,0.333,
7,Pen & Sketch Input,Input & Interaction Techniques,1991,1,1.0,0.0,0.0,1.0
7,Pen & Sketch Input,Input & Interaction Techniques,1992,1,0.0,0.0,1.0,
7,Pen & Sketch Input,Input & Interaction Techniques,1993,4,0.25,0.25,0.5,2.0
7,Pen & Sketch Input,Input & Interaction Techniques,1994,10,0.3,0.2,0.5,6.33
7,Pen & Sketch Input,Input & Interaction Techniques,1995,28,0.357,0.214,0.429,1.3
7,Pen & Sketch Input,Input & Interaction Techniques,1996,12,0.583,0.167,0.25,2.86
7,Pen & Sketch Input,Input & Interaction Techniques,1997,47,0.426,0.149,0.426,3.6
7,Pen & Sketch Input,Input & Interaction Techniques,1998,56,0.518,0.179,0.304,2.79
7,Pen & Sketch Input,Input & Interaction Techniques,1999,54,0.519,0.204,0.278,2.93
7,Pen & Sketch Input,Input & Interaction Techniques,2000,100,0.36,0.29,0.35,3.78
7,Pen & Sketch Input,Input & Interaction Techniques,2001,19,0.579,0.105,0.316,4.82
7,Pen & Sketch Input,Input & Interaction Techniques,2002,12,0.833,0.167,0.0,3.5
7,Pen & Sketch Input,Input & Interaction Techniques,2003,65,0.446,0.262,0.292,4.97
7,Pen & Sketch Input,Input & Interaction Techniques,2004,76,0.434,0.289,0.276,6.09
7,Pen & Sketch Input,Input & Interaction Techniques,2005,83,0.494,0.349,0.157,6.2
7,Pen & Sketch Input,Input & Interaction Techniques,2006,145,0.414,0.331,0.255,5.67
7,Pen & Sketch Input,Input & Interaction Techniques,2007,143,0.573,0.189,0.238,6.04
7,Pen & Sketch Input,Input & Interaction Techniques,2008,177,0.475,0.294,0.232,6.3
7,Pen & Sketch Input,Input & Interaction Techniques,2009,109,0.404,0.284,0.312,5.57
7,Pen & Sketch Input,Input & Interaction Techniques,2010,171,0.497,0.228,0.275,6.19
7,Pen & Sketch Input,Input & Interaction Techniques,2011,295,0.461,0.356,0.183,7.28
7,Pen & Sketch Input,Input & Interaction Techniques,2012,281,0.512,0.203,0.285,6.26
7,Pen & Sketch Input,Input & Interaction Techniques,2013,164,0.524,0.305,0.171,5.38
7,Pen & Sketch Input,Input & Interaction Techniques,2014,223,0.493,0.265,0.242,6.54
7,Pen & Sketch Input,Input & Interaction Techniques,2015,183,0.443,0.24,0.317,7.6
7,Pen & Sketch Input,Input & Interaction Techniques,2016,180,0.45,0.339,0.211,8.96
7,Pen & Sketch Input,Input & Interaction Techniques,2017,230,0.53,0.243,0.226,9.36
7,Pen & Sketch Input,Input & Interaction Techniques,2018,114,0.553,0.351,0.096,7.41
7,Pen & Sketch Input,Input & Interaction Techniques,2019,297,0.468,0.313,0.219,9.18
7,Pen & Sketch Input,Input & Interaction Techniques,2020,231,0.433,0.251,0.316,9.43
7,Pen & Sketch Input,Input & Interaction Techniques,2021,119,0.504,0.227,0.269,12.0
7,Pen & Sketch Input,Input & Interaction Techniques,2022,262,0.435,0.202,0.363,11.76
7,Pen & Sketch Input,Input & Interaction Techniques,2023,88,0.455,0.17,0.375,8.32
7,Pen & Sketch Input,Input & Interaction Techniques,2024,106,0.66,0.132,0.208,11.09
7,Pen & Sketch Input,Input & Interaction Techniques,2025,145,0.372,0.138,0.49,10.28
7,Pen & Sketch Input,Input & Interaction Techniques,2026,26,0.423,0.462,0.115,15.82
8,Text Entry,Input & Interaction Techniques,1995,1,0.0,0.0,1.0,
8,Text Entry,Input & Interaction Techniques,1997,2,0.5,0.0,0.5,2.0
8,Text Entry,Input & Interaction Techniques,1999,10,0.3,0.3,0.4,2.67
8,Text Entry,Input & Interaction Techniques,2000,12,0.583,0.25,0.167,1.29
8,Text Entry,Input & Interaction Techniques,2001,15,0.667,0.067,0.267,2.0
8,Text Entry,Input & Interaction Techniques,2002,7,0.714,0.143,0.143,2.4
8,Text Entry,Input & Interaction Techniques,2003,27,0.704,0.185,0.111,3.32
8,Text Entry,Input & Interaction Techniques,2004,36,0.833,0.167,0.0,3.63
8,Text Entry,Input & Interaction Techniques,2005,33,0.636,0.182,0.182,3.19
8,Text Entry,Input & Interaction Techniques,2006,59,0.525,0.271,0.203,4.35
8,Text Entry,Input & Interaction Techniques,2007,36,0.611,0.194,0.194,3.95
8,Text Entry,Input & Interaction Techniques,2008,37,0.73,0.054,0.216,5.52
8,Text Entry,Input & Interaction Techniques,2009,32,0.625,0.219,0.156,6.1
8,Text Entry,Input & Interaction Techniques,2010,77,0.649,0.143,0.208,7.64
8,Text Entry,Input & Interaction Techniques,2011,80,0.65,0.188,0.163,7.65
8,Text Entry,Input & Interaction Techniques,2012,134,0.522,0.321,0.157,6.4
8,Text Entry,Input & Interaction Techniques,2013,132,0.576,0.303,0.121,6.54
8,Text Entry,Input & Interaction Techniques,2014,198,0.596,0.263,0.141,6.02
8,Text Entry,Input & Interaction Techniques,2015,248,0.661,0.274,0.065,5.75
8,Text Entry,Input & Interaction Techniques,2016,208,0.75,0.183,0.067,5.55
8,Text Entry,Input & Interaction Techniques,2017,238,0.706,0.206,0.088,6.3
8,Text Entry,Input & Interaction Techniques,2018,443,0.655,0.262,0.084,7.09
8,Text Entry,Input & Interaction Techniques,2019,453,0.691,0.232,0.077,6.66
8,Text Entry,Input & Interaction Techniques,2020,424,0.682,0.198,0.12,6.6
8,Text Entry,Input & Interaction Techniques,2021,425,0.541,0.294,0.165,6.52
8,Text Entry,Input & Interaction Techniques,2022,457,0.687,0.144,0.168,7.48
8,Text Entry,Input & Interaction Techniques,2023,501,0.615,0.204,0.182,7.66
8,Text Entry,Input & Interaction Techniques,2024,293,0.573,0.239,0.188,8.11
8,Text Entry,Input & Interaction Techniques,2025,579,0.549,0.242,0.209,8.26
8,Text Entry,Input & Interaction Techniques,2026,137,0.635,0.161,0.204,9.75
9,Touch & Multi-touch Input,Input & Interaction Techniques,1996,1,0.0,1.0,0.0,
9,Touch & Multi-touch Input,Input & Interaction Techniques,1998,6,0.167,0.167,0.667,2.0
9,Touch & Multi-touch Input,Input & Interaction Techniques,1999,7,0.143,0.571,0.286,1.0
9,Touch & Multi-touch Input,Input & Interaction Techniques,2000,26,0.231,0.462,0.308,2.33
9,Touch & Multi-touch Input,Input & Interaction Techniques,2001,2,0.5,0.5,0.0,1.0
9,Touch & Multi-touch Input,Input & Interaction Techniques,2002,9,0.444,0.333,0.222,5.0
9,Touch & Multi-touch Input,Input & Interaction Techniques,2003,23,0.522,0.174,0.304,4.33
9,Touch & Multi-touch Input,Input & Interaction Techniques,2004,17,0.0,0.412,0.588,
9,Touch & Multi-touch Input,Input & Interaction Techniques,2005,29,0.414,0.069,0.517,4.58
9,Touch & Multi-touch Input,Input & Interaction Techniques,2006,32,0.406,0.25,0.344,6.23
9,Touch & Multi-touch Input,Input & Interaction Techniques,2007,43,0.233,0.581,0.186,3.3
9,Touch & Multi-touch Input,Input & Interaction Techniques,2008,27,0.222,0.593,0.185,7.83
9,Touch & Multi-touch Input,Input & Interaction Techniques,2009,119,0.252,0.563,0.185,5.67
9,Touch & Multi-touch Input,Input & Interaction Techniques,2010,91,0.418,0.308,0.275,4.37
9,Touch & Multi-touch Input,Input & Interaction Techniques,2011,191,0.356,0.377,0.267,4.79
9,Touch & Multi-touch Input,Input & Interaction Techniques,2012,195,0.436,0.297,0.267,3.27
9,Touch & Multi-touch Input,Input & Interaction Techniques,2013,190,0.474,0.379,0.147,4.51
9,Touch & Multi-touch Input,Input & Interaction Techniques,2014,231,0.468,0.424,0.108,4.45
9,Touch & Multi-touch Input,Input & Interaction Techniques,2015,182,0.516,0.302,0.181,4.79
9,Touch & Multi-touch Input,Input & Interaction Techniques,2016,254,0.465,0.417,0.118,4.99
9,Touch & Multi-touch Input,Input & Interaction Techniques,2017,442,0.498,0.265,0.238,5.14
9,Touch & Multi-touch Input,Input & Interaction Techniques,2018,372,0.642,0.258,0.099,4.59
9,Touch & Multi-touch Input,Input & Interaction Techniques,2019,318,0.547,0.27,0.182,4.79
9,Touch & Multi-touch Input,Input & Interaction Techniques,2020,244,0.475,0.279,0.246,5.47
9,Touch & Multi-touch Input,Input & Interaction Techniques,2021,284,0.44,0.356,0.204,6.97
9,Touch & Multi-touch Input,Input & Interaction Techniques,2022,179,0.542,0.246,0.212,8.1
9,Touch & Multi-touch Input,Input & Interaction Techniques,2023,216,0.551,0.301,0.148,7.82
9,Touch & Multi-touch Input,Input & Interaction Techniques,2024,220,0.518,0.3,0.182,7.68
9,Touch & Multi-touch Input,Input & Interaction Techniques,2025,152,0.546,0.329,0.125,8.55
9,Touch & Multi-touch Input,Input & Interaction Techniques,2026,101,0.426,0.396,0.178,8.91
10,IoT Security (small),Input & Interaction Techniques,2019,1,0.0,0.0,1.0,
10,IoT Security (small),Input & Interaction Techniques,2020,2,0.0,0.5,0.5,
10,IoT Security (small),Input & Interaction Techniques,2022,5,0.6,0.2,0.2,2.67
10,IoT Security (small),Input & Interaction Techniques,2023,4,0.5,0.5,0.0,2.0
10,IoT Security (small),Input & Interaction Techniques,2025,4,0.75,0.25,0.0,3.67
11,VR Haptics,"Tangible, VR & Fabrication",1994,6,0.0,0.167,0.833,
11,VR Haptics,"Tangible, VR & Fabrication",2001,1,0.0,0.0,1.0,
11,VR Haptics,"Tangible, VR & Fabrication",2003,3,0.0,0.333,0.667,
11,VR Haptics,"Tangible, VR & Fabrication",2004,5,0.4,0.4,0.2,7.0
11,VR Haptics,"Tangible, VR & Fabrication",2007,2,0.0,0.0,1.0,
11,VR Haptics,"Tangible, VR & Fabrication",2008,1,1.0,0.0,0.0,4.0
11,VR Haptics,"Tangible, VR & Fabrication",2009,7,0.429,0.429,0.143,3.33
11,VR Haptics,"Tangible, VR & Fabrication",2010,14,0.429,0.071,0.5,2.67
11,VR Haptics,"Tangible, VR & Fabrication",2011,19,0.474,0.421,0.105,2.67
11,VR Haptics,"Tangible, VR & Fabrication",2012,5,0.4,0.0,0.6,5.0
11,VR Haptics,"Tangible, VR & Fabrication",2013,32,0.188,0.594,0.219,5.5
11,VR Haptics,"Tangible, VR & Fabrication",2014,42,0.286,0.286,0.429,2.08
11,VR Haptics,"Tangible, VR & Fabrication",2015,89,0.393,0.326,0.281,4.71
11,VR Haptics,"Tangible, VR & Fabrication",2016,177,0.469,0.311,0.22,3.69
11,VR Haptics,"Tangible, VR & Fabrication",2017,266,0.541,0.233,0.226,3.4
11,VR Haptics,"Tangible, VR & Fabrication",2018,548,0.586,0.23,0.184,3.17
11,VR Haptics,"Tangible, VR & Fabrication",2019,549,0.734,0.14,0.126,3.3
11,VR Haptics,"Tangible, VR & Fabrication",2020,650,0.691,0.189,0.12,3.09
11,VR Haptics,"Tangible, VR & Fabrication",2021,778,0.648,0.18,0.172,4.27
11,VR Haptics,"Tangible, VR & Fabrication",2022,615,0.694,0.154,0.151,4.31
11,VR Haptics,"Tangible, VR & Fabrication",2023,870,0.671,0.147,0.182,5.11
11,VR Haptics,"Tangible, VR & Fabrication",2024,1123,0.676,0.15,0.175,5.42
11,VR Haptics,"Tangible, VR & Fabrication",2025,1315,0.655,0.125,0.221,5.77
11,VR Haptics,"Tangible, VR & Fabrication",2026,829,0.589,0.16,0.251,5.87
12,Deformable & Soft Displays,"Tangible, VR & Fabrication",1991,4,0.0,0.25,0.75,
12,Deformable & Soft Displays,"Tangible, VR & Fabrication",1995,4,0.25,0.0,0.75,4.0
12,Deformable & Soft Displays,"Tangible, VR & Fabrication",1998,8,0.0,0.625,0.375,
12,Deformable & Soft Displays,"Tangible, VR & Fabrication",2001,5,0.0,0.6,0.4,
12,Deformable & Soft Displays,"Tangible, VR & Fabrication",2002,9,0.222,0.778,0.0,2.5
12,Deformable & Soft Displays,"Tangible, VR & Fabrication",2004,18,0.167,0.167,0.667,2.33
12,Deformable & Soft Displays,"Tangible, VR & Fabrication",2005,14,0.071,0.571,0.357,1.0
12,Deformable & Soft Displays,"Tangible, VR & Fabrication",2006,1,0.0,0.0,1.0,
12,Deformable & Soft Displays,"Tangible, VR & Fabrication",2007,25,0.24,0.52,0.24,6.33
12,Deformable & Soft Displays,"Tangible, VR & Fabrication",2008,59,0.254,0.305,0.441,4.47
12,Deformable & Soft Displays,"Tangible, VR & Fabrication",2009,48,0.292,0.417,0.292,3.0
12,Deformable & Soft Displays,"Tangible, VR & Fabrication",2010,112,0.42,0.321,0.259,3.19
12,Deformable & Soft Displays,"Tangible, VR & Fabrication",2011,125,0.472,0.304,0.224,4.17
12,Deformable & Soft Displays,"Tangible, VR & Fabrication",2012,161,0.46,0.242,0.298,4.12
12,Deformable & Soft Displays,"Tangible, VR & Fabrication",2013,264,0.557,0.178,0.265,4.14
12,Deformable & Soft Displays,"Tangible, VR & Fabrication",2014,306,0.549,0.196,0.255,3.89
12,Deformable & Soft Displays,"Tangible, VR & Fabrication",2015,277,0.588,0.264,0.148,3.95
12,Deformable & Soft Displays,"Tangible, VR & Fabrication",2016,622,0.584,0.169,0.248,4.22
12,Deformable & Soft Displays,"Tangible, VR & Fabrication",2017,654,0.544,0.187,0.269,4.51
12,Deformable & Soft Displays,"Tangible, VR & Fabrication",2018,612,0.51,0.234,0.257,4.75
12,Deformable & Soft Displays,"Tangible, VR & Fabrication",2019,676,0.571,0.274,0.155,4.97
12,Deformable & Soft Displays,"Tangible, VR & Fabrication",2020,505,0.515,0.279,0.206,5.29
12,Deformable & Soft Displays,"Tangible, VR & Fabrication",2021,628,0.478,0.283,0.239,5.76
12,Deformable & Soft Displays,"Tangible, VR & Fabrication",2022,914,0.463,0.26,0.277,6.66
12,Deformable & Soft Displays,"Tangible, VR & Fabrication",2023,719,0.524,0.285,0.191,6.2
12,Deformable & Soft Displays,"Tangible, VR & Fabrication",2024,801,0.517,0.261,0.222,6.6
12,Deformable & Soft Displays,"Tangible, VR & Fabrication",2025,1215,0.481,0.325,0.193,6.84
12,Deformable & Soft Displays,"Tangible, VR & Fabrication",2026,664,0.511,0.282,0.208,7.6
13,Tangible Interaction,"Tangible, VR & Fabrication",1992,2,0.5,0.0,0.5,1.0
13,Tangible Interaction,"Tangible, VR & Fabrication",1995,7,0.143,0.286,0.571,4.0
13,Tangible Interaction,"Tangible, VR & Fabrication",1997,23,0.522,0.13,0.348,2.67
13,Tangible Interaction,"Tangible, VR & Fabrication",1998,24,0.583,0.0,0.417,1.5
13,Tangible Interaction,"Tangible, VR & Fabrication",1999,71,0.62,0.056,0.324,2.36
13,Tangible Interaction,"Tangible, VR & Fabrication",2000,29,0.724,0.069,0.207,2.71
13,Tangible Interaction,"Tangible, VR & Fabrication",2001,37,0.622,0.0,0.378,4.35
13,Tangible Interaction,"Tangible, VR & Fabrication",2002,68,0.632,0.074,0.294,4.37
13,Tangible Interaction,"Tangible, VR & Fabrication",2003,44,0.409,0.068,0.523,4.11
13,Tangible Interaction,"Tangible, VR & Fabrication",2004,69,0.638,0.043,0.319,4.75
13,Tangible Interaction,"Tangible, VR & Fabrication",2005,76,0.526,0.079,0.395,6.1
13,Tangible Interaction,"Tangible, VR & Fabrication",2006,47,0.383,0.043,0.574,4.56
13,Tangible Interaction,"Tangible, VR & Fabrication",2007,108,0.537,0.074,0.389,6.48
13,Tangible Interaction,"Tangible, VR & Fabrication",2008,195,0.538,0.159,0.303,6.89
13,Tangible Interaction,"Tangible, VR & Fabrication",2009,353,0.51,0.082,0.408,7.17
13,Tangible Interaction,"Tangible, VR & Fabrication",2010,335,0.57,0.078,0.352,5.8
13,Tangible Interaction,"Tangible, VR & Fabrication",2011,267,0.547,0.067,0.386,5.67
13,Tangible Interaction,"Tangible, VR & Fabrication",2012,233,0.597,0.116,0.288,6.28
13,Tangible Interaction,"Tangible, VR & Fabrication",2013,266,0.474,0.143,0.383,6.13
13,Tangible Interaction,"Tangible, VR & Fabrication",2014,278,0.478,0.112,0.41,7.37
13,Tangible Interaction,"Tangible, VR & Fabrication",2015,269,0.55,0.1,0.349,8.3
13,Tangible Interaction,"Tangible, VR & Fabrication",2016,216,0.491,0.079,0.431,7.42
13,Tangible Interaction,"Tangible, VR & Fabrication",2017,221,0.466,0.176,0.357,9.1
13,Tangible Interaction,"Tangible, VR & Fabrication",2018,249,0.498,0.205,0.297,10.0
13,Tangible Interaction,"Tangible, VR & Fabrication",2019,201,0.458,0.189,0.353,9.41
13,Tangible Interaction,"Tangible, VR & Fabrication",2020,344,0.358,0.308,0.334,10.74
13,Tangible Interaction,"Tangible, VR & Fabrication",2021,293,0.42,0.177,0.403,11.8
13,Tangible Interaction,"Tangible, VR & Fabrication",2022,300,0.393,0.24,0.367,10.38
13,Tangible Interaction,"Tangible, VR & Fabrication",2023,198,0.308,0.258,0.434,9.44
13,Tangible Interaction,"Tangible, VR & Fabrication",2024,351,0.342,0.236,0.422,9.78
13,Tangible Interaction,"Tangible, VR & Fabrication",2025,296,0.318,0.213,0.47,11.84
13,Tangible Interaction,"Tangible, VR & Fabrication",2026,273,0.436,0.194,0.37,15.82
14,Printed Electronics,"Tangible, VR & Fabrication",1992,2,0.0,0.0,1.0,
14,Printed Electronics,"Tangible, VR & Fabrication",1995,5,0.2,0.4,0.4,3.0
14,Printed Electronics,"Tangible, VR & Fabrication",1999,1,1.0,0.0,0.0,4.0
14,Printed Electronics,"Tangible, VR & Fabrication",2001,7,0.286,0.286,0.429,3.5
14,Printed Electronics,"Tangible, VR & Fabrication",2002,5,0.0,0.2,0.8,
14,Printed Electronics,"Tangible, VR & Fabrication",2004,1,0.0,0.0,1.0,
14,Printed Electronics,"Tangible, VR & Fabrication",2005,12,0.25,0.25,0.5,3.67
14,Printed Electronics,"Tangible, VR & Fabrication",2006,1,1.0,0.0,0.0,5.0
14,Printed Electronics,"Tangible, VR & Fabrication",2007,2,0.0,0.0,1.0,
14,Printed Electronics,"Tangible, VR & Fabrication",2008,6,0.333,0.167,0.5,1.5
14,Printed Electronics,"Tangible, VR & Fabrication",2009,14,0.071,0.571,0.357,24.0
14,Printed Electronics,"Tangible, VR & Fabrication",2010,45,0.267,0.244,0.489,2.08
14,Printed Electronics,"Tangible, VR & Fabrication",2011,43,0.186,0.442,0.372,2.38
14,Printed Electronics,"Tangible, VR & Fabrication",2012,141,0.248,0.376,0.376,3.69
14,Printed Electronics,"Tangible, VR & Fabrication",2013,171,0.345,0.292,0.363,3.37
14,Printed Electronics,"Tangible, VR & Fabrication",2014,167,0.431,0.341,0.228,3.9
14,Printed Electronics,"Tangible, VR & Fabrication",2015,268,0.519,0.299,0.183,2.72
14,Printed Electronics,"Tangible, VR & Fabrication",2016,310,0.445,0.319,0.235,3.62
14,Printed Electronics,"Tangible, VR & Fabrication",2017,508,0.478,0.289,0.232,4.18
14,Printed Electronics,"Tangible, VR & Fabrication",2018,647,0.502,0.284,0.213,3.87
14,Printed Electronics,"Tangible, VR & Fabrication",2019,517,0.493,0.315,0.191,3.94
14,Printed Electronics,"Tangible, VR & Fabrication",2020,516,0.547,0.269,0.184,4.17
14,Printed Electronics,"Tangible, VR & Fabrication",2021,762,0.476,0.322,0.202,4.74
14,Printed Electronics,"Tangible, VR & Fabrication",2022,773,0.454,0.356,0.19,5.03
14,Printed Electronics,"Tangible, VR & Fabrication",2023,718,0.499,0.359,0.142,5.29
14,Printed Electronics,"Tangible, VR & Fabrication",2024,805,0.532,0.337,0.132,5.84
14,Printed Electronics,"Tangible, VR & Fabrication",2025,692,0.464,0.36,0.176,6.12
14,Printed Electronics,"Tangible, VR & Fabrication",2026,403,0.501,0.352,0.146,7.24
15,Digital Fabrication,"Tangible, VR & Fabrication",2000,6,0.0,0.667,0.333,
15,Digital Fabrication,"Tangible, VR & Fabrication",2003,9,0.0,0.222,0.778,
15,Digital Fabrication,"Tangible, VR & Fabrication",2005,1,1.0,0.0,0.0,0.0
15,Digital Fabrication,"Tangible, VR & Fabrication",2006,9,0.0,0.667,0.333,
15,Digital Fabrication,"Tangible, VR & Fabrication",2007,2,0.5,0.0,0.5,2.0
15,Digital Fabrication,"Tangible, VR & Fabrication",2010,17,0.059,0.412,0.529,0.0
15,Digital Fabrication,"Tangible, VR & Fabrication",2011,7,0.0,0.0,1.0,
15,Digital Fabrication,"Tangible, VR & Fabrication",2012,48,0.271,0.25,0.479,3.38
15,Digital Fabrication,"Tangible, VR & Fabrication",2013,44,0.5,0.205,0.295,2.86
15,Digital Fabrication,"Tangible, VR & Fabrication",2014,79,0.481,0.215,0.304,3.05
15,Digital Fabrication,"Tangible, VR & Fabrication",2015,220,0.491,0.268,0.241,3.19
15,Digital Fabrication,"Tangible, VR & Fabrication",2016,331,0.444,0.272,0.284,2.36
15,Digital Fabrication,"Tangible, VR & Fabrication",2017,302,0.623,0.195,0.182,3.0
15,Digital Fabrication,"Tangible, VR & Fabrication",2018,354,0.545,0.28,0.175,3.3
15,Digital Fabrication,"Tangible, VR & Fabrication",2019,444,0.714,0.198,0.088,3.77
15,Digital Fabrication,"Tangible, VR & Fabrication",2020,364,0.615,0.231,0.154,3.71
15,Digital Fabrication,"Tangible, VR & Fabrication",2021,652,0.647,0.218,0.135,4.33
15,Digital Fabrication,"Tangible, VR & Fabrication",2022,706,0.616,0.221,0.163,4.61
15,Digital Fabrication,"Tangible, VR & Fabrication",2023,1078,0.615,0.235,0.15,4.97
15,Digital Fabrication,"Tangible, VR & Fabrication",2024,1113,0.606,0.206,0.189,5.41
15,Digital Fabrication,"Tangible, VR & Fabrication",2025,1133,0.624,0.232,0.144,5.35
15,Digital Fabrication,"Tangible, VR & Fabrication",2026,1002,0.595,0.179,0.227,5.44
16,E-textiles & Weaving,"Tangible, VR & Fabrication",2005,2,0.5,0.5,0.0,0.0
16,E-textiles & Weaving,"Tangible, VR & Fabrication",2006,2,1.0,0.0,0.0,1.0
16,E-textiles & Weaving,"Tangible, VR & Fabrication",2007,5,0.4,0.2,0.4,1.0
16,E-textiles & Weaving,"Tangible, VR & Fabrication",2008,2,0.5,0.5,0.0,2.0
16,E-textiles & Weaving,"Tangible, VR & Fabrication",2009,22,0.409,0.273,0.318,2.56
16,E-textiles & Weaving,"Tangible, VR & Fabrication",2010,49,0.571,0.286,0.143,1.93
16,E-textiles & Weaving,"Tangible, VR & Fabrication",2011,26,0.538,0.077,0.385,2.43
16,E-textiles & Weaving,"Tangible, VR & Fabrication",2012,73,0.466,0.205,0.329,3.68
16,E-textiles & Weaving,"Tangible, VR & Fabrication",2013,73,0.548,0.219,0.233,4.12
16,E-textiles & Weaving,"Tangible, VR & Fabrication",2014,54,0.407,0.315,0.278,4.77
16,E-textiles & Weaving,"Tangible, VR & Fabrication",2015,100,0.44,0.18,0.38,4.75
16,E-textiles & Weaving,"Tangible, VR & Fabrication",2016,141,0.44,0.27,0.291,5.24
16,E-textiles & Weaving,"Tangible, VR & Fabrication",2017,187,0.417,0.246,0.337,5.6
16,E-textiles & Weaving,"Tangible, VR & Fabrication",2018,218,0.5,0.275,0.225,5.36
16,E-textiles & Weaving,"Tangible, VR & Fabrication",2019,329,0.459,0.271,0.271,5.54
16,E-textiles & Weaving,"Tangible, VR & Fabrication",2020,390,0.521,0.321,0.159,4.52
16,E-textiles & Weaving,"Tangible, VR & Fabrication",2021,746,0.516,0.264,0.22,5.12
16,E-textiles & Weaving,"Tangible, VR & Fabrication",2022,739,0.526,0.246,0.227,4.89
16,E-textiles & Weaving,"Tangible, VR & Fabrication",2023,694,0.491,0.288,0.22,4.89
16,E-textiles & Weaving,"Tangible, VR & Fabrication",2024,1008,0.548,0.309,0.144,5.4
16,E-textiles & Weaving,"Tangible, VR & Fabrication",2025,736,0.664,0.224,0.111,5.33
16,E-textiles & Weaving,"Tangible, VR & Fabrication",2026,476,0.504,0.286,0.21,5.76
17,Tactile & Thermal Feedback,"Tangible, VR & Fabrication",1998,4,0.0,0.75,0.25,
17,Tactile & Thermal Feedback,"Tangible, VR & Fabrication",2000,1,1.0,0.0,0.0,2.0
17,Tactile & Thermal Feedback,"Tangible, VR & Fabrication",2002,18,0.056,0.278,0.667,4.0
17,Tactile & Thermal Feedback,"Tangible, VR & Fabrication",2003,5,0.2,0.0,0.8,1.0
17,Tactile & Thermal Feedback,"Tangible, VR & Fabrication",2004,4,0.75,0.0,0.25,2.33
17,Tactile & Thermal Feedback,"Tangible, VR & Fabrication",2005,9,0.111,0.222,0.667,0.0
17,Tactile & Thermal Feedback,"Tangible, VR & Fabrication",2006,22,0.455,0.136,0.409,3.7
17,Tactile & Thermal Feedback,"Tangible, VR & Fabrication",2007,15,0.533,0.0,0.467,3.75
17,Tactile & Thermal Feedback,"Tangible, VR & Fabrication",2008,32,0.719,0.031,0.25,3.52
17,Tactile & Thermal Feedback,"Tangible, VR & Fabrication",2009,40,0.525,0.075,0.4,3.29
17,Tactile & Thermal Feedback,"Tangible, VR & Fabrication",2010,40,0.5,0.125,0.375,4.7
17,Tactile & Thermal Feedback,"Tangible, VR & Fabrication",2011,86,0.43,0.081,0.488,4.38
17,Tactile & Thermal Feedback,"Tangible, VR & Fabrication",2012,107,0.439,0.168,0.393,4.85
17,Tactile & Thermal Feedback,"Tangible, VR & Fabrication",2013,99,0.485,0.192,0.323,4.71
17,Tactile & Thermal Feedback,"Tangible, VR & Fabrication",2014,68,0.544,0.176,0.279,5.46
17,Tactile & Thermal Feedback,"Tangible, VR & Fabrication",2015,144,0.597,0.049,0.354,3.99
17,Tactile & Thermal Feedback,"Tangible, VR & Fabrication",2016,163,0.558,0.129,0.313,3.95
17,Tactile & Thermal Feedback,"Tangible, VR & Fabrication",2017,236,0.517,0.203,0.28,5.07
17,Tactile & Thermal Feedback,"Tangible, VR & Fabrication",2018,147,0.51,0.245,0.245,4.12
17,Tactile & Thermal Feedback,"Tangible, VR & Fabrication",2019,177,0.616,0.243,0.141,5.3
17,Tactile & Thermal Feedback,"Tangible, VR & Fabrication",2020,212,0.519,0.193,0.288,5.7
17,Tactile & Thermal Feedback,"Tangible, VR & Fabrication",2021,251,0.49,0.291,0.219,6.26
17,Tactile & Thermal Feedback,"Tangible, VR & Fabrication",2022,162,0.426,0.272,0.302,6.3
17,Tactile & Thermal Feedback,"Tangible, VR & Fabrication",2023,220,0.368,0.191,0.441,6.25
17,Tactile & Thermal Feedback,"Tangible, VR & Fabrication",2024,316,0.392,0.383,0.225,6.23
17,Tactile & Thermal Feedback,"Tangible, VR & Fabrication",2025,213,0.474,0.178,0.347,7.88
17,Tactile & Thermal Feedback,"Tangible, VR & Fabrication",2026,206,0.5,0.204,0.296,7.18
18,VR Locomotion & Presence,"Tangible, VR & Fabrication",1996,1,1.0,0.0,0.0,1.0
18,VR Locomotion & Presence,"Tangible, VR & Fabrication",1997,1,1.0,0.0,0.0,2.0
18,VR Locomotion & Presence,"Tangible, VR & Fabrication",1998,3,0.0,0.0,1.0,
18,VR Locomotion & Presence,"Tangible, VR & Fabrication",2000,3,0.667,0.333,0.0,3.5
18,VR Locomotion & Presence,"Tangible, VR & Fabrication",2002,5,0.2,0.2,0.6,4.0
18,VR Locomotion & Presence,"Tangible, VR & Fabrication",2003,1,0.0,0.0,1.0,
18,VR Locomotion & Presence,"Tangible, VR & Fabrication",2004,7,0.857,0.143,0.0,7.0
18,VR Locomotion & Presence,"Tangible, VR & Fabrication",2005,1,1.0,0.0,0.0,8.0
18,VR Locomotion & Presence,"Tangible, VR & Fabrication",2006,1,1.0,0.0,0.0,11.0
18,VR Locomotion & Presence,"Tangible, VR & Fabrication",2007,7,1.0,0.0,0.0,4.0
18,VR Locomotion & Presence,"Tangible, VR & Fabrication",2008,3,0.667,0.333,0.0,11.5
18,VR Locomotion & Presence,"Tangible, VR & Fabrication",2009,12,0.5,0.167,0.333,10.33
18,VR Locomotion & Presence,"Tangible, VR & Fabrication",2010,3,1.0,0.0,0.0,5.67
18,VR Locomotion & Presence,"Tangible, VR & Fabrication",2011,8,0.5,0.0,0.5,8.75
18,VR Locomotion & Presence,"Tangible, VR & Fabrication",2012,2,0.5,0.0,0.5,3.0
18,VR Locomotion & Presence,"Tangible, VR & Fabrication",2013,1,1.0,0.0,0.0,4.0
18,VR Locomotion & Presence,"Tangible, VR & Fabrication",2014,9,0.667,0.0,0.333,8.33
18,VR Locomotion & Presence,"Tangible, VR & Fabrication",2015,5,0.2,0.0,0.8,20.0
18,VR Locomotion & Presence,"Tangible, VR & Fabrication",2016,18,0.611,0.056,0.333,11.45
18,VR Locomotion & Presence,"Tangible, VR & Fabrication",2017,62,0.597,0.032,0.371,8.19
18,VR Locomotion & Presence,"Tangible, VR & Fabrication",2018,75,0.787,0.027,0.187,7.14
18,VR Locomotion & Presence,"Tangible, VR & Fabrication",2019,97,0.598,0.093,0.309,6.98
18,VR Locomotion & Presence,"Tangible, VR & Fabrication",2020,229,0.454,0.131,0.415,5.07
18,VR Locomotion & Presence,"Tangible, VR & Fabrication",2021,103,0.427,0.058,0.515,4.05
18,VR Locomotion & Presence,"Tangible, VR & Fabrication",2022,191,0.487,0.099,0.414,5.99
18,VR Locomotion & Presence,"Tangible, VR & Fabrication",2023,145,0.538,0.055,0.407,5.45
18,VR Locomotion & Presence,"Tangible, VR & Fabrication",2024,191,0.581,0.105,0.314,6.14
18,VR Locomotion & Presence,"Tangible, VR & Fabrication",2025,287,0.578,0.07,0.352,6.25
18,VR Locomotion & Presence,"Tangible, VR & Fabrication",2026,96,0.542,0.083,0.375,5.58
19,Physical Prototyping Toolkits,"Tangible, VR & Fabrication",2000,1,1.0,0.0,0.0,1.0
19,Physical Prototyping Toolkits,"Tangible, VR & Fabrication",2001,10,0.1,0.4,0.5,1.0
19,Physical Prototyping Toolkits,"Tangible, VR & Fabrication",2002,17,0.118,0.294,0.588,1.0
19,Physical Prototyping Toolkits,"Tangible, VR & Fabrication",2003,16,0.125,0.25,0.625,4.0
19,Physical Prototyping Toolkits,"Tangible, VR & Fabrication",2004,33,0.273,0.242,0.485,2.11
19,Physical Prototyping Toolkits,"Tangible, VR & Fabrication",2005,1,1.0,0.0,0.0,4.0
19,Physical Prototyping Toolkits,"Tangible, VR & Fabrication",2006,24,0.583,0.0,0.417,3.57
19,Physical Prototyping Toolkits,"Tangible, VR & Fabrication",2007,57,0.526,0.158,0.316,3.2
19,Physical Prototyping Toolkits,"Tangible, VR & Fabrication",2008,36,0.444,0.25,0.306,4.5
19,Physical Prototyping Toolkits,"Tangible, VR & Fabrication",2009,69,0.478,0.261,0.261,4.64
19,Physical Prototyping Toolkits,"Tangible, VR & Fabrication",2010,61,0.525,0.344,0.131,4.81
19,Physical Prototyping Toolkits,"Tangible, VR & Fabrication",2011,42,0.429,0.262,0.31,4.5
19,Physical Prototyping Toolkits,"Tangible, VR & Fabrication",2012,26,0.538,0.154,0.308,5.64
19,Physical Prototyping Toolkits,"Tangible, VR & Fabrication",2013,50,0.5,0.26,0.24,6.36
19,Physical Prototyping Toolkits,"Tangible, VR & Fabrication",2014,36,0.528,0.417,0.056,7.89
19,Physical Prototyping Toolkits,"Tangible, VR & Fabrication",2015,64,0.516,0.344,0.141,6.73
19,Physical Prototyping Toolkits,"Tangible, VR & Fabrication",2016,121,0.455,0.347,0.198,5.93
19,Physical Prototyping Toolkits,"Tangible, VR & Fabrication",2017,135,0.533,0.185,0.281,6.5
19,Physical Prototyping Toolkits,"Tangible, VR & Fabrication",2018,48,0.417,0.188,0.396,6.95
19,Physical Prototyping Toolkits,"Tangible, VR & Fabrication",2019,191,0.602,0.115,0.283,4.71
19,Physical Prototyping Toolkits,"Tangible, VR & Fabrication",2020,139,0.46,0.396,0.144,5.75
19,Physical Prototyping Toolkits,"Tangible, VR & Fabrication",2021,206,0.5,0.301,0.199,6.29
19,Physical Prototyping Toolkits,"Tangible, VR & Fabrication",2022,117,0.624,0.214,0.162,5.37
19,Physical Prototyping Toolkits,"Tangible, VR & Fabrication",2023,71,0.535,0.324,0.141,6.82
19,Physical Prototyping Toolkits,"Tangible, VR & Fabrication",2024,76,0.618,0.053,0.329,6.51
19,Physical Prototyping Toolkits,"Tangible, VR & Fabrication",2025,74,0.405,0.338,0.257,7.13
19,Physical Prototyping Toolkits,"Tangible, VR & Fabrication",2026,46,0.478,0.326,0.196,9.23
20,Making & Makerspaces,"Tangible, VR & Fabrication",1990,5,0.0,0.0,1.0,
20,Making & Makerspaces,"Tangible, VR & Fabrication",1992,4,0.5,0.0,0.5,2.0
20,Making & Makerspaces,"Tangible, VR & Fabrication",1994,4,0.75,0.0,0.25,3.33
20,Making & Makerspaces,"Tangible, VR & Fabrication",1996,4,0.75,0.0,0.25,5.33
20,Making & Makerspaces,"Tangible, VR & Fabrication",1999,6,0.667,0.0,0.333,7.5
20,Making & Makerspaces,"Tangible, VR & Fabrication",2000,1,1.0,0.0,0.0,10.0
20,Making & Makerspaces,"Tangible, VR & Fabrication",2001,3,1.0,0.0,0.0,6.67
20,Making & Makerspaces,"Tangible, VR & Fabrication",2006,8,0.5,0.0,0.5,12.25
20,Making & Makerspaces,"Tangible, VR & Fabrication",2009,20,0.25,0.2,0.55,0.4
20,Making & Makerspaces,"Tangible, VR & Fabrication",2010,3,0.0,0.667,0.333,
20,Making & Makerspaces,"Tangible, VR & Fabrication",2011,21,0.381,0.19,0.429,9.38
20,Making & Makerspaces,"Tangible, VR & Fabrication",2012,30,0.267,0.433,0.3,10.0
20,Making & Makerspaces,"Tangible, VR & Fabrication",2013,19,0.263,0.579,0.158,9.6
20,Making & Makerspaces,"Tangible, VR & Fabrication",2014,71,0.338,0.324,0.338,5.67
20,Making & Makerspaces,"Tangible, VR & Fabrication",2015,145,0.338,0.159,0.503,2.84
20,Making & Makerspaces,"Tangible, VR & Fabrication",2016,98,0.418,0.163,0.418,2.68
20,Making & Makerspaces,"Tangible, VR & Fabrication",2017,157,0.427,0.159,0.414,3.48
20,Making & Makerspaces,"Tangible, VR & Fabrication",2018,148,0.358,0.196,0.446,5.09
20,Making & Makerspaces,"Tangible, VR & Fabrication",2019,270,0.433,0.207,0.359,4.56
20,Making & Makerspaces,"Tangible, VR & Fabrication",2020,92,0.413,0.13,0.457,4.71
20,Making & Makerspaces,"Tangible, VR & Fabrication",2021,204,0.422,0.098,0.48,4.77
20,Making & Makerspaces,"Tangible, VR & Fabrication",2022,233,0.464,0.133,0.403,5.46
20,Making & Makerspaces,"Tangible, VR & Fabrication",2023,143,0.35,0.238,0.413,6.26
20,Making & Makerspaces,"Tangible, VR & Fabrication",2024,83,0.41,0.157,0.434,7.47
20,Making & Makerspaces,"Tangible, VR & Fabrication",2025,87,0.391,0.207,0.402,6.5
20,Making & Makerspaces,"Tangible, VR & Fabrication",2026,62,0.548,0.0,0.452,8.62
21,Data Physicalization & Bio-materials,"Tangible, VR & Fabrication",1999,2,0.0,0.0,1.0,
21,Data Physicalization & Bio-materials,"Tangible, VR & Fabrication",2003,1,0.0,0.0,1.0,
21,Data Physicalization & Bio-materials,"Tangible, VR & Fabrication",2004,3,0.0,0.333,0.667,
21,Data Physicalization & Bio-materials,"Tangible, VR & Fabrication",2006,3,0.333,0.0,0.667,2.0
21,Data Physicalization & Bio-materials,"Tangible, VR & Fabrication",2007,1,1.0,0.0,0.0,2.0
21,Data Physicalization & Bio-materials,"Tangible, VR & Fabrication",2009,1,1.0,0.0,0.0,10.0
21,Data Physicalization & Bio-materials,"Tangible, VR & Fabrication",2010,8,0.25,0.125,0.625,8.0
21,Data Physicalization & Bio-materials,"Tangible, VR & Fabrication",2011,9,0.556,0.111,0.333,5.2
21,Data Physicalization & Bio-materials,"Tangible, VR & Fabrication",2012,3,0.0,0.667,0.333,
21,Data Physicalization & Bio-materials,"Tangible, VR & Fabrication",2013,49,0.204,0.286,0.51,3.5
21,Data Physicalization & Bio-materials,"Tangible, VR & Fabrication",2014,48,0.312,0.25,0.438,5.53
21,Data Physicalization & Bio-materials,"Tangible, VR & Fabrication",2015,67,0.224,0.388,0.388,2.13
21,Data Physicalization & Bio-materials,"Tangible, VR & Fabrication",2016,80,0.275,0.287,0.438,3.59
21,Data Physicalization & Bio-materials,"Tangible, VR & Fabrication",2017,108,0.491,0.269,0.241,3.62
21,Data Physicalization & Bio-materials,"Tangible, VR & Fabrication",2018,110,0.382,0.309,0.309,3.5
21,Data Physicalization & Bio-materials,"Tangible, VR & Fabrication",2019,169,0.325,0.225,0.45,4.65
21,Data Physicalization & Bio-materials,"Tangible, VR & Fabrication",2020,204,0.343,0.245,0.412,4.49
21,Data Physicalization & Bio-materials,"Tangible, VR & Fabrication",2021,208,0.24,0.404,0.356,5.24
21,Data Physicalization & Bio-materials,"Tangible, VR & Fabrication",2022,370,0.297,0.362,0.341,4.07
21,Data Physicalization & Bio-materials,"Tangible, VR & Fabrication",2023,486,0.319,0.344,0.337,4.15
21,Data Physicalization & Bio-materials,"Tangible, VR & Fabrication",2024,783,0.401,0.266,0.333,4.57
21,Data Physicalization & Bio-materials,"Tangible, VR & Fabrication",2025,919,0.41,0.266,0.324,3.75
21,Data Physicalization & Bio-materials,"Tangible, VR & Fabrication",2026,495,0.493,0.18,0.327,5.09
22,Gaze-based Interaction,"Gaze, Eye Tracking & Multimodal Sensing",1990,3,0.667,0.0,0.333,6.0
22,Gaze-based Interaction,"Gaze, Eye Tracking & Multimodal Sensing",1998,4,0.25,0.0,0.75,8.0
22,Gaze-based Interaction,"Gaze, Eye Tracking & Multimodal Sensing",1999,6,0.833,0.0,0.167,8.2
22,Gaze-based Interaction,"Gaze, Eye Tracking & Multimodal Sensing",2000,44,0.523,0.114,0.364,5.57
22,Gaze-based Interaction,"Gaze, Eye Tracking & Multimodal Sensing",2001,7,0.714,0.0,0.286,9.8
22,Gaze-based Interaction,"Gaze, Eye Tracking & Multimodal Sensing",2002,7,1.0,0.0,0.0,4.29
22,Gaze-based Interaction,"Gaze, Eye Tracking & Multimodal Sensing",2003,12,0.417,0.5,0.083,6.2
22,Gaze-based Interaction,"Gaze, Eye Tracking & Multimodal Sensing",2004,14,0.714,0.0,0.286,4.0
22,Gaze-based Interaction,"Gaze, Eye Tracking & Multimodal Sensing",2005,37,0.568,0.108,0.324,10.62
22,Gaze-based Interaction,"Gaze, Eye Tracking & Multimodal Sensing",2006,17,0.647,0.059,0.294,8.64
22,Gaze-based Interaction,"Gaze, Eye Tracking & Multimodal Sensing",2007,15,0.667,0.067,0.267,4.9
22,Gaze-based Interaction,"Gaze, Eye Tracking & Multimodal Sensing",2008,116,0.655,0.112,0.233,7.17
22,Gaze-based Interaction,"Gaze, Eye Tracking & Multimodal Sensing",2009,22,0.682,0.091,0.227,5.6
22,Gaze-based Interaction,"Gaze, Eye Tracking & Multimodal Sensing",2010,86,0.721,0.035,0.244,5.98
22,Gaze-based Interaction,"Gaze, Eye Tracking & Multimodal Sensing",2011,9,0.556,0.111,0.333,5.2
22,Gaze-based Interaction,"Gaze, Eye Tracking & Multimodal Sensing",2012,146,0.774,0.096,0.13,6.84
22,Gaze-based Interaction,"Gaze, Eye Tracking & Multimodal Sensing",2013,20,0.65,0.05,0.3,11.54
22,Gaze-based Interaction,"Gaze, Eye Tracking & Multimodal Sensing",2014,96,0.562,0.083,0.354,7.94
22,Gaze-based Interaction,"Gaze, Eye Tracking & Multimodal Sensing",2015,106,0.472,0.057,0.472,9.38
22,Gaze-based Interaction,"Gaze, Eye Tracking & Multimodal Sensing",2016,155,0.548,0.174,0.277,9.12
22,Gaze-based Interaction,"Gaze, Eye Tracking & Multimodal Sensing",2017,109,0.587,0.211,0.202,9.94
22,Gaze-based Interaction,"Gaze, Eye Tracking & Multimodal Sensing",2018,183,0.585,0.115,0.301,9.58
22,Gaze-based Interaction,"Gaze, Eye Tracking & Multimodal Sensing",2019,331,0.595,0.157,0.248,9.36
22,Gaze-based Interaction,"Gaze, Eye Tracking & Multimodal Sensing",2020,313,0.54,0.112,0.348,8.41
22,Gaze-based Interaction,"Gaze, Eye Tracking & Multimodal Sensing",2021,169,0.533,0.047,0.42,9.47
22,Gaze-based Interaction,"Gaze, Eye Tracking & Multimodal Sensing",2022,431,0.585,0.104,0.311,9.1
22,Gaze-based Interaction,"Gaze, Eye Tracking & Multimodal Sensing",2023,279,0.545,0.115,0.341,8.35
22,Gaze-based Interaction,"Gaze, Eye Tracking & Multimodal Sensing",2024,444,0.536,0.095,0.369,8.56
22,Gaze-based Interaction,"Gaze, Eye Tracking & Multimodal Sensing",2025,473,0.463,0.125,0.412,8.83
22,Gaze-based Interaction,"Gaze, Eye Tracking & Multimodal Sensing",2026,291,0.505,0.155,0.34,9.59
23,Eye Tracker Quality & Gaze Estimation,"Gaze, Eye Tracking & Multimodal Sensing",1997,1,1.0,0.0,0.0,12.0
23,Eye Tracker Quality & Gaze Estimation,"Gaze, Eye Tracking & Multimodal Sensing",2001,5,0.2,0.8,0.0,4.0
23,Eye Tracker Quality & Gaze Estimation,"Gaze, Eye Tracking & Multimodal Sensing",2002,4,0.5,0.5,0.0,3.0
23,Eye Tracker Quality & Gaze Estimation,"Gaze, Eye Tracking & Multimodal Sensing",2004,1,1.0,0.0,0.0,4.0
23,Eye Tracker Quality & Gaze Estimation,"Gaze, Eye Tracking & Multimodal Sensing",2006,12,0.25,0.75,0.0,1.33
23,Eye Tracker Quality & Gaze Estimation,"Gaze, Eye Tracking & Multimodal Sensing",2008,20,0.75,0.25,0.0,3.07
23,Eye Tracker Quality & Gaze Estimation,"Gaze, Eye Tracking & Multimodal Sensing",2010,38,0.658,0.342,0.0,3.52
23,Eye Tracker Quality & Gaze Estimation,"Gaze, Eye Tracking & Multimodal Sensing",2012,58,0.621,0.293,0.086,3.67
23,Eye Tracker Quality & Gaze Estimation,"Gaze, Eye Tracking & Multimodal Sensing",2013,17,0.471,0.176,0.353,5.12
23,Eye Tracker Quality & Gaze Estimation,"Gaze, Eye Tracking & Multimodal Sensing",2014,60,0.717,0.117,0.167,4.21
23,Eye Tracker Quality & Gaze Estimation,"Gaze, Eye Tracking & Multimodal Sensing",2015,19,0.421,0.421,0.158,3.38
23,Eye Tracker Quality & Gaze Estimation,"Gaze, Eye Tracking & Multimodal Sensing",2016,75,0.613,0.347,0.04,4.72
23,Eye Tracker Quality & Gaze Estimation,"Gaze, Eye Tracking & Multimodal Sensing",2017,48,0.625,0.333,0.042,3.5
23,Eye Tracker Quality & Gaze Estimation,"Gaze, Eye Tracking & Multimodal Sensing",2018,160,0.562,0.325,0.113,4.54
23,Eye Tracker Quality & Gaze Estimation,"Gaze, Eye Tracking & Multimodal Sensing",2019,164,0.707,0.226,0.067,4.24
23,Eye Tracker Quality & Gaze Estimation,"Gaze, Eye Tracking & Multimodal Sensing",2020,36,0.639,0.139,0.222,4.04
23,Eye Tracker Quality & Gaze Estimation,"Gaze, Eye Tracking & Multimodal Sensing",2021,3,1.0,0.0,0.0,5.67
23,Eye Tracker Quality & Gaze Estimation,"Gaze, Eye Tracking & Multimodal Sensing",2022,46,0.804,0.152,0.043,6.05
23,Eye Tracker Quality & Gaze Estimation,"Gaze, Eye Tracking & Multimodal Sensing",2023,51,0.627,0.294,0.078,8.0
23,Eye Tracker Quality & Gaze Estimation,"Gaze, Eye Tracking & Multimodal Sensing",2024,64,0.516,0.391,0.094,6.21
23,Eye Tracker Quality & Gaze Estimation,"Gaze, Eye Tracking & Multimodal Sensing",2025,65,0.769,0.231,0.0,7.88
23,Eye Tracker Quality & Gaze Estimation,"Gaze, Eye Tracking & Multimodal Sensing",2026,90,0.8,0.1,0.1,6.39
24,Scanpaths & Visual Search,"Gaze, Eye Tracking & Multimodal Sensing",2002,4,0.25,0.5,0.25,2.0
24,Scanpaths & Visual Search,"Gaze, Eye Tracking & Multimodal Sensing",2003,8,0.25,0.25,0.5,1.0
24,Scanpaths & Visual Search,"Gaze, Eye Tracking & Multimodal Sensing",2004,11,0.545,0.455,0.0,2.33
24,Scanpaths & Visual Search,"Gaze, Eye Tracking & Multimodal Sensing",2005,8,0.25,0.25,0.5,2.0
24,Scanpaths & Visual Search,"Gaze, Eye Tracking & Multimodal Sensing",2006,21,0.571,0.19,0.238,3.67
24,Scanpaths & Visual Search,"Gaze, Eye Tracking & Multimodal Sensing",2007,13,0.308,0.154,0.538,3.0
24,Scanpaths & Visual Search,"Gaze, Eye Tracking & Multimodal Sensing",2008,15,0.6,0.067,0.333,3.22
24,Scanpaths & Visual Search,"Gaze, Eye Tracking & Multimodal Sensing",2009,17,0.471,0.059,0.471,4.75
24,Scanpaths & Visual Search,"Gaze, Eye Tracking & Multimodal Sensing",2010,46,0.913,0.065,0.022,5.02
24,Scanpaths & Visual Search,"Gaze, Eye Tracking & Multimodal Sensing",2011,9,0.778,0.0,0.222,5.14
24,Scanpaths & Visual Search,"Gaze, Eye Tracking & Multimodal Sensing",2012,51,0.804,0.078,0.118,4.88
24,Scanpaths & Visual Search,"Gaze, Eye Tracking & Multimodal Sensing",2013,14,0.571,0.071,0.357,3.88
24,Scanpaths & Visual Search,"Gaze, Eye Tracking & Multimodal Sensing",2014,39,0.923,0.051,0.026,5.28
24,Scanpaths & Visual Search,"Gaze, Eye Tracking & Multimodal Sensing",2015,7,0.429,0.143,0.429,7.67
24,Scanpaths & Visual Search,"Gaze, Eye Tracking & Multimodal Sensing",2016,36,0.806,0.056,0.139,6.24
24,Scanpaths & Visual Search,"Gaze, Eye Tracking & Multimodal Sensing",2017,17,0.529,0.294,0.176,10.56
24,Scanpaths & Visual Search,"Gaze, Eye Tracking & Multimodal Sensing",2018,58,0.793,0.19,0.017,7.11
24,Scanpaths & Visual Search,"Gaze, Eye Tracking & Multimodal Sensing",2019,76,0.737,0.184,0.079,6.59
24,Scanpaths & Visual Search,"Gaze, Eye Tracking & Multimodal Sensing",2020,42,0.524,0.262,0.214,5.32
24,Scanpaths & Visual Search,"Gaze, Eye Tracking & Multimodal Sensing",2021,1,1.0,0.0,0.0,1.0
24,Scanpaths & Visual Search,"Gaze, Eye Tracking & Multimodal Sensing",2022,47,0.532,0.277,0.191,8.08
24,Scanpaths & Visual Search,"Gaze, Eye Tracking & Multimodal Sensing",2023,70,0.714,0.143,0.143,7.08
24,Scanpaths & Visual Search,"Gaze, Eye Tracking & Multimodal Sensing",2024,97,0.598,0.227,0.175,5.71
24,Scanpaths & Visual Search,"Gaze, Eye Tracking & Multimodal Sensing",2025,75,0.72,0.133,0.147,6.11
24,Scanpaths & Visual Search,"Gaze, Eye Tracking & Multimodal Sensing",2026,60,0.8,0.133,0.067,8.06
25,Pupillometry & Cognitive Load,"Gaze, Eye Tracking & Multimodal Sensing",1986,1,1.0,0.0,0.0,3.0
25,Pupillometry & Cognitive Load,"Gaze, Eye Tracking & Multimodal Sensing",1996,1,0.0,1.0,0.0,
25,Pupillometry & Cognitive Load,"Gaze, Eye Tracking & Multimodal Sensing",1998,1,1.0,0.0,0.0,2.0
25,Pupillometry & Cognitive Load,"Gaze, Eye Tracking & Multimodal Sensing",2003,1,0.0,0.0,1.0,
25,Pupillometry & Cognitive Load,"Gaze, Eye Tracking & Multimodal Sensing",2004,2,0.0,1.0,0.0,
25,Pupillometry & Cognitive Load,"Gaze, Eye Tracking & Multimodal Sensing",2006,4,0.75,0.0,0.25,4.67
25,Pupillometry & Cognitive Load,"Gaze, Eye Tracking & Multimodal Sensing",2008,7,0.714,0.0,0.286,5.0
25,Pupillometry & Cognitive Load,"Gaze, Eye Tracking & Multimodal Sensing",2009,10,0.5,0.0,0.5,1.6
25,Pupillometry & Cognitive Load,"Gaze, Eye Tracking & Multimodal Sensing",2010,17,0.471,0.059,0.471,2.5
25,Pupillometry & Cognitive Load,"Gaze, Eye Tracking & Multimodal Sensing",2011,28,0.5,0.0,0.5,3.64
25,Pupillometry & Cognitive Load,"Gaze, Eye Tracking & Multimodal Sensing",2012,35,0.8,0.057,0.143,2.11
25,Pupillometry & Cognitive Load,"Gaze, Eye Tracking & Multimodal Sensing",2013,33,0.455,0.182,0.364,3.2
25,Pupillometry & Cognitive Load,"Gaze, Eye Tracking & Multimodal Sensing",2014,45,0.578,0.089,0.333,3.31
25,Pupillometry & Cognitive Load,"Gaze, Eye Tracking & Multimodal Sensing",2015,82,0.598,0.049,0.354,3.53
25,Pupillometry & Cognitive Load,"Gaze, Eye Tracking & Multimodal Sensing",2016,73,0.589,0.027,0.384,3.84
25,Pupillometry & Cognitive Load,"Gaze, Eye Tracking & Multimodal Sensing",2017,55,0.527,0.073,0.4,4.07
25,Pupillometry & Cognitive Load,"Gaze, Eye Tracking & Multimodal Sensing",2018,106,0.557,0.132,0.311,5.32
25,Pupillometry & Cognitive Load,"Gaze, Eye Tracking & Multimodal Sensing",2019,100,0.32,0.14,0.54,5.19
25,Pupillometry & Cognitive Load,"Gaze, Eye Tracking & Multimodal Sensing",2020,72,0.431,0.194,0.375,5.84
25,Pupillometry & Cognitive Load,"Gaze, Eye Tracking & Multimodal Sensing",2021,78,0.321,0.218,0.462,4.84
25,Pupillometry & Cognitive Load,"Gaze, Eye Tracking & Multimodal Sensing",2022,195,0.477,0.144,0.379,6.68
25,Pupillometry & Cognitive Load,"Gaze, Eye Tracking & Multimodal Sensing",2023,125,0.408,0.144,0.448,5.41
25,Pupillometry & Cognitive Load,"Gaze, Eye Tracking & Multimodal Sensing",2024,98,0.49,0.061,0.449,5.67
25,Pupillometry & Cognitive Load,"Gaze, Eye Tracking & Multimodal Sensing",2025,73,0.589,0.164,0.247,6.93
25,Pupillometry & Cognitive Load,"Gaze, Eye Tracking & Multimodal Sensing",2026,103,0.408,0.223,0.369,7.17
26,Gaze in Conversation & Groups,"Gaze, Eye Tracking & Multimodal Sensing",2001,4,0.0,0.25,0.75,
26,Gaze in Conversation & Groups,"Gaze, Eye Tracking & Multimodal Sensing",2002,11,0.182,0.364,0.455,1.0
26,Gaze in Conversation & Groups,"Gaze, Eye Tracking & Multimodal Sensing",2004,6,0.5,0.167,0.333,1.33
26,Gaze in Conversation & Groups,"Gaze, Eye Tracking & Multimodal Sensing",2005,7,0.429,0.286,0.286,3.67
26,Gaze in Conversation & Groups,"Gaze, Eye Tracking & Multimodal Sensing",2006,26,0.385,0.231,0.385,1.7
26,Gaze in Conversation & Groups,"Gaze, Eye Tracking & Multimodal Sensing",2007,15,0.867,0.0,0.133,2.38
26,Gaze in Conversation & Groups,"Gaze, Eye Tracking & Multimodal Sensing",2008,27,0.593,0.148,0.259,2.38
26,Gaze in Conversation & Groups,"Gaze, Eye Tracking & Multimodal Sensing",2009,3,0.667,0.0,0.333,2.5
26,Gaze in Conversation & Groups,"Gaze, Eye Tracking & Multimodal Sensing",2010,1,1.0,0.0,0.0,6.0
26,Gaze in Conversation & Groups,"Gaze, Eye Tracking & Multimodal Sensing",2011,8,0.875,0.0,0.125,4.43
26,Gaze in Conversation & Groups,"Gaze, Eye Tracking & Multimodal Sensing",2012,19,0.632,0.158,0.211,4.58
26,Gaze in Conversation & Groups,"Gaze, Eye Tracking & Multimodal Sensing",2013,45,0.778,0.111,0.111,3.71
26,Gaze in Conversation & Groups,"Gaze, Eye Tracking & Multimodal Sensing",2014,22,0.682,0.136,0.182,4.33
26,Gaze in Conversation & Groups,"Gaze, Eye Tracking & Multimodal Sensing",2015,40,0.8,0.125,0.075,3.03
26,Gaze in Conversation & Groups,"Gaze, Eye Tracking & Multimodal Sensing",2016,40,0.575,0.225,0.2,5.13
26,Gaze in Conversation & Groups,"Gaze, Eye Tracking & Multimodal Sensing",2017,26,0.423,0.115,0.462,5.18
26,Gaze in Conversation & Groups,"Gaze, Eye Tracking & Multimodal Sensing",2018,78,0.538,0.179,0.282,5.0
26,Gaze in Conversation & Groups,"Gaze, Eye Tracking & Multimodal Sensing",2019,66,0.545,0.045,0.409,4.58
26,Gaze in Conversation & Groups,"Gaze, Eye Tracking & Multimodal Sensing",2020,68,0.426,0.147,0.426,2.55
26,Gaze in Conversation & Groups,"Gaze, Eye Tracking & Multimodal Sensing",2021,66,0.47,0.091,0.439,4.1
26,Gaze in Conversation & Groups,"Gaze, Eye Tracking & Multimodal Sensing",2022,49,0.51,0.184,0.306,3.0
26,Gaze in Conversation & Groups,"Gaze, Eye Tracking & Multimodal Sensing",2023,80,0.463,0.062,0.475,5.32
26,Gaze in Conversation & Groups,"Gaze, Eye Tracking & Multimodal Sensing",2024,49,0.633,0.204,0.163,5.68
26,Gaze in Conversation & Groups,"Gaze, Eye Tracking & Multimodal Sensing",2025,42,0.571,0.0,0.429,3.12
26,Gaze in Conversation & Groups,"Gaze, Eye Tracking & Multimodal Sensing",2026,8,0.5,0.25,0.25,6.25
27,Authentication & Passwords,"Gaze, Eye Tracking & Multimodal Sensing",2007,1,1.0,0.0,0.0,4.0
27,Authentication & Passwords,"Gaze, Eye Tracking & Multimodal Sensing",2008,2,0.5,0.0,0.5,1.0
27,Authentication & Passwords,"Gaze, Eye Tracking & Multimodal Sensing",2009,4,0.75,0.25,0.0,3.0
27,Authentication & Passwords,"Gaze, Eye Tracking & Multimodal Sensing",2010,16,0.375,0.375,0.25,1.17
27,Authentication & Passwords,"Gaze, Eye Tracking & Multimodal Sensing",2011,6,0.167,0.0,0.833,3.0
27,Authentication & Passwords,"Gaze, Eye Tracking & Multimodal Sensing",2012,16,0.625,0.188,0.188,3.5
27,Authentication & Passwords,"Gaze, Eye Tracking & Multimodal Sensing",2013,29,0.897,0.0,0.103,3.04
27,Authentication & Passwords,"Gaze, Eye Tracking & Multimodal Sensing",2014,55,0.709,0.055,0.236,2.44
27,Authentication & Passwords,"Gaze, Eye Tracking & Multimodal Sensing",2015,53,0.868,0.0,0.132,3.2
27,Authentication & Passwords,"Gaze, Eye Tracking & Multimodal Sensing",2016,74,0.797,0.014,0.189,3.22
27,Authentication & Passwords,"Gaze, Eye Tracking & Multimodal Sensing",2017,94,0.723,0.085,0.191,3.19
27,Authentication & Passwords,"Gaze, Eye Tracking & Multimodal Sensing",2018,104,0.606,0.144,0.25,4.11
27,Authentication & Passwords,"Gaze, Eye Tracking & Multimodal Sensing",2019,122,0.664,0.172,0.164,4.85
27,Authentication & Passwords,"Gaze, Eye Tracking & Multimodal Sensing",2020,92,0.685,0.185,0.13,4.38
27,Authentication & Passwords,"Gaze, Eye Tracking & Multimodal Sensing",2021,190,0.521,0.063,0.416,5.15
27,Authentication & Passwords,"Gaze, Eye Tracking & Multimodal Sensing",2022,38,0.658,0.026,0.316,5.64
27,Authentication & Passwords,"Gaze, Eye Tracking & Multimodal Sensing",2023,59,0.542,0.068,0.39,6.03
27,Authentication & Passwords,"Gaze, Eye Tracking & Multimodal Sensing",2024,122,0.41,0.287,0.303,4.94
27,Authentication & Passwords,"Gaze, Eye Tracking & Multimodal Sensing",2025,103,0.505,0.165,0.33,5.44
27,Authentication & Passwords,"Gaze, Eye Tracking & Multimodal Sensing",2026,120,0.617,0.183,0.2,5.88
28,Affect Recognition,"Gaze, Eye Tracking & Multimodal Sensing",2011,1,1.0,0.0,0.0,7.0
28,Affect Recognition,"Gaze, Eye Tracking & Multimodal Sensing",2012,15,0.533,0.067,0.4,1.38
28,Affect Recognition,"Gaze, Eye Tracking & Multimodal Sensing",2013,10,1.0,0.0,0.0,2.6
28,Affect Recognition,"Gaze, Eye Tracking & Multimodal Sensing",2014,34,1.0,0.0,0.0,1.09
28,Affect Recognition,"Gaze, Eye Tracking & Multimodal Sensing",2015,78,0.962,0.026,0.013,1.44
28,Affect Recognition,"Gaze, Eye Tracking & Multimodal Sensing",2016,87,0.931,0.034,0.034,1.85
28,Affect Recognition,"Gaze, Eye Tracking & Multimodal Sensing",2017,93,0.978,0.0,0.022,1.54
28,Affect Recognition,"Gaze, Eye Tracking & Multimodal Sensing",2018,75,0.907,0.067,0.027,1.81
28,Affect Recognition,"Gaze, Eye Tracking & Multimodal Sensing",2019,73,0.986,0.0,0.014,2.07
28,Affect Recognition,"Gaze, Eye Tracking & Multimodal Sensing",2020,103,0.767,0.097,0.136,2.73
28,Affect Recognition,"Gaze, Eye Tracking & Multimodal Sensing",2021,21,0.81,0.095,0.095,3.94
28,Affect Recognition,"Gaze, Eye Tracking & Multimodal Sensing",2022,25,0.8,0.04,0.16,3.85
28,Affect Recognition,"Gaze, Eye Tracking & Multimodal Sensing",2023,43,0.953,0.0,0.047,5.51
28,Affect Recognition,"Gaze, Eye Tracking & Multimodal Sensing",2024,5,1.0,0.0,0.0,5.0
28,Affect Recognition,"Gaze, Eye Tracking & Multimodal Sensing",2025,3,1.0,0.0,0.0,9.0
28,Affect Recognition,"Gaze, Eye Tracking & Multimodal Sensing",2026,1,1.0,0.0,0.0,5.0
29,Multimodal Sentiment & Speaking,"Gaze, Eye Tracking & Multimodal Sensing",2004,4,0.25,0.0,0.75,2.0
29,Multimodal Sentiment & Speaking,"Gaze, Eye Tracking & Multimodal Sensing",2007,8,0.5,0.0,0.5,4.25
29,Multimodal Sentiment & Speaking,"Gaze, Eye Tracking & Multimodal Sensing",2008,1,1.0,0.0,0.0,5.0
29,Multimodal Sentiment & Speaking,"Gaze, Eye Tracking & Multimodal Sensing",2011,3,1.0,0.0,0.0,6.0
29,Multimodal Sentiment & Speaking,"Gaze, Eye Tracking & Multimodal Sensing",2012,8,0.625,0.25,0.125,1.6
29,Multimodal Sentiment & Speaking,"Gaze, Eye Tracking & Multimodal Sensing",2013,13,0.846,0.0,0.154,2.91
29,Multimodal Sentiment & Speaking,"Gaze, Eye Tracking & Multimodal Sensing",2014,14,0.571,0.214,0.214,3.0
29,Multimodal Sentiment & Speaking,"Gaze, Eye Tracking & Multimodal Sensing",2015,68,0.485,0.118,0.397,2.58
29,Multimodal Sentiment & Speaking,"Gaze, Eye Tracking & Multimodal Sensing",2016,83,0.795,0.024,0.181,2.11
29,Multimodal Sentiment & Speaking,"Gaze, Eye Tracking & Multimodal Sensing",2017,73,0.699,0.027,0.274,2.8
29,Multimodal Sentiment & Speaking,"Gaze, Eye Tracking & Multimodal Sensing",2018,45,0.556,0.089,0.356,2.96
29,Multimodal Sentiment & Speaking,"Gaze, Eye Tracking & Multimodal Sensing",2019,21,0.81,0.095,0.095,5.76
29,Multimodal Sentiment & Speaking,"Gaze, Eye Tracking & Multimodal Sensing",2020,65,0.831,0.015,0.154,5.3
29,Multimodal Sentiment & Speaking,"Gaze, Eye Tracking & Multimodal Sensing",2021,56,0.679,0.107,0.214,5.39
29,Multimodal Sentiment & Speaking,"Gaze, Eye Tracking & Multimodal Sensing",2022,49,0.429,0.02,0.551,6.14
29,Multimodal Sentiment & Speaking,"Gaze, Eye Tracking & Multimodal Sensing",2023,27,0.815,0.074,0.111,5.91
29,Multimodal Sentiment & Speaking,"Gaze, Eye Tracking & Multimodal Sensing",2024,13,0.692,0.0,0.308,5.89
29,Multimodal Sentiment & Speaking,"Gaze, Eye Tracking & Multimodal Sensing",2025,92,0.424,0.054,0.522,7.85
29,Multimodal Sentiment & Speaking,"Gaze, Eye Tracking & Multimodal Sensing",2026,14,0.5,0.0,0.5,9.29
30,Fixation & Saccade Analysis,"Gaze, Eye Tracking & Multimodal Sensing",2000,1,0.0,1.0,0.0,
30,Fixation & Saccade Analysis,"Gaze, Eye Tracking & Multimodal Sensing",2008,4,0.25,0.5,0.25,8.0
30,Fixation & Saccade Analysis,"Gaze, Eye Tracking & Multimodal Sensing",2010,5,0.2,0.8,0.0,10.0
30,Fixation & Saccade Analysis,"Gaze, Eye Tracking & Multimodal Sensing",2011,1,0.0,0.0,1.0,
30,Fixation & Saccade Analysis,"Gaze, Eye Tracking & Multimodal Sensing",2012,4,0.5,0.5,0.0,12.0
30,Fixation & Saccade Analysis,"Gaze, Eye Tracking & Multimodal Sensing",2013,2,0.0,1.0,0.0,
30,Fixation & Saccade Analysis,"Gaze, Eye Tracking & Multimodal Sensing",2014,24,0.625,0.333,0.042,6.67
30,Fixation & Saccade Analysis,"Gaze, Eye Tracking & Multimodal Sensing",2016,22,0.682,0.273,0.045,9.13
30,Fixation & Saccade Analysis,"Gaze, Eye Tracking & Multimodal Sensing",2017,16,0.312,0.438,0.25,5.6
30,Fixation & Saccade Analysis,"Gaze, Eye Tracking & Multimodal Sensing",2018,17,0.471,0.471,0.059,7.12
30,Fixation & Saccade Analysis,"Gaze, Eye Tracking & Multimodal Sensing",2019,22,0.5,0.364,0.136,6.82
30,Fixation & Saccade Analysis,"Gaze, Eye Tracking & Multimodal Sensing",2020,6,0.667,0.0,0.333,2.0
30,Fixation & Saccade Analysis,"Gaze, Eye Tracking & Multimodal Sensing",2021,28,0.464,0.393,0.143,8.08
30,Fixation & Saccade Analysis,"Gaze, Eye Tracking & Multimodal Sensing",2022,46,0.543,0.261,0.196,4.44
30,Fixation & Saccade Analysis,"Gaze, Eye Tracking & Multimodal Sensing",2023,37,0.676,0.189,0.135,5.52
30,Fixation & Saccade Analysis,"Gaze, Eye Tracking & Multimodal Sensing",2024,107,0.327,0.374,0.299,5.43
30,Fixation & Saccade Analysis,"Gaze, Eye Tracking & Multimodal Sensing",2025,114,0.64,0.202,0.158,6.33
30,Fixation & Saccade Analysis,"Gaze, Eye Tracking & Multimodal Sensing",2026,37,0.622,0.216,0.162,7.91
31,Gaze Calibration & Datasets,"Gaze, Eye Tracking & Multimodal Sensing",2000,4,0.0,0.75,0.25,
31,Gaze Calibration & Datasets,"Gaze, Eye Tracking & Multimodal Sensing",2002,3,0.0,1.0,0.0,
31,Gaze Calibration & Datasets,"Gaze, Eye Tracking & Multimodal Sensing",2003,1,1.0,0.0,0.0,3.0
31,Gaze Calibration & Datasets,"Gaze, Eye Tracking & Multimodal Sensing",2004,9,0.222,0.333,0.444,3.0
31,Gaze Calibration & Datasets,"Gaze, Eye Tracking & Multimodal Sensing",2005,10,0.3,0.4,0.3,2.67
31,Gaze Calibration & Datasets,"Gaze, Eye Tracking & Multimodal Sensing",2006,2,1.0,0.0,0.0,3.0
31,Gaze Calibration & Datasets,"Gaze, Eye Tracking & Multimodal Sensing",2008,4,0.5,0.25,0.25,5.0
31,Gaze Calibration & Datasets,"Gaze, Eye Tracking & Multimodal Sensing",2009,4,0.0,0.0,1.0,
31,Gaze Calibration & Datasets,"Gaze, Eye Tracking & Multimodal Sensing",2010,3,0.333,0.0,0.667,6.0
31,Gaze Calibration & Datasets,"Gaze, Eye Tracking & Multimodal Sensing",2011,11,0.364,0.182,0.455,3.25
31,Gaze Calibration & Datasets,"Gaze, Eye Tracking & Multimodal Sensing",2012,19,0.368,0.632,0.0,4.71
31,Gaze Calibration & Datasets,"Gaze, Eye Tracking & Multimodal Sensing",2013,44,0.386,0.409,0.205,5.0
31,Gaze Calibration & Datasets,"Gaze, Eye Tracking & Multimodal Sensing",2014,37,0.324,0.378,0.297,2.5
31,Gaze Calibration & Datasets,"Gaze, Eye Tracking & Multimodal Sensing",2015,57,0.316,0.351,0.333,3.06
31,Gaze Calibration & Datasets,"Gaze, Eye Tracking & Multimodal Sensing",2016,109,0.431,0.266,0.303,3.09
31,Gaze Calibration & Datasets,"Gaze, Eye Tracking & Multimodal Sensing",2017,178,0.483,0.157,0.36,3.78
31,Gaze Calibration & Datasets,"Gaze, Eye Tracking & Multimodal Sensing",2018,247,0.543,0.211,0.247,3.72
31,Gaze Calibration & Datasets,"Gaze, Eye Tracking & Multimodal Sensing",2019,203,0.527,0.148,0.325,3.97
31,Gaze Calibration & Datasets,"Gaze, Eye Tracking & Multimodal Sensing",2020,89,0.416,0.112,0.472,4.51
31,Gaze Calibration & Datasets,"Gaze, Eye Tracking & Multimodal Sensing",2021,54,0.37,0.352,0.278,5.2
31,Gaze Calibration & Datasets,"Gaze, Eye Tracking & Multimodal Sensing",2022,85,0.6,0.106,0.294,6.04
31,Gaze Calibration & Datasets,"Gaze, Eye Tracking & Multimodal Sensing",2023,80,0.487,0.388,0.125,7.08
31,Gaze Calibration & Datasets,"Gaze, Eye Tracking & Multimodal Sensing",2024,20,0.6,0.35,0.05,8.42
31,Gaze Calibration & Datasets,"Gaze, Eye Tracking & Multimodal Sensing",2025,38,0.474,0.289,0.237,8.5
31,Gaze Calibration & Datasets,"Gaze, Eye Tracking & Multimodal Sensing",2026,26,0.538,0.346,0.115,9.0
32,Reading & Implicit Interest,"Gaze, Eye Tracking & Multimodal Sensing",1990,1,0.0,1.0,0.0,
32,Reading & Implicit Interest,"Gaze, Eye Tracking & Multimodal Sensing",2000,12,0.25,0.167,0.583,5.33
32,Reading & Implicit Interest,"Gaze, Eye Tracking & Multimodal Sensing",2001,7,0.286,0.0,0.714,2.5
32,Reading & Implicit Interest,"Gaze, Eye Tracking & Multimodal Sensing",2002,5,1.0,0.0,0.0,2.6
32,Reading & Implicit Interest,"Gaze, Eye Tracking & Multimodal Sensing",2003,3,0.333,0.333,0.333,1.0
32,Reading & Implicit Interest,"Gaze, Eye Tracking & Multimodal Sensing",2004,7,0.857,0.0,0.143,3.17
32,Reading & Implicit Interest,"Gaze, Eye Tracking & Multimodal Sensing",2005,4,0.5,0.0,0.5,2.5
32,Reading & Implicit Interest,"Gaze, Eye Tracking & Multimodal Sensing",2006,21,0.714,0.143,0.143,4.13
32,Reading & Implicit Interest,"Gaze, Eye Tracking & Multimodal Sensing",2007,19,0.579,0.158,0.263,4.18
32,Reading & Implicit Interest,"Gaze, Eye Tracking & Multimodal Sensing",2008,8,0.875,0.125,0.0,4.29
32,Reading & Implicit Interest,"Gaze, Eye Tracking & Multimodal Sensing",2009,17,0.294,0.118,0.588,3.4
32,Reading & Implicit Interest,"Gaze, Eye Tracking & Multimodal Sensing",2010,18,0.556,0.278,0.167,6.6
32,Reading & Implicit Interest,"Gaze, Eye Tracking & Multimodal Sensing",2011,20,0.4,0.1,0.5,7.62
32,Reading & Implicit Interest,"Gaze, Eye Tracking & Multimodal Sensing",2012,39,0.564,0.282,0.154,5.18
32,Reading & Implicit Interest,"Gaze, Eye Tracking & Multimodal Sensing",2013,23,0.522,0.217,0.261,3.92
32,Reading & Implicit Interest,"Gaze, Eye Tracking & Multimodal Sensing",2014,48,0.521,0.208,0.271,5.96
32,Reading & Implicit Interest,"Gaze, Eye Tracking & Multimodal Sensing",2015,55,0.509,0.236,0.255,2.82
32,Reading & Implicit Interest,"Gaze, Eye Tracking & Multimodal Sensing",2016,68,0.5,0.382,0.118,4.91
32,Reading & Implicit Interest,"Gaze, Eye Tracking & Multimodal Sensing",2017,33,0.545,0.091,0.364,5.11
32,Reading & Implicit Interest,"Gaze, Eye Tracking & Multimodal Sensing",2018,106,0.462,0.274,0.264,5.53
32,Reading & Implicit Interest,"Gaze, Eye Tracking & Multimodal Sensing",2019,129,0.543,0.194,0.264,7.61
32,Reading & Implicit Interest,"Gaze, Eye Tracking & Multimodal Sensing",2020,75,0.573,0.267,0.16,5.07
32,Reading & Implicit Interest,"Gaze, Eye Tracking & Multimodal Sensing",2021,86,0.57,0.151,0.279,4.29
32,Reading & Implicit Interest,"Gaze, Eye Tracking & Multimodal Sensing",2022,106,0.642,0.113,0.245,3.6
32,Reading & Implicit Interest,"Gaze, Eye Tracking & Multimodal Sensing",2023,104,0.74,0.096,0.163,4.19
32,Reading & Implicit Interest,"Gaze, Eye Tracking & Multimodal Sensing",2024,35,0.543,0.2,0.257,5.26
32,Reading & Implicit Interest,"Gaze, Eye Tracking & Multimodal Sensing",2025,73,0.466,0.384,0.151,5.59
32,Reading & Implicit Interest,"Gaze, Eye Tracking & Multimodal Sensing",2026,36,0.528,0.111,0.361,5.84
33,Remote Collaboration & Telepresence,"Collaboration, Displays & Mixed Reality",1983,1,1.0,0.0,0.0,1.0
33,Remote Collaboration & Telepresence,"Collaboration, Displays & Mixed Reality",1986,2,1.0,0.0,0.0,2.0
33,Remote Collaboration & Telepresence,"Collaboration, Displays & Mixed Reality",1988,2,0.5,0.5,0.0,2.0
33,Remote Collaboration & Telepresence,"Collaboration, Displays & Mixed Reality",1990,4,0.25,0.75,0.0,2.0
33,Remote Collaboration & Telepresence,"Collaboration, Displays & Mixed Reality",1991,2,0.0,1.0,0.0,
33,Remote Collaboration & Telepresence,"Collaboration, Displays & Mixed Reality",1992,15,0.4,0.6,0.0,2.5
33,Remote Collaboration & Telepresence,"Collaboration, Displays & Mixed Reality",1994,11,0.636,0.364,0.0,2.14
33,Remote Collaboration & Telepresence,"Collaboration, Displays & Mixed Reality",1995,10,0.3,0.3,0.4,3.67
33,Remote Collaboration & Telepresence,"Collaboration, Displays & Mixed Reality",1996,19,0.263,0.684,0.053,1.2
33,Remote Collaboration & Telepresence,"Collaboration, Displays & Mixed Reality",1997,21,0.571,0.429,0.0,2.83
33,Remote Collaboration & Telepresence,"Collaboration, Displays & Mixed Reality",1998,57,0.509,0.404,0.088,3.34
33,Remote Collaboration & Telepresence,"Collaboration, Displays & Mixed Reality",1999,21,0.619,0.286,0.095,3.46
33,Remote Collaboration & Telepresence,"Collaboration, Displays & Mixed Reality",2000,35,0.771,0.114,0.114,4.44
33,Remote Collaboration & Telepresence,"Collaboration, Displays & Mixed Reality",2001,3,1.0,0.0,0.0,2.0
33,Remote Collaboration & Telepresence,"Collaboration, Displays & Mixed Reality",2002,56,0.393,0.196,0.411,6.0
33,Remote Collaboration & Telepresence,"Collaboration, Displays & Mixed Reality",2003,28,0.857,0.036,0.107,4.58
33,Remote Collaboration & Telepresence,"Collaboration, Displays & Mixed Reality",2004,61,0.77,0.131,0.098,7.26
33,Remote Collaboration & Telepresence,"Collaboration, Displays & Mixed Reality",2005,56,0.571,0.143,0.286,7.0
33,Remote Collaboration & Telepresence,"Collaboration, Displays & Mixed Reality",2006,51,0.765,0.118,0.118,6.23
33,Remote Collaboration & Telepresence,"Collaboration, Displays & Mixed Reality",2007,97,0.66,0.155,0.186,6.42
33,Remote Collaboration & Telepresence,"Collaboration, Displays & Mixed Reality",2008,74,0.527,0.243,0.23,7.18
33,Remote Collaboration & Telepresence,"Collaboration, Displays & Mixed Reality",2009,44,0.5,0.205,0.295,6.77
33,Remote Collaboration & Telepresence,"Collaboration, Displays & Mixed Reality",2010,78,0.641,0.179,0.179,9.38
33,Remote Collaboration & Telepresence,"Collaboration, Displays & Mixed Reality",2011,149,0.604,0.188,0.208,8.82
33,Remote Collaboration & Telepresence,"Collaboration, Displays & Mixed Reality",2012,119,0.655,0.134,0.21,7.56
33,Remote Collaboration & Telepresence,"Collaboration, Displays & Mixed Reality",2013,144,0.625,0.125,0.25,7.33
33,Remote Collaboration & Telepresence,"Collaboration, Displays & Mixed Reality",2014,172,0.61,0.169,0.221,9.66
33,Remote Collaboration & Telepresence,"Collaboration, Displays & Mixed Reality",2015,148,0.682,0.108,0.209,9.52
33,Remote Collaboration & Telepresence,"Collaboration, Displays & Mixed Reality",2016,273,0.56,0.139,0.3,7.86
33,Remote Collaboration & Telepresence,"Collaboration, Displays & Mixed Reality",2017,330,0.558,0.103,0.339,8.26
33,Remote Collaboration & Telepresence,"Collaboration, Displays & Mixed Reality",2018,393,0.547,0.163,0.29,7.15
33,Remote Collaboration & Telepresence,"Collaboration, Displays & Mixed Reality",2019,360,0.628,0.139,0.233,7.07
33,Remote Collaboration & Telepresence,"Collaboration, Displays & Mixed Reality",2020,201,0.592,0.134,0.274,7.82
33,Remote Collaboration & Telepresence,"Collaboration, Displays & Mixed Reality",2021,376,0.62,0.088,0.293,9.42
33,Remote Collaboration & Telepresence,"Collaboration, Displays & Mixed Reality",2022,464,0.466,0.194,0.341,9.55
33,Remote Collaboration & Telepresence,"Collaboration, Displays & Mixed Reality",2023,756,0.501,0.209,0.29,9.82
33,Remote Collaboration & Telepresence,"Collaboration, Displays & Mixed Reality",2024,682,0.526,0.202,0.271,9.02
33,Remote Collaboration & Telepresence,"Collaboration, Displays & Mixed Reality",2025,764,0.495,0.166,0.339,8.39
33,Remote Collaboration & Telepresence,"Collaboration, Displays & Mixed Reality",2026,372,0.505,0.105,0.39,8.05
34,CSCW Foundations,"Collaboration, Displays & Mixed Reality",1983,1,0.0,0.0,1.0,
34,CSCW Foundations,"Collaboration, Displays & Mixed Reality",1985,1,1.0,0.0,0.0,3.0
34,CSCW Foundations,"Collaboration, Displays & Mixed Reality",1986,11,0.818,0.091,0.091,1.22
34,CSCW Foundations,"Collaboration, Displays & Mixed Reality",1988,32,0.781,0.094,0.125,1.76
34,CSCW Foundations,"Collaboration, Displays & Mixed Reality",1989,21,0.81,0.143,0.048,2.35
34,CSCW Foundations,"Collaboration, Displays & Mixed Reality",1990,59,0.678,0.186,0.136,2.12
34,CSCW Foundations,"Collaboration, Displays & Mixed Reality",1991,28,0.75,0.143,0.107,2.57
34,CSCW Foundations,"Collaboration, Displays & Mixed Reality",1992,142,0.627,0.282,0.092,2.56
34,CSCW Foundations,"Collaboration, Displays & Mixed Reality",1993,7,0.857,0.0,0.143,4.33
34,CSCW Foundations,"Collaboration, Displays & Mixed Reality",1994,102,0.735,0.186,0.078,4.13
34,CSCW Foundations,"Collaboration, Displays & Mixed Reality",1995,65,0.769,0.077,0.154,3.0
34,CSCW Foundations,"Collaboration, Displays & Mixed Reality",1996,113,0.796,0.071,0.133,4.24
34,CSCW Foundations,"Collaboration, Displays & Mixed Reality",1997,148,0.757,0.095,0.149,3.83
34,CSCW Foundations,"Collaboration, Displays & Mixed Reality",1998,71,0.831,0.085,0.085,4.36
34,CSCW Foundations,"Collaboration, Displays & Mixed Reality",1999,128,0.719,0.133,0.148,4.91
34,CSCW Foundations,"Collaboration, Displays & Mixed Reality",2000,121,0.694,0.14,0.165,5.54
34,CSCW Foundations,"Collaboration, Displays & Mixed Reality",2001,80,0.637,0.138,0.225,6.16
34,CSCW Foundations,"Collaboration, Displays & Mixed Reality",2002,80,0.562,0.1,0.338,6.07
34,CSCW Foundations,"Collaboration, Displays & Mixed Reality",2003,94,0.691,0.106,0.202,7.11
34,CSCW Foundations,"Collaboration, Displays & Mixed Reality",2004,78,0.538,0.167,0.295,7.48
34,CSCW Foundations,"Collaboration, Displays & Mixed Reality",2005,76,0.711,0.079,0.211,7.74
34,CSCW Foundations,"Collaboration, Displays & Mixed Reality",2006,104,0.567,0.144,0.288,8.03
34,CSCW Foundations,"Collaboration, Displays & Mixed Reality",2007,105,0.552,0.143,0.305,8.83
34,CSCW Foundations,"Collaboration, Displays & Mixed Reality",2008,33,0.667,0.061,0.273,9.09
34,CSCW Foundations,"Collaboration, Displays & Mixed Reality",2009,55,0.636,0.091,0.273,11.97
34,CSCW Foundations,"Collaboration, Displays & Mixed Reality",2010,46,0.63,0.152,0.217,9.03
34,CSCW Foundations,"Collaboration, Displays & Mixed Reality",2011,65,0.646,0.108,0.246,11.93
34,CSCW Foundations,"Collaboration, Displays & Mixed Reality",2012,60,0.667,0.083,0.25,10.05
34,CSCW Foundations,"Collaboration, Displays & Mixed Reality",2013,37,0.405,0.027,0.568,11.8
34,CSCW Foundations,"Collaboration, Displays & Mixed Reality",2014,98,0.429,0.153,0.418,9.74
34,CSCW Foundations,"Collaboration, Displays & Mixed Reality",2015,59,0.61,0.102,0.288,9.44
34,CSCW Foundations,"Collaboration, Displays & Mixed Reality",2016,61,0.279,0.18,0.541,12.71
34,CSCW Foundations,"Collaboration, Displays & Mixed Reality",2017,44,0.432,0.068,0.5,10.53
34,CSCW Foundations,"Collaboration, Displays & Mixed Reality",2018,57,0.351,0.193,0.456,22.75
34,CSCW Foundations,"Collaboration, Displays & Mixed Reality",2019,47,0.319,0.17,0.511,16.53
34,CSCW Foundations,"Collaboration, Displays & Mixed Reality",2020,9,0.667,0.0,0.333,19.17
34,CSCW Foundations,"Collaboration, Displays & Mixed Reality",2021,29,0.31,0.138,0.552,18.44
34,CSCW Foundations,"Collaboration, Displays & Mixed Reality",2022,68,0.294,0.25,0.456,22.6
34,CSCW Foundations,"Collaboration, Displays & Mixed Reality",2023,106,0.349,0.226,0.425,22.81
34,CSCW Foundations,"Collaboration, Displays & Mixed Reality",2024,63,0.333,0.159,0.508,18.24
34,CSCW Foundations,"Collaboration, Displays & Mixed Reality",2025,88,0.364,0.102,0.534,17.5
34,CSCW Foundations,"Collaboration, Displays & Mixed Reality",2026,25,0.36,0.04,0.6,22.22
35,Cross-device & Large Displays,"Collaboration, Displays & Mixed Reality",1986,2,1.0,0.0,0.0,2.0
35,Cross-device & Large Displays,"Collaboration, Displays & Mixed Reality",1995,7,0.0,0.429,0.571,
35,Cross-device & Large Displays,"Collaboration, Displays & Mixed Reality",1996,2,0.0,0.0,1.0,
35,Cross-device & Large Displays,"Collaboration, Displays & Mixed Reality",1997,9,0.111,0.444,0.444,1.0
35,Cross-device & Large Displays,"Collaboration, Displays & Mixed Reality",1998,22,0.273,0.545,0.182,1.33
35,Cross-device & Large Displays,"Collaboration, Displays & Mixed Reality",1999,20,0.3,0.2,0.5,1.83
35,Cross-device & Large Displays,"Collaboration, Displays & Mixed Reality",2000,27,0.259,0.481,0.259,5.14
35,Cross-device & Large Displays,"Collaboration, Displays & Mixed Reality",2001,39,0.436,0.256,0.308,2.71
35,Cross-device & Large Displays,"Collaboration, Displays & Mixed Reality",2002,34,0.441,0.265,0.294,2.67
35,Cross-device & Large Displays,"Collaboration, Displays & Mixed Reality",2003,59,0.475,0.237,0.288,3.18
35,Cross-device & Large Displays,"Collaboration, Displays & Mixed Reality",2004,74,0.568,0.149,0.284,3.55
35,Cross-device & Large Displays,"Collaboration, Displays & Mixed Reality",2005,80,0.412,0.175,0.412,4.33
35,Cross-device & Large Displays,"Collaboration, Displays & Mixed Reality",2006,68,0.485,0.132,0.382,4.45
35,Cross-device & Large Displays,"Collaboration, Displays & Mixed Reality",2007,72,0.417,0.125,0.458,5.0
35,Cross-device & Large Displays,"Collaboration, Displays & Mixed Reality",2008,104,0.423,0.212,0.365,5.27
35,Cross-device & Large Displays,"Collaboration, Displays & Mixed Reality",2009,119,0.613,0.126,0.261,6.25
35,Cross-device & Large Displays,"Collaboration, Displays & Mixed Reality",2010,155,0.465,0.097,0.439,6.78
35,Cross-device & Large Displays,"Collaboration, Displays & Mixed Reality",2011,184,0.435,0.136,0.429,6.1
35,Cross-device & Large Displays,"Collaboration, Displays & Mixed Reality",2012,224,0.5,0.147,0.353,6.49
35,Cross-device & Large Displays,"Collaboration, Displays & Mixed Reality",2013,211,0.455,0.161,0.384,6.21
35,Cross-device & Large Displays,"Collaboration, Displays & Mixed Reality",2014,380,0.534,0.118,0.347,6.26
35,Cross-device & Large Displays,"Collaboration, Displays & Mixed Reality",2015,330,0.664,0.076,0.261,5.0
35,Cross-device & Large Displays,"Collaboration, Displays & Mixed Reality",2016,375,0.595,0.115,0.291,4.42
35,Cross-device & Large Displays,"Collaboration, Displays & Mixed Reality",2017,329,0.508,0.125,0.368,5.78
35,Cross-device & Large Displays,"Collaboration, Displays & Mixed Reality",2018,471,0.52,0.113,0.367,6.25
35,Cross-device & Large Displays,"Collaboration, Displays & Mixed Reality",2019,413,0.608,0.094,0.298,7.08
35,Cross-device & Large Displays,"Collaboration, Displays & Mixed Reality",2020,278,0.54,0.083,0.378,7.35
35,Cross-device & Large Displays,"Collaboration, Displays & Mixed Reality",2021,176,0.517,0.125,0.358,8.9
35,Cross-device & Large Displays,"Collaboration, Displays & Mixed Reality",2022,189,0.566,0.106,0.328,9.2
35,Cross-device & Large Displays,"Collaboration, Displays & Mixed Reality",2023,294,0.52,0.163,0.316,9.86
35,Cross-device & Large Displays,"Collaboration, Displays & Mixed Reality",2024,87,0.414,0.092,0.494,10.64
35,Cross-device & Large Displays,"Collaboration, Displays & Mixed Reality",2025,117,0.385,0.154,0.462,11.07
35,Cross-device & Large Displays,"Collaboration, Displays & Mixed Reality",2026,24,0.417,0.25,0.333,14.5
36,UI Toolkits & Automatic Generation,"Collaboration, Displays & Mixed Reality",1982,2,1.0,0.0,0.0,0.5
36,UI Toolkits & Automatic Generation,"Collaboration, Displays & Mixed Reality",1983,7,1.0,0.0,0.0,1.0
36,UI Toolkits & Automatic Generation,"Collaboration, Displays & Mixed Reality",1985,6,1.0,0.0,0.0,2.5
36,UI Toolkits & Automatic Generation,"Collaboration, Displays & Mixed Reality",1986,12,0.833,0.083,0.083,2.8
36,UI Toolkits & Automatic Generation,"Collaboration, Displays & Mixed Reality",1988,22,0.909,0.045,0.045,2.9
36,UI Toolkits & Automatic Generation,"Collaboration, Displays & Mixed Reality",1989,44,0.909,0.023,0.068,1.9
36,UI Toolkits & Automatic Generation,"Collaboration, Displays & Mixed Reality",1990,61,0.934,0.016,0.049,1.58
36,UI Toolkits & Automatic Generation,"Collaboration, Displays & Mixed Reality",1991,66,0.955,0.0,0.045,2.06
36,UI Toolkits & Automatic Generation,"Collaboration, Displays & Mixed Reality",1992,79,0.785,0.089,0.127,2.39
36,UI Toolkits & Automatic Generation,"Collaboration, Displays & Mixed Reality",1993,52,0.769,0.058,0.173,2.75
36,UI Toolkits & Automatic Generation,"Collaboration, Displays & Mixed Reality",1994,46,0.783,0.022,0.196,3.94
36,UI Toolkits & Automatic Generation,"Collaboration, Displays & Mixed Reality",1995,93,0.806,0.043,0.151,4.16
36,UI Toolkits & Automatic Generation,"Collaboration, Displays & Mixed Reality",1996,46,0.761,0.109,0.13,3.97
36,UI Toolkits & Automatic Generation,"Collaboration, Displays & Mixed Reality",1997,40,0.7,0.1,0.2,4.5
36,UI Toolkits & Automatic Generation,"Collaboration, Displays & Mixed Reality",1998,37,0.757,0.081,0.162,3.11
36,UI Toolkits & Automatic Generation,"Collaboration, Displays & Mixed Reality",1999,15,1.0,0.0,0.0,4.2
36,UI Toolkits & Automatic Generation,"Collaboration, Displays & Mixed Reality",2000,27,0.556,0.222,0.222,3.13
36,UI Toolkits & Automatic Generation,"Collaboration, Displays & Mixed Reality",2001,27,0.778,0.074,0.148,5.67
36,UI Toolkits & Automatic Generation,"Collaboration, Displays & Mixed Reality",2002,26,0.538,0.115,0.346,5.29
36,UI Toolkits & Automatic Generation,"Collaboration, Displays & Mixed Reality",2003,32,0.688,0.094,0.219,6.5
36,UI Toolkits & Automatic Generation,"Collaboration, Displays & Mixed Reality",2004,21,0.619,0.143,0.238,5.85
36,UI Toolkits & Automatic Generation,"Collaboration, Displays & Mixed Reality",2005,17,0.529,0.0,0.471,7.11
36,UI Toolkits & Automatic Generation,"Collaboration, Displays & Mixed Reality",2006,27,0.519,0.037,0.444,4.64
36,UI Toolkits & Automatic Generation,"Collaboration, Displays & Mixed Reality",2007,17,0.706,0.059,0.235,4.83
36,UI Toolkits & Automatic Generation,"Collaboration, Displays & Mixed Reality",2008,29,0.448,0.172,0.379,7.0
36,UI Toolkits & Automatic Generation,"Collaboration, Displays & Mixed Reality",2009,15,0.6,0.133,0.267,7.44
36,UI Toolkits & Automatic Generation,"Collaboration, Displays & Mixed Reality",2010,37,0.541,0.189,0.27,4.5
36,UI Toolkits & Automatic Generation,"Collaboration, Displays & Mixed Reality",2011,11,0.818,0.091,0.091,3.89
36,UI Toolkits & Automatic Generation,"Collaboration, Displays & Mixed Reality",2012,40,0.55,0.1,0.35,6.41
36,UI Toolkits & Automatic Generation,"Collaboration, Displays & Mixed Reality",2013,30,0.767,0.133,0.1,9.57
36,UI Toolkits & Automatic Generation,"Collaboration, Displays & Mixed Reality",2014,41,0.61,0.098,0.293,11.72
36,UI Toolkits & Automatic Generation,"Collaboration, Displays & Mixed Reality",2015,20,0.7,0.15,0.15,5.57
36,UI Toolkits & Automatic Generation,"Collaboration, Displays & Mixed Reality",2016,19,0.684,0.053,0.263,6.54
36,UI Toolkits & Automatic Generation,"Collaboration, Displays & Mixed Reality",2017,22,0.727,0.182,0.091,4.81
36,UI Toolkits & Automatic Generation,"Collaboration, Displays & Mixed Reality",2018,37,0.297,0.189,0.514,13.36
36,UI Toolkits & Automatic Generation,"Collaboration, Displays & Mixed Reality",2019,31,0.516,0.226,0.258,20.94
36,UI Toolkits & Automatic Generation,"Collaboration, Displays & Mixed Reality",2020,22,0.591,0.0,0.409,21.0
36,UI Toolkits & Automatic Generation,"Collaboration, Displays & Mixed Reality",2021,12,0.5,0.083,0.417,17.83
36,UI Toolkits & Automatic Generation,"Collaboration, Displays & Mixed Reality",2022,5,0.8,0.0,0.2,5.0
36,UI Toolkits & Automatic Generation,"Collaboration, Displays & Mixed Reality",2024,33,0.424,0.061,0.515,15.64
36,UI Toolkits & Automatic Generation,"Collaboration, Displays & Mixed Reality",2025,10,0.5,0.1,0.4,9.6
37,AR Authoring & Assembly,"Collaboration, Displays & Mixed Reality",2000,2,0.0,0.0,1.0,
37,AR Authoring & Assembly,"Collaboration, Displays & Mixed Reality",2002,3,0.333,0.0,0.667,1.0
37,AR Authoring & Assembly,"Collaboration, Displays & Mixed Reality",2004,15,0.133,0.067,0.8,3.5
37,AR Authoring & Assembly,"Collaboration, Displays & Mixed Reality",2006,6,0.333,0.333,0.333,3.0
37,AR Authoring & Assembly,"Collaboration, Displays & Mixed Reality",2007,7,0.571,0.0,0.429,2.25
37,AR Authoring & Assembly,"Collaboration, Displays & Mixed Reality",2008,58,0.086,0.224,0.69,6.0
37,AR Authoring & Assembly,"Collaboration, Displays & Mixed Reality",2009,5,0.4,0.2,0.4,6.0
37,AR Authoring & Assembly,"Collaboration, Displays & Mixed Reality",2011,10,0.2,0.0,0.8,1.5
37,AR Authoring & Assembly,"Collaboration, Displays & Mixed Reality",2012,47,0.277,0.149,0.574,5.15
37,AR Authoring & Assembly,"Collaboration, Displays & Mixed Reality",2013,51,0.157,0.039,0.804,3.0
37,AR Authoring & Assembly,"Collaboration, Displays & Mixed Reality",2014,29,0.379,0.0,0.621,4.36
37,AR Authoring & Assembly,"Collaboration, Displays & Mixed Reality",2015,28,0.429,0.071,0.5,3.0
37,AR Authoring & Assembly,"Collaboration, Displays & Mixed Reality",2016,53,0.547,0.094,0.358,3.17
37,AR Authoring & Assembly,"Collaboration, Displays & Mixed Reality",2017,85,0.4,0.094,0.506,3.91
37,AR Authoring & Assembly,"Collaboration, Displays & Mixed Reality",2018,107,0.374,0.14,0.486,6.45
37,AR Authoring & Assembly,"Collaboration, Displays & Mixed Reality",2019,151,0.305,0.06,0.636,6.93
37,AR Authoring & Assembly,"Collaboration, Displays & Mixed Reality",2020,314,0.369,0.121,0.51,4.86
37,AR Authoring & Assembly,"Collaboration, Displays & Mixed Reality",2021,264,0.439,0.17,0.39,4.17
37,AR Authoring & Assembly,"Collaboration, Displays & Mixed Reality",2022,327,0.398,0.089,0.514,5.15
37,AR Authoring & Assembly,"Collaboration, Displays & Mixed Reality",2023,470,0.391,0.115,0.494,4.32
37,AR Authoring & Assembly,"Collaboration, Displays & Mixed Reality",2024,610,0.433,0.095,0.472,5.41
37,AR Authoring & Assembly,"Collaboration, Displays & Mixed Reality",2025,500,0.482,0.124,0.394,4.71
37,AR Authoring & Assembly,"Collaboration, Displays & Mixed Reality",2026,268,0.466,0.015,0.519,5.79
38,Tabletop Collaboration,"Collaboration, Displays & Mixed Reality",1991,3,0.333,0.667,0.0,0.0
38,Tabletop Collaboration,"Collaboration, Displays & Mixed Reality",1992,2,1.0,0.0,0.0,1.0
38,Tabletop Collaboration,"Collaboration, Displays & Mixed Reality",1996,1,0.0,0.0,1.0,
38,Tabletop Collaboration,"Collaboration, Displays & Mixed Reality",1997,2,0.5,0.0,0.5,1.0
38,Tabletop Collaboration,"Collaboration, Displays & Mixed Reality",1998,7,0.0,0.857,0.143,
38,Tabletop Collaboration,"Collaboration, Displays & Mixed Reality",1999,7,0.429,0.429,0.143,4.33
38,Tabletop Collaboration,"Collaboration, Displays & Mixed Reality",2000,10,0.5,0.3,0.2,3.8
38,Tabletop Collaboration,"Collaboration, Displays & Mixed Reality",2001,13,0.385,0.538,0.077,4.4
38,Tabletop Collaboration,"Collaboration, Displays & Mixed Reality",2002,6,0.333,0.167,0.5,2.0
38,Tabletop Collaboration,"Collaboration, Displays & Mixed Reality",2003,21,0.143,0.667,0.19,3.67
38,Tabletop Collaboration,"Collaboration, Displays & Mixed Reality",2004,106,0.311,0.443,0.245,4.64
38,Tabletop Collaboration,"Collaboration, Displays & Mixed Reality",2005,18,0.111,0.556,0.333,4.0
38,Tabletop Collaboration,"Collaboration, Displays & Mixed Reality",2006,85,0.482,0.259,0.259,4.88
38,Tabletop Collaboration,"Collaboration, Displays & Mixed Reality",2007,54,0.333,0.278,0.389,4.94
38,Tabletop Collaboration,"Collaboration, Displays & Mixed Reality",2008,59,0.458,0.203,0.339,2.89
38,Tabletop Collaboration,"Collaboration, Displays & Mixed Reality",2009,123,0.569,0.114,0.317,4.46
38,Tabletop Collaboration,"Collaboration, Displays & Mixed Reality",2010,191,0.492,0.152,0.356,4.57
38,Tabletop Collaboration,"Collaboration, Displays & Mixed Reality",2011,154,0.519,0.143,0.338,3.92
38,Tabletop Collaboration,"Collaboration, Displays & Mixed Reality",2012,241,0.498,0.112,0.39,4.36
38,Tabletop Collaboration,"Collaboration, Displays & Mixed Reality",2013,227,0.537,0.181,0.282,5.25
38,Tabletop Collaboration,"Collaboration, Displays & Mixed Reality",2014,136,0.596,0.096,0.309,5.91
38,Tabletop Collaboration,"Collaboration, Displays & Mixed Reality",2015,120,0.517,0.167,0.317,6.24
38,Tabletop Collaboration,"Collaboration, Displays & Mixed Reality",2016,166,0.44,0.223,0.337,6.86
38,Tabletop Collaboration,"Collaboration, Displays & Mixed Reality",2017,112,0.509,0.188,0.304,7.67
38,Tabletop Collaboration,"Collaboration, Displays & Mixed Reality",2018,114,0.482,0.246,0.272,7.96
38,Tabletop Collaboration,"Collaboration, Displays & Mixed Reality",2019,67,0.358,0.075,0.567,7.25
38,Tabletop Collaboration,"Collaboration, Displays & Mixed Reality",2020,34,0.382,0.412,0.206,9.23
38,Tabletop Collaboration,"Collaboration, Displays & Mixed Reality",2021,114,0.307,0.281,0.412,11.06
38,Tabletop Collaboration,"Collaboration, Displays & Mixed Reality",2022,71,0.268,0.324,0.408,13.84
38,Tabletop Collaboration,"Collaboration, Displays & Mixed Reality",2023,73,0.288,0.411,0.301,10.86
38,Tabletop Collaboration,"Collaboration, Displays & Mixed Reality",2024,19,0.263,0.474,0.263,18.6
38,Tabletop Collaboration,"Collaboration, Displays & Mixed Reality",2025,18,0.389,0.056,0.556,12.0
39,Public & Ambient Displays,"Collaboration, Displays & Mixed Reality",1998,8,0.125,0.625,0.25,0.0
39,Public & Ambient Displays,"Collaboration, Displays & Mixed Reality",2000,3,0.667,0.0,0.333,2.0
39,Public & Ambient Displays,"Collaboration, Displays & Mixed Reality",2001,15,0.267,0.467,0.267,4.25
39,Public & Ambient Displays,"Collaboration, Displays & Mixed Reality",2002,17,0.353,0.235,0.412,1.5
39,Public & Ambient Displays,"Collaboration, Displays & Mixed Reality",2003,26,0.269,0.462,0.269,2.71
39,Public & Ambient Displays,"Collaboration, Displays & Mixed Reality",2004,59,0.339,0.254,0.407,2.1
39,Public & Ambient Displays,"Collaboration, Displays & Mixed Reality",2005,21,0.333,0.381,0.286,3.57
39,Public & Ambient Displays,"Collaboration, Displays & Mixed Reality",2006,21,0.333,0.238,0.429,3.29
39,Public & Ambient Displays,"Collaboration, Displays & Mixed Reality",2007,5,0.6,0.0,0.4,4.33
39,Public & Ambient Displays,"Collaboration, Displays & Mixed Reality",2008,95,0.337,0.263,0.4,4.47
39,Public & Ambient Displays,"Collaboration, Displays & Mixed Reality",2009,48,0.375,0.208,0.417,4.78
39,Public & Ambient Displays,"Collaboration, Displays & Mixed Reality",2010,37,0.216,0.27,0.514,2.38
39,Public & Ambient Displays,"Collaboration, Displays & Mixed Reality",2011,78,0.397,0.282,0.321,4.32
39,Public & Ambient Displays,"Collaboration, Displays & Mixed Reality",2012,127,0.449,0.197,0.354,3.39
39,Public & Ambient Displays,"Collaboration, Displays & Mixed Reality",2013,174,0.534,0.172,0.293,3.7
39,Public & Ambient Displays,"Collaboration, Displays & Mixed Reality",2014,211,0.569,0.123,0.308,5.11
39,Public & Ambient Displays,"Collaboration, Displays & Mixed Reality",2015,155,0.619,0.097,0.284,3.85
39,Public & Ambient Displays,"Collaboration, Displays & Mixed Reality",2016,185,0.627,0.076,0.297,4.7
39,Public & Ambient Displays,"Collaboration, Displays & Mixed Reality",2017,121,0.628,0.058,0.314,5.61
39,Public & Ambient Displays,"Collaboration, Displays & Mixed Reality",2018,130,0.508,0.177,0.315,5.53
39,Public & Ambient Displays,"Collaboration, Displays & Mixed Reality",2019,142,0.43,0.042,0.528,6.69
39,Public & Ambient Displays,"Collaboration, Displays & Mixed Reality",2020,146,0.541,0.027,0.432,6.32
39,Public & Ambient Displays,"Collaboration, Displays & Mixed Reality",2021,115,0.496,0.061,0.443,8.72
39,Public & Ambient Displays,"Collaboration, Displays & Mixed Reality",2022,114,0.412,0.105,0.482,8.38
39,Public & Ambient Displays,"Collaboration, Displays & Mixed Reality",2023,92,0.467,0.054,0.478,8.93
39,Public & Ambient Displays,"Collaboration, Displays & Mixed Reality",2024,59,0.458,0.136,0.407,10.78
39,Public & Ambient Displays,"Collaboration, Displays & Mixed Reality",2025,70,0.243,0.1,0.657,9.94
39,Public & Ambient Displays,"Collaboration, Displays & Mixed Reality",2026,52,0.308,0.058,0.635,7.5
40,Real-time Groupware,"Collaboration, Displays & Mixed Reality",1983,1,1.0,0.0,0.0,1.0
40,Real-time Groupware,"Collaboration, Displays & Mixed Reality",1986,1,1.0,0.0,0.0,0.0
40,Real-time Groupware,"Collaboration, Displays & Mixed Reality",1988,2,0.5,0.5,0.0,2.0
40,Real-time Groupware,"Collaboration, Displays & Mixed Reality",1989,1,0.0,1.0,0.0,
40,Real-time Groupware,"Collaboration, Displays & Mixed Reality",1990,23,0.478,0.522,0.0,2.09
40,Real-time Groupware,"Collaboration, Displays & Mixed Reality",1991,11,1.0,0.0,0.0,2.18
40,Real-time Groupware,"Collaboration, Displays & Mixed Reality",1992,60,0.7,0.283,0.017,2.31
40,Real-time Groupware,"Collaboration, Displays & Mixed Reality",1993,14,0.929,0.071,0.0,2.62
40,Real-time Groupware,"Collaboration, Displays & Mixed Reality",1994,74,0.784,0.216,0.0,3.07
40,Real-time Groupware,"Collaboration, Displays & Mixed Reality",1995,34,0.676,0.176,0.147,4.3
40,Real-time Groupware,"Collaboration, Displays & Mixed Reality",1996,112,0.696,0.277,0.027,3.62
40,Real-time Groupware,"Collaboration, Displays & Mixed Reality",1997,75,0.72,0.213,0.067,3.46
40,Real-time Groupware,"Collaboration, Displays & Mixed Reality",1998,141,0.752,0.177,0.071,3.63
40,Real-time Groupware,"Collaboration, Displays & Mixed Reality",1999,123,0.764,0.163,0.073,4.06
40,Real-time Groupware,"Collaboration, Displays & Mixed Reality",2000,64,0.734,0.141,0.125,3.79
40,Real-time Groupware,"Collaboration, Displays & Mixed Reality",2001,29,0.759,0.138,0.103,5.0
40,Real-time Groupware,"Collaboration, Displays & Mixed Reality",2002,80,0.825,0.125,0.05,6.77
40,Real-time Groupware,"Collaboration, Displays & Mixed Reality",2003,38,0.5,0.368,0.132,5.42
40,Real-time Groupware,"Collaboration, Displays & Mixed Reality",2004,99,0.818,0.131,0.051,6.22
40,Real-time Groupware,"Collaboration, Displays & Mixed Reality",2005,60,0.567,0.233,0.2,6.62
40,Real-time Groupware,"Collaboration, Displays & Mixed Reality",2006,80,0.887,0.113,0.0,6.52
40,Real-time Groupware,"Collaboration, Displays & Mixed Reality",2007,32,0.656,0.125,0.219,6.0
40,Real-time Groupware,"Collaboration, Displays & Mixed Reality",2008,10,0.9,0.0,0.1,6.33
40,Real-time Groupware,"Collaboration, Displays & Mixed Reality",2009,44,0.727,0.159,0.114,10.88
40,Real-time Groupware,"Collaboration, Displays & Mixed Reality",2010,71,0.69,0.113,0.197,9.51
40,Real-time Groupware,"Collaboration, Displays & Mixed Reality",2011,43,0.907,0.047,0.047,7.77
40,Real-time Groupware,"Collaboration, Displays & Mixed Reality",2012,103,0.864,0.019,0.117,10.42
40,Real-time Groupware,"Collaboration, Displays & Mixed Reality",2013,33,0.727,0.242,0.03,10.25
40,Real-time Groupware,"Collaboration, Displays & Mixed Reality",2014,55,0.982,0.0,0.018,10.63
40,Real-time Groupware,"Collaboration, Displays & Mixed Reality",2015,10,0.3,0.4,0.3,14.67
40,Real-time Groupware,"Collaboration, Displays & Mixed Reality",2016,38,0.789,0.079,0.132,11.83
40,Real-time Groupware,"Collaboration, Displays & Mixed Reality",2017,88,0.545,0.136,0.318,11.98
40,Real-time Groupware,"Collaboration, Displays & Mixed Reality",2018,16,0.812,0.0,0.188,10.46
40,Real-time Groupware,"Collaboration, Displays & Mixed Reality",2019,17,0.824,0.118,0.059,16.14
40,Real-time Groupware,"Collaboration, Displays & Mixed Reality",2020,91,0.857,0.088,0.055,14.4
40,Real-time Groupware,"Collaboration, Displays & Mixed Reality",2021,48,0.375,0.042,0.583,8.06
40,Real-time Groupware,"Collaboration, Displays & Mixed Reality",2022,64,0.375,0.188,0.438,14.0
40,Real-time Groupware,"Collaboration, Displays & Mixed Reality",2023,27,0.407,0.296,0.296,9.18
40,Real-time Groupware,"Collaboration, Displays & Mixed Reality",2024,65,0.354,0.154,0.492,12.52
40,Real-time Groupware,"Collaboration, Displays & Mixed Reality",2025,5,0.6,0.0,0.4,15.67
40,Real-time Groupware,"Collaboration, Displays & Mixed Reality",2026,12,0.25,0.167,0.583,23.0
41,Social VR & Presence,"Collaboration, Displays & Mixed Reality",1995,1,0.0,1.0,0.0,
41,Social VR & Presence,"Collaboration, Displays & Mixed Reality",2003,6,0.333,0.167,0.5,5.5
41,Social VR & Presence,"Collaboration, Displays & Mixed Reality",2007,2,0.0,0.0,1.0,
41,Social VR & Presence,"Collaboration, Displays & Mixed Reality",2008,1,0.0,0.0,1.0,
41,Social VR & Presence,"Collaboration, Displays & Mixed Reality",2009,4,0.0,0.0,1.0,
41,Social VR & Presence,"Collaboration, Displays & Mixed Reality",2010,11,0.091,0.455,0.455,1.0
41,Social VR & Presence,"Collaboration, Displays & Mixed Reality",2011,15,0.2,0.4,0.4,1.67
41,Social VR & Presence,"Collaboration, Displays & Mixed Reality",2012,7,0.286,0.286,0.429,1.0
41,Social VR & Presence,"Collaboration, Displays & Mixed Reality",2014,6,0.833,0.0,0.167,7.2
41,Social VR & Presence,"Collaboration, Displays & Mixed Reality",2015,11,0.364,0.0,0.636,5.25
41,Social VR & Presence,"Collaboration, Displays & Mixed Reality",2016,7,0.286,0.0,0.714,7.0
41,Social VR & Presence,"Collaboration, Displays & Mixed Reality",2017,27,0.556,0.0,0.444,5.47
41,Social VR & Presence,"Collaboration, Displays & Mixed Reality",2018,39,0.333,0.359,0.308,9.46
41,Social VR & Presence,"Collaboration, Displays & Mixed Reality",2019,98,0.306,0.071,0.622,5.43
41,Social VR & Presence,"Collaboration, Displays & Mixed Reality",2020,102,0.441,0.049,0.51,4.16
41,Social VR & Presence,"Collaboration, Displays & Mixed Reality",2021,244,0.336,0.152,0.512,4.12
41,Social VR & Presence,"Collaboration, Displays & Mixed Reality",2022,200,0.425,0.125,0.45,4.62
41,Social VR & Presence,"Collaboration, Displays & Mixed Reality",2023,362,0.541,0.05,0.409,4.21
41,Social VR & Presence,"Collaboration, Displays & Mixed Reality",2024,349,0.493,0.069,0.438,3.74
41,Social VR & Presence,"Collaboration, Displays & Mixed Reality",2025,778,0.521,0.107,0.373,4.36
41,Social VR & Presence,"Collaboration, Displays & Mixed Reality",2026,302,0.579,0.05,0.371,4.09
42,Mixed Reality Rooms & Video,"Collaboration, Displays & Mixed Reality",1996,2,0.0,1.0,0.0,
42,Mixed Reality Rooms & Video,"Collaboration, Displays & Mixed Reality",2006,1,1.0,0.0,0.0,2.0
42,Mixed Reality Rooms & Video,"Collaboration, Displays & Mixed Reality",2007,2,0.0,0.0,1.0,
42,Mixed Reality Rooms & Video,"Collaboration, Displays & Mixed Reality",2008,1,1.0,0.0,0.0,4.0
42,Mixed Reality Rooms & Video,"Collaboration, Displays & Mixed Reality",2009,5,0.2,0.4,0.4,3.0
42,Mixed Reality Rooms & Video,"Collaboration, Displays & Mixed Reality",2010,5,1.0,0.0,0.0,3.2
42,Mixed Reality Rooms & Video,"Collaboration, Displays & Mixed Reality",2011,2,0.0,0.5,0.5,
42,Mixed Reality Rooms & Video,"Collaboration, Displays & Mixed Reality",2012,17,0.118,0.471,0.412,3.5
42,Mixed Reality Rooms & Video,"Collaboration, Displays & Mixed Reality",2014,27,0.37,0.185,0.444,2.4
42,Mixed Reality Rooms & Video,"Collaboration, Displays & Mixed Reality",2015,14,0.429,0.071,0.5,2.33
42,Mixed Reality Rooms & Video,"Collaboration, Displays & Mixed Reality",2016,36,0.333,0.083,0.583,3.67
42,Mixed Reality Rooms & Video,"Collaboration, Displays & Mixed Reality",2017,121,0.331,0.149,0.521,3.35
42,Mixed Reality Rooms & Video,"Collaboration, Displays & Mixed Reality",2018,107,0.355,0.159,0.486,2.18
42,Mixed Reality Rooms & Video,"Collaboration, Displays & Mixed Reality",2019,215,0.395,0.144,0.46,2.58
42,Mixed Reality Rooms & Video,"Collaboration, Displays & Mixed Reality",2020,155,0.4,0.2,0.4,3.73
42,Mixed Reality Rooms & Video,"Collaboration, Displays & Mixed Reality",2021,137,0.431,0.241,0.328,3.22
42,Mixed Reality Rooms & Video,"Collaboration, Displays & Mixed Reality",2022,168,0.417,0.25,0.333,3.76
42,Mixed Reality Rooms & Video,"Collaboration, Displays & Mixed Reality",2023,156,0.346,0.25,0.404,4.59
42,Mixed Reality Rooms & Video,"Collaboration, Displays & Mixed Reality",2024,72,0.5,0.069,0.431,4.81
42,Mixed Reality Rooms & Video,"Collaboration, Displays & Mixed Reality",2025,275,0.287,0.131,0.582,5.77
42,Mixed Reality Rooms & Video,"Collaboration, Displays & Mixed Reality",2026,59,0.373,0.085,0.542,5.23
43,Live Streaming,"Collaboration, Displays & Mixed Reality",2006,2,0.0,0.0,1.0,
43,Live Streaming,"Collaboration, Displays & Mixed Reality",2007,9,0.111,0.0,0.889,1.0
43,Live Streaming,"Collaboration, Displays & Mixed Reality",2008,4,0.0,0.0,1.0,
43,Live Streaming,"Collaboration, Displays & Mixed Reality",2009,10,0.3,0.1,0.6,3.67
43,Live Streaming,"Collaboration, Displays & Mixed Reality",2011,19,0.421,0.0,0.579,3.12
43,Live Streaming,"Collaboration, Displays & Mixed Reality",2012,15,0.333,0.2,0.467,1.6
43,Live Streaming,"Collaboration, Displays & Mixed Reality",2013,9,0.444,0.0,0.556,1.5
43,Live Streaming,"Collaboration, Displays & Mixed Reality",2014,43,0.349,0.0,0.651,3.6
43,Live Streaming,"Collaboration, Displays & Mixed Reality",2015,57,0.298,0.14,0.561,3.88
43,Live Streaming,"Collaboration, Displays & Mixed Reality",2016,79,0.38,0.19,0.43,2.23
43,Live Streaming,"Collaboration, Displays & Mixed Reality",2017,107,0.505,0.093,0.402,3.0
43,Live Streaming,"Collaboration, Displays & Mixed Reality",2018,144,0.486,0.097,0.417,2.66
43,Live Streaming,"Collaboration, Displays & Mixed Reality",2019,203,0.596,0.054,0.35,2.48
43,Live Streaming,"Collaboration, Displays & Mixed Reality",2020,98,0.531,0.092,0.378,3.67
43,Live Streaming,"Collaboration, Displays & Mixed Reality",2021,332,0.509,0.066,0.425,3.83
43,Live Streaming,"Collaboration, Displays & Mixed Reality",2022,228,0.535,0.039,0.425,3.89
43,Live Streaming,"Collaboration, Displays & Mixed Reality",2023,236,0.492,0.072,0.436,4.43
43,Live Streaming,"Collaboration, Displays & Mixed Reality",2024,273,0.447,0.044,0.509,5.28
43,Live Streaming,"Collaboration, Displays & Mixed Reality",2025,326,0.417,0.239,0.344,5.28
43,Live Streaming,"Collaboration, Displays & Mixed Reality",2026,87,0.506,0.138,0.356,6.93
44,Meeting Capture & Reading,"Collaboration, Displays & Mixed Reality",1986,2,0.5,0.5,0.0,1.0
44,Meeting Capture & Reading,"Collaboration, Displays & Mixed Reality",1989,7,0.714,0.143,0.143,3.6
44,Meeting Capture & Reading,"Collaboration, Displays & Mixed Reality",1991,4,0.0,1.0,0.0,
44,Meeting Capture & Reading,"Collaboration, Displays & Mixed Reality",1992,25,0.52,0.44,0.04,2.69
44,Meeting Capture & Reading,"Collaboration, Displays & Mixed Reality",1993,9,0.444,0.111,0.444,1.0
44,Meeting Capture & Reading,"Collaboration, Displays & Mixed Reality",1994,13,0.615,0.308,0.077,3.62
44,Meeting Capture & Reading,"Collaboration, Displays & Mixed Reality",1995,9,0.778,0.0,0.222,3.57
44,Meeting Capture & Reading,"Collaboration, Displays & Mixed Reality",1996,23,0.435,0.391,0.174,3.6
44,Meeting Capture & Reading,"Collaboration, Displays & Mixed Reality",1997,29,0.552,0.138,0.31,3.75
44,Meeting Capture & Reading,"Collaboration, Displays & Mixed Reality",1998,25,0.6,0.2,0.2,3.33
44,Meeting Capture & Reading,"Collaboration, Displays & Mixed Reality",1999,19,0.842,0.0,0.158,4.56
44,Meeting Capture & Reading,"Collaboration, Displays & Mixed Reality",2000,51,0.471,0.098,0.431,4.5
44,Meeting Capture & Reading,"Collaboration, Displays & Mixed Reality",2001,72,0.514,0.25,0.236,4.11
44,Meeting Capture & Reading,"Collaboration, Displays & Mixed Reality",2002,25,0.4,0.16,0.44,4.9
44,Meeting Capture & Reading,"Collaboration, Displays & Mixed Reality",2003,14,0.5,0.143,0.357,5.43
44,Meeting Capture & Reading,"Collaboration, Displays & Mixed Reality",2004,40,0.7,0.075,0.225,6.86
44,Meeting Capture & Reading,"Collaboration, Displays & Mixed Reality",2005,18,0.556,0.056,0.389,6.6
44,Meeting Capture & Reading,"Collaboration, Displays & Mixed Reality",2006,35,0.8,0.0,0.2,6.54
44,Meeting Capture & Reading,"Collaboration, Displays & Mixed Reality",2007,13,0.769,0.0,0.231,7.3
44,Meeting Capture & Reading,"Collaboration, Displays & Mixed Reality",2008,28,0.464,0.071,0.464,6.54
44,Meeting Capture & Reading,"Collaboration, Displays & Mixed Reality",2009,8,0.625,0.25,0.125,6.4
44,Meeting Capture & Reading,"Collaboration, Displays & Mixed Reality",2010,19,0.632,0.158,0.211,8.92
44,Meeting Capture & Reading,"Collaboration, Displays & Mixed Reality",2011,9,0.556,0.111,0.333,12.0
44,Meeting Capture & Reading,"Collaboration, Displays & Mixed Reality",2012,40,0.6,0.2,0.2,8.54
44,Meeting Capture & Reading,"Collaboration, Displays & Mixed Reality",2013,6,0.5,0.0,0.5,9.33
44,Meeting Capture & Reading,"Collaboration, Displays & Mixed Reality",2014,15,0.133,0.333,0.533,21.5
44,Meeting Capture & Reading,"Collaboration, Displays & Mixed Reality",2015,28,0.536,0.036,0.429,9.2
44,Meeting Capture & Reading,"Collaboration, Displays & Mixed Reality",2016,30,0.433,0.233,0.333,17.23
44,Meeting Capture & Reading,"Collaboration, Displays & Mixed Reality",2017,55,0.345,0.164,0.491,13.37
44,Meeting Capture & Reading,"Collaboration, Displays & Mixed Reality",2018,14,0.429,0.286,0.286,18.17
44,Meeting Capture & Reading,"Collaboration, Displays & Mixed Reality",2019,42,0.286,0.262,0.452,9.0
44,Meeting Capture & Reading,"Collaboration, Displays & Mixed Reality",2020,21,0.238,0.143,0.619,15.0
44,Meeting Capture & Reading,"Collaboration, Displays & Mixed Reality",2021,45,0.267,0.2,0.533,15.67
44,Meeting Capture & Reading,"Collaboration, Displays & Mixed Reality",2022,7,0.429,0.0,0.571,6.0
44,Meeting Capture & Reading,"Collaboration, Displays & Mixed Reality",2023,19,0.211,0.105,0.684,11.5
44,Meeting Capture & Reading,"Collaboration, Displays & Mixed Reality",2024,23,0.435,0.043,0.522,15.0
44,Meeting Capture & Reading,"Collaboration, Displays & Mixed Reality",2025,56,0.232,0.054,0.714,14.69
45,Distributed Cognition & Emergency Coordination,"Collaboration, Displays & Mixed Reality",1986,1,1.0,0.0,0.0,3.0
45,Distributed Cognition & Emergency Coordination,"Collaboration, Displays & Mixed Reality",1988,1,1.0,0.0,0.0,5.0
45,Distributed Cognition & Emergency Coordination,"Collaboration, Displays & Mixed Reality",1989,3,0.667,0.0,0.333,1.0
45,Distributed Cognition & Emergency Coordination,"Collaboration, Displays & Mixed Reality",1990,2,1.0,0.0,0.0,1.0
45,Distributed Cognition & Emergency Coordination,"Collaboration, Displays & Mixed Reality",1991,3,0.333,0.333,0.333,8.0
45,Distributed Cognition & Emergency Coordination,"Collaboration, Displays & Mixed Reality",1992,3,0.667,0.333,0.0,4.0
45,Distributed Cognition & Emergency Coordination,"Collaboration, Displays & Mixed Reality",1993,1,1.0,0.0,0.0,5.0
45,Distributed Cognition & Emergency Coordination,"Collaboration, Displays & Mixed Reality",1995,1,1.0,0.0,0.0,7.0
45,Distributed Cognition & Emergency Coordination,"Collaboration, Displays & Mixed Reality",1997,4,0.75,0.25,0.0,5.67
45,Distributed Cognition & Emergency Coordination,"Collaboration, Displays & Mixed Reality",1998,1,1.0,0.0,0.0,1.0
45,Distributed Cognition & Emergency Coordination,"Collaboration, Displays & Mixed Reality",2000,4,0.0,0.5,0.5,
45,Distributed Cognition & Emergency Coordination,"Collaboration, Displays & Mixed Reality",2002,1,0.0,0.0,1.0,
45,Distributed Cognition & Emergency Coordination,"Collaboration, Displays & Mixed Reality",2003,1,1.0,0.0,0.0,1.0
45,Distributed Cognition & Emergency Coordination,"Collaboration, Displays & Mixed Reality",2004,8,0.375,0.125,0.5,1.33
45,Distributed Cognition & Emergency Coordination,"Collaboration, Displays & Mixed Reality",2005,2,1.0,0.0,0.0,2.5
45,Distributed Cognition & Emergency Coordination,"Collaboration, Displays & Mixed Reality",2006,18,0.333,0.222,0.444,2.67
45,Distributed Cognition & Emergency Coordination,"Collaboration, Displays & Mixed Reality",2007,12,0.833,0.167,0.0,3.4
45,Distributed Cognition & Emergency Coordination,"Collaboration, Displays & Mixed Reality",2008,15,0.533,0.267,0.2,4.25
45,Distributed Cognition & Emergency Coordination,"Collaboration, Displays & Mixed Reality",2009,17,0.471,0.059,0.471,3.88
45,Distributed Cognition & Emergency Coordination,"Collaboration, Displays & Mixed Reality",2010,6,0.667,0.167,0.167,3.75
45,Distributed Cognition & Emergency Coordination,"Collaboration, Displays & Mixed Reality",2011,23,0.783,0.0,0.217,4.61
45,Distributed Cognition & Emergency Coordination,"Collaboration, Displays & Mixed Reality",2012,35,0.571,0.086,0.343,5.15
45,Distributed Cognition & Emergency Coordination,"Collaboration, Displays & Mixed Reality",2013,10,0.6,0.2,0.2,5.5
45,Distributed Cognition & Emergency Coordination,"Collaboration, Displays & Mixed Reality",2014,15,0.6,0.133,0.267,7.56
45,Distributed Cognition & Emergency Coordination,"Collaboration, Displays & Mixed Reality",2015,27,0.444,0.222,0.333,5.67
45,Distributed Cognition & Emergency Coordination,"Collaboration, Displays & Mixed Reality",2016,31,0.452,0.097,0.452,7.0
45,Distributed Cognition & Emergency Coordination,"Collaboration, Displays & Mixed Reality",2017,8,0.375,0.375,0.25,12.67
45,Distributed Cognition & Emergency Coordination,"Collaboration, Displays & Mixed Reality",2018,31,0.226,0.323,0.452,9.29
45,Distributed Cognition & Emergency Coordination,"Collaboration, Displays & Mixed Reality",2019,2,0.5,0.5,0.0,19.0
45,Distributed Cognition & Emergency Coordination,"Collaboration, Displays & Mixed Reality",2020,20,0.3,0.35,0.35,10.67
45,Distributed Cognition & Emergency Coordination,"Collaboration, Displays & Mixed Reality",2021,46,0.37,0.109,0.522,9.82
45,Distributed Cognition & Emergency Coordination,"Collaboration, Displays & Mixed Reality",2022,63,0.286,0.19,0.524,12.39
45,Distributed Cognition & Emergency Coordination,"Collaboration, Displays & Mixed Reality",2023,12,0.5,0.083,0.417,6.5
45,Distributed Cognition & Emergency Coordination,"Collaboration, Displays & Mixed Reality",2024,12,0.417,0.083,0.5,14.6
45,Distributed Cognition & Emergency Coordination,"Collaboration, Displays & Mixed Reality",2025,5,0.2,0.0,0.8,25.0
45,Distributed Cognition & Emergency Coordination,"Collaboration, Displays & Mixed Reality",2026,38,0.447,0.105,0.447,12.18
46,Driver Distraction & Take-over,Automotive & Automated Driving,2004,1,0.0,0.0,1.0,
46,Driver Distraction & Take-over,Automotive & Automated Driving,2007,6,0.333,0.167,0.5,0.0
46,Driver Distraction & Take-over,Automotive & Automated Driving,2009,6,0.333,0.333,0.333,2.0
46,Driver Distraction & Take-over,Automotive & Automated Driving,2010,10,0.8,0.0,0.2,1.75
46,Driver Distraction & Take-over,Automotive & Automated Driving,2011,32,0.531,0.125,0.344,2.12
46,Driver Distraction & Take-over,Automotive & Automated Driving,2012,11,0.364,0.091,0.545,3.25
46,Driver Distraction & Take-over,Automotive & Automated Driving,2013,17,0.412,0.118,0.471,5.71
46,Driver Distraction & Take-over,Automotive & Automated Driving,2014,16,0.562,0.312,0.125,3.44
46,Driver Distraction & Take-over,Automotive & Automated Driving,2015,46,0.609,0.174,0.217,2.64
46,Driver Distraction & Take-over,Automotive & Automated Driving,2016,42,0.5,0.19,0.31,3.19
46,Driver Distraction & Take-over,Automotive & Automated Driving,2017,82,0.634,0.183,0.183,3.94
46,Driver Distraction & Take-over,Automotive & Automated Driving,2018,45,0.556,0.222,0.222,2.24
46,Driver Distraction & Take-over,Automotive & Automated Driving,2019,210,0.424,0.457,0.119,4.49
46,Driver Distraction & Take-over,Automotive & Automated Driving,2020,54,0.5,0.241,0.259,3.44
46,Driver Distraction & Take-over,Automotive & Automated Driving,2021,86,0.628,0.267,0.105,3.3
46,Driver Distraction & Take-over,Automotive & Automated Driving,2022,12,0.5,0.25,0.25,5.0
46,Driver Distraction & Take-over,Automotive & Automated Driving,2023,26,0.615,0.231,0.154,5.62
46,Driver Distraction & Take-over,Automotive & Automated Driving,2024,45,0.511,0.333,0.156,7.13
46,Driver Distraction & Take-over,Automotive & Automated Driving,2025,62,0.371,0.419,0.21,7.17
47,In-Car Interfaces,Automotive & Automated Driving,2008,4,0.0,0.0,1.0,
47,In-Car Interfaces,Automotive & Automated Driving,2009,8,0.125,0.125,0.75,4.0
47,In-Car Interfaces,Automotive & Automated Driving,2010,19,0.316,0.053,0.632,2.0
47,In-Car Interfaces,Automotive & Automated Driving,2011,16,0.125,0.25,0.625,2.0
47,In-Car Interfaces,Automotive & Automated Driving,2012,24,0.5,0.208,0.292,1.67
47,In-Car Interfaces,Automotive & Automated Driving,2013,45,0.4,0.133,0.467,2.56
47,In-Car Interfaces,Automotive & Automated Driving,2014,30,0.467,0.1,0.433,2.71
47,In-Car Interfaces,Automotive & Automated Driving,2015,26,0.423,0.154,0.423,2.36
47,In-Car Interfaces,Automotive & Automated Driving,2016,44,0.273,0.25,0.477,3.92
47,In-Car Interfaces,Automotive & Automated Driving,2017,75,0.573,0.107,0.32,4.4
47,In-Car Interfaces,Automotive & Automated Driving,2018,54,0.481,0.037,0.481,3.81
47,In-Car Interfaces,Automotive & Automated Driving,2019,22,0.409,0.273,0.318,4.0
47,In-Car Interfaces,Automotive & Automated Driving,2020,98,0.357,0.133,0.51,5.14
47,In-Car Interfaces,Automotive & Automated Driving,2021,87,0.414,0.207,0.379,5.06
47,In-Car Interfaces,Automotive & Automated Driving,2022,182,0.407,0.379,0.214,6.24
47,In-Car Interfaces,Automotive & Automated Driving,2023,104,0.558,0.202,0.24,5.12
47,In-Car Interfaces,Automotive & Automated Driving,2024,69,0.493,0.145,0.362,8.12
47,In-Car Interfaces,Automotive & Automated Driving,2025,134,0.418,0.254,0.328,7.25
48,Automated Driving,Automotive & Automated Driving,2015,3,0.0,1.0,0.0,
48,Automated Driving,Automotive & Automated Driving,2016,20,0.2,0.55,0.25,1.0
48,Automated Driving,Automotive & Automated Driving,2017,42,0.405,0.357,0.238,1.35
48,Automated Driving,Automotive & Automated Driving,2018,29,0.483,0.345,0.172,2.5
48,Automated Driving,Automotive & Automated Driving,2019,57,0.386,0.281,0.333,2.41
48,Automated Driving,Automotive & Automated Driving,2020,106,0.481,0.377,0.142,2.45
48,Automated Driving,Automotive & Automated Driving,2021,167,0.557,0.287,0.156,3.27
48,Automated Driving,Automotive & Automated Driving,2022,69,0.507,0.377,0.116,2.86
48,Automated Driving,Automotive & Automated Driving,2023,177,0.548,0.232,0.22,3.45
48,Automated Driving,Automotive & Automated Driving,2024,100,0.46,0.28,0.26,3.72
48,Automated Driving,Automotive & Automated Driving,2025,142,0.486,0.282,0.232,4.94
48,Automated Driving,Automotive & Automated Driving,2026,30,0.7,0.2,0.1,4.14
49,Car Navigation & Driver UIs,Automotive & Automated Driving,2001,2,1.0,0.0,0.0,1.0
49,Car Navigation & Driver UIs,Automotive & Automated Driving,2006,3,0.0,0.667,0.333,
49,Car Navigation & Driver UIs,Automotive & Automated Driving,2008,7,0.143,0.0,0.857,2.0
49,Car Navigation & Driver UIs,Automotive & Automated Driving,2009,6,0.5,0.0,0.5,10.33
49,Car Navigation & Driver UIs,Automotive & Automated Driving,2010,15,0.6,0.133,0.267,3.44
49,Car Navigation & Driver UIs,Automotive & Automated Driving,2011,19,0.737,0.158,0.105,1.86
49,Car Navigation & Driver UIs,Automotive & Automated Driving,2012,48,0.646,0.125,0.229,2.35
49,Car Navigation & Driver UIs,Automotive & Automated Driving,2013,59,0.475,0.102,0.424,2.82
49,Car Navigation & Driver UIs,Automotive & Automated Driving,2014,63,0.46,0.111,0.429,3.93
49,Car Navigation & Driver UIs,Automotive & Automated Driving,2015,30,0.633,0.1,0.267,3.32
49,Car Navigation & Driver UIs,Automotive & Automated Driving,2016,37,0.595,0.189,0.216,4.32
49,Car Navigation & Driver UIs,Automotive & Automated Driving,2017,82,0.5,0.159,0.341,4.54
49,Car Navigation & Driver UIs,Automotive & Automated Driving,2018,48,0.417,0.146,0.438,4.5
49,Car Navigation & Driver UIs,Automotive & Automated Driving,2019,38,0.474,0.158,0.368,5.33
49,Car Navigation & Driver UIs,Automotive & Automated Driving,2020,1,1.0,0.0,0.0,6.0
49,Car Navigation & Driver UIs,Automotive & Automated Driving,2021,31,0.516,0.226,0.258,6.62
49,Car Navigation & Driver UIs,Automotive & Automated Driving,2023,5,0.2,0.2,0.6,6.0
49,Car Navigation & Driver UIs,Automotive & Automated Driving,2024,20,0.25,0.3,0.45,10.8
49,Car Navigation & Driver UIs,Automotive & Automated Driving,2025,22,0.591,0.364,0.045,8.77
49,Car Navigation & Driver UIs,Automotive & Automated Driving,2026,11,0.273,0.182,0.545,12.0
50,Autonomous Vehicles & Pedestrians,Automotive & Automated Driving,1991,5,0.0,0.0,1.0,
50,Autonomous Vehicles & Pedestrians,Automotive & Automated Driving,1992,6,0.833,0.0,0.167,0.8
50,Autonomous Vehicles & Pedestrians,Automotive & Automated Driving,2000,2,0.0,0.0,1.0,
50,Autonomous Vehicles & Pedestrians,Automotive & Automated Driving,2001,2,0.0,0.0,1.0,
50,Autonomous Vehicles & Pedestrians,Automotive & Automated Driving,2002,2,1.0,0.0,0.0,1.5
50,Autonomous Vehicles & Pedestrians,Automotive & Automated Driving,2003,4,0.75,0.0,0.25,0.67
50,Autonomous Vehicles & Pedestrians,Automotive & Automated Driving,2004,8,0.5,0.0,0.5,2.25
50,Autonomous Vehicles & Pedestrians,Automotive & Automated Driving,2005,11,0.273,0.0,0.727,1.67
50,Autonomous Vehicles & Pedestrians,Automotive & Automated Driving,2006,5,0.6,0.0,0.4,5.0
50,Autonomous Vehicles & Pedestrians,Automotive & Automated Driving,2007,6,0.833,0.0,0.167,4.2
50,Autonomous Vehicles & Pedestrians,Automotive & Automated Driving,2008,1,1.0,0.0,0.0,4.0
50,Autonomous Vehicles & Pedestrians,Automotive & Automated Driving,2009,2,0.5,0.5,0.0,9.0
50,Autonomous Vehicles & Pedestrians,Automotive & Automated Driving,2010,7,0.143,0.0,0.857,6.0
50,Autonomous Vehicles & Pedestrians,Automotive & Automated Driving,2011,33,0.333,0.212,0.455,4.55
50,Autonomous Vehicles & Pedestrians,Automotive & Automated Driving,2012,28,0.429,0.179,0.393,2.42
50,Autonomous Vehicles & Pedestrians,Automotive & Automated Driving,2013,34,0.559,0.294,0.147,3.89
50,Autonomous Vehicles & Pedestrians,Automotive & Automated Driving,2014,38,0.605,0.184,0.211,3.65
50,Autonomous Vehicles & Pedestrians,Automotive & Automated Driving,2015,41,0.463,0.146,0.39,3.11
50,Autonomous Vehicles & Pedestrians,Automotive & Automated Driving,2016,27,0.444,0.074,0.481,5.08
50,Autonomous Vehicles & Pedestrians,Automotive & Automated Driving,2017,66,0.348,0.03,0.621,5.04
50,Autonomous Vehicles & Pedestrians,Automotive & Automated Driving,2018,147,0.483,0.224,0.293,3.65
50,Autonomous Vehicles & Pedestrians,Automotive & Automated Driving,2019,122,0.59,0.197,0.213,3.44
50,Autonomous Vehicles & Pedestrians,Automotive & Automated Driving,2020,290,0.659,0.107,0.234,3.03
50,Autonomous Vehicles & Pedestrians,Automotive & Automated Driving,2021,346,0.676,0.107,0.217,2.36
50,Autonomous Vehicles & Pedestrians,Automotive & Automated Driving,2022,244,0.553,0.184,0.262,3.49
50,Autonomous Vehicles & Pedestrians,Automotive & Automated Driving,2023,372,0.659,0.118,0.223,3.44
50,Autonomous Vehicles & Pedestrians,Automotive & Automated Driving,2024,711,0.56,0.191,0.249,4.15
50,Autonomous Vehicles & Pedestrians,Automotive & Automated Driving,2025,435,0.648,0.076,0.276,4.44
50,Autonomous Vehicles & Pedestrians,Automotive & Automated Driving,2026,252,0.532,0.079,0.389,4.42
51,Cognitive Modeling & Mixed Small Topics,Mixed Small Communities,1982,3,1.0,0.0,0.0,0.0
51,Cognitive Modeling & Mixed Small Topics,Mixed Small Communities,1983,8,0.75,0.0,0.25,1.0
51,Cognitive Modeling & Mixed Small Topics,Mixed Small Communities,1985,2,1.0,0.0,0.0,2.0
51,Cognitive Modeling & Mixed Small Topics,Mixed Small Communities,1986,18,0.944,0.0,0.056,2.12
51,Cognitive Modeling & Mixed Small Topics,Mixed Small Communities,1988,3,1.0,0.0,0.0,3.0
51,Cognitive Modeling & Mixed Small Topics,Mixed Small Communities,1989,8,1.0,0.0,0.0,2.75
51,Cognitive Modeling & Mixed Small Topics,Mixed Small Communities,1990,8,0.75,0.0,0.25,2.5
51,Cognitive Modeling & Mixed Small Topics,Mixed Small Communities,1991,6,0.5,0.0,0.5,6.0
51,Cognitive Modeling & Mixed Small Topics,Mixed Small Communities,1992,9,0.889,0.0,0.111,1.75
51,Cognitive Modeling & Mixed Small Topics,Mixed Small Communities,1993,1,1.0,0.0,0.0,4.0
51,Cognitive Modeling & Mixed Small Topics,Mixed Small Communities,1994,12,0.583,0.0,0.417,4.29
51,Cognitive Modeling & Mixed Small Topics,Mixed Small Communities,1995,24,0.583,0.0,0.417,5.36
51,Cognitive Modeling & Mixed Small Topics,Mixed Small Communities,1996,23,0.957,0.0,0.043,4.05
51,Cognitive Modeling & Mixed Small Topics,Mixed Small Communities,1997,21,0.857,0.0,0.143,3.94
51,Cognitive Modeling & Mixed Small Topics,Mixed Small Communities,1998,8,0.75,0.0,0.25,2.33
51,Cognitive Modeling & Mixed Small Topics,Mixed Small Communities,1999,20,0.55,0.0,0.45,4.36
51,Cognitive Modeling & Mixed Small Topics,Mixed Small Communities,2000,18,0.889,0.0,0.111,3.81
51,Cognitive Modeling & Mixed Small Topics,Mixed Small Communities,2001,12,0.75,0.0,0.25,3.78
51,Cognitive Modeling & Mixed Small Topics,Mixed Small Communities,2002,21,0.952,0.0,0.048,5.75
51,Cognitive Modeling & Mixed Small Topics,Mixed Small Communities,2003,18,0.778,0.0,0.222,3.36
51,Cognitive Modeling & Mixed Small Topics,Mixed Small Communities,2004,27,0.852,0.0,0.148,4.57
51,Cognitive Modeling & Mixed Small Topics,Mixed Small Communities,2005,10,1.0,0.0,0.0,3.5
51,Cognitive Modeling & Mixed Small Topics,Mixed Small Communities,2006,13,0.923,0.0,0.077,4.92
51,Cognitive Modeling & Mixed Small Topics,Mixed Small Communities,2007,13,0.923,0.0,0.077,5.5
51,Cognitive Modeling & Mixed Small Topics,Mixed Small Communities,2008,16,0.812,0.0,0.188,9.31
51,Cognitive Modeling & Mixed Small Topics,Mixed Small Communities,2009,46,0.5,0.0,0.5,6.48
51,Cognitive Modeling & Mixed Small Topics,Mixed Small Communities,2010,23,0.783,0.0,0.217,3.56
51,Cognitive Modeling & Mixed Small Topics,Mixed Small Communities,2011,25,0.52,0.0,0.48,1.85
51,Cognitive Modeling & Mixed Small Topics,Mixed Small Communities,2012,31,0.677,0.0,0.323,4.43
51,Cognitive Modeling & Mixed Small Topics,Mixed Small Communities,2013,44,0.568,0.0,0.432,4.0
51,Cognitive Modeling & Mixed Small Topics,Mixed Small Communities,2014,48,0.604,0.0,0.396,4.17
51,Cognitive Modeling & Mixed Small Topics,Mixed Small Communities,2015,34,0.765,0.0,0.235,6.08
51,Cognitive Modeling & Mixed Small Topics,Mixed Small Communities,2016,48,0.812,0.0,0.188,4.67
51,Cognitive Modeling & Mixed Small Topics,Mixed Small Communities,2017,25,0.88,0.0,0.12,4.36
51,Cognitive Modeling & Mixed Small Topics,Mixed Small Communities,2018,27,0.926,0.0,0.074,4.0
51,Cognitive Modeling & Mixed Small Topics,Mixed Small Communities,2019,45,0.8,0.0,0.2,4.72
51,Cognitive Modeling & Mixed Small Topics,Mixed Small Communities,2020,34,0.912,0.0,0.088,6.16
51,Cognitive Modeling & Mixed Small Topics,Mixed Small Communities,2021,75,0.707,0.0,0.293,7.3
51,Cognitive Modeling & Mixed Small Topics,Mixed Small Communities,2022,32,0.812,0.0,0.188,7.0
51,Cognitive Modeling & Mixed Small Topics,Mixed Small Communities,2023,22,0.818,0.0,0.182,8.89
51,Cognitive Modeling & Mixed Small Topics,Mixed Small Communities,2024,39,0.641,0.0,0.359,5.92
51,Cognitive Modeling & Mixed Small Topics,Mixed Small Communities,2025,39,0.897,0.0,0.103,5.77
51,Cognitive Modeling & Mixed Small Topics,Mixed Small Communities,2026,50,0.88,0.0,0.12,7.0
52,Non-visual Navigation,Accessibility & Assistive Tech,2007,1,0.0,0.0,1.0,
52,Non-visual Navigation,Accessibility & Assistive Tech,2009,1,0.0,0.0,1.0,
52,Non-visual Navigation,Accessibility & Assistive Tech,2011,4,0.5,0.25,0.25,3.0
52,Non-visual Navigation,Accessibility & Assistive Tech,2012,10,0.2,0.6,0.2,5.0
52,Non-visual Navigation,Accessibility & Assistive Tech,2013,10,0.2,0.4,0.4,3.5
52,Non-visual Navigation,Accessibility & Assistive Tech,2014,21,0.143,0.143,0.714,3.67
52,Non-visual Navigation,Accessibility & Assistive Tech,2015,15,0.533,0.333,0.133,3.75
52,Non-visual Navigation,Accessibility & Assistive Tech,2016,52,0.288,0.288,0.423,3.6
52,Non-visual Navigation,Accessibility & Assistive Tech,2017,18,0.667,0.333,0.0,2.25
52,Non-visual Navigation,Accessibility & Assistive Tech,2018,107,0.299,0.178,0.523,3.91
52,Non-visual Navigation,Accessibility & Assistive Tech,2019,80,0.375,0.163,0.463,3.23
52,Non-visual Navigation,Accessibility & Assistive Tech,2020,84,0.44,0.214,0.345,3.78
52,Non-visual Navigation,Accessibility & Assistive Tech,2021,120,0.433,0.258,0.308,4.08
52,Non-visual Navigation,Accessibility & Assistive Tech,2022,150,0.393,0.207,0.4,4.29
52,Non-visual Navigation,Accessibility & Assistive Tech,2023,171,0.368,0.275,0.357,4.48
52,Non-visual Navigation,Accessibility & Assistive Tech,2024,206,0.519,0.262,0.218,4.87
52,Non-visual Navigation,Accessibility & Assistive Tech,2025,288,0.413,0.253,0.333,4.68
52,Non-visual Navigation,Accessibility & Assistive Tech,2026,146,0.404,0.295,0.301,4.92
53,Accessibility Research Practice,Accessibility & Assistive Tech,1995,2,0.0,0.5,0.5,
53,Accessibility Research Practice,Accessibility & Assistive Tech,2004,6,0.0,0.167,0.833,
53,Accessibility Research Practice,Accessibility & Assistive Tech,2007,1,0.0,0.0,1.0,
53,Accessibility Research Practice,Accessibility & Assistive Tech,2008,9,0.0,0.333,0.667,
53,Accessibility Research Practice,Accessibility & Assistive Tech,2009,1,0.0,0.0,1.0,
53,Accessibility Research Practice,Accessibility & Assistive Tech,2010,3,0.0,0.0,1.0,
53,Accessibility Research Practice,Accessibility & Assistive Tech,2011,16,0.125,0.062,0.812,3.5
53,Accessibility Research Practice,Accessibility & Assistive Tech,2013,6,0.167,0.167,0.667,9.0
53,Accessibility Research Practice,Accessibility & Assistive Tech,2014,1,1.0,0.0,0.0,6.0
53,Accessibility Research Practice,Accessibility & Assistive Tech,2015,21,0.19,0.19,0.619,11.25
53,Accessibility Research Practice,Accessibility & Assistive Tech,2016,2,0.0,0.0,1.0,
53,Accessibility Research Practice,Accessibility & Assistive Tech,2017,38,0.237,0.211,0.553,8.89
53,Accessibility Research Practice,Accessibility & Assistive Tech,2018,129,0.178,0.194,0.628,2.96
53,Accessibility Research Practice,Accessibility & Assistive Tech,2019,161,0.23,0.149,0.621,3.49
53,Accessibility Research Practice,Accessibility & Assistive Tech,2020,181,0.232,0.265,0.503,3.21
53,Accessibility Research Practice,Accessibility & Assistive Tech,2021,304,0.227,0.207,0.566,3.28
53,Accessibility Research Practice,Accessibility & Assistive Tech,2022,236,0.364,0.195,0.441,4.13
53,Accessibility Research Practice,Accessibility & Assistive Tech,2023,286,0.381,0.189,0.43,3.39
53,Accessibility Research Practice,Accessibility & Assistive Tech,2024,274,0.438,0.131,0.431,4.15
53,Accessibility Research Practice,Accessibility & Assistive Tech,2025,278,0.399,0.108,0.493,5.26
53,Accessibility Research Practice,Accessibility & Assistive Tech,2026,345,0.339,0.229,0.432,4.29
54,Visual Accessibility,Accessibility & Assistive Tech,2005,1,0.0,0.0,1.0,
54,Visual Accessibility,Accessibility & Assistive Tech,2007,1,1.0,0.0,0.0,1.0
54,Visual Accessibility,Accessibility & Assistive Tech,2010,2,0.0,0.5,0.5,
54,Visual Accessibility,Accessibility & Assistive Tech,2013,29,0.172,0.103,0.724,3.4
54,Visual Accessibility,Accessibility & Assistive Tech,2014,7,0.571,0.0,0.429,2.5
54,Visual Accessibility,Accessibility & Assistive Tech,2015,33,0.303,0.212,0.485,2.7
54,Visual Accessibility,Accessibility & Assistive Tech,2016,24,0.5,0.042,0.458,3.58
54,Visual Accessibility,Accessibility & Assistive Tech,2017,75,0.413,0.053,0.533,3.19
54,Visual Accessibility,Accessibility & Assistive Tech,2018,56,0.696,0.089,0.214,3.46
54,Visual Accessibility,Accessibility & Assistive Tech,2019,61,0.393,0.295,0.311,3.67
54,Visual Accessibility,Accessibility & Assistive Tech,2020,77,0.429,0.091,0.481,3.91
54,Visual Accessibility,Accessibility & Assistive Tech,2021,130,0.423,0.115,0.462,4.15
54,Visual Accessibility,Accessibility & Assistive Tech,2022,230,0.483,0.157,0.361,4.58
54,Visual Accessibility,Accessibility & Assistive Tech,2023,198,0.439,0.136,0.424,3.89
54,Visual Accessibility,Accessibility & Assistive Tech,2024,317,0.467,0.17,0.363,4.72
54,Visual Accessibility,Accessibility & Assistive Tech,2025,387,0.357,0.186,0.457,4.3
54,Visual Accessibility,Accessibility & Assistive Tech,2026,143,0.336,0.182,0.483,4.48
55,Disability Studies in HCI,Accessibility & Assistive Tech,1992,2,1.0,0.0,0.0,5.0
55,Disability Studies in HCI,Accessibility & Assistive Tech,1994,4,1.0,0.0,0.0,3.0
55,Disability Studies in HCI,Accessibility & Assistive Tech,1996,4,0.75,0.0,0.25,2.67
55,Disability Studies in HCI,Accessibility & Assistive Tech,2003,4,0.25,0.0,0.75,3.0
55,Disability Studies in HCI,Accessibility & Assistive Tech,2004,1,1.0,0.0,0.0,18.0
55,Disability Studies in HCI,Accessibility & Assistive Tech,2005,6,0.5,0.0,0.5,1.67
55,Disability Studies in HCI,Accessibility & Assistive Tech,2006,6,0.167,0.0,0.833,2.0
55,Disability Studies in HCI,Accessibility & Assistive Tech,2007,4,0.5,0.0,0.5,7.5
55,Disability Studies in HCI,Accessibility & Assistive Tech,2008,10,0.3,0.0,0.7,6.33
55,Disability Studies in HCI,Accessibility & Assistive Tech,2009,7,0.429,0.0,0.571,7.67
55,Disability Studies in HCI,Accessibility & Assistive Tech,2010,6,0.333,0.0,0.667,3.5
55,Disability Studies in HCI,Accessibility & Assistive Tech,2011,26,0.231,0.077,0.692,3.83
55,Disability Studies in HCI,Accessibility & Assistive Tech,2012,17,0.529,0.0,0.471,3.33
55,Disability Studies in HCI,Accessibility & Assistive Tech,2013,32,0.312,0.0,0.688,4.8
55,Disability Studies in HCI,Accessibility & Assistive Tech,2014,35,0.4,0.0,0.6,3.64
55,Disability Studies in HCI,Accessibility & Assistive Tech,2015,76,0.447,0.013,0.539,3.68
55,Disability Studies in HCI,Accessibility & Assistive Tech,2016,91,0.44,0.077,0.484,4.25
55,Disability Studies in HCI,Accessibility & Assistive Tech,2017,204,0.387,0.078,0.534,2.89
55,Disability Studies in HCI,Accessibility & Assistive Tech,2018,211,0.427,0.142,0.431,5.2
55,Disability Studies in HCI,Accessibility & Assistive Tech,2019,271,0.406,0.137,0.458,3.83
55,Disability Studies in HCI,Accessibility & Assistive Tech,2020,246,0.455,0.089,0.455,3.64
55,Disability Studies in HCI,Accessibility & Assistive Tech,2021,282,0.447,0.152,0.401,4.52
55,Disability Studies in HCI,Accessibility & Assistive Tech,2022,329,0.453,0.125,0.422,5.15
55,Disability Studies in HCI,Accessibility & Assistive Tech,2023,335,0.49,0.152,0.358,5.21
55,Disability Studies in HCI,Accessibility & Assistive Tech,2024,569,0.408,0.137,0.455,5.44
55,Disability Studies in HCI,Accessibility & Assistive Tech,2025,926,0.485,0.137,0.378,5.61
55,Disability Studies in HCI,Accessibility & Assistive Tech,2026,592,0.439,0.135,0.426,4.64
56,Esports & Player Communities,Games & Play,2004,17,0.0,0.0,1.0,
56,Esports & Player Communities,Games & Play,2006,11,0.545,0.0,0.455,2.0
56,Esports & Player Communities,Games & Play,2007,9,0.333,0.0,0.667,1.67
56,Esports & Player Communities,Games & Play,2008,22,0.5,0.0,0.5,2.73
56,Esports & Player Communities,Games & Play,2010,26,0.346,0.0,0.654,4.0
56,Esports & Player Communities,Games & Play,2011,16,0.562,0.125,0.312,3.89
56,Esports & Player Communities,Games & Play,2012,68,0.456,0.015,0.529,4.65
56,Esports & Player Communities,Games & Play,2013,8,1.0,0.0,0.0,3.38
56,Esports & Player Communities,Games & Play,2014,36,0.611,0.111,0.278,5.91
56,Esports & Player Communities,Games & Play,2015,22,0.455,0.318,0.227,2.3
56,Esports & Player Communities,Games & Play,2016,100,0.48,0.12,0.4,4.71
56,Esports & Player Communities,Games & Play,2017,38,0.5,0.053,0.447,4.05
56,Esports & Player Communities,Games & Play,2018,107,0.43,0.159,0.411,5.0
56,Esports & Player Communities,Games & Play,2019,40,0.575,0.05,0.375,5.39
56,Esports & Player Communities,Games & Play,2020,116,0.414,0.078,0.509,5.48
56,Esports & Player Communities,Games & Play,2021,207,0.459,0.116,0.425,5.8
56,Esports & Player Communities,Games & Play,2022,102,0.441,0.049,0.51,5.71
56,Esports & Player Communities,Games & Play,2023,61,0.607,0.18,0.213,5.19
56,Esports & Player Communities,Games & Play,2024,251,0.562,0.116,0.323,6.02
56,Esports & Player Communities,Games & Play,2025,94,0.628,0.117,0.255,6.03
56,Esports & Player Communities,Games & Play,2026,208,0.495,0.135,0.37,5.26
57,Player Experience & Immersion,Games & Play,2004,1,0.0,0.0,1.0,
57,Player Experience & Immersion,Games & Play,2006,2,0.0,0.5,0.5,
57,Player Experience & Immersion,Games & Play,2007,3,0.0,0.333,0.667,
57,Player Experience & Immersion,Games & Play,2008,1,1.0,0.0,0.0,2.0
57,Player Experience & Immersion,Games & Play,2011,1,0.0,0.0,1.0,
57,Player Experience & Immersion,Games & Play,2012,5,0.4,0.0,0.6,5.0
57,Player Experience & Immersion,Games & Play,2013,15,0.2,0.333,0.467,3.0
57,Player Experience & Immersion,Games & Play,2014,35,0.171,0.429,0.4,1.67
57,Player Experience & Immersion,Games & Play,2015,22,0.364,0.318,0.318,5.38
57,Player Experience & Immersion,Games & Play,2016,73,0.342,0.301,0.356,2.08
57,Player Experience & Immersion,Games & Play,2017,36,0.389,0.389,0.222,2.86
57,Player Experience & Immersion,Games & Play,2018,52,0.442,0.154,0.404,3.43
57,Player Experience & Immersion,Games & Play,2019,45,0.467,0.133,0.4,4.48
57,Player Experience & Immersion,Games & Play,2020,162,0.401,0.383,0.216,4.34
57,Player Experience & Immersion,Games & Play,2021,130,0.385,0.285,0.331,3.56
57,Player Experience & Immersion,Games & Play,2022,37,0.459,0.324,0.216,3.88
57,Player Experience & Immersion,Games & Play,2023,175,0.171,0.103,0.726,6.5
57,Player Experience & Immersion,Games & Play,2024,240,0.379,0.308,0.312,6.16
57,Player Experience & Immersion,Games & Play,2025,35,0.543,0.229,0.229,5.95
57,Player Experience & Immersion,Games & Play,2026,13,0.462,0.154,0.385,5.33
58,Gamification & Engagement,Games & Play,1982,1,0.0,0.0,1.0,
58,Gamification & Engagement,Games & Play,1986,2,1.0,0.0,0.0,0.5
58,Gamification & Engagement,Games & Play,1989,1,1.0,0.0,0.0,3.0
58,Gamification & Engagement,Games & Play,1991,3,0.333,0.0,0.667,2.0
58,Gamification & Engagement,Games & Play,2000,7,0.143,0.0,0.857,15.0
58,Gamification & Engagement,Games & Play,2004,11,0.182,0.0,0.818,4.0
58,Gamification & Engagement,Games & Play,2005,5,0.6,0.0,0.4,2.0
58,Gamification & Engagement,Games & Play,2006,9,0.778,0.0,0.222,2.86
58,Gamification & Engagement,Games & Play,2007,16,0.438,0.0,0.562,6.29
58,Gamification & Engagement,Games & Play,2008,24,0.292,0.0,0.708,3.71
58,Gamification & Engagement,Games & Play,2009,21,0.571,0.0,0.429,4.75
58,Gamification & Engagement,Games & Play,2010,18,0.611,0.0,0.389,8.55
58,Gamification & Engagement,Games & Play,2011,42,0.476,0.024,0.5,4.55
58,Gamification & Engagement,Games & Play,2012,40,0.45,0.05,0.5,4.89
58,Gamification & Engagement,Games & Play,2013,63,0.556,0.048,0.397,4.57
58,Gamification & Engagement,Games & Play,2014,123,0.472,0.049,0.48,3.64
58,Gamification & Engagement,Games & Play,2015,133,0.609,0.098,0.293,3.84
58,Gamification & Engagement,Games & Play,2016,173,0.451,0.04,0.509,3.04
58,Gamification & Engagement,Games & Play,2017,265,0.483,0.109,0.408,3.73
58,Gamification & Engagement,Games & Play,2018,275,0.433,0.095,0.473,3.71
58,Gamification & Engagement,Games & Play,2019,289,0.522,0.128,0.349,4.15
58,Gamification & Engagement,Games & Play,2020,422,0.519,0.118,0.363,4.23
58,Gamification & Engagement,Games & Play,2021,380,0.518,0.111,0.371,4.14
58,Gamification & Engagement,Games & Play,2022,432,0.47,0.141,0.389,4.38
58,Gamification & Engagement,Games & Play,2023,495,0.412,0.059,0.529,5.61
58,Gamification & Engagement,Games & Play,2024,674,0.491,0.076,0.433,5.2
58,Gamification & Engagement,Games & Play,2025,394,0.485,0.107,0.409,5.7
58,Gamification & Engagement,Games & Play,2026,452,0.524,0.046,0.429,5.89
59,Social Robots in the Field,"Robots, Agents & Human-AI Interaction",1996,1,0.0,1.0,0.0,
59,Social Robots in the Field,"Robots, Agents & Human-AI Interaction",2002,10,0.0,0.5,0.5,
59,Social Robots in the Field,"Robots, Agents & Human-AI Interaction",2003,9,0.111,0.222,0.667,7.0
59,Social Robots in the Field,"Robots, Agents & Human-AI Interaction",2004,1,1.0,0.0,0.0,2.0
59,Social Robots in the Field,"Robots, Agents & Human-AI Interaction",2005,4,0.0,0.0,1.0,
59,Social Robots in the Field,"Robots, Agents & Human-AI Interaction",2006,21,0.333,0.143,0.524,3.71
59,Social Robots in the Field,"Robots, Agents & Human-AI Interaction",2007,65,0.862,0.0,0.138,1.38
59,Social Robots in the Field,"Robots, Agents & Human-AI Interaction",2008,114,0.772,0.035,0.193,1.97
59,Social Robots in the Field,"Robots, Agents & Human-AI Interaction",2009,176,0.807,0.045,0.148,2.06
59,Social Robots in the Field,"Robots, Agents & Human-AI Interaction",2010,49,0.714,0.061,0.224,3.03
59,Social Robots in the Field,"Robots, Agents & Human-AI Interaction",2011,122,0.869,0.057,0.074,3.1
59,Social Robots in the Field,"Robots, Agents & Human-AI Interaction",2012,188,0.702,0.085,0.213,3.61
59,Social Robots in the Field,"Robots, Agents & Human-AI Interaction",2013,150,0.867,0.02,0.113,3.58
59,Social Robots in the Field,"Robots, Agents & Human-AI Interaction",2014,183,0.852,0.038,0.109,4.47
59,Social Robots in the Field,"Robots, Agents & Human-AI Interaction",2015,178,0.747,0.073,0.18,4.44
59,Social Robots in the Field,"Robots, Agents & Human-AI Interaction",2016,221,0.765,0.072,0.163,4.18
59,Social Robots in the Field,"Robots, Agents & Human-AI Interaction",2017,334,0.653,0.078,0.269,5.34
59,Social Robots in the Field,"Robots, Agents & Human-AI Interaction",2018,306,0.775,0.029,0.196,5.41
59,Social Robots in the Field,"Robots, Agents & Human-AI Interaction",2019,759,0.734,0.062,0.204,4.52
59,Social Robots in the Field,"Robots, Agents & Human-AI Interaction",2020,540,0.763,0.063,0.174,6.03
59,Social Robots in the Field,"Robots, Agents & Human-AI Interaction",2021,778,0.649,0.062,0.289,5.92
59,Social Robots in the Field,"Robots, Agents & Human-AI Interaction",2022,1127,0.698,0.074,0.228,6.23
59,Social Robots in the Field,"Robots, Agents & Human-AI Interaction",2023,724,0.653,0.059,0.287,6.37
59,Social Robots in the Field,"Robots, Agents & Human-AI Interaction",2024,1424,0.664,0.072,0.265,6.15
59,Social Robots in the Field,"Robots, Agents & Human-AI Interaction",2025,858,0.499,0.125,0.376,5.76
59,Social Robots in the Field,"Robots, Agents & Human-AI Interaction",2026,1291,0.633,0.074,0.293,6.38
60,Generative AI & Writing,"Robots, Agents & Human-AI Interaction",1997,6,0.0,0.167,0.833,
60,Generative AI & Writing,"Robots, Agents & Human-AI Interaction",1999,3,0.0,0.0,1.0,
60,Generative AI & Writing,"Robots, Agents & Human-AI Interaction",2000,17,0.059,0.118,0.824,5.0
60,Generative AI & Writing,"Robots, Agents & Human-AI Interaction",2001,2,0.5,0.0,0.5,2.0
60,Generative AI & Writing,"Robots, Agents & Human-AI Interaction",2002,9,0.444,0.222,0.333,2.25
60,Generative AI & Writing,"Robots, Agents & Human-AI Interaction",2004,6,0.167,0.333,0.5,5.0
60,Generative AI & Writing,"Robots, Agents & Human-AI Interaction",2005,17,0.471,0.0,0.529,4.62
60,Generative AI & Writing,"Robots, Agents & Human-AI Interaction",2006,3,0.333,0.333,0.333,6.0
60,Generative AI & Writing,"Robots, Agents & Human-AI Interaction",2007,30,0.367,0.067,0.567,4.27
60,Generative AI & Writing,"Robots, Agents & Human-AI Interaction",2008,26,0.0,0.269,0.731,
60,Generative AI & Writing,"Robots, Agents & Human-AI Interaction",2009,27,0.407,0.148,0.444,3.55
60,Generative AI & Writing,"Robots, Agents & Human-AI Interaction",2010,51,0.157,0.118,0.725,3.12
60,Generative AI & Writing,"Robots, Agents & Human-AI Interaction",2011,44,0.386,0.114,0.5,3.71
60,Generative AI & Writing,"Robots, Agents & Human-AI Interaction",2012,33,0.242,0.03,0.727,3.25
60,Generative AI & Writing,"Robots, Agents & Human-AI Interaction",2013,49,0.449,0.184,0.367,5.09
60,Generative AI & Writing,"Robots, Agents & Human-AI Interaction",2014,38,0.237,0.211,0.553,3.67
60,Generative AI & Writing,"Robots, Agents & Human-AI Interaction",2015,124,0.355,0.218,0.427,3.7
60,Generative AI & Writing,"Robots, Agents & Human-AI Interaction",2016,74,0.351,0.122,0.527,3.58
60,Generative AI & Writing,"Robots, Agents & Human-AI Interaction",2017,184,0.451,0.12,0.429,4.73
60,Generative AI & Writing,"Robots, Agents & Human-AI Interaction",2018,228,0.36,0.114,0.526,7.27
60,Generative AI & Writing,"Robots, Agents & Human-AI Interaction",2019,268,0.481,0.112,0.407,5.79
60,Generative AI & Writing,"Robots, Agents & Human-AI Interaction",2020,322,0.463,0.106,0.432,6.08
60,Generative AI & Writing,"Robots, Agents & Human-AI Interaction",2021,534,0.423,0.131,0.446,4.81
60,Generative AI & Writing,"Robots, Agents & Human-AI Interaction",2022,648,0.389,0.148,0.463,4.44
60,Generative AI & Writing,"Robots, Agents & Human-AI Interaction",2023,1323,0.431,0.165,0.404,4.25
60,Generative AI & Writing,"Robots, Agents & Human-AI Interaction",2024,2825,0.527,0.128,0.345,3.16
60,Generative AI & Writing,"Robots, Agents & Human-AI Interaction",2025,5534,0.561,0.128,0.312,2.93
60,Generative AI & Writing,"Robots, Agents & Human-AI Interaction",2026,4203,0.616,0.103,0.281,3.16
61,Voice & Conversational Agents,"Robots, Agents & Human-AI Interaction",1985,1,1.0,0.0,0.0,2.0
61,Voice & Conversational Agents,"Robots, Agents & Human-AI Interaction",1992,2,0.0,0.5,0.5,
61,Voice & Conversational Agents,"Robots, Agents & Human-AI Interaction",1994,1,0.0,0.0,1.0,
61,Voice & Conversational Agents,"Robots, Agents & Human-AI Interaction",1995,5,0.6,0.2,0.2,1.67
61,Voice & Conversational Agents,"Robots, Agents & Human-AI Interaction",1996,3,1.0,0.0,0.0,1.33
61,Voice & Conversational Agents,"Robots, Agents & Human-AI Interaction",1998,6,0.667,0.167,0.167,3.0
61,Voice & Conversational Agents,"Robots, Agents & Human-AI Interaction",1999,5,0.0,0.4,0.6,
61,Voice & Conversational Agents,"Robots, Agents & Human-AI Interaction",2000,19,0.579,0.211,0.211,4.36
61,Voice & Conversational Agents,"Robots, Agents & Human-AI Interaction",2001,10,0.9,0.1,0.0,2.56
61,Voice & Conversational Agents,"Robots, Agents & Human-AI Interaction",2002,8,0.5,0.125,0.375,1.75
61,Voice & Conversational Agents,"Robots, Agents & Human-AI Interaction",2003,12,0.583,0.333,0.083,5.29
61,Voice & Conversational Agents,"Robots, Agents & Human-AI Interaction",2004,22,0.591,0.182,0.227,5.38
61,Voice & Conversational Agents,"Robots, Agents & Human-AI Interaction",2005,22,0.591,0.136,0.273,4.92
61,Voice & Conversational Agents,"Robots, Agents & Human-AI Interaction",2006,19,0.474,0.211,0.316,8.33
61,Voice & Conversational Agents,"Robots, Agents & Human-AI Interaction",2007,26,0.654,0.038,0.308,6.24
61,Voice & Conversational Agents,"Robots, Agents & Human-AI Interaction",2008,12,0.583,0.167,0.25,5.86
61,Voice & Conversational Agents,"Robots, Agents & Human-AI Interaction",2009,5,0.6,0.0,0.4,7.67
61,Voice & Conversational Agents,"Robots, Agents & Human-AI Interaction",2010,21,0.619,0.0,0.381,9.92
61,Voice & Conversational Agents,"Robots, Agents & Human-AI Interaction",2011,13,0.462,0.077,0.462,6.67
61,Voice & Conversational Agents,"Robots, Agents & Human-AI Interaction",2012,17,0.471,0.059,0.471,9.12
61,Voice & Conversational Agents,"Robots, Agents & Human-AI Interaction",2013,14,0.714,0.143,0.143,15.1
61,Voice & Conversational Agents,"Robots, Agents & Human-AI Interaction",2014,10,0.4,0.2,0.4,15.75
61,Voice & Conversational Agents,"Robots, Agents & Human-AI Interaction",2015,8,0.375,0.0,0.625,17.0
61,Voice & Conversational Agents,"Robots, Agents & Human-AI Interaction",2016,59,0.475,0.288,0.237,12.21
61,Voice & Conversational Agents,"Robots, Agents & Human-AI Interaction",2017,102,0.176,0.186,0.637,5.44
61,Voice & Conversational Agents,"Robots, Agents & Human-AI Interaction",2018,263,0.354,0.068,0.578,5.48
61,Voice & Conversational Agents,"Robots, Agents & Human-AI Interaction",2019,564,0.475,0.149,0.376,4.56
61,Voice & Conversational Agents,"Robots, Agents & Human-AI Interaction",2020,701,0.476,0.088,0.435,3.35
61,Voice & Conversational Agents,"Robots, Agents & Human-AI Interaction",2021,1007,0.549,0.118,0.333,4.45
61,Voice & Conversational Agents,"Robots, Agents & Human-AI Interaction",2022,1190,0.57,0.119,0.311,4.92
61,Voice & Conversational Agents,"Robots, Agents & Human-AI Interaction",2023,1432,0.491,0.096,0.413,4.56
61,Voice & Conversational Agents,"Robots, Agents & Human-AI Interaction",2024,1531,0.523,0.108,0.369,4.74
61,Voice & Conversational Agents,"Robots, Agents & Human-AI Interaction",2025,2503,0.458,0.131,0.41,4.41
61,Voice & Conversational Agents,"Robots, Agents & Human-AI Interaction",2026,2299,0.446,0.179,0.375,4.53
62,End-user Programming & UI Design Tools,"Robots, Agents & Human-AI Interaction",1989,1,0.0,0.0,1.0,
62,End-user Programming & UI Design Tools,"Robots, Agents & Human-AI Interaction",1991,4,0.5,0.0,0.5,0.0
62,End-user Programming & UI Design Tools,"Robots, Agents & Human-AI Interaction",1992,6,0.833,0.0,0.167,1.2
62,End-user Programming & UI Design Tools,"Robots, Agents & Human-AI Interaction",1993,3,1.0,0.0,0.0,4.0
62,End-user Programming & UI Design Tools,"Robots, Agents & Human-AI Interaction",1994,1,1.0,0.0,0.0,3.0
62,End-user Programming & UI Design Tools,"Robots, Agents & Human-AI Interaction",1995,4,0.0,0.0,1.0,
62,End-user Programming & UI Design Tools,"Robots, Agents & Human-AI Interaction",1996,5,0.8,0.0,0.2,4.25
62,End-user Programming & UI Design Tools,"Robots, Agents & Human-AI Interaction",1997,17,0.235,0.0,0.765,4.0
62,End-user Programming & UI Design Tools,"Robots, Agents & Human-AI Interaction",1998,19,0.579,0.0,0.421,2.18
62,End-user Programming & UI Design Tools,"Robots, Agents & Human-AI Interaction",1999,14,0.357,0.0,0.643,1.4
62,End-user Programming & UI Design Tools,"Robots, Agents & Human-AI Interaction",2000,22,0.273,0.0,0.727,4.67
62,End-user Programming & UI Design Tools,"Robots, Agents & Human-AI Interaction",2001,2,0.5,0.0,0.5,3.0
62,End-user Programming & UI Design Tools,"Robots, Agents & Human-AI Interaction",2002,52,0.346,0.058,0.596,3.33
62,End-user Programming & UI Design Tools,"Robots, Agents & Human-AI Interaction",2003,20,0.55,0.1,0.35,2.18
62,End-user Programming & UI Design Tools,"Robots, Agents & Human-AI Interaction",2004,39,0.359,0.051,0.59,3.36
62,End-user Programming & UI Design Tools,"Robots, Agents & Human-AI Interaction",2005,38,0.447,0.105,0.447,6.12
62,End-user Programming & UI Design Tools,"Robots, Agents & Human-AI Interaction",2006,72,0.569,0.083,0.347,4.8
62,End-user Programming & UI Design Tools,"Robots, Agents & Human-AI Interaction",2007,81,0.556,0.086,0.358,3.78
62,End-user Programming & UI Design Tools,"Robots, Agents & Human-AI Interaction",2008,107,0.57,0.084,0.346,2.69
62,End-user Programming & UI Design Tools,"Robots, Agents & Human-AI Interaction",2009,130,0.569,0.1,0.331,4.2
62,End-user Programming & UI Design Tools,"Robots, Agents & Human-AI Interaction",2010,146,0.582,0.048,0.37,5.32
62,End-user Programming & UI Design Tools,"Robots, Agents & Human-AI Interaction",2011,156,0.513,0.128,0.359,4.7
62,End-user Programming & UI Design Tools,"Robots, Agents & Human-AI Interaction",2012,142,0.458,0.056,0.486,5.14
62,End-user Programming & UI Design Tools,"Robots, Agents & Human-AI Interaction",2013,114,0.5,0.061,0.439,5.58
62,End-user Programming & UI Design Tools,"Robots, Agents & Human-AI Interaction",2014,197,0.569,0.086,0.345,6.44
62,End-user Programming & UI Design Tools,"Robots, Agents & Human-AI Interaction",2015,121,0.545,0.165,0.289,5.41
62,End-user Programming & UI Design Tools,"Robots, Agents & Human-AI Interaction",2016,114,0.596,0.105,0.298,6.63
62,End-user Programming & UI Design Tools,"Robots, Agents & Human-AI Interaction",2017,228,0.452,0.105,0.443,7.43
62,End-user Programming & UI Design Tools,"Robots, Agents & Human-AI Interaction",2018,225,0.587,0.12,0.293,6.7
62,End-user Programming & UI Design Tools,"Robots, Agents & Human-AI Interaction",2019,207,0.56,0.063,0.377,7.56
62,End-user Programming & UI Design Tools,"Robots, Agents & Human-AI Interaction",2020,326,0.494,0.15,0.356,6.65
62,End-user Programming & UI Design Tools,"Robots, Agents & Human-AI Interaction",2021,446,0.587,0.085,0.327,7.22
62,End-user Programming & UI Design Tools,"Robots, Agents & Human-AI Interaction",2022,250,0.588,0.144,0.268,5.67
62,End-user Programming & UI Design Tools,"Robots, Agents & Human-AI Interaction",2023,507,0.513,0.138,0.349,6.9
62,End-user Programming & UI Design Tools,"Robots, Agents & Human-AI Interaction",2024,597,0.481,0.166,0.353,6.03
62,End-user Programming & UI Design Tools,"Robots, Agents & Human-AI Interaction",2025,558,0.536,0.215,0.249,7.45
62,End-user Programming & UI Design Tools,"Robots, Agents & Human-AI Interaction",2026,307,0.502,0.192,0.306,6.88
63,Robots & Agents in Education,"Robots, Agents & Human-AI Interaction",1996,1,0.0,1.0,0.0,
63,Robots & Agents in Education,"Robots, Agents & Human-AI Interaction",1997,1,0.0,0.0,1.0,
63,Robots & Agents in Education,"Robots, Agents & Human-AI Interaction",1999,7,0.143,0.429,0.429,2.0
63,Robots & Agents in Education,"Robots, Agents & Human-AI Interaction",2000,2,1.0,0.0,0.0,3.5
63,Robots & Agents in Education,"Robots, Agents & Human-AI Interaction",2001,1,1.0,0.0,0.0,1.0
63,Robots & Agents in Education,"Robots, Agents & Human-AI Interaction",2003,4,0.75,0.25,0.0,2.67
63,Robots & Agents in Education,"Robots, Agents & Human-AI Interaction",2004,3,1.0,0.0,0.0,3.0
63,Robots & Agents in Education,"Robots, Agents & Human-AI Interaction",2005,5,0.6,0.0,0.4,7.67
63,Robots & Agents in Education,"Robots, Agents & Human-AI Interaction",2007,2,0.5,0.0,0.5,3.0
63,Robots & Agents in Education,"Robots, Agents & Human-AI Interaction",2008,1,1.0,0.0,0.0,3.0
63,Robots & Agents in Education,"Robots, Agents & Human-AI Interaction",2009,3,0.333,0.0,0.667,5.0
63,Robots & Agents in Education,"Robots, Agents & Human-AI Interaction",2010,4,0.5,0.5,0.0,12.0
63,Robots & Agents in Education,"Robots, Agents & Human-AI Interaction",2011,9,0.111,0.111,0.778,0.0
63,Robots & Agents in Education,"Robots, Agents & Human-AI Interaction",2012,8,0.25,0.75,0.0,1.5
63,Robots & Agents in Education,"Robots, Agents & Human-AI Interaction",2013,13,0.538,0.231,0.231,3.0
63,Robots & Agents in Education,"Robots, Agents & Human-AI Interaction",2014,22,0.091,0.455,0.455,9.5
63,Robots & Agents in Education,"Robots, Agents & Human-AI Interaction",2015,22,0.364,0.227,0.409,2.88
63,Robots & Agents in Education,"Robots, Agents & Human-AI Interaction",2016,36,0.667,0.25,0.083,2.92
63,Robots & Agents in Education,"Robots, Agents & Human-AI Interaction",2017,47,0.574,0.191,0.234,4.56
63,Robots & Agents in Education,"Robots, Agents & Human-AI Interaction",2018,75,0.533,0.147,0.32,3.12
63,Robots & Agents in Education,"Robots, Agents & Human-AI Interaction",2019,76,0.539,0.224,0.237,4.32
63,Robots & Agents in Education,"Robots, Agents & Human-AI Interaction",2020,186,0.409,0.274,0.317,3.75
63,Robots & Agents in Education,"Robots, Agents & Human-AI Interaction",2021,219,0.457,0.201,0.342,3.28
63,Robots & Agents in Education,"Robots, Agents & Human-AI Interaction",2022,339,0.401,0.316,0.283,4.4
63,Robots & Agents in Education,"Robots, Agents & Human-AI Interaction",2023,303,0.386,0.218,0.396,3.97
63,Robots & Agents in Education,"Robots, Agents & Human-AI Interaction",2024,542,0.365,0.214,0.421,3.74
63,Robots & Agents in Education,"Robots, Agents & Human-AI Interaction",2025,755,0.409,0.223,0.368,3.27
63,Robots & Agents in Education,"Robots, Agents & Human-AI Interaction",2026,904,0.44,0.195,0.365,3.44
64,Video Interfaces & Editing,"Robots, Agents & Human-AI Interaction",1986,9,0.889,0.0,0.111,0.75
64,Video Interfaces & Editing,"Robots, Agents & Human-AI Interaction",1988,6,0.667,0.0,0.333,2.5
64,Video Interfaces & Editing,"Robots, Agents & Human-AI Interaction",1989,3,0.667,0.0,0.333,2.0
64,Video Interfaces & Editing,"Robots, Agents & Human-AI Interaction",1990,5,0.6,0.0,0.4,1.33
64,Video Interfaces & Editing,"Robots, Agents & Human-AI Interaction",1991,11,0.727,0.0,0.273,1.38
64,Video Interfaces & Editing,"Robots, Agents & Human-AI Interaction",1992,4,0.5,0.0,0.5,1.0
64,Video Interfaces & Editing,"Robots, Agents & Human-AI Interaction",1993,8,0.375,0.25,0.375,1.33
64,Video Interfaces & Editing,"Robots, Agents & Human-AI Interaction",1994,2,0.5,0.5,0.0,4.0
64,Video Interfaces & Editing,"Robots, Agents & Human-AI Interaction",1995,7,0.571,0.143,0.286,5.75
64,Video Interfaces & Editing,"Robots, Agents & Human-AI Interaction",1996,14,0.5,0.143,0.357,3.57
64,Video Interfaces & Editing,"Robots, Agents & Human-AI Interaction",1997,12,0.75,0.0,0.25,6.89
64,Video Interfaces & Editing,"Robots, Agents & Human-AI Interaction",1998,12,0.25,0.167,0.583,5.33
64,Video Interfaces & Editing,"Robots, Agents & Human-AI Interaction",1999,9,0.222,0.222,0.556,9.0
64,Video Interfaces & Editing,"Robots, Agents & Human-AI Interaction",2000,14,0.429,0.143,0.429,4.17
64,Video Interfaces & Editing,"Robots, Agents & Human-AI Interaction",2001,3,0.667,0.0,0.333,8.0
64,Video Interfaces & Editing,"Robots, Agents & Human-AI Interaction",2002,11,0.727,0.091,0.182,6.5
64,Video Interfaces & Editing,"Robots, Agents & Human-AI Interaction",2003,14,0.214,0.071,0.714,2.33
64,Video Interfaces & Editing,"Robots, Agents & Human-AI Interaction",2004,31,0.419,0.0,0.581,5.77
64,Video Interfaces & Editing,"Robots, Agents & Human-AI Interaction",2005,26,0.462,0.077,0.462,10.25
64,Video Interfaces & Editing,"Robots, Agents & Human-AI Interaction",2006,31,0.387,0.065,0.548,4.0
64,Video Interfaces & Editing,"Robots, Agents & Human-AI Interaction",2007,35,0.514,0.114,0.371,11.61
64,Video Interfaces & Editing,"Robots, Agents & Human-AI Interaction",2008,32,0.438,0.125,0.438,6.5
64,Video Interfaces & Editing,"Robots, Agents & Human-AI Interaction",2009,50,0.32,0.18,0.5,7.44
64,Video Interfaces & Editing,"Robots, Agents & Human-AI Interaction",2010,77,0.494,0.221,0.286,6.47
64,Video Interfaces & Editing,"Robots, Agents & Human-AI Interaction",2011,133,0.519,0.12,0.361,5.64
64,Video Interfaces & Editing,"Robots, Agents & Human-AI Interaction",2012,179,0.57,0.19,0.24,5.12
64,Video Interfaces & Editing,"Robots, Agents & Human-AI Interaction",2013,150,0.527,0.14,0.333,5.25
64,Video Interfaces & Editing,"Robots, Agents & Human-AI Interaction",2014,255,0.608,0.075,0.318,4.79
64,Video Interfaces & Editing,"Robots, Agents & Human-AI Interaction",2015,115,0.661,0.122,0.217,4.41
64,Video Interfaces & Editing,"Robots, Agents & Human-AI Interaction",2016,163,0.571,0.147,0.282,5.1
64,Video Interfaces & Editing,"Robots, Agents & Human-AI Interaction",2017,112,0.562,0.089,0.348,5.27
64,Video Interfaces & Editing,"Robots, Agents & Human-AI Interaction",2018,163,0.546,0.098,0.356,7.35
64,Video Interfaces & Editing,"Robots, Agents & Human-AI Interaction",2019,194,0.608,0.124,0.268,7.96
64,Video Interfaces & Editing,"Robots, Agents & Human-AI Interaction",2020,214,0.477,0.103,0.421,7.46
64,Video Interfaces & Editing,"Robots, Agents & Human-AI Interaction",2021,191,0.618,0.068,0.314,7.64
64,Video Interfaces & Editing,"Robots, Agents & Human-AI Interaction",2022,197,0.584,0.046,0.371,7.92
64,Video Interfaces & Editing,"Robots, Agents & Human-AI Interaction",2023,326,0.515,0.113,0.371,7.86
64,Video Interfaces & Editing,"Robots, Agents & Human-AI Interaction",2024,424,0.542,0.151,0.307,9.01
64,Video Interfaces & Editing,"Robots, Agents & Human-AI Interaction",2025,361,0.521,0.224,0.255,8.87
64,Video Interfaces & Editing,"Robots, Agents & Human-AI Interaction",2026,282,0.411,0.234,0.355,9.99
65,Meeting Support & Group Displays,"Robots, Agents & Human-AI Interaction",1990,3,0.333,0.0,0.667,4.0
65,Meeting Support & Group Displays,"Robots, Agents & Human-AI Interaction",2002,8,0.125,0.0,0.875,10.0
65,Meeting Support & Group Displays,"Robots, Agents & Human-AI Interaction",2004,4,0.5,0.0,0.5,7.0
65,Meeting Support & Group Displays,"Robots, Agents & Human-AI Interaction",2005,2,0.5,0.0,0.5,1.0
65,Meeting Support & Group Displays,"Robots, Agents & Human-AI Interaction",2007,4,0.75,0.25,0.0,7.0
65,Meeting Support & Group Displays,"Robots, Agents & Human-AI Interaction",2008,4,0.25,0.0,0.75,4.0
65,Meeting Support & Group Displays,"Robots, Agents & Human-AI Interaction",2009,37,0.27,0.081,0.649,6.6
65,Meeting Support & Group Displays,"Robots, Agents & Human-AI Interaction",2010,6,0.5,0.167,0.333,3.0
65,Meeting Support & Group Displays,"Robots, Agents & Human-AI Interaction",2011,19,0.316,0.0,0.684,2.33
65,Meeting Support & Group Displays,"Robots, Agents & Human-AI Interaction",2012,22,0.455,0.182,0.364,4.4
65,Meeting Support & Group Displays,"Robots, Agents & Human-AI Interaction",2013,41,0.293,0.098,0.61,6.42
65,Meeting Support & Group Displays,"Robots, Agents & Human-AI Interaction",2014,9,0.444,0.111,0.444,2.75
65,Meeting Support & Group Displays,"Robots, Agents & Human-AI Interaction",2015,4,0.75,0.0,0.25,3.33
65,Meeting Support & Group Displays,"Robots, Agents & Human-AI Interaction",2016,26,0.462,0.154,0.385,4.33
65,Meeting Support & Group Displays,"Robots, Agents & Human-AI Interaction",2017,51,0.235,0.216,0.549,12.08
65,Meeting Support & Group Displays,"Robots, Agents & Human-AI Interaction",2018,36,0.278,0.139,0.583,9.3
65,Meeting Support & Group Displays,"Robots, Agents & Human-AI Interaction",2019,52,0.231,0.231,0.538,6.33
65,Meeting Support & Group Displays,"Robots, Agents & Human-AI Interaction",2020,30,0.233,0.167,0.6,5.29
65,Meeting Support & Group Displays,"Robots, Agents & Human-AI Interaction",2021,46,0.304,0.109,0.587,7.43
65,Meeting Support & Group Displays,"Robots, Agents & Human-AI Interaction",2022,38,0.368,0.105,0.526,7.0
65,Meeting Support & Group Displays,"Robots, Agents & Human-AI Interaction",2023,124,0.234,0.266,0.5,7.38
65,Meeting Support & Group Displays,"Robots, Agents & Human-AI Interaction",2024,227,0.128,0.172,0.7,4.55
65,Meeting Support & Group Displays,"Robots, Agents & Human-AI Interaction",2025,615,0.203,0.278,0.519,3.69
65,Meeting Support & Group Displays,"Robots, Agents & Human-AI Interaction",2026,375,0.248,0.259,0.493,3.19
66,Usability Methods & Personas,"Robots, Agents & Human-AI Interaction",1983,4,1.0,0.0,0.0,1.0
66,Usability Methods & Personas,"Robots, Agents & Human-AI Interaction",1986,1,1.0,0.0,0.0,3.0
66,Usability Methods & Personas,"Robots, Agents & Human-AI Interaction",1989,1,1.0,0.0,0.0,3.0
66,Usability Methods & Personas,"Robots, Agents & Human-AI Interaction",1990,1,0.0,0.0,1.0,
66,Usability Methods & Personas,"Robots, Agents & Human-AI Interaction",1991,4,0.75,0.0,0.25,1.0
66,Usability Methods & Personas,"Robots, Agents & Human-AI Interaction",1992,35,0.743,0.029,0.229,1.12
66,Usability Methods & Personas,"Robots, Agents & Human-AI Interaction",1994,7,0.857,0.0,0.143,2.83
66,Usability Methods & Personas,"Robots, Agents & Human-AI Interaction",1995,6,0.833,0.0,0.167,3.8
66,Usability Methods & Personas,"Robots, Agents & Human-AI Interaction",1996,7,0.857,0.0,0.143,4.33
66,Usability Methods & Personas,"Robots, Agents & Human-AI Interaction",1997,1,1.0,0.0,0.0,7.0
66,Usability Methods & Personas,"Robots, Agents & Human-AI Interaction",2000,5,1.0,0.0,0.0,6.8
66,Usability Methods & Personas,"Robots, Agents & Human-AI Interaction",2002,2,1.0,0.0,0.0,6.0
66,Usability Methods & Personas,"Robots, Agents & Human-AI Interaction",2004,1,1.0,0.0,0.0,12.0
66,Usability Methods & Personas,"Robots, Agents & Human-AI Interaction",2005,7,0.857,0.143,0.0,10.67
66,Usability Methods & Personas,"Robots, Agents & Human-AI Interaction",2006,20,0.55,0.05,0.4,11.27
66,Usability Methods & Personas,"Robots, Agents & Human-AI Interaction",2007,5,0.6,0.0,0.4,9.0
66,Usability Methods & Personas,"Robots, Agents & Human-AI Interaction",2008,25,0.76,0.0,0.24,13.0
66,Usability Methods & Personas,"Robots, Agents & Human-AI Interaction",2009,9,0.889,0.0,0.111,11.62
66,Usability Methods & Personas,"Robots, Agents & Human-AI Interaction",2010,18,0.333,0.167,0.5,10.83
66,Usability Methods & Personas,"Robots, Agents & Human-AI Interaction",2011,17,0.706,0.0,0.294,12.58
66,Usability Methods & Personas,"Robots, Agents & Human-AI Interaction",2012,41,0.659,0.098,0.244,10.11
66,Usability Methods & Personas,"Robots, Agents & Human-AI Interaction",2013,10,0.8,0.0,0.2,5.5
66,Usability Methods & Personas,"Robots, Agents & Human-AI Interaction",2014,9,0.778,0.0,0.222,10.29
66,Usability Methods & Personas,"Robots, Agents & Human-AI Interaction",2015,12,0.667,0.083,0.25,5.62
66,Usability Methods & Personas,"Robots, Agents & Human-AI Interaction",2016,20,0.5,0.0,0.5,8.4
66,Usability Methods & Personas,"Robots, Agents & Human-AI Interaction",2017,22,0.545,0.091,0.364,8.17
66,Usability Methods & Personas,"Robots, Agents & Human-AI Interaction",2018,27,0.556,0.037,0.407,7.0
66,Usability Methods & Personas,"Robots, Agents & Human-AI Interaction",2019,26,0.5,0.038,0.462,11.69
66,Usability Methods & Personas,"Robots, Agents & Human-AI Interaction",2020,38,0.658,0.0,0.342,12.64
66,Usability Methods & Personas,"Robots, Agents & Human-AI Interaction",2021,21,0.762,0.0,0.238,8.06
66,Usability Methods & Personas,"Robots, Agents & Human-AI Interaction",2022,115,0.374,0.087,0.539,7.21
66,Usability Methods & Personas,"Robots, Agents & Human-AI Interaction",2023,42,0.429,0.31,0.262,12.06
66,Usability Methods & Personas,"Robots, Agents & Human-AI Interaction",2024,104,0.404,0.308,0.288,8.45
66,Usability Methods & Personas,"Robots, Agents & Human-AI Interaction",2025,95,0.421,0.232,0.347,8.2
66,Usability Methods & Personas,"Robots, Agents & Human-AI Interaction",2026,119,0.471,0.269,0.261,10.12
67,Multimodal Speech Interfaces,"Robots, Agents & Human-AI Interaction",1989,1,0.0,0.0,1.0,
67,Multimodal Speech Interfaces,"Robots, Agents & Human-AI Interaction",1990,1,0.0,0.0,1.0,
67,Multimodal Speech Interfaces,"Robots, Agents & Human-AI Interaction",1991,2,1.0,0.0,0.0,1.5
67,Multimodal Speech Interfaces,"Robots, Agents & Human-AI Interaction",1993,3,1.0,0.0,0.0,1.67
67,Multimodal Speech Interfaces,"Robots, Agents & Human-AI Interaction",1994,5,0.6,0.2,0.2,3.67
67,Multimodal Speech Interfaces,"Robots, Agents & Human-AI Interaction",1995,1,0.0,0.0,1.0,
67,Multimodal Speech Interfaces,"Robots, Agents & Human-AI Interaction",1996,3,1.0,0.0,0.0,3.0
67,Multimodal Speech Interfaces,"Robots, Agents & Human-AI Interaction",1997,7,0.714,0.286,0.0,4.8
67,Multimodal Speech Interfaces,"Robots, Agents & Human-AI Interaction",1998,3,1.0,0.0,0.0,2.33
67,Multimodal Speech Interfaces,"Robots, Agents & Human-AI Interaction",1999,2,1.0,0.0,0.0,6.0
67,Multimodal Speech Interfaces,"Robots, Agents & Human-AI Interaction",2000,1,1.0,0.0,0.0,1.0
67,Multimodal Speech Interfaces,"Robots, Agents & Human-AI Interaction",2001,2,0.5,0.5,0.0,3.0
67,Multimodal Speech Interfaces,"Robots, Agents & Human-AI Interaction",2002,5,0.6,0.0,0.4,7.0
67,Multimodal Speech Interfaces,"Robots, Agents & Human-AI Interaction",2003,5,0.8,0.2,0.0,4.5
67,Multimodal Speech Interfaces,"Robots, Agents & Human-AI Interaction",2004,36,0.583,0.056,0.361,4.62
67,Multimodal Speech Interfaces,"Robots, Agents & Human-AI Interaction",2005,28,0.857,0.036,0.107,4.17
67,Multimodal Speech Interfaces,"Robots, Agents & Human-AI Interaction",2006,30,0.733,0.033,0.233,3.32
67,Multimodal Speech Interfaces,"Robots, Agents & Human-AI Interaction",2007,27,0.704,0.0,0.296,3.53
67,Multimodal Speech Interfaces,"Robots, Agents & Human-AI Interaction",2008,31,0.645,0.097,0.258,6.15
67,Multimodal Speech Interfaces,"Robots, Agents & Human-AI Interaction",2009,5,0.6,0.2,0.2,6.67
67,Multimodal Speech Interfaces,"Robots, Agents & Human-AI Interaction",2010,7,0.714,0.0,0.286,7.0
67,Multimodal Speech Interfaces,"Robots, Agents & Human-AI Interaction",2011,16,0.75,0.062,0.188,8.0
67,Multimodal Speech Interfaces,"Robots, Agents & Human-AI Interaction",2012,10,0.6,0.0,0.4,6.83
67,Multimodal Speech Interfaces,"Robots, Agents & Human-AI Interaction",2013,11,0.818,0.0,0.182,5.78
67,Multimodal Speech Interfaces,"Robots, Agents & Human-AI Interaction",2014,6,1.0,0.0,0.0,6.67
67,Multimodal Speech Interfaces,"Robots, Agents & Human-AI Interaction",2015,9,0.778,0.111,0.111,9.57
67,Multimodal Speech Interfaces,"Robots, Agents & Human-AI Interaction",2016,3,1.0,0.0,0.0,3.0
67,Multimodal Speech Interfaces,"Robots, Agents & Human-AI Interaction",2017,13,0.385,0.077,0.538,3.2
67,Multimodal Speech Interfaces,"Robots, Agents & Human-AI Interaction",2018,11,0.636,0.0,0.364,2.86
67,Multimodal Speech Interfaces,"Robots, Agents & Human-AI Interaction",2019,5,0.6,0.4,0.0,2.0
67,Multimodal Speech Interfaces,"Robots, Agents & Human-AI Interaction",2020,4,0.25,0.0,0.75,12.0
67,Multimodal Speech Interfaces,"Robots, Agents & Human-AI Interaction",2021,5,0.0,0.2,0.8,
67,Multimodal Speech Interfaces,"Robots, Agents & Human-AI Interaction",2022,9,0.333,0.333,0.333,12.33
67,Multimodal Speech Interfaces,"Robots, Agents & Human-AI Interaction",2023,13,0.692,0.154,0.154,7.67
67,Multimodal Speech Interfaces,"Robots, Agents & Human-AI Interaction",2024,9,0.889,0.0,0.111,7.62
67,Multimodal Speech Interfaces,"Robots, Agents & Human-AI Interaction",2025,24,0.583,0.083,0.333,7.5
67,Multimodal Speech Interfaces,"Robots, Agents & Human-AI Interaction",2026,2,0.5,0.5,0.0,22.0
68,Natural Language Interfaces & Human-AI Teams,"Robots, Agents & Human-AI Interaction",1986,1,1.0,0.0,0.0,4.0
68,Natural Language Interfaces & Human-AI Teams,"Robots, Agents & Human-AI Interaction",1995,2,1.0,0.0,0.0,3.0
68,Natural Language Interfaces & Human-AI Teams,"Robots, Agents & Human-AI Interaction",1998,1,0.0,0.0,1.0,
68,Natural Language Interfaces & Human-AI Teams,"Robots, Agents & Human-AI Interaction",2000,2,0.0,0.0,1.0,
68,Natural Language Interfaces & Human-AI Teams,"Robots, Agents & Human-AI Interaction",2001,1,1.0,0.0,0.0,3.0
68,Natural Language Interfaces & Human-AI Teams,"Robots, Agents & Human-AI Interaction",2003,6,0.333,0.333,0.333,2.5
68,Natural Language Interfaces & Human-AI Teams,"Robots, Agents & Human-AI Interaction",2004,2,1.0,0.0,0.0,6.5
68,Natural Language Interfaces & Human-AI Teams,"Robots, Agents & Human-AI Interaction",2005,1,0.0,1.0,0.0,
68,Natural Language Interfaces & Human-AI Teams,"Robots, Agents & Human-AI Interaction",2006,6,0.5,0.167,0.333,2.33
68,Natural Language Interfaces & Human-AI Teams,"Robots, Agents & Human-AI Interaction",2007,5,1.0,0.0,0.0,3.6
68,Natural Language Interfaces & Human-AI Teams,"Robots, Agents & Human-AI Interaction",2008,16,0.125,0.188,0.688,5.0
68,Natural Language Interfaces & Human-AI Teams,"Robots, Agents & Human-AI Interaction",2009,8,0.125,0.0,0.875,6.0
68,Natural Language Interfaces & Human-AI Teams,"Robots, Agents & Human-AI Interaction",2010,20,0.2,0.05,0.75,5.0
68,Natural Language Interfaces & Human-AI Teams,"Robots, Agents & Human-AI Interaction",2011,5,0.6,0.0,0.4,5.33
68,Natural Language Interfaces & Human-AI Teams,"Robots, Agents & Human-AI Interaction",2012,13,0.308,0.154,0.538,9.75
68,Natural Language Interfaces & Human-AI Teams,"Robots, Agents & Human-AI Interaction",2013,11,0.182,0.091,0.727,4.0
68,Natural Language Interfaces & Human-AI Teams,"Robots, Agents & Human-AI Interaction",2014,22,0.091,0.0,0.909,2.0
68,Natural Language Interfaces & Human-AI Teams,"Robots, Agents & Human-AI Interaction",2015,13,0.154,0.0,0.846,6.5
68,Natural Language Interfaces & Human-AI Teams,"Robots, Agents & Human-AI Interaction",2016,16,0.75,0.062,0.188,6.83
68,Natural Language Interfaces & Human-AI Teams,"Robots, Agents & Human-AI Interaction",2017,17,0.471,0.176,0.353,6.62
68,Natural Language Interfaces & Human-AI Teams,"Robots, Agents & Human-AI Interaction",2018,41,0.171,0.341,0.488,4.43
68,Natural Language Interfaces & Human-AI Teams,"Robots, Agents & Human-AI Interaction",2019,108,0.176,0.25,0.574,4.05
68,Natural Language Interfaces & Human-AI Teams,"Robots, Agents & Human-AI Interaction",2020,76,0.25,0.25,0.5,3.84
68,Natural Language Interfaces & Human-AI Teams,"Robots, Agents & Human-AI Interaction",2021,269,0.268,0.212,0.52,5.6
68,Natural Language Interfaces & Human-AI Teams,"Robots, Agents & Human-AI Interaction",2022,293,0.253,0.184,0.563,4.76
68,Natural Language Interfaces & Human-AI Teams,"Robots, Agents & Human-AI Interaction",2023,335,0.307,0.185,0.507,4.03
68,Natural Language Interfaces & Human-AI Teams,"Robots, Agents & Human-AI Interaction",2024,426,0.354,0.223,0.423,3.26
68,Natural Language Interfaces & Human-AI Teams,"Robots, Agents & Human-AI Interaction",2025,599,0.367,0.234,0.399,2.74
68,Natural Language Interfaces & Human-AI Teams,"Robots, Agents & Human-AI Interaction",2026,545,0.323,0.273,0.404,3.62
69,Urban Mobility Data,Mobile Life & Attention,2006,1,0.0,0.0,1.0,
69,Urban Mobility Data,Mobile Life & Attention,2007,1,0.0,0.0,1.0,
69,Urban Mobility Data,Mobile Life & Attention,2008,8,0.25,0.125,0.625,2.0
69,Urban Mobility Data,Mobile Life & Attention,2010,4,0.5,0.0,0.5,3.0
69,Urban Mobility Data,Mobile Life & Attention,2011,18,0.444,0.056,0.5,2.38
69,Urban Mobility Data,Mobile Life & Attention,2012,25,0.6,0.16,0.24,3.2
69,Urban Mobility Data,Mobile Life & Attention,2013,31,0.452,0.226,0.323,1.79
69,Urban Mobility Data,Mobile Life & Attention,2014,58,0.5,0.121,0.379,2.41
69,Urban Mobility Data,Mobile Life & Attention,2015,51,0.412,0.255,0.333,2.14
69,Urban Mobility Data,Mobile Life & Attention,2016,93,0.57,0.226,0.204,2.87
69,Urban Mobility Data,Mobile Life & Attention,2017,34,0.529,0.118,0.353,3.11
69,Urban Mobility Data,Mobile Life & Attention,2018,164,0.738,0.073,0.189,4.33
69,Urban Mobility Data,Mobile Life & Attention,2019,136,0.787,0.066,0.147,3.18
69,Urban Mobility Data,Mobile Life & Attention,2020,165,0.721,0.061,0.218,3.16
69,Urban Mobility Data,Mobile Life & Attention,2021,102,0.765,0.01,0.225,3.74
69,Urban Mobility Data,Mobile Life & Attention,2022,8,0.875,0.0,0.125,3.0
69,Urban Mobility Data,Mobile Life & Attention,2023,6,1.0,0.0,0.0,3.0
69,Urban Mobility Data,Mobile Life & Attention,2024,38,0.553,0.053,0.395,6.76
69,Urban Mobility Data,Mobile Life & Attention,2025,35,0.429,0.143,0.429,3.53
69,Urban Mobility Data,Mobile Life & Attention,2026,2,1.0,0.0,0.0,3.5
70,Email & Web Revisitation,Mobile Life & Attention,1986,1,1.0,0.0,0.0,3.0
70,Email & Web Revisitation,Mobile Life & Attention,1988,5,0.8,0.0,0.2,2.75
70,Email & Web Revisitation,Mobile Life & Attention,1989,3,0.667,0.0,0.333,2.0
70,Email & Web Revisitation,Mobile Life & Attention,1992,2,1.0,0.0,0.0,6.0
70,Email & Web Revisitation,Mobile Life & Attention,1996,1,0.0,0.0,1.0,
70,Email & Web Revisitation,Mobile Life & Attention,1997,6,0.333,0.0,0.667,12.5
70,Email & Web Revisitation,Mobile Life & Attention,1998,3,0.0,0.0,1.0,
70,Email & Web Revisitation,Mobile Life & Attention,1999,18,0.0,0.0,1.0,
70,Email & Web Revisitation,Mobile Life & Attention,2000,15,0.4,0.0,0.6,8.5
70,Email & Web Revisitation,Mobile Life & Attention,2001,28,0.143,0.0,0.857,5.25
70,Email & Web Revisitation,Mobile Life & Attention,2002,45,0.289,0.111,0.6,6.23
70,Email & Web Revisitation,Mobile Life & Attention,2003,38,0.421,0.158,0.421,5.75
70,Email & Web Revisitation,Mobile Life & Attention,2004,116,0.353,0.164,0.483,5.02
70,Email & Web Revisitation,Mobile Life & Attention,2005,59,0.627,0.102,0.271,4.51
70,Email & Web Revisitation,Mobile Life & Attention,2006,98,0.653,0.133,0.214,6.27
70,Email & Web Revisitation,Mobile Life & Attention,2007,63,0.635,0.143,0.222,4.2
70,Email & Web Revisitation,Mobile Life & Attention,2008,73,0.712,0.041,0.247,4.71
70,Email & Web Revisitation,Mobile Life & Attention,2009,129,0.605,0.109,0.287,5.04
70,Email & Web Revisitation,Mobile Life & Attention,2010,98,0.612,0.204,0.184,4.4
70,Email & Web Revisitation,Mobile Life & Attention,2011,103,0.68,0.0,0.32,5.76
70,Email & Web Revisitation,Mobile Life & Attention,2012,64,0.594,0.094,0.312,6.29
70,Email & Web Revisitation,Mobile Life & Attention,2013,63,0.476,0.159,0.365,8.4
70,Email & Web Revisitation,Mobile Life & Attention,2014,71,0.662,0.099,0.239,9.49
70,Email & Web Revisitation,Mobile Life & Attention,2015,35,0.743,0.057,0.2,8.96
70,Email & Web Revisitation,Mobile Life & Attention,2016,74,0.527,0.108,0.365,10.95
70,Email & Web Revisitation,Mobile Life & Attention,2017,82,0.402,0.122,0.476,11.03
70,Email & Web Revisitation,Mobile Life & Attention,2018,57,0.421,0.0,0.579,8.29
70,Email & Web Revisitation,Mobile Life & Attention,2019,28,0.464,0.107,0.429,11.15
70,Email & Web Revisitation,Mobile Life & Attention,2020,39,0.436,0.256,0.308,10.29
70,Email & Web Revisitation,Mobile Life & Attention,2021,23,0.435,0.304,0.261,10.5
70,Email & Web Revisitation,Mobile Life & Attention,2022,37,0.541,0.135,0.324,12.95
70,Email & Web Revisitation,Mobile Life & Attention,2023,36,0.222,0.111,0.667,16.88
70,Email & Web Revisitation,Mobile Life & Attention,2024,50,0.52,0.1,0.38,16.38
70,Email & Web Revisitation,Mobile Life & Attention,2025,8,0.125,0.0,0.875,9.0
70,Email & Web Revisitation,Mobile Life & Attention,2026,27,0.519,0.037,0.444,16.57
71,Notifications & Interruptibility,Mobile Life & Attention,2002,3,0.0,0.333,0.667,
71,Notifications & Interruptibility,Mobile Life & Attention,2003,25,0.24,0.24,0.52,0.67
71,Notifications & Interruptibility,Mobile Life & Attention,2004,60,0.283,0.267,0.45,1.29
71,Notifications & Interruptibility,Mobile Life & Attention,2005,37,0.568,0.162,0.27,2.33
71,Notifications & Interruptibility,Mobile Life & Attention,2006,38,0.579,0.342,0.079,2.32
71,Notifications & Interruptibility,Mobile Life & Attention,2007,83,0.566,0.181,0.253,2.91
71,Notifications & Interruptibility,Mobile Life & Attention,2008,68,0.529,0.279,0.191,3.39
71,Notifications & Interruptibility,Mobile Life & Attention,2009,15,0.667,0.2,0.133,4.4
71,Notifications & Interruptibility,Mobile Life & Attention,2010,44,0.591,0.273,0.136,4.42
71,Notifications & Interruptibility,Mobile Life & Attention,2011,36,0.417,0.306,0.278,6.6
71,Notifications & Interruptibility,Mobile Life & Attention,2012,30,0.367,0.167,0.467,6.36
71,Notifications & Interruptibility,Mobile Life & Attention,2013,10,0.6,0.4,0.0,6.83
71,Notifications & Interruptibility,Mobile Life & Attention,2014,87,0.644,0.333,0.023,7.05
71,Notifications & Interruptibility,Mobile Life & Attention,2015,103,0.767,0.155,0.078,5.96
71,Notifications & Interruptibility,Mobile Life & Attention,2016,119,0.655,0.202,0.143,6.01
71,Notifications & Interruptibility,Mobile Life & Attention,2017,267,0.554,0.258,0.187,5.26
71,Notifications & Interruptibility,Mobile Life & Attention,2018,179,0.603,0.207,0.19,6.06
71,Notifications & Interruptibility,Mobile Life & Attention,2019,153,0.667,0.092,0.242,6.23
71,Notifications & Interruptibility,Mobile Life & Attention,2020,151,0.497,0.205,0.298,6.08
71,Notifications & Interruptibility,Mobile Life & Attention,2021,183,0.552,0.164,0.284,6.22
71,Notifications & Interruptibility,Mobile Life & Attention,2022,157,0.694,0.115,0.191,7.75
71,Notifications & Interruptibility,Mobile Life & Attention,2023,384,0.464,0.156,0.38,8.72
71,Notifications & Interruptibility,Mobile Life & Attention,2024,246,0.642,0.102,0.256,8.58
71,Notifications & Interruptibility,Mobile Life & Attention,2025,148,0.561,0.068,0.372,9.43
71,Notifications & Interruptibility,Mobile Life & Attention,2026,126,0.397,0.048,0.556,8.52
72,Instant Messaging,Mobile Life & Attention,1994,1,0.0,0.0,1.0,
72,Instant Messaging,Mobile Life & Attention,1996,8,0.125,0.0,0.875,2.0
72,Instant Messaging,Mobile Life & Attention,1997,7,0.143,0.0,0.857,3.0
72,Instant Messaging,Mobile Life & Attention,1999,20,0.15,0.0,0.85,2.0
72,Instant Messaging,Mobile Life & Attention,2000,42,0.357,0.024,0.619,1.4
72,Instant Messaging,Mobile Life & Attention,2001,7,0.286,0.0,0.714,1.0
72,Instant Messaging,Mobile Life & Attention,2002,67,0.552,0.03,0.418,2.49
72,Instant Messaging,Mobile Life & Attention,2003,59,0.525,0.068,0.407,2.42
72,Instant Messaging,Mobile Life & Attention,2004,73,0.507,0.082,0.411,3.03
72,Instant Messaging,Mobile Life & Attention,2005,91,0.56,0.088,0.352,3.96
72,Instant Messaging,Mobile Life & Attention,2006,100,0.56,0.13,0.31,4.54
72,Instant Messaging,Mobile Life & Attention,2007,57,0.421,0.14,0.439,5.42
72,Instant Messaging,Mobile Life & Attention,2008,56,0.518,0.143,0.339,4.93
72,Instant Messaging,Mobile Life & Attention,2009,37,0.459,0.162,0.378,5.76
72,Instant Messaging,Mobile Life & Attention,2010,35,0.429,0.143,0.429,6.8
72,Instant Messaging,Mobile Life & Attention,2011,19,0.579,0.158,0.263,7.09
72,Instant Messaging,Mobile Life & Attention,2012,21,0.381,0.095,0.524,11.12
72,Instant Messaging,Mobile Life & Attention,2013,17,0.647,0.118,0.235,7.0
72,Instant Messaging,Mobile Life & Attention,2014,23,0.478,0.087,0.435,8.55
72,Instant Messaging,Mobile Life & Attention,2015,63,0.476,0.175,0.349,6.53
72,Instant Messaging,Mobile Life & Attention,2016,21,0.286,0.048,0.667,6.83
72,Instant Messaging,Mobile Life & Attention,2017,114,0.482,0.105,0.412,7.15
72,Instant Messaging,Mobile Life & Attention,2018,81,0.457,0.16,0.383,4.38
72,Instant Messaging,Mobile Life & Attention,2019,143,0.42,0.14,0.441,4.32
72,Instant Messaging,Mobile Life & Attention,2020,33,0.576,0.0,0.424,5.05
72,Instant Messaging,Mobile Life & Attention,2021,49,0.367,0.02,0.612,6.78
72,Instant Messaging,Mobile Life & Attention,2022,75,0.467,0.067,0.467,7.37
72,Instant Messaging,Mobile Life & Attention,2023,111,0.27,0.117,0.613,12.43
72,Instant Messaging,Mobile Life & Attention,2024,51,0.373,0.157,0.471,7.37
72,Instant Messaging,Mobile Life & Attention,2025,53,0.321,0.113,0.566,9.41
72,Instant Messaging,Mobile Life & Attention,2026,44,0.409,0.068,0.523,12.28
73,Digital Self-control,Mobile Life & Attention,2010,4,0.0,0.0,1.0,
73,Digital Self-control,Mobile Life & Attention,2013,33,0.0,0.333,0.667,
73,Digital Self-control,Mobile Life & Attention,2014,5,0.6,0.0,0.4,2.0
73,Digital Self-control,Mobile Life & Attention,2015,18,0.333,0.056,0.611,1.83
73,Digital Self-control,Mobile Life & Attention,2016,123,0.154,0.293,0.553,2.26
73,Digital Self-control,Mobile Life & Attention,2017,39,0.308,0.333,0.359,1.42
73,Digital Self-control,Mobile Life & Attention,2018,92,0.315,0.163,0.522,2.66
73,Digital Self-control,Mobile Life & Attention,2019,155,0.406,0.168,0.426,3.17
73,Digital Self-control,Mobile Life & Attention,2020,56,0.304,0.196,0.5,3.29
73,Digital Self-control,Mobile Life & Attention,2021,211,0.46,0.114,0.427,3.75
73,Digital Self-control,Mobile Life & Attention,2022,213,0.502,0.047,0.451,4.36
73,Digital Self-control,Mobile Life & Attention,2023,310,0.545,0.161,0.294,4.3
73,Digital Self-control,Mobile Life & Attention,2024,375,0.504,0.064,0.432,4.89
73,Digital Self-control,Mobile Life & Attention,2025,347,0.559,0.098,0.343,4.85
73,Digital Self-control,Mobile Life & Attention,2026,303,0.469,0.155,0.376,4.91
74,Location Sharing & Privacy,Mobile Life & Attention,2001,6,0.0,0.0,1.0,
74,Location Sharing & Privacy,Mobile Life & Attention,2002,4,0.5,0.0,0.5,1.0
74,Location Sharing & Privacy,Mobile Life & Attention,2003,1,1.0,0.0,0.0,2.0
74,Location Sharing & Privacy,Mobile Life & Attention,2004,7,0.286,0.143,0.571,1.5
74,Location Sharing & Privacy,Mobile Life & Attention,2005,29,0.241,0.207,0.552,1.71
74,Location Sharing & Privacy,Mobile Life & Attention,2006,54,0.389,0.148,0.463,1.86
74,Location Sharing & Privacy,Mobile Life & Attention,2007,21,0.381,0.19,0.429,2.0
74,Location Sharing & Privacy,Mobile Life & Attention,2008,22,0.682,0.0,0.318,3.0
74,Location Sharing & Privacy,Mobile Life & Attention,2009,40,0.4,0.05,0.55,2.69
74,Location Sharing & Privacy,Mobile Life & Attention,2010,54,0.685,0.148,0.167,3.32
74,Location Sharing & Privacy,Mobile Life & Attention,2011,90,0.567,0.044,0.389,3.33
74,Location Sharing & Privacy,Mobile Life & Attention,2012,57,0.526,0.018,0.456,3.67
74,Location Sharing & Privacy,Mobile Life & Attention,2013,73,0.603,0.096,0.301,4.41
74,Location Sharing & Privacy,Mobile Life & Attention,2014,51,0.706,0.039,0.255,5.17
74,Location Sharing & Privacy,Mobile Life & Attention,2015,42,0.69,0.143,0.167,5.28
74,Location Sharing & Privacy,Mobile Life & Attention,2016,61,0.492,0.082,0.426,5.7
74,Location Sharing & Privacy,Mobile Life & Attention,2017,12,0.667,0.167,0.167,5.75
74,Location Sharing & Privacy,Mobile Life & Attention,2018,1,1.0,0.0,0.0,4.0
74,Location Sharing & Privacy,Mobile Life & Attention,2019,10,0.6,0.2,0.2,13.0
74,Location Sharing & Privacy,Mobile Life & Attention,2020,30,0.333,0.233,0.433,9.5
74,Location Sharing & Privacy,Mobile Life & Attention,2021,23,0.261,0.043,0.696,8.17
74,Location Sharing & Privacy,Mobile Life & Attention,2022,2,1.0,0.0,0.0,5.5
74,Location Sharing & Privacy,Mobile Life & Attention,2023,23,0.174,0.217,0.609,9.75
74,Location Sharing & Privacy,Mobile Life & Attention,2024,7,0.429,0.0,0.571,15.67
75,Task Switching at Work,Mobile Life & Attention,1993,1,0.0,0.0,1.0,
75,Task Switching at Work,Mobile Life & Attention,2000,4,0.25,0.0,0.75,7.0
75,Task Switching at Work,Mobile Life & Attention,2004,13,0.154,0.692,0.154,8.0
75,Task Switching at Work,Mobile Life & Attention,2005,10,0.2,0.6,0.2,1.0
75,Task Switching at Work,Mobile Life & Attention,2006,18,0.278,0.333,0.389,1.8
75,Task Switching at Work,Mobile Life & Attention,2007,11,0.455,0.545,0.0,4.8
75,Task Switching at Work,Mobile Life & Attention,2008,29,0.414,0.345,0.241,3.25
75,Task Switching at Work,Mobile Life & Attention,2009,21,0.381,0.476,0.143,3.62
75,Task Switching at Work,Mobile Life & Attention,2010,68,0.353,0.397,0.25,4.67
75,Task Switching at Work,Mobile Life & Attention,2011,15,0.733,0.2,0.067,5.36
75,Task Switching at Work,Mobile Life & Attention,2012,22,0.273,0.136,0.591,6.83
75,Task Switching at Work,Mobile Life & Attention,2013,2,0.0,0.0,1.0,
75,Task Switching at Work,Mobile Life & Attention,2014,54,0.556,0.185,0.259,6.93
75,Task Switching at Work,Mobile Life & Attention,2015,33,0.636,0.273,0.091,5.9
75,Task Switching at Work,Mobile Life & Attention,2016,102,0.471,0.098,0.431,6.1
75,Task Switching at Work,Mobile Life & Attention,2017,12,0.5,0.083,0.417,5.33
75,Task Switching at Work,Mobile Life & Attention,2018,53,0.566,0.245,0.189,5.83
75,Task Switching at Work,Mobile Life & Attention,2019,60,0.4,0.217,0.383,7.12
75,Task Switching at Work,Mobile Life & Attention,2020,139,0.468,0.237,0.295,8.51
75,Task Switching at Work,Mobile Life & Attention,2021,46,0.413,0.109,0.478,10.89
75,Task Switching at Work,Mobile Life & Attention,2022,158,0.278,0.259,0.462,6.91
75,Task Switching at Work,Mobile Life & Attention,2023,117,0.427,0.137,0.436,7.6
75,Task Switching at Work,Mobile Life & Attention,2024,130,0.4,0.254,0.346,9.5
75,Task Switching at Work,Mobile Life & Attention,2025,130,0.362,0.185,0.454,9.81
75,Task Switching at Work,Mobile Life & Attention,2026,72,0.375,0.167,0.458,10.56
76,Mobile Information Needs & Translation,Mobile Life & Attention,1983,2,0.5,0.5,0.0,0.0
76,Mobile Information Needs & Translation,Mobile Life & Attention,1988,1,1.0,0.0,0.0,5.0
76,Mobile Information Needs & Translation,Mobile Life & Attention,1997,14,0.214,0.0,0.786,2.33
76,Mobile Information Needs & Translation,Mobile Life & Attention,2000,6,0.5,0.0,0.5,11.33
76,Mobile Information Needs & Translation,Mobile Life & Attention,2001,4,0.5,0.0,0.5,5.0
76,Mobile Information Needs & Translation,Mobile Life & Attention,2002,13,0.462,0.077,0.462,1.83
76,Mobile Information Needs & Translation,Mobile Life & Attention,2003,3,0.333,0.333,0.333,3.0
76,Mobile Information Needs & Translation,Mobile Life & Attention,2004,10,0.2,0.2,0.6,2.0
76,Mobile Information Needs & Translation,Mobile Life & Attention,2005,6,0.5,0.333,0.167,5.0
76,Mobile Information Needs & Translation,Mobile Life & Attention,2006,22,0.091,0.182,0.727,3.5
76,Mobile Information Needs & Translation,Mobile Life & Attention,2007,16,0.25,0.062,0.688,3.5
76,Mobile Information Needs & Translation,Mobile Life & Attention,2008,31,0.323,0.355,0.323,3.8
76,Mobile Information Needs & Translation,Mobile Life & Attention,2009,18,0.444,0.0,0.556,2.25
76,Mobile Information Needs & Translation,Mobile Life & Attention,2010,47,0.468,0.149,0.383,4.32
76,Mobile Information Needs & Translation,Mobile Life & Attention,2011,47,0.362,0.085,0.553,3.41
76,Mobile Information Needs & Translation,Mobile Life & Attention,2012,47,0.511,0.149,0.34,3.5
76,Mobile Information Needs & Translation,Mobile Life & Attention,2013,94,0.457,0.096,0.447,4.95
76,Mobile Information Needs & Translation,Mobile Life & Attention,2014,114,0.456,0.123,0.421,4.79
76,Mobile Information Needs & Translation,Mobile Life & Attention,2015,149,0.436,0.154,0.409,3.72
76,Mobile Information Needs & Translation,Mobile Life & Attention,2016,117,0.385,0.179,0.436,4.2
76,Mobile Information Needs & Translation,Mobile Life & Attention,2017,206,0.451,0.16,0.388,4.09
76,Mobile Information Needs & Translation,Mobile Life & Attention,2018,121,0.438,0.14,0.421,5.38
76,Mobile Information Needs & Translation,Mobile Life & Attention,2019,84,0.452,0.119,0.429,5.08
76,Mobile Information Needs & Translation,Mobile Life & Attention,2020,76,0.447,0.105,0.447,4.74
76,Mobile Information Needs & Translation,Mobile Life & Attention,2021,149,0.43,0.195,0.376,7.03
76,Mobile Information Needs & Translation,Mobile Life & Attention,2022,117,0.573,0.094,0.333,7.42
76,Mobile Information Needs & Translation,Mobile Life & Attention,2023,41,0.463,0.049,0.488,6.47
76,Mobile Information Needs & Translation,Mobile Life & Attention,2024,106,0.434,0.094,0.472,8.04
76,Mobile Information Needs & Translation,Mobile Life & Attention,2025,89,0.494,0.034,0.472,10.07
76,Mobile Information Needs & Translation,Mobile Life & Attention,2026,91,0.286,0.044,0.67,9.38
77,Recommender Explanations & User-centric Evaluation,Recommender Systems,2000,4,0.25,0.5,0.25,8.0
77,Recommender Explanations & User-centric Evaluation,Recommender Systems,2001,5,0.0,0.4,0.6,
77,Recommender Explanations & User-centric Evaluation,Recommender Systems,2002,3,0.0,0.667,0.333,
77,Recommender Explanations & User-centric Evaluation,Recommender Systems,2003,8,0.25,0.25,0.5,2.5
77,Recommender Explanations & User-centric Evaluation,Recommender Systems,2004,2,0.0,1.0,0.0,
77,Recommender Explanations & User-centric Evaluation,Recommender Systems,2005,8,0.25,0.5,0.25,4.5
77,Recommender Explanations & User-centric Evaluation,Recommender Systems,2006,10,0.6,0.4,0.0,3.67
77,Recommender Explanations & User-centric Evaluation,Recommender Systems,2007,8,1.0,0.0,0.0,3.38
77,Recommender Explanations & User-centric Evaluation,Recommender Systems,2008,12,0.583,0.417,0.0,4.71
77,Recommender Explanations & User-centric Evaluation,Recommender Systems,2009,18,0.611,0.278,0.111,4.91
77,Recommender Explanations & User-centric Evaluation,Recommender Systems,2010,33,0.485,0.364,0.152,4.31
77,Recommender Explanations & User-centric Evaluation,Recommender Systems,2011,33,0.697,0.182,0.121,5.13
77,Recommender Explanations & User-centric Evaluation,Recommender Systems,2012,33,0.636,0.212,0.152,3.86
77,Recommender Explanations & User-centric Evaluation,Recommender Systems,2013,28,0.536,0.286,0.179,4.73
77,Recommender Explanations & User-centric Evaluation,Recommender Systems,2014,31,0.581,0.419,0.0,4.33
77,Recommender Explanations & User-centric Evaluation,Recommender Systems,2015,80,0.575,0.35,0.075,4.13
77,Recommender Explanations & User-centric Evaluation,Recommender Systems,2016,107,0.654,0.215,0.131,5.41
77,Recommender Explanations & User-centric Evaluation,Recommender Systems,2017,95,0.684,0.2,0.116,5.75
77,Recommender Explanations & User-centric Evaluation,Recommender Systems,2018,146,0.658,0.205,0.137,5.98
77,Recommender Explanations & User-centric Evaluation,Recommender Systems,2019,206,0.728,0.131,0.141,5.41
77,Recommender Explanations & User-centric Evaluation,Recommender Systems,2020,188,0.612,0.202,0.186,6.54
77,Recommender Explanations & User-centric Evaluation,Recommender Systems,2021,209,0.569,0.167,0.263,6.86
77,Recommender Explanations & User-centric Evaluation,Recommender Systems,2022,207,0.551,0.179,0.271,6.46
77,Recommender Explanations & User-centric Evaluation,Recommender Systems,2023,133,0.586,0.15,0.263,6.42
77,Recommender Explanations & User-centric Evaluation,Recommender Systems,2024,97,0.598,0.227,0.175,6.69
77,Recommender Explanations & User-centric Evaluation,Recommender Systems,2025,248,0.431,0.226,0.343,7.77
77,Recommender Explanations & User-centric Evaluation,Recommender Systems,2026,110,0.618,0.091,0.291,6.76
78,Sequential & Session-based Recommendation,Recommender Systems,2009,4,0.0,1.0,0.0,
78,Sequential & Session-based Recommendation,Recommender Systems,2010,3,0.333,0.667,0.0,1.0
78,Sequential & Session-based Recommendation,Recommender Systems,2011,7,0.714,0.286,0.0,1.2
78,Sequential & Session-based Recommendation,Recommender Systems,2012,10,0.7,0.3,0.0,1.86
78,Sequential & Session-based Recommendation,Recommender Systems,2013,17,0.882,0.118,0.0,2.07
78,Sequential & Session-based Recommendation,Recommender Systems,2014,15,0.467,0.467,0.067,2.86
78,Sequential & Session-based Recommendation,Recommender Systems,2015,22,0.682,0.318,0.0,3.33
78,Sequential & Session-based Recommendation,Recommender Systems,2016,11,0.364,0.636,0.0,4.75
78,Sequential & Session-based Recommendation,Recommender Systems,2017,15,0.6,0.4,0.0,5.67
78,Sequential & Session-based Recommendation,Recommender Systems,2018,19,0.211,0.632,0.158,3.25
78,Sequential & Session-based Recommendation,Recommender Systems,2019,55,0.4,0.564,0.036,5.0
78,Sequential & Session-based Recommendation,Recommender Systems,2020,58,0.655,0.345,0.0,4.71
78,Sequential & Session-based Recommendation,Recommender Systems,2021,49,0.653,0.347,0.0,4.34
78,Sequential & Session-based Recommendation,Recommender Systems,2022,72,0.667,0.333,0.0,3.92
78,Sequential & Session-based Recommendation,Recommender Systems,2023,177,0.695,0.282,0.023,3.54
78,Sequential & Session-based Recommendation,Recommender Systems,2024,140,0.764,0.236,0.0,3.35
78,Sequential & Session-based Recommendation,Recommender Systems,2025,252,0.758,0.242,0.0,3.7
78,Sequential & Session-based Recommendation,Recommender Systems,2026,13,0.615,0.308,0.077,3.75
79,Neural Session Recommendation,Recommender Systems,2011,5,0.6,0.4,0.0,1.33
79,Neural Session Recommendation,Recommender Systems,2012,9,0.444,0.333,0.222,1.25
79,Neural Session Recommendation,Recommender Systems,2013,2,1.0,0.0,0.0,4.5
79,Neural Session Recommendation,Recommender Systems,2014,20,0.45,0.55,0.0,3.11
79,Neural Session Recommendation,Recommender Systems,2015,10,0.3,0.5,0.2,2.67
79,Neural Session Recommendation,Recommender Systems,2016,40,0.375,0.55,0.075,4.07
79,Neural Session Recommendation,Recommender Systems,2017,73,0.575,0.397,0.027,1.6
79,Neural Session Recommendation,Recommender Systems,2018,74,0.554,0.446,0.0,3.2
79,Neural Session Recommendation,Recommender Systems,2019,46,0.826,0.174,0.0,3.55
79,Neural Session Recommendation,Recommender Systems,2020,57,0.649,0.351,0.0,3.54
79,Neural Session Recommendation,Recommender Systems,2021,47,0.66,0.298,0.043,3.84
79,Neural Session Recommendation,Recommender Systems,2022,86,0.581,0.256,0.163,3.82
79,Neural Session Recommendation,Recommender Systems,2023,75,0.68,0.32,0.0,4.35
79,Neural Session Recommendation,Recommender Systems,2024,96,0.75,0.24,0.01,4.25
79,Neural Session Recommendation,Recommender Systems,2025,78,0.731,0.256,0.013,4.56
80,"Diversity, Novelty & Bias in Recommendation",Recommender Systems,2007,2,0.0,0.5,0.5,
80,"Diversity, Novelty & Bias in Recommendation",Recommender Systems,2008,1,0.0,1.0,0.0,
80,"Diversity, Novelty & Bias in Recommendation",Recommender Systems,2009,6,0.667,0.333,0.0,1.5
80,"Diversity, Novelty & Bias in Recommendation",Recommender Systems,2010,6,0.5,0.333,0.167,1.67
80,"Diversity, Novelty & Bias in Recommendation",Recommender Systems,2011,21,0.381,0.476,0.143,2.38
80,"Diversity, Novelty & Bias in Recommendation",Recommender Systems,2012,11,0.455,0.545,0.0,2.0
80,"Diversity, Novelty & Bias in Recommendation",Recommender Systems,2013,23,0.522,0.478,0.0,2.83
80,"Diversity, Novelty & Bias in Recommendation",Recommender Systems,2014,31,0.613,0.387,0.0,3.11
80,"Diversity, Novelty & Bias in Recommendation",Recommender Systems,2015,15,0.733,0.267,0.0,4.36
80,"Diversity, Novelty & Bias in Recommendation",Recommender Systems,2016,11,0.455,0.545,0.0,4.2
80,"Diversity, Novelty & Bias in Recommendation",Recommender Systems,2017,31,0.742,0.226,0.032,4.39
80,"Diversity, Novelty & Bias in Recommendation",Recommender Systems,2018,48,0.542,0.438,0.021,5.62
80,"Diversity, Novelty & Bias in Recommendation",Recommender Systems,2019,23,0.783,0.13,0.087,6.0
80,"Diversity, Novelty & Bias in Recommendation",Recommender Systems,2020,55,0.782,0.2,0.018,5.23
80,"Diversity, Novelty & Bias in Recommendation",Recommender Systems,2021,68,0.662,0.324,0.015,4.69
80,"Diversity, Novelty & Bias in Recommendation",Recommender Systems,2022,83,0.482,0.325,0.193,6.7
80,"Diversity, Novelty & Bias in Recommendation",Recommender Systems,2023,62,0.597,0.355,0.048,5.3
80,"Diversity, Novelty & Bias in Recommendation",Recommender Systems,2024,133,0.602,0.308,0.09,5.16
80,"Diversity, Novelty & Bias in Recommendation",Recommender Systems,2025,130,0.815,0.177,0.008,4.68
80,"Diversity, Novelty & Bias in Recommendation",Recommender Systems,2026,48,0.542,0.354,0.104,5.65
81,Collaborative Filtering & Trust,Recommender Systems,1995,2,0.0,1.0,0.0,
81,Collaborative Filtering & Trust,Recommender Systems,1998,5,0.8,0.2,0.0,3.0
81,Collaborative Filtering & Trust,Recommender Systems,2000,1,1.0,0.0,0.0,5.0
81,Collaborative Filtering & Trust,Recommender Systems,2002,1,1.0,0.0,0.0,4.0
81,Collaborative Filtering & Trust,Recommender Systems,2003,14,0.786,0.071,0.143,4.36
81,Collaborative Filtering & Trust,Recommender Systems,2004,4,0.75,0.0,0.25,3.33
81,Collaborative Filtering & Trust,Recommender Systems,2005,3,1.0,0.0,0.0,1.33
81,Collaborative Filtering & Trust,Recommender Systems,2006,4,1.0,0.0,0.0,4.0
81,Collaborative Filtering & Trust,Recommender Systems,2007,23,0.826,0.13,0.043,4.47
81,Collaborative Filtering & Trust,Recommender Systems,2008,27,0.778,0.074,0.148,4.48
81,Collaborative Filtering & Trust,Recommender Systems,2009,50,0.84,0.14,0.02,3.52
81,Collaborative Filtering & Trust,Recommender Systems,2010,38,0.632,0.184,0.184,4.67
81,Collaborative Filtering & Trust,Recommender Systems,2011,42,0.738,0.095,0.167,4.74
81,Collaborative Filtering & Trust,Recommender Systems,2012,42,0.619,0.238,0.143,5.04
81,Collaborative Filtering & Trust,Recommender Systems,2013,36,0.861,0.083,0.056,5.13
81,Collaborative Filtering & Trust,Recommender Systems,2014,34,0.706,0.235,0.059,5.62
81,Collaborative Filtering & Trust,Recommender Systems,2015,23,0.609,0.261,0.13,5.57
81,Collaborative Filtering & Trust,Recommender Systems,2016,11,0.727,0.273,0.0,8.38
81,Collaborative Filtering & Trust,Recommender Systems,2017,39,0.795,0.205,0.0,5.35
81,Collaborative Filtering & Trust,Recommender Systems,2018,36,0.528,0.361,0.111,8.32
81,Collaborative Filtering & Trust,Recommender Systems,2019,31,0.71,0.129,0.161,8.91
81,Collaborative Filtering & Trust,Recommender Systems,2020,23,0.565,0.304,0.13,10.92
81,Collaborative Filtering & Trust,Recommender Systems,2021,4,0.25,0.75,0.0,12.0
81,Collaborative Filtering & Trust,Recommender Systems,2022,34,0.235,0.176,0.588,10.0
81,Collaborative Filtering & Trust,Recommender Systems,2023,16,0.562,0.375,0.062,12.22
81,Collaborative Filtering & Trust,Recommender Systems,2024,9,0.333,0.556,0.111,8.33
81,Collaborative Filtering & Trust,Recommender Systems,2025,9,0.667,0.333,0.0,9.67
81,Collaborative Filtering & Trust,Recommender Systems,2026,4,0.5,0.5,0.0,8.5
82,Knowledge-aware & LLM Recommendation,Recommender Systems,2007,1,0.0,1.0,0.0,
82,Knowledge-aware & LLM Recommendation,Recommender Systems,2011,7,0.0,1.0,0.0,
82,Knowledge-aware & LLM Recommendation,Recommender Systems,2012,23,0.261,0.696,0.043,1.67
82,Knowledge-aware & LLM Recommendation,Recommender Systems,2013,19,0.526,0.421,0.053,2.1
82,Knowledge-aware & LLM Recommendation,Recommender Systems,2014,21,0.762,0.238,0.0,2.12
82,Knowledge-aware & LLM Recommendation,Recommender Systems,2015,6,0.833,0.167,0.0,3.4
82,Knowledge-aware & LLM Recommendation,Recommender Systems,2016,14,0.571,0.429,0.0,4.0
82,Knowledge-aware & LLM Recommendation,Recommender Systems,2017,19,0.579,0.316,0.105,4.18
82,Knowledge-aware & LLM Recommendation,Recommender Systems,2018,18,0.444,0.556,0.0,6.38
82,Knowledge-aware & LLM Recommendation,Recommender Systems,2019,14,0.286,0.714,0.0,5.75
82,Knowledge-aware & LLM Recommendation,Recommender Systems,2020,10,0.5,0.5,0.0,4.6
82,Knowledge-aware & LLM Recommendation,Recommender Systems,2021,45,0.622,0.311,0.067,5.89
82,Knowledge-aware & LLM Recommendation,Recommender Systems,2022,24,0.583,0.333,0.083,4.64
82,Knowledge-aware & LLM Recommendation,Recommender Systems,2023,79,0.519,0.468,0.013,3.41
82,Knowledge-aware & LLM Recommendation,Recommender Systems,2024,117,0.684,0.282,0.034,2.88
82,Knowledge-aware & LLM Recommendation,Recommender Systems,2025,117,0.778,0.214,0.009,2.45
82,Knowledge-aware & LLM Recommendation,Recommender Systems,2026,15,0.6,0.333,0.067,3.78
83,Industrial Recommendation & CTR Prediction,Recommender Systems,2011,2,0.5,0.5,0.0,1.0
83,Industrial Recommendation & CTR Prediction,Recommender Systems,2012,4,0.25,0.75,0.0,2.0
83,Industrial Recommendation & CTR Prediction,Recommender Systems,2013,10,0.4,0.6,0.0,1.75
83,Industrial Recommendation & CTR Prediction,Recommender Systems,2014,5,0.2,0.8,0.0,2.0
83,Industrial Recommendation & CTR Prediction,Recommender Systems,2016,3,1.0,0.0,0.0,4.0
83,Industrial Recommendation & CTR Prediction,Recommender Systems,2017,3,1.0,0.0,0.0,2.33
83,Industrial Recommendation & CTR Prediction,Recommender Systems,2018,30,0.5,0.433,0.067,4.4
83,Industrial Recommendation & CTR Prediction,Recommender Systems,2019,27,0.704,0.259,0.037,4.26
83,Industrial Recommendation & CTR Prediction,Recommender Systems,2020,47,0.596,0.404,0.0,3.18
83,Industrial Recommendation & CTR Prediction,Recommender Systems,2021,15,0.733,0.267,0.0,4.09
83,Industrial Recommendation & CTR Prediction,Recommender Systems,2022,23,0.913,0.087,0.0,3.95
83,Industrial Recommendation & CTR Prediction,Recommender Systems,2023,65,0.708,0.292,0.0,4.89
83,Industrial Recommendation & CTR Prediction,Recommender Systems,2024,44,0.886,0.114,0.0,4.9
83,Industrial Recommendation & CTR Prediction,Recommender Systems,2025,59,0.864,0.102,0.034,6.2
83,Industrial Recommendation & CTR Prediction,Recommender Systems,2026,27,0.407,0.481,0.111,6.55
84,Web Search & Navigation,Recommender Systems,1991,5,0.0,0.0,1.0,
84,Web Search & Navigation,Recommender Systems,1992,6,0.333,0.0,0.667,1.0
84,Web Search & Navigation,Recommender Systems,1993,1,1.0,0.0,0.0,1.0
84,Web Search & Navigation,Recommender Systems,1995,13,0.231,0.0,0.769,3.33
84,Web Search & Navigation,Recommender Systems,1996,14,0.643,0.143,0.214,1.56
84,Web Search & Navigation,Recommender Systems,1997,39,0.615,0.103,0.282,2.12
84,Web Search & Navigation,Recommender Systems,1998,33,0.758,0.091,0.152,2.16
84,Web Search & Navigation,Recommender Systems,1999,34,0.824,0.059,0.118,2.5
84,Web Search & Navigation,Recommender Systems,2000,19,0.684,0.053,0.263,3.31
84,Web Search & Navigation,Recommender Systems,2001,21,0.714,0.0,0.286,3.6
84,Web Search & Navigation,Recommender Systems,2002,25,0.52,0.04,0.44,3.77
84,Web Search & Navigation,Recommender Systems,2003,45,0.667,0.067,0.267,4.6
84,Web Search & Navigation,Recommender Systems,2004,15,0.267,0.0,0.733,5.75
84,Web Search & Navigation,Recommender Systems,2005,17,0.706,0.059,0.235,3.58
84,Web Search & Navigation,Recommender Systems,2006,2,0.5,0.0,0.5,8.0
84,Web Search & Navigation,Recommender Systems,2007,21,0.81,0.048,0.143,6.24
84,Web Search & Navigation,Recommender Systems,2008,23,0.565,0.0,0.435,6.62
84,Web Search & Navigation,Recommender Systems,2009,13,0.615,0.0,0.385,7.0
84,Web Search & Navigation,Recommender Systems,2010,44,0.432,0.068,0.5,6.42
84,Web Search & Navigation,Recommender Systems,2011,34,0.647,0.0,0.353,9.64
84,Web Search & Navigation,Recommender Systems,2012,36,0.556,0.056,0.389,6.45
84,Web Search & Navigation,Recommender Systems,2013,30,0.733,0.033,0.233,8.86
84,Web Search & Navigation,Recommender Systems,2014,24,0.458,0.083,0.458,7.27
84,Web Search & Navigation,Recommender Systems,2015,56,0.625,0.107,0.268,8.43
84,Web Search & Navigation,Recommender Systems,2016,49,0.51,0.143,0.347,8.92
84,Web Search & Navigation,Recommender Systems,2017,57,0.596,0.07,0.333,8.38
84,Web Search & Navigation,Recommender Systems,2018,35,0.514,0.229,0.257,6.28
84,Web Search & Navigation,Recommender Systems,2019,7,1.0,0.0,0.0,3.86
84,Web Search & Navigation,Recommender Systems,2020,29,0.586,0.414,0.0,6.41
84,Web Search & Navigation,Recommender Systems,2021,27,0.37,0.037,0.593,7.2
84,Web Search & Navigation,Recommender Systems,2022,11,0.545,0.0,0.455,12.83
84,Web Search & Navigation,Recommender Systems,2023,1,1.0,0.0,0.0,7.0
84,Web Search & Navigation,Recommender Systems,2024,13,0.692,0.154,0.154,6.78
84,Web Search & Navigation,Recommender Systems,2025,5,0.6,0.0,0.4,23.0
84,Web Search & Navigation,Recommender Systems,2026,17,0.412,0.0,0.588,15.43
85,Context-aware & Cold-start Recommendation,Recommender Systems,2007,2,0.0,1.0,0.0,
85,Context-aware & Cold-start Recommendation,Recommender Systems,2008,1,1.0,0.0,0.0,1.0
85,Context-aware & Cold-start Recommendation,Recommender Systems,2009,7,0.714,0.286,0.0,1.4
85,Context-aware & Cold-start Recommendation,Recommender Systems,2010,17,0.588,0.294,0.118,1.1
85,Context-aware & Cold-start Recommendation,Recommender Systems,2011,11,0.455,0.364,0.182,1.6
85,Context-aware & Cold-start Recommendation,Recommender Systems,2012,20,0.65,0.3,0.05,1.92
85,Context-aware & Cold-start Recommendation,Recommender Systems,2013,35,0.571,0.4,0.029,2.85
85,Context-aware & Cold-start Recommendation,Recommender Systems,2014,43,0.674,0.209,0.116,2.93
85,Context-aware & Cold-start Recommendation,Recommender Systems,2015,30,0.767,0.167,0.067,4.26
85,Context-aware & Cold-start Recommendation,Recommender Systems,2016,15,0.867,0.067,0.067,4.69
85,Context-aware & Cold-start Recommendation,Recommender Systems,2017,74,0.635,0.311,0.054,4.81
85,Context-aware & Cold-start Recommendation,Recommender Systems,2018,13,0.615,0.385,0.0,3.5
85,Context-aware & Cold-start Recommendation,Recommender Systems,2019,36,0.611,0.361,0.028,4.86
85,Context-aware & Cold-start Recommendation,Recommender Systems,2020,7,0.857,0.143,0.0,2.83
85,Context-aware & Cold-start Recommendation,Recommender Systems,2021,15,0.733,0.2,0.067,5.18
85,Context-aware & Cold-start Recommendation,Recommender Systems,2022,5,1.0,0.0,0.0,5.0
85,Context-aware & Cold-start Recommendation,Recommender Systems,2023,33,0.485,0.455,0.061,6.56
85,Context-aware & Cold-start Recommendation,Recommender Systems,2024,11,0.545,0.455,0.0,7.0
85,Context-aware & Cold-start Recommendation,Recommender Systems,2025,7,0.429,0.571,0.0,3.67
85,Context-aware & Cold-start Recommendation,Recommender Systems,2026,2,1.0,0.0,0.0,8.0
86,News Recommendation & Offline Evaluation,Recommender Systems,2001,2,0.0,0.5,0.5,
86,News Recommendation & Offline Evaluation,Recommender Systems,2004,2,0.0,0.5,0.5,
86,News Recommendation & Offline Evaluation,Recommender Systems,2008,2,1.0,0.0,0.0,1.0
86,News Recommendation & Offline Evaluation,Recommender Systems,2009,1,1.0,0.0,0.0,1.0
86,News Recommendation & Offline Evaluation,Recommender Systems,2010,7,0.286,0.714,0.0,3.5
86,News Recommendation & Offline Evaluation,Recommender Systems,2011,2,1.0,0.0,0.0,1.0
86,News Recommendation & Offline Evaluation,Recommender Systems,2012,9,0.444,0.556,0.0,2.75
86,News Recommendation & Offline Evaluation,Recommender Systems,2013,5,0.8,0.2,0.0,3.0
86,News Recommendation & Offline Evaluation,Recommender Systems,2014,15,0.4,0.467,0.133,2.5
86,News Recommendation & Offline Evaluation,Recommender Systems,2015,23,0.391,0.609,0.0,4.78
86,News Recommendation & Offline Evaluation,Recommender Systems,2016,13,0.308,0.692,0.0,3.25
86,News Recommendation & Offline Evaluation,Recommender Systems,2017,18,0.333,0.667,0.0,4.67
86,News Recommendation & Offline Evaluation,Recommender Systems,2018,48,0.208,0.604,0.188,5.4
86,News Recommendation & Offline Evaluation,Recommender Systems,2019,62,0.419,0.565,0.016,4.35
86,News Recommendation & Offline Evaluation,Recommender Systems,2020,46,0.5,0.5,0.0,3.04
86,News Recommendation & Offline Evaluation,Recommender Systems,2021,40,0.65,0.35,0.0,3.54
86,News Recommendation & Offline Evaluation,Recommender Systems,2022,27,0.667,0.296,0.037,2.78
86,News Recommendation & Offline Evaluation,Recommender Systems,2023,54,0.593,0.37,0.037,3.47
86,News Recommendation & Offline Evaluation,Recommender Systems,2024,59,0.881,0.119,0.0,4.27
86,News Recommendation & Offline Evaluation,Recommender Systems,2025,104,0.788,0.202,0.01,4.2
86,News Recommendation & Offline Evaluation,Recommender Systems,2026,10,1.0,0.0,0.0,5.3
87,Social Tagging & Group Recommendation,Recommender Systems,1996,1,0.0,0.0,1.0,
87,Social Tagging & Group Recommendation,Recommender Systems,1997,5,0.6,0.2,0.2,2.0
87,Social Tagging & Group Recommendation,Recommender Systems,1998,13,0.462,0.231,0.308,1.5
87,Social Tagging & Group Recommendation,Recommender Systems,2000,1,1.0,0.0,0.0,3.0
87,Social Tagging & Group Recommendation,Recommender Systems,2001,7,0.429,0.0,0.571,2.67
87,Social Tagging & Group Recommendation,Recommender Systems,2002,13,0.846,0.0,0.154,2.45
87,Social Tagging & Group Recommendation,Recommender Systems,2003,1,1.0,0.0,0.0,2.0
87,Social Tagging & Group Recommendation,Recommender Systems,2005,2,1.0,0.0,0.0,5.0
87,Social Tagging & Group Recommendation,Recommender Systems,2006,4,0.5,0.5,0.0,5.5
87,Social Tagging & Group Recommendation,Recommender Systems,2007,9,0.889,0.111,0.0,5.0
87,Social Tagging & Group Recommendation,Recommender Systems,2008,5,0.2,0.2,0.6,8.0
87,Social Tagging & Group Recommendation,Recommender Systems,2009,21,0.762,0.095,0.143,2.0
87,Social Tagging & Group Recommendation,Recommender Systems,2010,40,0.6,0.225,0.175,2.88
87,Social Tagging & Group Recommendation,Recommender Systems,2011,21,0.571,0.381,0.048,2.67
87,Social Tagging & Group Recommendation,Recommender Systems,2012,20,0.5,0.2,0.3,2.3
87,Social Tagging & Group Recommendation,Recommender Systems,2013,37,0.73,0.162,0.108,3.19
87,Social Tagging & Group Recommendation,Recommender Systems,2014,23,0.913,0.087,0.0,2.38
87,Social Tagging & Group Recommendation,Recommender Systems,2015,30,0.767,0.2,0.033,4.0
87,Social Tagging & Group Recommendation,Recommender Systems,2016,71,0.577,0.197,0.225,3.51
87,Social Tagging & Group Recommendation,Recommender Systems,2017,99,0.697,0.242,0.061,3.87
87,Social Tagging & Group Recommendation,Recommender Systems,2018,82,0.707,0.207,0.085,3.29
87,Social Tagging & Group Recommendation,Recommender Systems,2019,94,0.638,0.181,0.181,3.75
87,Social Tagging & Group Recommendation,Recommender Systems,2020,61,0.754,0.23,0.016,3.72
87,Social Tagging & Group Recommendation,Recommender Systems,2021,58,0.69,0.19,0.121,5.5
87,Social Tagging & Group Recommendation,Recommender Systems,2022,102,0.618,0.147,0.235,6.76
87,Social Tagging & Group Recommendation,Recommender Systems,2023,66,0.697,0.227,0.076,5.02
87,Social Tagging & Group Recommendation,Recommender Systems,2024,87,0.816,0.115,0.069,5.39
87,Social Tagging & Group Recommendation,Recommender Systems,2025,95,0.726,0.211,0.063,4.96
87,Social Tagging & Group Recommendation,Recommender Systems,2026,26,0.615,0.077,0.308,4.88
88,Co-design with Children,Children & Learning,1995,2,0.5,0.0,0.5,4.0
88,Co-design with Children,Children & Learning,1997,6,0.5,0.0,0.5,1.67
88,Co-design with Children,Children & Learning,1998,5,0.2,0.2,0.6,1.0
88,Co-design with Children,Children & Learning,1999,8,0.5,0.0,0.5,1.75
88,Co-design with Children,Children & Learning,2000,3,1.0,0.0,0.0,1.33
88,Co-design with Children,Children & Learning,2001,9,0.222,0.0,0.778,1.5
88,Co-design with Children,Children & Learning,2002,7,0.429,0.0,0.571,5.0
88,Co-design with Children,Children & Learning,2003,18,0.556,0.111,0.333,5.2
88,Co-design with Children,Children & Learning,2004,37,0.622,0.054,0.324,3.17
88,Co-design with Children,Children & Learning,2005,99,0.535,0.091,0.374,4.08
88,Co-design with Children,Children & Learning,2006,47,0.596,0.149,0.255,3.39
88,Co-design with Children,Children & Learning,2007,72,0.653,0.125,0.222,3.74
88,Co-design with Children,Children & Learning,2008,32,0.75,0.031,0.219,5.33
88,Co-design with Children,Children & Learning,2009,30,0.7,0.167,0.133,4.19
88,Co-design with Children,Children & Learning,2010,57,0.737,0.105,0.158,6.24
88,Co-design with Children,Children & Learning,2011,11,0.727,0.0,0.273,7.25
88,Co-design with Children,Children & Learning,2012,76,0.658,0.158,0.184,6.78
88,Co-design with Children,Children & Learning,2013,119,0.664,0.042,0.294,6.86
88,Co-design with Children,Children & Learning,2014,79,0.696,0.038,0.266,5.18
88,Co-design with Children,Children & Learning,2015,59,0.644,0.136,0.22,6.42
88,Co-design with Children,Children & Learning,2016,112,0.607,0.116,0.277,7.43
88,Co-design with Children,Children & Learning,2017,119,0.563,0.143,0.294,7.9
88,Co-design with Children,Children & Learning,2018,72,0.528,0.111,0.361,8.32
88,Co-design with Children,Children & Learning,2019,89,0.461,0.157,0.382,9.07
88,Co-design with Children,Children & Learning,2020,108,0.278,0.185,0.537,10.0
88,Co-design with Children,Children & Learning,2021,222,0.482,0.194,0.324,11.8
88,Co-design with Children,Children & Learning,2022,168,0.482,0.173,0.345,13.09
88,Co-design with Children,Children & Learning,2023,124,0.54,0.073,0.387,9.25
88,Co-design with Children,Children & Learning,2024,219,0.311,0.178,0.511,10.76
88,Co-design with Children,Children & Learning,2025,224,0.263,0.098,0.638,10.58
88,Co-design with Children,Children & Learning,2026,119,0.387,0.193,0.42,13.3
89,Tangibles for Learning,Children & Learning,2002,10,0.0,0.5,0.5,
89,Tangibles for Learning,Children & Learning,2003,4,0.0,0.0,1.0,
89,Tangibles for Learning,Children & Learning,2004,1,1.0,0.0,0.0,1.0
89,Tangibles for Learning,Children & Learning,2005,16,0.125,0.25,0.625,3.0
89,Tangibles for Learning,Children & Learning,2006,13,0.231,0.077,0.692,2.67
89,Tangibles for Learning,Children & Learning,2007,46,0.326,0.152,0.522,2.53
89,Tangibles for Learning,Children & Learning,2008,48,0.521,0.104,0.375,2.2
89,Tangibles for Learning,Children & Learning,2009,42,0.571,0.024,0.405,2.54
89,Tangibles for Learning,Children & Learning,2010,62,0.516,0.177,0.306,2.97
89,Tangibles for Learning,Children & Learning,2011,77,0.584,0.078,0.338,3.16
89,Tangibles for Learning,Children & Learning,2012,97,0.423,0.093,0.485,3.95
89,Tangibles for Learning,Children & Learning,2013,126,0.413,0.135,0.452,4.5
89,Tangibles for Learning,Children & Learning,2014,7,0.429,0.143,0.429,5.67
89,Tangibles for Learning,Children & Learning,2015,105,0.524,0.038,0.438,4.73
89,Tangibles for Learning,Children & Learning,2016,95,0.474,0.074,0.453,4.51
89,Tangibles for Learning,Children & Learning,2017,167,0.443,0.114,0.443,6.36
89,Tangibles for Learning,Children & Learning,2018,121,0.545,0.074,0.38,5.61
89,Tangibles for Learning,Children & Learning,2019,67,0.448,0.104,0.448,7.03
89,Tangibles for Learning,Children & Learning,2020,31,0.387,0.032,0.581,7.58
89,Tangibles for Learning,Children & Learning,2021,90,0.5,0.078,0.422,8.11
89,Tangibles for Learning,Children & Learning,2022,235,0.481,0.221,0.298,9.12
89,Tangibles for Learning,Children & Learning,2023,102,0.52,0.127,0.353,9.02
89,Tangibles for Learning,Children & Learning,2024,75,0.4,0.133,0.467,9.6
89,Tangibles for Learning,Children & Learning,2025,187,0.39,0.123,0.487,8.92
89,Tangibles for Learning,Children & Learning,2026,70,0.5,0.114,0.386,10.06
90,Autistic Children & Technology,Children & Learning,2004,2,0.0,0.0,1.0,
90,Autistic Children & Technology,Children & Learning,2005,2,0.5,0.0,0.5,1.0
90,Autistic Children & Technology,Children & Learning,2008,5,0.8,0.0,0.2,3.0
90,Autistic Children & Technology,Children & Learning,2009,9,0.333,0.111,0.556,4.33
90,Autistic Children & Technology,Children & Learning,2010,18,0.111,0.278,0.611,3.0
90,Autistic Children & Technology,Children & Learning,2011,14,0.286,0.143,0.571,1.5
90,Autistic Children & Technology,Children & Learning,2012,38,0.368,0.316,0.316,2.21
90,Autistic Children & Technology,Children & Learning,2013,20,0.8,0.0,0.2,3.5
90,Autistic Children & Technology,Children & Learning,2014,26,0.385,0.231,0.385,3.7
90,Autistic Children & Technology,Children & Learning,2015,43,0.419,0.256,0.326,3.11
90,Autistic Children & Technology,Children & Learning,2016,93,0.376,0.151,0.473,4.4
90,Autistic Children & Technology,Children & Learning,2017,97,0.526,0.041,0.433,3.73
90,Autistic Children & Technology,Children & Learning,2018,91,0.527,0.187,0.286,4.73
90,Autistic Children & Technology,Children & Learning,2019,87,0.575,0.092,0.333,5.3
90,Autistic Children & Technology,Children & Learning,2020,122,0.492,0.107,0.402,4.32
90,Autistic Children & Technology,Children & Learning,2021,105,0.39,0.124,0.486,4.12
90,Autistic Children & Technology,Children & Learning,2022,53,0.415,0.057,0.528,5.32
90,Autistic Children & Technology,Children & Learning,2023,115,0.426,0.07,0.504,5.35
90,Autistic Children & Technology,Children & Learning,2024,305,0.452,0.115,0.433,5.52
90,Autistic Children & Technology,Children & Learning,2025,263,0.555,0.034,0.411,5.46
90,Autistic Children & Technology,Children & Learning,2026,168,0.452,0.143,0.405,6.28
91,Youth Online Safety,Children & Learning,2005,3,0.0,0.333,0.667,
91,Youth Online Safety,Children & Learning,2007,4,0.25,0.25,0.5,2.0
91,Youth Online Safety,Children & Learning,2011,15,0.0,0.0,1.0,
91,Youth Online Safety,Children & Learning,2012,13,0.154,0.0,0.846,1.0
91,Youth Online Safety,Children & Learning,2013,16,0.0,0.188,0.812,
91,Youth Online Safety,Children & Learning,2014,7,0.429,0.143,0.429,2.0
91,Youth Online Safety,Children & Learning,2015,27,0.333,0.037,0.63,2.0
91,Youth Online Safety,Children & Learning,2016,50,0.46,0.14,0.4,1.74
91,Youth Online Safety,Children & Learning,2017,115,0.696,0.052,0.252,2.11
91,Youth Online Safety,Children & Learning,2018,90,0.578,0.156,0.267,2.29
91,Youth Online Safety,Children & Learning,2019,144,0.556,0.146,0.299,2.44
91,Youth Online Safety,Children & Learning,2020,101,0.436,0.03,0.535,3.73
91,Youth Online Safety,Children & Learning,2021,293,0.427,0.14,0.433,4.6
91,Youth Online Safety,Children & Learning,2022,155,0.49,0.065,0.445,4.32
91,Youth Online Safety,Children & Learning,2023,355,0.437,0.172,0.392,4.78
91,Youth Online Safety,Children & Learning,2024,528,0.462,0.123,0.415,5.41
91,Youth Online Safety,Children & Learning,2025,599,0.518,0.098,0.384,5.17
91,Youth Online Safety,Children & Learning,2026,523,0.468,0.098,0.434,4.96
92,Children's Agency & Research Ethics,Children & Learning,2004,1,0.0,0.0,1.0,
92,Children's Agency & Research Ethics,Children & Learning,2006,1,0.0,0.0,1.0,
92,Children's Agency & Research Ethics,Children & Learning,2007,3,0.0,0.0,1.0,
92,Children's Agency & Research Ethics,Children & Learning,2008,16,0.375,0.375,0.25,1.17
92,Children's Agency & Research Ethics,Children & Learning,2009,3,0.0,0.0,1.0,
92,Children's Agency & Research Ethics,Children & Learning,2010,10,0.7,0.1,0.2,1.14
92,Children's Agency & Research Ethics,Children & Learning,2011,7,0.286,0.429,0.286,2.5
92,Children's Agency & Research Ethics,Children & Learning,2012,15,0.333,0.4,0.267,3.2
92,Children's Agency & Research Ethics,Children & Learning,2013,31,0.452,0.323,0.226,3.86
92,Children's Agency & Research Ethics,Children & Learning,2014,19,0.316,0.316,0.368,3.17
92,Children's Agency & Research Ethics,Children & Learning,2015,5,0.6,0.0,0.4,5.33
92,Children's Agency & Research Ethics,Children & Learning,2016,20,0.15,0.65,0.2,4.33
92,Children's Agency & Research Ethics,Children & Learning,2017,35,0.343,0.457,0.2,2.92
92,Children's Agency & Research Ethics,Children & Learning,2018,65,0.246,0.354,0.4,3.75
92,Children's Agency & Research Ethics,Children & Learning,2019,44,0.409,0.477,0.114,4.17
92,Children's Agency & Research Ethics,Children & Learning,2020,151,0.232,0.464,0.305,4.66
92,Children's Agency & Research Ethics,Children & Learning,2021,106,0.443,0.33,0.226,5.09
92,Children's Agency & Research Ethics,Children & Learning,2022,172,0.302,0.302,0.395,5.06
92,Children's Agency & Research Ethics,Children & Learning,2023,59,0.373,0.339,0.288,5.27
92,Children's Agency & Research Ethics,Children & Learning,2024,122,0.361,0.287,0.352,5.14
92,Children's Agency & Research Ethics,Children & Learning,2025,277,0.274,0.343,0.383,4.63
92,Children's Agency & Research Ethics,Children & Learning,2026,398,0.397,0.279,0.324,3.97
93,AI Literacy & K-12,Children & Learning,2009,9,0.0,0.0,1.0,
93,AI Literacy & K-12,Children & Learning,2011,1,0.0,1.0,0.0,
93,AI Literacy & K-12,Children & Learning,2012,7,0.143,0.429,0.429,2.0
93,AI Literacy & K-12,Children & Learning,2014,5,0.4,0.2,0.4,3.5
93,AI Literacy & K-12,Children & Learning,2015,2,0.0,0.0,1.0,
93,AI Literacy & K-12,Children & Learning,2017,16,0.125,0.25,0.625,1.0
93,AI Literacy & K-12,Children & Learning,2018,12,0.083,0.333,0.583,1.0
93,AI Literacy & K-12,Children & Learning,2019,45,0.244,0.244,0.511,5.09
93,AI Literacy & K-12,Children & Learning,2020,44,0.273,0.159,0.568,2.25
93,AI Literacy & K-12,Children & Learning,2021,136,0.456,0.176,0.368,2.58
93,AI Literacy & K-12,Children & Learning,2022,149,0.383,0.141,0.477,3.05
93,AI Literacy & K-12,Children & Learning,2023,128,0.438,0.117,0.445,3.39
93,AI Literacy & K-12,Children & Learning,2024,247,0.429,0.174,0.397,3.41
93,AI Literacy & K-12,Children & Learning,2025,441,0.41,0.15,0.44,3.36
93,AI Literacy & K-12,Children & Learning,2026,461,0.51,0.128,0.362,3.49
94,Children's Play & Learning Environments,Children & Learning,1998,1,1.0,0.0,0.0,2.0
94,Children's Play & Learning Environments,Children & Learning,1999,3,1.0,0.0,0.0,1.67
94,Children's Play & Learning Environments,Children & Learning,2001,3,0.667,0.333,0.0,3.5
94,Children's Play & Learning Environments,Children & Learning,2002,3,1.0,0.0,0.0,2.67
94,Children's Play & Learning Environments,Children & Learning,2003,4,0.5,0.0,0.5,1.5
94,Children's Play & Learning Environments,Children & Learning,2004,12,0.333,0.167,0.5,3.25
94,Children's Play & Learning Environments,Children & Learning,2005,2,0.0,0.5,0.5,
94,Children's Play & Learning Environments,Children & Learning,2006,20,0.25,0.35,0.4,5.4
94,Children's Play & Learning Environments,Children & Learning,2007,20,0.15,0.2,0.65,1.33
94,Children's Play & Learning Environments,Children & Learning,2008,28,0.321,0.214,0.464,2.22
94,Children's Play & Learning Environments,Children & Learning,2009,38,0.316,0.289,0.395,2.42
94,Children's Play & Learning Environments,Children & Learning,2010,20,0.3,0.25,0.45,2.5
94,Children's Play & Learning Environments,Children & Learning,2011,17,0.471,0.176,0.353,1.12
94,Children's Play & Learning Environments,Children & Learning,2012,67,0.328,0.134,0.537,3.82
94,Children's Play & Learning Environments,Children & Learning,2013,125,0.248,0.208,0.544,3.9
94,Children's Play & Learning Environments,Children & Learning,2014,80,0.487,0.138,0.375,4.36
94,Children's Play & Learning Environments,Children & Learning,2015,55,0.455,0.109,0.436,3.56
94,Children's Play & Learning Environments,Children & Learning,2016,115,0.496,0.122,0.383,4.93
94,Children's Play & Learning Environments,Children & Learning,2017,182,0.456,0.104,0.44,5.46
94,Children's Play & Learning Environments,Children & Learning,2018,213,0.39,0.183,0.427,4.55
94,Children's Play & Learning Environments,Children & Learning,2019,209,0.459,0.191,0.349,5.4
94,Children's Play & Learning Environments,Children & Learning,2020,207,0.502,0.155,0.343,5.58
94,Children's Play & Learning Environments,Children & Learning,2021,207,0.406,0.164,0.43,5.77
94,Children's Play & Learning Environments,Children & Learning,2022,203,0.34,0.128,0.532,5.93
94,Children's Play & Learning Environments,Children & Learning,2023,95,0.547,0.189,0.263,5.48
94,Children's Play & Learning Environments,Children & Learning,2024,301,0.319,0.239,0.442,6.64
94,Children's Play & Learning Environments,Children & Learning,2025,186,0.403,0.161,0.435,7.79
94,Children's Play & Learning Environments,Children & Learning,2026,150,0.353,0.2,0.447,7.25
95,Usable Security & Phishing,"Privacy, Security & Smart Homes",2001,1,0.0,0.0,1.0,
95,Usable Security & Phishing,"Privacy, Security & Smart Homes",2006,3,1.0,0.0,0.0,3.33
95,Usable Security & Phishing,"Privacy, Security & Smart Homes",2007,2,1.0,0.0,0.0,1.0
95,Usable Security & Phishing,"Privacy, Security & Smart Homes",2008,8,0.75,0.0,0.25,2.67
95,Usable Security & Phishing,"Privacy, Security & Smart Homes",2009,7,0.857,0.0,0.143,2.0
95,Usable Security & Phishing,"Privacy, Security & Smart Homes",2010,13,0.769,0.0,0.231,3.0
95,Usable Security & Phishing,"Privacy, Security & Smart Homes",2011,17,0.706,0.0,0.294,4.33
95,Usable Security & Phishing,"Privacy, Security & Smart Homes",2013,4,0.75,0.25,0.0,6.33
95,Usable Security & Phishing,"Privacy, Security & Smart Homes",2014,1,1.0,0.0,0.0,6.0
95,Usable Security & Phishing,"Privacy, Security & Smart Homes",2015,9,0.556,0.222,0.222,6.0
95,Usable Security & Phishing,"Privacy, Security & Smart Homes",2016,8,0.75,0.0,0.25,7.67
95,Usable Security & Phishing,"Privacy, Security & Smart Homes",2017,24,0.625,0.083,0.292,6.33
95,Usable Security & Phishing,"Privacy, Security & Smart Homes",2018,33,0.576,0.182,0.242,8.21
95,Usable Security & Phishing,"Privacy, Security & Smart Homes",2019,94,0.383,0.138,0.479,4.89
95,Usable Security & Phishing,"Privacy, Security & Smart Homes",2020,65,0.569,0.062,0.369,6.89
95,Usable Security & Phishing,"Privacy, Security & Smart Homes",2021,126,0.349,0.079,0.571,4.57
95,Usable Security & Phishing,"Privacy, Security & Smart Homes",2022,91,0.396,0.066,0.538,4.33
95,Usable Security & Phishing,"Privacy, Security & Smart Homes",2023,97,0.742,0.01,0.247,6.33
95,Usable Security & Phishing,"Privacy, Security & Smart Homes",2024,90,0.422,0.1,0.478,6.16
95,Usable Security & Phishing,"Privacy, Security & Smart Homes",2025,228,0.425,0.083,0.491,5.88
95,Usable Security & Phishing,"Privacy, Security & Smart Homes",2026,145,0.497,0.186,0.317,7.03
96,Smart-home Privacy,"Privacy, Security & Smart Homes",2002,1,0.0,1.0,0.0,
96,Smart-home Privacy,"Privacy, Security & Smart Homes",2007,1,1.0,0.0,0.0,5.0
96,Smart-home Privacy,"Privacy, Security & Smart Homes",2008,12,0.0,0.083,0.917,
96,Smart-home Privacy,"Privacy, Security & Smart Homes",2011,5,0.2,0.0,0.8,3.0
96,Smart-home Privacy,"Privacy, Security & Smart Homes",2012,21,0.143,0.19,0.667,2.0
96,Smart-home Privacy,"Privacy, Security & Smart Homes",2014,10,0.2,0.1,0.7,2.0
96,Smart-home Privacy,"Privacy, Security & Smart Homes",2016,19,0.053,0.053,0.895,8.0
96,Smart-home Privacy,"Privacy, Security & Smart Homes",2017,6,0.167,0.333,0.5,9.0
96,Smart-home Privacy,"Privacy, Security & Smart Homes",2018,43,0.233,0.279,0.488,4.6
96,Smart-home Privacy,"Privacy, Security & Smart Homes",2019,75,0.16,0.2,0.64,4.08
96,Smart-home Privacy,"Privacy, Security & Smart Homes",2020,163,0.288,0.178,0.534,3.85
96,Smart-home Privacy,"Privacy, Security & Smart Homes",2021,240,0.375,0.133,0.492,3.72
96,Smart-home Privacy,"Privacy, Security & Smart Homes",2022,293,0.386,0.116,0.498,3.88
96,Smart-home Privacy,"Privacy, Security & Smart Homes",2023,292,0.421,0.113,0.466,3.26
96,Smart-home Privacy,"Privacy, Security & Smart Homes",2024,365,0.518,0.115,0.367,4.57
96,Smart-home Privacy,"Privacy, Security & Smart Homes",2025,248,0.677,0.052,0.27,4.69
96,Smart-home Privacy,"Privacy, Security & Smart Homes",2026,249,0.514,0.068,0.418,4.7
97,Deceptive Advertising Patterns,"Privacy, Security & Smart Homes",2013,6,0.0,0.0,1.0,
97,Deceptive Advertising Patterns,"Privacy, Security & Smart Homes",2014,10,0.0,0.0,1.0,
97,Deceptive Advertising Patterns,"Privacy, Security & Smart Homes",2015,1,0.0,0.0,1.0,
97,Deceptive Advertising Patterns,"Privacy, Security & Smart Homes",2018,22,0.045,0.0,0.955,4.0
97,Deceptive Advertising Patterns,"Privacy, Security & Smart Homes",2019,49,0.265,0.02,0.714,3.0
97,Deceptive Advertising Patterns,"Privacy, Security & Smart Homes",2020,51,0.353,0.078,0.569,2.28
97,Deceptive Advertising Patterns,"Privacy, Security & Smart Homes",2021,107,0.477,0.121,0.402,2.47
97,Deceptive Advertising Patterns,"Privacy, Security & Smart Homes",2022,126,0.421,0.056,0.524,3.02
97,Deceptive Advertising Patterns,"Privacy, Security & Smart Homes",2023,118,0.636,0.051,0.314,3.01
97,Deceptive Advertising Patterns,"Privacy, Security & Smart Homes",2024,332,0.536,0.054,0.41,3.53
97,Deceptive Advertising Patterns,"Privacy, Security & Smart Homes",2025,318,0.569,0.05,0.381,3.71
97,Deceptive Advertising Patterns,"Privacy, Security & Smart Homes",2026,263,0.54,0.023,0.437,4.52
98,Ubicomp Privacy & Home Automation,"Privacy, Security & Smart Homes",1988,4,1.0,0.0,0.0,3.75
98,Ubicomp Privacy & Home Automation,"Privacy, Security & Smart Homes",1993,1,1.0,0.0,0.0,5.0
98,Ubicomp Privacy & Home Automation,"Privacy, Security & Smart Homes",1997,2,0.0,0.0,1.0,
98,Ubicomp Privacy & Home Automation,"Privacy, Security & Smart Homes",1998,1,1.0,0.0,0.0,15.0
98,Ubicomp Privacy & Home Automation,"Privacy, Security & Smart Homes",2001,2,0.0,0.0,1.0,
98,Ubicomp Privacy & Home Automation,"Privacy, Security & Smart Homes",2003,6,0.167,0.0,0.833,6.0
98,Ubicomp Privacy & Home Automation,"Privacy, Security & Smart Homes",2004,7,0.143,0.0,0.857,3.0
98,Ubicomp Privacy & Home Automation,"Privacy, Security & Smart Homes",2005,6,0.0,0.0,1.0,
98,Ubicomp Privacy & Home Automation,"Privacy, Security & Smart Homes",2006,18,0.167,0.0,0.833,1.67
98,Ubicomp Privacy & Home Automation,"Privacy, Security & Smart Homes",2007,8,0.5,0.125,0.375,3.0
98,Ubicomp Privacy & Home Automation,"Privacy, Security & Smart Homes",2008,3,1.0,0.0,0.0,3.67
98,Ubicomp Privacy & Home Automation,"Privacy, Security & Smart Homes",2009,13,0.385,0.077,0.538,2.6
98,Ubicomp Privacy & Home Automation,"Privacy, Security & Smart Homes",2010,11,0.364,0.182,0.455,3.75
98,Ubicomp Privacy & Home Automation,"Privacy, Security & Smart Homes",2011,28,0.393,0.036,0.571,3.82
98,Ubicomp Privacy & Home Automation,"Privacy, Security & Smart Homes",2012,8,0.25,0.125,0.625,8.0
98,Ubicomp Privacy & Home Automation,"Privacy, Security & Smart Homes",2013,18,0.389,0.111,0.5,5.29
98,Ubicomp Privacy & Home Automation,"Privacy, Security & Smart Homes",2014,35,0.371,0.143,0.486,3.54
98,Ubicomp Privacy & Home Automation,"Privacy, Security & Smart Homes",2015,90,0.4,0.067,0.533,3.89
98,Ubicomp Privacy & Home Automation,"Privacy, Security & Smart Homes",2016,60,0.383,0.067,0.55,4.39
98,Ubicomp Privacy & Home Automation,"Privacy, Security & Smart Homes",2017,154,0.338,0.019,0.643,3.75
98,Ubicomp Privacy & Home Automation,"Privacy, Security & Smart Homes",2018,184,0.462,0.033,0.505,4.88
98,Ubicomp Privacy & Home Automation,"Privacy, Security & Smart Homes",2019,129,0.481,0.023,0.496,3.81
98,Ubicomp Privacy & Home Automation,"Privacy, Security & Smart Homes",2020,185,0.427,0.043,0.53,4.41
98,Ubicomp Privacy & Home Automation,"Privacy, Security & Smart Homes",2021,191,0.555,0.12,0.325,6.2
98,Ubicomp Privacy & Home Automation,"Privacy, Security & Smart Homes",2022,184,0.462,0.136,0.402,6.14
98,Ubicomp Privacy & Home Automation,"Privacy, Security & Smart Homes",2023,272,0.401,0.07,0.529,5.34
98,Ubicomp Privacy & Home Automation,"Privacy, Security & Smart Homes",2024,259,0.486,0.112,0.402,6.44
98,Ubicomp Privacy & Home Automation,"Privacy, Security & Smart Homes",2025,390,0.397,0.131,0.472,6.08
98,Ubicomp Privacy & Home Automation,"Privacy, Security & Smart Homes",2026,305,0.525,0.089,0.387,6.18
99,Movement & Somaesthetics,Design Research & Critical HCI,1996,2,0.0,0.0,1.0,
99,Movement & Somaesthetics,Design Research & Critical HCI,2000,1,1.0,0.0,0.0,0.0
99,Movement & Somaesthetics,Design Research & Critical HCI,2002,5,0.2,0.4,0.4,2.0
99,Movement & Somaesthetics,Design Research & Critical HCI,2003,6,0.167,0.833,0.0,1.0
99,Movement & Somaesthetics,Design Research & Critical HCI,2004,14,0.286,0.357,0.357,2.25
99,Movement & Somaesthetics,Design Research & Critical HCI,2006,21,0.286,0.095,0.619,3.83
99,Movement & Somaesthetics,Design Research & Critical HCI,2007,22,0.318,0.5,0.182,5.0
99,Movement & Somaesthetics,Design Research & Critical HCI,2008,51,0.373,0.392,0.235,4.84
99,Movement & Somaesthetics,Design Research & Critical HCI,2009,8,0.375,0.125,0.5,5.0
99,Movement & Somaesthetics,Design Research & Critical HCI,2010,20,0.3,0.3,0.4,2.67
99,Movement & Somaesthetics,Design Research & Critical HCI,2011,37,0.216,0.378,0.405,4.38
99,Movement & Somaesthetics,Design Research & Critical HCI,2012,90,0.289,0.4,0.311,5.38
99,Movement & Somaesthetics,Design Research & Critical HCI,2013,87,0.31,0.253,0.437,6.19
99,Movement & Somaesthetics,Design Research & Critical HCI,2014,98,0.551,0.255,0.194,4.41
99,Movement & Somaesthetics,Design Research & Critical HCI,2015,51,0.49,0.255,0.255,4.36
99,Movement & Somaesthetics,Design Research & Critical HCI,2016,133,0.466,0.338,0.195,4.94
99,Movement & Somaesthetics,Design Research & Critical HCI,2017,120,0.592,0.175,0.233,5.63
99,Movement & Somaesthetics,Design Research & Critical HCI,2018,151,0.331,0.377,0.291,5.36
99,Movement & Somaesthetics,Design Research & Critical HCI,2019,324,0.417,0.299,0.284,5.51
99,Movement & Somaesthetics,Design Research & Critical HCI,2020,405,0.363,0.22,0.417,5.67
99,Movement & Somaesthetics,Design Research & Critical HCI,2021,810,0.391,0.288,0.321,5.38
99,Movement & Somaesthetics,Design Research & Critical HCI,2022,791,0.408,0.258,0.334,5.12
99,Movement & Somaesthetics,Design Research & Critical HCI,2023,936,0.505,0.223,0.271,5.11
99,Movement & Somaesthetics,Design Research & Critical HCI,2024,1471,0.473,0.231,0.296,5.49
99,Movement & Somaesthetics,Design Research & Critical HCI,2025,1297,0.459,0.174,0.367,5.05
99,Movement & Somaesthetics,Design Research & Critical HCI,2026,1561,0.457,0.206,0.337,6.13
100,Bodily Play & Spectator Experience,Design Research & Critical HCI,2000,8,0.0,0.0,1.0,
100,Bodily Play & Spectator Experience,Design Research & Critical HCI,2001,6,0.5,0.0,0.5,1.67
100,Bodily Play & Spectator Experience,Design Research & Critical HCI,2002,46,0.217,0.043,0.739,1.5
100,Bodily Play & Spectator Experience,Design Research & Critical HCI,2003,11,0.364,0.0,0.636,2.5
100,Bodily Play & Spectator Experience,Design Research & Critical HCI,2004,32,0.406,0.25,0.344,2.0
100,Bodily Play & Spectator Experience,Design Research & Critical HCI,2005,60,0.417,0.15,0.433,2.48
100,Bodily Play & Spectator Experience,Design Research & Critical HCI,2006,84,0.524,0.119,0.357,2.52
100,Bodily Play & Spectator Experience,Design Research & Critical HCI,2007,42,0.429,0.214,0.357,3.67
100,Bodily Play & Spectator Experience,Design Research & Critical HCI,2008,83,0.41,0.217,0.373,3.85
100,Bodily Play & Spectator Experience,Design Research & Critical HCI,2009,87,0.552,0.103,0.345,4.54
100,Bodily Play & Spectator Experience,Design Research & Critical HCI,2010,63,0.524,0.175,0.302,3.67
100,Bodily Play & Spectator Experience,Design Research & Critical HCI,2011,95,0.579,0.147,0.274,4.98
100,Bodily Play & Spectator Experience,Design Research & Critical HCI,2012,81,0.519,0.16,0.321,4.93
100,Bodily Play & Spectator Experience,Design Research & Critical HCI,2013,128,0.477,0.211,0.312,4.95
100,Bodily Play & Spectator Experience,Design Research & Critical HCI,2014,186,0.586,0.134,0.28,5.07
100,Bodily Play & Spectator Experience,Design Research & Critical HCI,2015,270,0.548,0.163,0.289,5.1
100,Bodily Play & Spectator Experience,Design Research & Critical HCI,2016,277,0.545,0.116,0.339,5.41
100,Bodily Play & Spectator Experience,Design Research & Critical HCI,2017,473,0.516,0.209,0.275,5.87
100,Bodily Play & Spectator Experience,Design Research & Critical HCI,2018,260,0.542,0.185,0.273,4.84
100,Bodily Play & Spectator Experience,Design Research & Critical HCI,2019,427,0.45,0.171,0.379,5.43
100,Bodily Play & Spectator Experience,Design Research & Critical HCI,2020,399,0.481,0.208,0.311,6.21
100,Bodily Play & Spectator Experience,Design Research & Critical HCI,2021,446,0.457,0.233,0.309,6.42
100,Bodily Play & Spectator Experience,Design Research & Critical HCI,2022,406,0.414,0.128,0.458,6.88
100,Bodily Play & Spectator Experience,Design Research & Critical HCI,2023,321,0.399,0.274,0.327,7.41
100,Bodily Play & Spectator Experience,Design Research & Critical HCI,2024,455,0.374,0.193,0.433,7.11
100,Bodily Play & Spectator Experience,Design Research & Critical HCI,2025,351,0.359,0.217,0.425,8.74
100,Bodily Play & Spectator Experience,Design Research & Critical HCI,2026,223,0.386,0.211,0.404,8.48
101,Speculative & Critical Design,Design Research & Critical HCI,1986,2,0.5,0.0,0.5,1.0
101,Speculative & Critical Design,Design Research & Critical HCI,1990,14,0.214,0.143,0.643,6.67
101,Speculative & Critical Design,Design Research & Critical HCI,1994,7,0.0,0.0,1.0,
101,Speculative & Critical Design,Design Research & Critical HCI,1995,8,0.25,0.0,0.75,3.0
101,Speculative & Critical Design,Design Research & Critical HCI,1996,9,0.111,0.111,0.778,6.0
101,Speculative & Critical Design,Design Research & Critical HCI,1997,1,0.0,0.0,1.0,
101,Speculative & Critical Design,Design Research & Critical HCI,2000,22,0.091,0.0,0.909,0.5
101,Speculative & Critical Design,Design Research & Critical HCI,2001,2,0.0,0.0,1.0,
101,Speculative & Critical Design,Design Research & Critical HCI,2002,8,0.75,0.125,0.125,2.0
101,Speculative & Critical Design,Design Research & Critical HCI,2003,1,1.0,0.0,0.0,8.0
101,Speculative & Critical Design,Design Research & Critical HCI,2004,39,0.308,0.179,0.513,6.17
101,Speculative & Critical Design,Design Research & Critical HCI,2005,11,0.273,0.455,0.273,4.67
101,Speculative & Critical Design,Design Research & Critical HCI,2006,48,0.438,0.333,0.229,6.05
101,Speculative & Critical Design,Design Research & Critical HCI,2007,69,0.319,0.261,0.42,4.82
101,Speculative & Critical Design,Design Research & Critical HCI,2008,38,0.316,0.342,0.342,3.25
101,Speculative & Critical Design,Design Research & Critical HCI,2009,60,0.417,0.3,0.283,5.8
101,Speculative & Critical Design,Design Research & Critical HCI,2010,63,0.413,0.238,0.349,7.0
101,Speculative & Critical Design,Design Research & Critical HCI,2011,38,0.395,0.421,0.184,4.53
101,Speculative & Critical Design,Design Research & Critical HCI,2012,99,0.253,0.414,0.333,5.88
101,Speculative & Critical Design,Design Research & Critical HCI,2013,95,0.379,0.263,0.358,6.69
101,Speculative & Critical Design,Design Research & Critical HCI,2014,172,0.366,0.297,0.337,4.29
101,Speculative & Critical Design,Design Research & Critical HCI,2015,99,0.485,0.323,0.192,5.58
101,Speculative & Critical Design,Design Research & Critical HCI,2016,168,0.375,0.19,0.435,4.98
101,Speculative & Critical Design,Design Research & Critical HCI,2017,302,0.464,0.258,0.278,4.51
101,Speculative & Critical Design,Design Research & Critical HCI,2018,309,0.362,0.262,0.375,5.35
101,Speculative & Critical Design,Design Research & Critical HCI,2019,497,0.431,0.187,0.382,6.4
101,Speculative & Critical Design,Design Research & Critical HCI,2020,424,0.479,0.219,0.302,6.44
101,Speculative & Critical Design,Design Research & Critical HCI,2021,584,0.39,0.2,0.409,5.98
101,Speculative & Critical Design,Design Research & Critical HCI,2022,485,0.334,0.188,0.478,6.22
101,Speculative & Critical Design,Design Research & Critical HCI,2023,625,0.344,0.226,0.43,6.87
101,Speculative & Critical Design,Design Research & Critical HCI,2024,580,0.364,0.214,0.422,6.6
101,Speculative & Critical Design,Design Research & Critical HCI,2025,850,0.376,0.175,0.448,7.32
101,Speculative & Critical Design,Design Research & Critical HCI,2026,731,0.347,0.208,0.445,6.99
102,Sustainable HCI,Design Research & Critical HCI,2005,1,1.0,0.0,0.0,7.0
102,Sustainable HCI,Design Research & Critical HCI,2006,9,0.111,0.556,0.333,1.0
102,Sustainable HCI,Design Research & Critical HCI,2007,4,0.25,0.5,0.25,1.0
102,Sustainable HCI,Design Research & Critical HCI,2008,37,0.243,0.514,0.243,1.33
102,Sustainable HCI,Design Research & Critical HCI,2009,67,0.418,0.313,0.269,1.39
102,Sustainable HCI,Design Research & Critical HCI,2010,145,0.538,0.179,0.283,1.91
102,Sustainable HCI,Design Research & Critical HCI,2011,139,0.604,0.079,0.317,2.19
102,Sustainable HCI,Design Research & Critical HCI,2012,171,0.801,0.064,0.135,2.82
102,Sustainable HCI,Design Research & Critical HCI,2013,353,0.694,0.167,0.139,3.13
102,Sustainable HCI,Design Research & Critical HCI,2014,381,0.551,0.129,0.32,3.33
102,Sustainable HCI,Design Research & Critical HCI,2015,159,0.679,0.126,0.195,3.52
102,Sustainable HCI,Design Research & Critical HCI,2016,314,0.662,0.08,0.258,4.34
102,Sustainable HCI,Design Research & Critical HCI,2017,273,0.582,0.15,0.267,5.06
102,Sustainable HCI,Design Research & Critical HCI,2018,601,0.587,0.158,0.255,5.25
102,Sustainable HCI,Design Research & Critical HCI,2019,445,0.443,0.229,0.328,5.82
102,Sustainable HCI,Design Research & Critical HCI,2020,277,0.419,0.195,0.386,6.72
102,Sustainable HCI,Design Research & Critical HCI,2021,433,0.49,0.245,0.266,5.92
102,Sustainable HCI,Design Research & Critical HCI,2022,392,0.536,0.176,0.288,6.26
102,Sustainable HCI,Design Research & Critical HCI,2023,748,0.536,0.189,0.275,7.23
102,Sustainable HCI,Design Research & Critical HCI,2024,450,0.547,0.138,0.316,7.85
102,Sustainable HCI,Design Research & Critical HCI,2025,764,0.488,0.131,0.381,7.87
102,Sustainable HCI,Design Research & Critical HCI,2026,755,0.413,0.159,0.428,7.22
103,Family Video Communication,Design Research & Critical HCI,1996,7,0.0,0.0,1.0,
103,Family Video Communication,Design Research & Critical HCI,1997,1,1.0,0.0,0.0,1.0
103,Family Video Communication,Design Research & Critical HCI,1999,7,0.143,0.143,0.714,2.0
103,Family Video Communication,Design Research & Critical HCI,2000,8,0.25,0.25,0.5,2.5
103,Family Video Communication,Design Research & Critical HCI,2001,19,0.158,0.105,0.737,3.33
103,Family Video Communication,Design Research & Critical HCI,2002,22,0.545,0.136,0.318,3.33
103,Family Video Communication,Design Research & Critical HCI,2003,36,0.639,0.083,0.278,2.22
103,Family Video Communication,Design Research & Critical HCI,2004,70,0.471,0.071,0.457,2.33
103,Family Video Communication,Design Research & Critical HCI,2005,40,0.55,0.125,0.325,2.95
103,Family Video Communication,Design Research & Critical HCI,2006,155,0.4,0.142,0.458,3.05
103,Family Video Communication,Design Research & Critical HCI,2007,59,0.678,0.136,0.186,3.05
103,Family Video Communication,Design Research & Critical HCI,2008,78,0.59,0.128,0.282,4.11
103,Family Video Communication,Design Research & Critical HCI,2009,119,0.462,0.193,0.345,5.38
103,Family Video Communication,Design Research & Critical HCI,2010,140,0.593,0.093,0.314,4.63
103,Family Video Communication,Design Research & Critical HCI,2011,114,0.658,0.088,0.254,3.03
103,Family Video Communication,Design Research & Critical HCI,2012,249,0.618,0.145,0.237,4.28
103,Family Video Communication,Design Research & Critical HCI,2013,139,0.647,0.137,0.216,3.68
103,Family Video Communication,Design Research & Critical HCI,2014,239,0.519,0.151,0.331,5.02
103,Family Video Communication,Design Research & Critical HCI,2015,194,0.454,0.16,0.387,6.49
103,Family Video Communication,Design Research & Critical HCI,2016,141,0.39,0.191,0.418,6.4
103,Family Video Communication,Design Research & Critical HCI,2017,175,0.423,0.097,0.48,6.31
103,Family Video Communication,Design Research & Critical HCI,2018,283,0.516,0.134,0.35,6.6
103,Family Video Communication,Design Research & Critical HCI,2019,234,0.397,0.197,0.406,8.74
103,Family Video Communication,Design Research & Critical HCI,2020,147,0.503,0.224,0.272,8.3
103,Family Video Communication,Design Research & Critical HCI,2021,472,0.415,0.104,0.481,8.31
103,Family Video Communication,Design Research & Critical HCI,2022,203,0.384,0.202,0.414,8.67
103,Family Video Communication,Design Research & Critical HCI,2023,247,0.401,0.142,0.457,8.89
103,Family Video Communication,Design Research & Critical HCI,2024,410,0.456,0.112,0.432,9.81
103,Family Video Communication,Design Research & Critical HCI,2025,384,0.404,0.174,0.422,10.01
103,Family Video Communication,Design Research & Critical HCI,2026,429,0.371,0.168,0.462,10.12
104,Memory & Reminiscence,Design Research & Critical HCI,1998,1,0.0,0.0,1.0,
104,Memory & Reminiscence,Design Research & Critical HCI,1999,1,0.0,0.0,1.0,
104,Memory & Reminiscence,Design Research & Critical HCI,2000,5,0.2,0.0,0.8,1.0
104,Memory & Reminiscence,Design Research & Critical HCI,2001,9,0.222,0.111,0.667,2.0
104,Memory & Reminiscence,Design Research & Critical HCI,2002,2,1.0,0.0,0.0,2.5
104,Memory & Reminiscence,Design Research & Critical HCI,2003,6,0.667,0.0,0.333,3.0
104,Memory & Reminiscence,Design Research & Critical HCI,2004,11,0.545,0.182,0.273,2.83
104,Memory & Reminiscence,Design Research & Critical HCI,2005,31,0.516,0.065,0.419,3.69
104,Memory & Reminiscence,Design Research & Critical HCI,2006,47,0.574,0.021,0.404,4.0
104,Memory & Reminiscence,Design Research & Critical HCI,2007,24,0.375,0.083,0.542,3.78
104,Memory & Reminiscence,Design Research & Critical HCI,2008,71,0.437,0.239,0.324,4.32
104,Memory & Reminiscence,Design Research & Critical HCI,2009,89,0.517,0.169,0.315,3.98
104,Memory & Reminiscence,Design Research & Critical HCI,2010,106,0.443,0.226,0.33,3.6
104,Memory & Reminiscence,Design Research & Critical HCI,2011,108,0.472,0.25,0.278,3.84
104,Memory & Reminiscence,Design Research & Critical HCI,2012,97,0.505,0.32,0.175,3.57
104,Memory & Reminiscence,Design Research & Critical HCI,2013,114,0.474,0.211,0.316,3.83
104,Memory & Reminiscence,Design Research & Critical HCI,2014,194,0.448,0.335,0.216,4.25
104,Memory & Reminiscence,Design Research & Critical HCI,2015,108,0.472,0.25,0.278,3.82
104,Memory & Reminiscence,Design Research & Critical HCI,2016,195,0.569,0.21,0.221,4.77
104,Memory & Reminiscence,Design Research & Critical HCI,2017,186,0.419,0.269,0.312,6.86
104,Memory & Reminiscence,Design Research & Critical HCI,2018,215,0.479,0.251,0.27,6.25
104,Memory & Reminiscence,Design Research & Critical HCI,2019,344,0.442,0.244,0.314,6.63
104,Memory & Reminiscence,Design Research & Critical HCI,2020,232,0.375,0.241,0.384,6.99
104,Memory & Reminiscence,Design Research & Critical HCI,2021,299,0.542,0.191,0.268,7.16
104,Memory & Reminiscence,Design Research & Critical HCI,2022,146,0.459,0.233,0.308,9.13
104,Memory & Reminiscence,Design Research & Critical HCI,2023,408,0.667,0.169,0.164,7.73
104,Memory & Reminiscence,Design Research & Critical HCI,2024,438,0.434,0.272,0.295,7.84
104,Memory & Reminiscence,Design Research & Critical HCI,2025,455,0.552,0.171,0.277,8.89
104,Memory & Reminiscence,Design Research & Critical HCI,2026,599,0.409,0.295,0.295,8.01
105,Interpretation & Critique in Design Research,Design Research & Critical HCI,1989,2,0.0,0.0,1.0,
105,Interpretation & Critique in Design Research,Design Research & Critical HCI,2000,2,0.5,0.0,0.5,11.0
105,Interpretation & Critique in Design Research,Design Research & Critical HCI,2002,6,0.167,0.667,0.167,2.0
105,Interpretation & Critique in Design Research,Design Research & Critical HCI,2005,12,0.25,0.75,0.0,3.67
105,Interpretation & Critique in Design Research,Design Research & Critical HCI,2006,21,0.333,0.524,0.143,7.29
105,Interpretation & Critique in Design Research,Design Research & Critical HCI,2007,23,0.13,0.652,0.217,2.67
105,Interpretation & Critique in Design Research,Design Research & Critical HCI,2008,69,0.145,0.348,0.507,2.6
105,Interpretation & Critique in Design Research,Design Research & Critical HCI,2009,10,0.6,0.3,0.1,1.83
105,Interpretation & Critique in Design Research,Design Research & Critical HCI,2010,67,0.313,0.433,0.254,4.95
105,Interpretation & Critique in Design Research,Design Research & Critical HCI,2011,52,0.212,0.5,0.288,5.82
105,Interpretation & Critique in Design Research,Design Research & Critical HCI,2012,89,0.36,0.371,0.27,4.91
105,Interpretation & Critique in Design Research,Design Research & Critical HCI,2013,52,0.212,0.558,0.231,3.18
105,Interpretation & Critique in Design Research,Design Research & Critical HCI,2014,103,0.33,0.369,0.301,4.03
105,Interpretation & Critique in Design Research,Design Research & Critical HCI,2015,121,0.331,0.529,0.14,6.15
105,Interpretation & Critique in Design Research,Design Research & Critical HCI,2016,299,0.355,0.415,0.231,4.44
105,Interpretation & Critique in Design Research,Design Research & Critical HCI,2017,244,0.447,0.361,0.193,5.05
105,Interpretation & Critique in Design Research,Design Research & Critical HCI,2018,322,0.435,0.36,0.205,4.97
105,Interpretation & Critique in Design Research,Design Research & Critical HCI,2019,434,0.396,0.346,0.258,4.73
105,Interpretation & Critique in Design Research,Design Research & Critical HCI,2020,345,0.368,0.359,0.272,4.8
105,Interpretation & Critique in Design Research,Design Research & Critical HCI,2021,352,0.349,0.335,0.315,5.54
105,Interpretation & Critique in Design Research,Design Research & Critical HCI,2022,377,0.382,0.268,0.35,5.6
105,Interpretation & Critique in Design Research,Design Research & Critical HCI,2023,411,0.37,0.265,0.365,6.18
105,Interpretation & Critique in Design Research,Design Research & Critical HCI,2024,554,0.388,0.347,0.265,6.5
105,Interpretation & Critique in Design Research,Design Research & Critical HCI,2025,515,0.379,0.293,0.328,6.28
105,Interpretation & Critique in Design Research,Design Research & Critical HCI,2026,359,0.373,0.412,0.214,7.78
106,More-than-human Design,Design Research & Critical HCI,1998,3,0.0,0.0,1.0,
106,More-than-human Design,Design Research & Critical HCI,2004,1,0.0,0.0,1.0,
106,More-than-human Design,Design Research & Critical HCI,2005,9,0.222,0.0,0.778,4.5
106,More-than-human Design,Design Research & Critical HCI,2007,3,0.0,0.0,1.0,
106,More-than-human Design,Design Research & Critical HCI,2008,1,0.0,0.0,1.0,
106,More-than-human Design,Design Research & Critical HCI,2009,1,0.0,1.0,0.0,
106,More-than-human Design,Design Research & Critical HCI,2010,4,0.5,0.0,0.5,1.0
106,More-than-human Design,Design Research & Critical HCI,2011,13,0.231,0.308,0.462,5.33
106,More-than-human Design,Design Research & Critical HCI,2012,38,0.184,0.395,0.421,2.43
106,More-than-human Design,Design Research & Critical HCI,2013,33,0.333,0.303,0.364,2.82
106,More-than-human Design,Design Research & Critical HCI,2014,39,0.513,0.205,0.282,2.9
106,More-than-human Design,Design Research & Critical HCI,2015,52,0.538,0.173,0.288,2.25
106,More-than-human Design,Design Research & Critical HCI,2016,44,0.25,0.318,0.432,4.18
106,More-than-human Design,Design Research & Critical HCI,2017,123,0.293,0.285,0.423,3.94
106,More-than-human Design,Design Research & Critical HCI,2018,111,0.306,0.351,0.342,3.85
106,More-than-human Design,Design Research & Critical HCI,2019,50,0.44,0.18,0.38,3.23
106,More-than-human Design,Design Research & Critical HCI,2020,67,0.493,0.134,0.373,4.64
106,More-than-human Design,Design Research & Critical HCI,2021,136,0.382,0.331,0.287,5.63
106,More-than-human Design,Design Research & Critical HCI,2022,281,0.295,0.416,0.288,5.45
106,More-than-human Design,Design Research & Critical HCI,2023,544,0.366,0.327,0.307,5.3
106,More-than-human Design,Design Research & Critical HCI,2024,531,0.435,0.245,0.32,3.8
106,More-than-human Design,Design Research & Critical HCI,2025,935,0.46,0.328,0.212,3.98
106,More-than-human Design,Design Research & Critical HCI,2026,761,0.482,0.279,0.239,3.63
107,VR Meditation & Breathing,Design Research & Critical HCI,2006,6,0.167,0.833,0.0,0.0
107,VR Meditation & Breathing,Design Research & Critical HCI,2007,5,0.4,0.6,0.0,1.0
107,VR Meditation & Breathing,Design Research & Critical HCI,2009,13,0.231,0.462,0.308,2.67
107,VR Meditation & Breathing,Design Research & Critical HCI,2010,1,0.0,1.0,0.0,
107,VR Meditation & Breathing,Design Research & Critical HCI,2011,8,0.375,0.25,0.375,0.33
107,VR Meditation & Breathing,Design Research & Critical HCI,2012,21,0.095,0.476,0.429,1.5
107,VR Meditation & Breathing,Design Research & Critical HCI,2013,8,0.375,0.5,0.125,2.0
107,VR Meditation & Breathing,Design Research & Critical HCI,2014,16,0.062,0.125,0.812,3.0
107,VR Meditation & Breathing,Design Research & Critical HCI,2015,6,0.5,0.333,0.167,7.67
107,VR Meditation & Breathing,Design Research & Critical HCI,2016,66,0.182,0.318,0.5,3.92
107,VR Meditation & Breathing,Design Research & Critical HCI,2017,112,0.366,0.214,0.42,2.56
107,VR Meditation & Breathing,Design Research & Critical HCI,2018,154,0.266,0.305,0.429,2.88
107,VR Meditation & Breathing,Design Research & Critical HCI,2019,134,0.396,0.179,0.425,2.57
107,VR Meditation & Breathing,Design Research & Critical HCI,2020,176,0.432,0.216,0.352,4.05
107,VR Meditation & Breathing,Design Research & Critical HCI,2021,205,0.405,0.171,0.424,4.6
107,VR Meditation & Breathing,Design Research & Critical HCI,2022,237,0.511,0.181,0.308,4.55
107,VR Meditation & Breathing,Design Research & Critical HCI,2023,317,0.319,0.278,0.404,6.18
107,VR Meditation & Breathing,Design Research & Critical HCI,2024,340,0.374,0.268,0.359,5.54
107,VR Meditation & Breathing,Design Research & Critical HCI,2025,315,0.419,0.187,0.394,5.98
107,VR Meditation & Breathing,Design Research & Critical HCI,2026,573,0.393,0.171,0.436,5.8
108,Playful Food Experiences,Design Research & Critical HCI,2002,2,0.0,0.0,1.0,
108,Playful Food Experiences,Design Research & Critical HCI,2008,6,0.0,0.5,0.5,
108,Playful Food Experiences,Design Research & Critical HCI,2009,3,0.0,0.333,0.667,
108,Playful Food Experiences,Design Research & Critical HCI,2010,5,0.0,0.8,0.2,
108,Playful Food Experiences,Design Research & Critical HCI,2011,5,0.6,0.2,0.2,2.33
108,Playful Food Experiences,Design Research & Critical HCI,2012,27,0.296,0.222,0.481,2.75
108,Playful Food Experiences,Design Research & Critical HCI,2013,25,0.44,0.12,0.44,1.91
108,Playful Food Experiences,Design Research & Critical HCI,2014,37,0.459,0.054,0.486,3.65
108,Playful Food Experiences,Design Research & Critical HCI,2015,41,0.195,0.22,0.585,2.12
108,Playful Food Experiences,Design Research & Critical HCI,2016,64,0.453,0.141,0.406,4.14
108,Playful Food Experiences,Design Research & Critical HCI,2017,72,0.417,0.153,0.431,4.43
108,Playful Food Experiences,Design Research & Critical HCI,2018,80,0.5,0.163,0.338,4.08
108,Playful Food Experiences,Design Research & Critical HCI,2019,97,0.443,0.299,0.258,4.65
108,Playful Food Experiences,Design Research & Critical HCI,2020,189,0.54,0.217,0.243,4.36
108,Playful Food Experiences,Design Research & Critical HCI,2021,163,0.448,0.325,0.227,4.41
108,Playful Food Experiences,Design Research & Critical HCI,2022,310,0.484,0.21,0.306,5.57
108,Playful Food Experiences,Design Research & Critical HCI,2023,194,0.479,0.206,0.314,5.24
108,Playful Food Experiences,Design Research & Critical HCI,2024,220,0.432,0.095,0.473,6.11
108,Playful Food Experiences,Design Research & Critical HCI,2025,116,0.491,0.19,0.319,5.79
108,Playful Food Experiences,Design Research & Critical HCI,2026,252,0.575,0.103,0.321,6.47
109,Calendars & Scheduling,Design Research & Critical HCI,1986,1,0.0,0.0,1.0,
109,Calendars & Scheduling,Design Research & Critical HCI,1990,2,0.0,0.0,1.0,
109,Calendars & Scheduling,Design Research & Critical HCI,1999,4,0.5,0.0,0.5,11.0
109,Calendars & Scheduling,Design Research & Critical HCI,2001,19,0.158,0.053,0.789,9.33
109,Calendars & Scheduling,Design Research & Critical HCI,2002,12,0.333,0.25,0.417,4.25
109,Calendars & Scheduling,Design Research & Critical HCI,2004,3,1.0,0.0,0.0,3.33
109,Calendars & Scheduling,Design Research & Critical HCI,2005,16,0.125,0.125,0.75,4.0
109,Calendars & Scheduling,Design Research & Critical HCI,2008,16,0.375,0.25,0.375,5.83
109,Calendars & Scheduling,Design Research & Critical HCI,2010,3,1.0,0.0,0.0,12.33
109,Calendars & Scheduling,Design Research & Critical HCI,2011,14,0.143,0.071,0.786,9.0
109,Calendars & Scheduling,Design Research & Critical HCI,2012,20,0.25,0.2,0.55,9.0
109,Calendars & Scheduling,Design Research & Critical HCI,2013,8,0.5,0.25,0.25,11.75
109,Calendars & Scheduling,Design Research & Critical HCI,2014,24,0.25,0.167,0.583,7.0
109,Calendars & Scheduling,Design Research & Critical HCI,2015,25,0.28,0.12,0.6,10.29
109,Calendars & Scheduling,Design Research & Critical HCI,2016,23,0.348,0.087,0.565,8.62
109,Calendars & Scheduling,Design Research & Critical HCI,2017,6,0.5,0.0,0.5,13.67
109,Calendars & Scheduling,Design Research & Critical HCI,2019,24,0.167,0.167,0.667,8.25
109,Calendars & Scheduling,Design Research & Critical HCI,2020,2,0.5,0.0,0.5,4.0
109,Calendars & Scheduling,Design Research & Critical HCI,2021,14,0.286,0.286,0.429,9.0
109,Calendars & Scheduling,Design Research & Critical HCI,2022,32,0.25,0.031,0.719,10.62
109,Calendars & Scheduling,Design Research & Critical HCI,2023,20,0.4,0.05,0.55,12.25
109,Calendars & Scheduling,Design Research & Critical HCI,2025,17,0.176,0.176,0.647,4.67
109,Calendars & Scheduling,Design Research & Critical HCI,2026,32,0.188,0.281,0.531,16.33
110,Self-tracking & Reflection,Health & Wellbeing,1997,1,1.0,0.0,0.0,0.0
110,Self-tracking & Reflection,Health & Wellbeing,2005,3,0.667,0.0,0.333,6.5
110,Self-tracking & Reflection,Health & Wellbeing,2006,2,0.0,0.0,1.0,
110,Self-tracking & Reflection,Health & Wellbeing,2007,4,0.75,0.0,0.25,1.0
110,Self-tracking & Reflection,Health & Wellbeing,2008,22,0.455,0.136,0.409,2.0
110,Self-tracking & Reflection,Health & Wellbeing,2009,15,0.667,0.133,0.2,2.4
110,Self-tracking & Reflection,Health & Wellbeing,2010,34,0.559,0.118,0.324,2.63
110,Self-tracking & Reflection,Health & Wellbeing,2011,87,0.276,0.184,0.54,3.38
110,Self-tracking & Reflection,Health & Wellbeing,2012,105,0.552,0.124,0.324,3.29
110,Self-tracking & Reflection,Health & Wellbeing,2013,81,0.444,0.123,0.432,4.08
110,Self-tracking & Reflection,Health & Wellbeing,2014,157,0.484,0.108,0.408,3.93
110,Self-tracking & Reflection,Health & Wellbeing,2015,301,0.435,0.173,0.392,4.5
110,Self-tracking & Reflection,Health & Wellbeing,2016,386,0.409,0.168,0.422,3.95
110,Self-tracking & Reflection,Health & Wellbeing,2017,437,0.492,0.183,0.325,4.44
110,Self-tracking & Reflection,Health & Wellbeing,2018,510,0.443,0.178,0.378,4.25
110,Self-tracking & Reflection,Health & Wellbeing,2019,269,0.435,0.126,0.439,4.84
110,Self-tracking & Reflection,Health & Wellbeing,2020,570,0.425,0.2,0.375,5.27
110,Self-tracking & Reflection,Health & Wellbeing,2021,590,0.437,0.225,0.337,5.91
110,Self-tracking & Reflection,Health & Wellbeing,2022,609,0.384,0.243,0.373,5.78
110,Self-tracking & Reflection,Health & Wellbeing,2023,629,0.444,0.167,0.39,5.85
110,Self-tracking & Reflection,Health & Wellbeing,2024,1011,0.383,0.212,0.406,6.72
110,Self-tracking & Reflection,Health & Wellbeing,2025,1424,0.365,0.23,0.405,6.4
110,Self-tracking & Reflection,Health & Wellbeing,2026,1119,0.366,0.218,0.416,6.31
111,Chronic Care & Caregiving,Health & Wellbeing,2001,1,1.0,0.0,0.0,3.0
111,Chronic Care & Caregiving,Health & Wellbeing,2002,1,0.0,0.0,1.0,
111,Chronic Care & Caregiving,Health & Wellbeing,2005,8,0.0,0.0,1.0,
111,Chronic Care & Caregiving,Health & Wellbeing,2006,27,0.037,0.037,0.926,1.0
111,Chronic Care & Caregiving,Health & Wellbeing,2007,7,0.286,0.429,0.286,1.0
111,Chronic Care & Caregiving,Health & Wellbeing,2008,19,0.263,0.158,0.579,1.8
111,Chronic Care & Caregiving,Health & Wellbeing,2009,24,0.208,0.083,0.708,4.6
111,Chronic Care & Caregiving,Health & Wellbeing,2010,74,0.149,0.135,0.716,2.09
111,Chronic Care & Caregiving,Health & Wellbeing,2011,32,0.344,0.312,0.344,2.73
111,Chronic Care & Caregiving,Health & Wellbeing,2012,62,0.452,0.194,0.355,4.0
111,Chronic Care & Caregiving,Health & Wellbeing,2013,82,0.341,0.195,0.463,3.36
111,Chronic Care & Caregiving,Health & Wellbeing,2014,57,0.404,0.175,0.421,3.61
111,Chronic Care & Caregiving,Health & Wellbeing,2015,125,0.448,0.184,0.368,4.59
111,Chronic Care & Caregiving,Health & Wellbeing,2016,140,0.507,0.271,0.221,4.28
111,Chronic Care & Caregiving,Health & Wellbeing,2017,324,0.475,0.269,0.256,3.73
111,Chronic Care & Caregiving,Health & Wellbeing,2018,216,0.403,0.241,0.356,4.24
111,Chronic Care & Caregiving,Health & Wellbeing,2019,356,0.472,0.216,0.312,4.82
111,Chronic Care & Caregiving,Health & Wellbeing,2020,305,0.423,0.262,0.315,4.76
111,Chronic Care & Caregiving,Health & Wellbeing,2021,349,0.453,0.238,0.309,5.42
111,Chronic Care & Caregiving,Health & Wellbeing,2022,430,0.414,0.205,0.381,6.47
111,Chronic Care & Caregiving,Health & Wellbeing,2023,622,0.4,0.233,0.367,5.77
111,Chronic Care & Caregiving,Health & Wellbeing,2024,658,0.363,0.286,0.351,5.89
111,Chronic Care & Caregiving,Health & Wellbeing,2025,1064,0.328,0.215,0.457,6.27
111,Chronic Care & Caregiving,Health & Wellbeing,2026,538,0.364,0.152,0.483,5.9
112,Behavior Sensing,Health & Wellbeing,2008,1,0.0,0.0,1.0,
112,Behavior Sensing,Health & Wellbeing,2010,1,1.0,0.0,0.0,2.0
112,Behavior Sensing,Health & Wellbeing,2011,3,0.667,0.333,0.0,2.0
112,Behavior Sensing,Health & Wellbeing,2012,16,0.438,0.0,0.562,1.71
112,Behavior Sensing,Health & Wellbeing,2013,32,0.5,0.062,0.438,1.88
112,Behavior Sensing,Health & Wellbeing,2014,36,0.361,0.083,0.556,2.15
112,Behavior Sensing,Health & Wellbeing,2015,52,0.404,0.154,0.442,2.48
112,Behavior Sensing,Health & Wellbeing,2016,96,0.417,0.104,0.479,2.0
112,Behavior Sensing,Health & Wellbeing,2017,47,0.532,0.085,0.383,2.64
112,Behavior Sensing,Health & Wellbeing,2018,147,0.517,0.054,0.429,3.79
112,Behavior Sensing,Health & Wellbeing,2019,206,0.49,0.136,0.374,3.52
112,Behavior Sensing,Health & Wellbeing,2020,257,0.529,0.121,0.35,3.43
112,Behavior Sensing,Health & Wellbeing,2021,240,0.458,0.208,0.333,4.5
112,Behavior Sensing,Health & Wellbeing,2022,319,0.527,0.141,0.332,4.49
112,Behavior Sensing,Health & Wellbeing,2023,316,0.424,0.168,0.408,4.4
112,Behavior Sensing,Health & Wellbeing,2024,439,0.49,0.164,0.346,4.7
112,Behavior Sensing,Health & Wellbeing,2025,640,0.412,0.225,0.362,4.58
112,Behavior Sensing,Health & Wellbeing,2026,209,0.464,0.163,0.373,4.2
113,Stress & Mood Technology,Health & Wellbeing,2007,1,0.0,0.0,1.0,
113,Stress & Mood Technology,Health & Wellbeing,2008,7,0.0,0.0,1.0,
113,Stress & Mood Technology,Health & Wellbeing,2009,4,0.25,0.0,0.75,3.0
113,Stress & Mood Technology,Health & Wellbeing,2010,18,0.222,0.222,0.556,2.25
113,Stress & Mood Technology,Health & Wellbeing,2011,12,0.083,0.333,0.583,2.0
113,Stress & Mood Technology,Health & Wellbeing,2012,25,0.24,0.12,0.64,1.67
113,Stress & Mood Technology,Health & Wellbeing,2013,20,0.35,0.3,0.35,1.71
113,Stress & Mood Technology,Health & Wellbeing,2014,39,0.205,0.128,0.667,2.62
113,Stress & Mood Technology,Health & Wellbeing,2015,75,0.253,0.28,0.467,3.68
113,Stress & Mood Technology,Health & Wellbeing,2016,78,0.321,0.256,0.423,2.56
113,Stress & Mood Technology,Health & Wellbeing,2017,85,0.2,0.282,0.518,3.65
113,Stress & Mood Technology,Health & Wellbeing,2018,159,0.258,0.22,0.522,3.34
113,Stress & Mood Technology,Health & Wellbeing,2019,344,0.259,0.212,0.529,3.84
113,Stress & Mood Technology,Health & Wellbeing,2020,238,0.399,0.206,0.395,3.78
113,Stress & Mood Technology,Health & Wellbeing,2021,213,0.282,0.188,0.531,3.28
113,Stress & Mood Technology,Health & Wellbeing,2022,560,0.316,0.221,0.463,4.11
113,Stress & Mood Technology,Health & Wellbeing,2023,343,0.306,0.335,0.359,4.03
113,Stress & Mood Technology,Health & Wellbeing,2024,547,0.305,0.186,0.508,4.32
113,Stress & Mood Technology,Health & Wellbeing,2025,813,0.282,0.212,0.507,4.74
113,Stress & Mood Technology,Health & Wellbeing,2026,443,0.325,0.151,0.524,5.03
114,Aging & Dementia Care,Health & Wellbeing,1992,1,0.0,0.0,1.0,
114,Aging & Dementia Care,Health & Wellbeing,1996,2,0.0,0.0,1.0,
114,Aging & Dementia Care,Health & Wellbeing,2005,1,0.0,0.0,1.0,
114,Aging & Dementia Care,Health & Wellbeing,2006,1,0.0,0.0,1.0,
114,Aging & Dementia Care,Health & Wellbeing,2008,2,0.0,0.5,0.5,
114,Aging & Dementia Care,Health & Wellbeing,2009,6,0.0,0.0,1.0,
114,Aging & Dementia Care,Health & Wellbeing,2010,21,0.095,0.19,0.714,1.0
114,Aging & Dementia Care,Health & Wellbeing,2011,23,0.13,0.304,0.565,2.33
114,Aging & Dementia Care,Health & Wellbeing,2012,32,0.25,0.219,0.531,2.38
114,Aging & Dementia Care,Health & Wellbeing,2013,19,0.368,0.0,0.632,1.57
114,Aging & Dementia Care,Health & Wellbeing,2014,87,0.368,0.172,0.46,2.44
114,Aging & Dementia Care,Health & Wellbeing,2015,118,0.28,0.093,0.627,3.58
114,Aging & Dementia Care,Health & Wellbeing,2016,163,0.442,0.074,0.485,3.32
114,Aging & Dementia Care,Health & Wellbeing,2017,179,0.425,0.089,0.486,3.55
114,Aging & Dementia Care,Health & Wellbeing,2018,205,0.4,0.039,0.561,4.23
114,Aging & Dementia Care,Health & Wellbeing,2019,232,0.483,0.112,0.405,3.88
114,Aging & Dementia Care,Health & Wellbeing,2020,268,0.616,0.09,0.295,3.73
114,Aging & Dementia Care,Health & Wellbeing,2021,315,0.451,0.095,0.454,4.72
114,Aging & Dementia Care,Health & Wellbeing,2022,344,0.491,0.081,0.427,4.87
114,Aging & Dementia Care,Health & Wellbeing,2023,199,0.523,0.095,0.382,5.21
114,Aging & Dementia Care,Health & Wellbeing,2024,379,0.515,0.095,0.391,5.55
114,Aging & Dementia Care,Health & Wellbeing,2025,564,0.426,0.121,0.454,5.65
114,Aging & Dementia Care,Health & Wellbeing,2026,378,0.444,0.095,0.46,6.2
115,Personal Informatics Models,Health & Wellbeing,2005,8,0.0,0.0,1.0,
115,Personal Informatics Models,Health & Wellbeing,2006,6,0.0,0.0,1.0,
115,Personal Informatics Models,Health & Wellbeing,2008,10,0.1,0.3,0.6,2.0
115,Personal Informatics Models,Health & Wellbeing,2010,20,0.25,0.4,0.35,3.2
115,Personal Informatics Models,Health & Wellbeing,2011,4,1.0,0.0,0.0,2.5
115,Personal Informatics Models,Health & Wellbeing,2012,2,0.0,1.0,0.0,
115,Personal Informatics Models,Health & Wellbeing,2013,6,0.167,0.667,0.167,5.0
115,Personal Informatics Models,Health & Wellbeing,2014,27,0.296,0.481,0.222,5.5
115,Personal Informatics Models,Health & Wellbeing,2015,109,0.229,0.477,0.294,3.8
115,Personal Informatics Models,Health & Wellbeing,2016,108,0.213,0.278,0.509,3.39
115,Personal Informatics Models,Health & Wellbeing,2017,209,0.402,0.402,0.196,3.21
115,Personal Informatics Models,Health & Wellbeing,2018,330,0.391,0.406,0.203,3.22
115,Personal Informatics Models,Health & Wellbeing,2019,284,0.493,0.352,0.155,3.6
115,Personal Informatics Models,Health & Wellbeing,2020,317,0.382,0.281,0.338,3.86
115,Personal Informatics Models,Health & Wellbeing,2021,737,0.4,0.285,0.315,4.64
115,Personal Informatics Models,Health & Wellbeing,2022,445,0.396,0.263,0.342,5.3
115,Personal Informatics Models,Health & Wellbeing,2023,574,0.375,0.378,0.247,5.88
115,Personal Informatics Models,Health & Wellbeing,2024,702,0.37,0.296,0.333,6.51
115,Personal Informatics Models,Health & Wellbeing,2025,853,0.394,0.32,0.286,6.56
115,Personal Informatics Models,Health & Wellbeing,2026,399,0.378,0.278,0.343,6.66
116,Clinical Information Work,Health & Wellbeing,1992,1,0.0,0.0,1.0,
116,Clinical Information Work,Health & Wellbeing,1996,3,0.0,0.0,1.0,
116,Clinical Information Work,Health & Wellbeing,1997,3,0.333,0.0,0.667,1.0
116,Clinical Information Work,Health & Wellbeing,1998,2,1.0,0.0,0.0,1.5
116,Clinical Information Work,Health & Wellbeing,1999,3,0.667,0.0,0.333,2.0
116,Clinical Information Work,Health & Wellbeing,2001,4,0.0,0.0,1.0,
116,Clinical Information Work,Health & Wellbeing,2002,7,0.571,0.0,0.429,4.75
116,Clinical Information Work,Health & Wellbeing,2003,8,0.375,0.0,0.625,1.33
116,Clinical Information Work,Health & Wellbeing,2004,10,0.3,0.0,0.7,4.0
116,Clinical Information Work,Health & Wellbeing,2005,25,0.6,0.0,0.4,4.2
116,Clinical Information Work,Health & Wellbeing,2006,25,0.52,0.0,0.48,4.31
116,Clinical Information Work,Health & Wellbeing,2007,11,0.818,0.091,0.091,3.78
116,Clinical Information Work,Health & Wellbeing,2008,47,0.404,0.0,0.596,5.53
116,Clinical Information Work,Health & Wellbeing,2009,21,0.619,0.0,0.381,6.15
116,Clinical Information Work,Health & Wellbeing,2010,64,0.609,0.047,0.344,5.38
116,Clinical Information Work,Health & Wellbeing,2011,15,0.4,0.0,0.6,5.5
116,Clinical Information Work,Health & Wellbeing,2012,61,0.607,0.016,0.377,4.76
116,Clinical Information Work,Health & Wellbeing,2013,16,0.875,0.0,0.125,6.64
116,Clinical Information Work,Health & Wellbeing,2014,32,0.719,0.031,0.25,6.52
116,Clinical Information Work,Health & Wellbeing,2015,36,0.639,0.0,0.361,6.13
116,Clinical Information Work,Health & Wellbeing,2016,54,0.759,0.056,0.185,7.32
116,Clinical Information Work,Health & Wellbeing,2017,39,0.667,0.0,0.333,8.31
116,Clinical Information Work,Health & Wellbeing,2018,10,0.2,0.0,0.8,10.5
116,Clinical Information Work,Health & Wellbeing,2019,33,0.727,0.061,0.212,7.67
116,Clinical Information Work,Health & Wellbeing,2020,91,0.516,0.088,0.396,9.36
116,Clinical Information Work,Health & Wellbeing,2021,83,0.602,0.157,0.241,8.78
116,Clinical Information Work,Health & Wellbeing,2022,73,0.438,0.233,0.329,9.47
116,Clinical Information Work,Health & Wellbeing,2023,106,0.406,0.198,0.396,8.49
116,Clinical Information Work,Health & Wellbeing,2024,103,0.233,0.35,0.417,11.17
116,Clinical Information Work,Health & Wellbeing,2025,82,0.317,0.134,0.549,12.0
116,Clinical Information Work,Health & Wellbeing,2026,61,0.361,0.148,0.492,11.77
117,"Sleep, ADHD & Lifelogging",Health & Wellbeing,2006,1,0.0,0.0,1.0,
117,"Sleep, ADHD & Lifelogging",Health & Wellbeing,2008,20,0.2,0.2,0.6,2.25
117,"Sleep, ADHD & Lifelogging",Health & Wellbeing,2009,10,0.2,0.6,0.2,1.0
117,"Sleep, ADHD & Lifelogging",Health & Wellbeing,2010,11,0.273,0.091,0.636,2.33
117,"Sleep, ADHD & Lifelogging",Health & Wellbeing,2011,9,0.333,0.556,0.111,4.33
117,"Sleep, ADHD & Lifelogging",Health & Wellbeing,2012,32,0.406,0.375,0.219,3.31
117,"Sleep, ADHD & Lifelogging",Health & Wellbeing,2013,19,0.474,0.053,0.474,3.56
117,"Sleep, ADHD & Lifelogging",Health & Wellbeing,2014,36,0.472,0.111,0.417,3.88
117,"Sleep, ADHD & Lifelogging",Health & Wellbeing,2015,47,0.404,0.17,0.426,2.89
117,"Sleep, ADHD & Lifelogging",Health & Wellbeing,2016,85,0.412,0.212,0.376,3.8
117,"Sleep, ADHD & Lifelogging",Health & Wellbeing,2017,46,0.457,0.196,0.348,4.71
117,"Sleep, ADHD & Lifelogging",Health & Wellbeing,2018,79,0.544,0.076,0.38,3.77
117,"Sleep, ADHD & Lifelogging",Health & Wellbeing,2019,53,0.472,0.113,0.415,3.96
117,"Sleep, ADHD & Lifelogging",Health & Wellbeing,2020,160,0.369,0.275,0.356,5.51
117,"Sleep, ADHD & Lifelogging",Health & Wellbeing,2021,98,0.276,0.306,0.418,5.07
117,"Sleep, ADHD & Lifelogging",Health & Wellbeing,2022,327,0.361,0.229,0.41,5.64
117,"Sleep, ADHD & Lifelogging",Health & Wellbeing,2023,242,0.252,0.347,0.401,4.98
117,"Sleep, ADHD & Lifelogging",Health & Wellbeing,2024,254,0.232,0.394,0.374,5.53
117,"Sleep, ADHD & Lifelogging",Health & Wellbeing,2025,384,0.333,0.229,0.438,5.58
117,"Sleep, ADHD & Lifelogging",Health & Wellbeing,2026,132,0.288,0.25,0.462,5.42
118,Crowdsourcing & Human Computation,"Crowds, Data & Human-AI Decisions",2006,2,0.5,0.0,0.5,0.0
118,Crowdsourcing & Human Computation,"Crowds, Data & Human-AI Decisions",2007,5,0.6,0.0,0.4,2.67
118,Crowdsourcing & Human Computation,"Crowds, Data & Human-AI Decisions",2008,6,0.0,0.167,0.833,
118,Crowdsourcing & Human Computation,"Crowds, Data & Human-AI Decisions",2009,21,0.333,0.19,0.476,2.14
118,Crowdsourcing & Human Computation,"Crowds, Data & Human-AI Decisions",2010,24,0.417,0.083,0.5,2.5
118,Crowdsourcing & Human Computation,"Crowds, Data & Human-AI Decisions",2011,62,0.435,0.065,0.5,2.22
118,Crowdsourcing & Human Computation,"Crowds, Data & Human-AI Decisions",2012,82,0.61,0.073,0.317,1.78
118,Crowdsourcing & Human Computation,"Crowds, Data & Human-AI Decisions",2013,142,0.599,0.042,0.359,2.16
118,Crowdsourcing & Human Computation,"Crowds, Data & Human-AI Decisions",2014,231,0.515,0.026,0.459,2.71
118,Crowdsourcing & Human Computation,"Crowds, Data & Human-AI Decisions",2015,171,0.544,0.058,0.398,3.45
118,Crowdsourcing & Human Computation,"Crowds, Data & Human-AI Decisions",2016,443,0.521,0.036,0.442,3.39
118,Crowdsourcing & Human Computation,"Crowds, Data & Human-AI Decisions",2017,613,0.644,0.038,0.318,3.32
118,Crowdsourcing & Human Computation,"Crowds, Data & Human-AI Decisions",2018,436,0.532,0.055,0.413,3.78
118,Crowdsourcing & Human Computation,"Crowds, Data & Human-AI Decisions",2019,546,0.551,0.02,0.429,3.96
118,Crowdsourcing & Human Computation,"Crowds, Data & Human-AI Decisions",2020,213,0.549,0.028,0.423,4.06
118,Crowdsourcing & Human Computation,"Crowds, Data & Human-AI Decisions",2021,555,0.595,0.068,0.337,5.78
118,Crowdsourcing & Human Computation,"Crowds, Data & Human-AI Decisions",2022,309,0.43,0.042,0.528,5.54
118,Crowdsourcing & Human Computation,"Crowds, Data & Human-AI Decisions",2023,221,0.543,0.063,0.394,6.94
118,Crowdsourcing & Human Computation,"Crowds, Data & Human-AI Decisions",2024,435,0.467,0.108,0.425,7.57
118,Crowdsourcing & Human Computation,"Crowds, Data & Human-AI Decisions",2025,183,0.53,0.077,0.393,8.42
118,Crowdsourcing & Human Computation,"Crowds, Data & Human-AI Decisions",2026,90,0.289,0.133,0.578,7.92
119,Explainable Machine Learning,"Crowds, Data & Human-AI Decisions",1986,5,0.8,0.0,0.2,2.25
119,Explainable Machine Learning,"Crowds, Data & Human-AI Decisions",1992,4,0.0,0.0,1.0,
119,Explainable Machine Learning,"Crowds, Data & Human-AI Decisions",1993,1,0.0,0.0,1.0,
119,Explainable Machine Learning,"Crowds, Data & Human-AI Decisions",2004,9,0.0,0.0,1.0,
119,Explainable Machine Learning,"Crowds, Data & Human-AI Decisions",2007,5,0.2,0.2,0.6,14.0
119,Explainable Machine Learning,"Crowds, Data & Human-AI Decisions",2008,4,0.0,0.5,0.5,
119,Explainable Machine Learning,"Crowds, Data & Human-AI Decisions",2009,39,0.128,0.077,0.795,1.6
119,Explainable Machine Learning,"Crowds, Data & Human-AI Decisions",2010,32,0.188,0.062,0.75,2.17
119,Explainable Machine Learning,"Crowds, Data & Human-AI Decisions",2011,20,0.55,0.05,0.4,2.73
119,Explainable Machine Learning,"Crowds, Data & Human-AI Decisions",2012,33,0.545,0.152,0.303,2.78
119,Explainable Machine Learning,"Crowds, Data & Human-AI Decisions",2014,8,0.125,0.0,0.875,3.0
119,Explainable Machine Learning,"Crowds, Data & Human-AI Decisions",2015,29,0.345,0.241,0.414,6.1
119,Explainable Machine Learning,"Crowds, Data & Human-AI Decisions",2016,18,0.333,0.389,0.278,10.67
119,Explainable Machine Learning,"Crowds, Data & Human-AI Decisions",2017,6,0.667,0.0,0.333,3.75
119,Explainable Machine Learning,"Crowds, Data & Human-AI Decisions",2018,135,0.304,0.119,0.578,8.27
119,Explainable Machine Learning,"Crowds, Data & Human-AI Decisions",2019,151,0.371,0.139,0.49,4.95
119,Explainable Machine Learning,"Crowds, Data & Human-AI Decisions",2020,197,0.523,0.203,0.274,4.31
119,Explainable Machine Learning,"Crowds, Data & Human-AI Decisions",2021,456,0.504,0.213,0.283,3.63
119,Explainable Machine Learning,"Crowds, Data & Human-AI Decisions",2022,492,0.478,0.191,0.331,3.68
119,Explainable Machine Learning,"Crowds, Data & Human-AI Decisions",2023,916,0.568,0.156,0.276,3.37
119,Explainable Machine Learning,"Crowds, Data & Human-AI Decisions",2024,1018,0.595,0.167,0.238,3.61
119,Explainable Machine Learning,"Crowds, Data & Human-AI Decisions",2025,1365,0.637,0.117,0.245,3.65
119,Explainable Machine Learning,"Crowds, Data & Human-AI Decisions",2026,879,0.621,0.056,0.323,4.24
120,Data Visualization,"Crowds, Data & Human-AI Decisions",1992,1,0.0,0.0,1.0,
120,Data Visualization,"Crowds, Data & Human-AI Decisions",1996,2,0.0,0.0,1.0,
120,Data Visualization,"Crowds, Data & Human-AI Decisions",1998,1,0.0,0.0,1.0,
120,Data Visualization,"Crowds, Data & Human-AI Decisions",1999,1,0.0,0.0,1.0,
120,Data Visualization,"Crowds, Data & Human-AI Decisions",2003,1,0.0,0.0,1.0,
120,Data Visualization,"Crowds, Data & Human-AI Decisions",2004,5,0.4,0.0,0.6,4.5
120,Data Visualization,"Crowds, Data & Human-AI Decisions",2005,1,0.0,0.0,1.0,
120,Data Visualization,"Crowds, Data & Human-AI Decisions",2006,1,0.0,0.0,1.0,
120,Data Visualization,"Crowds, Data & Human-AI Decisions",2007,11,0.273,0.0,0.727,8.33
120,Data Visualization,"Crowds, Data & Human-AI Decisions",2008,15,0.4,0.0,0.6,5.33
120,Data Visualization,"Crowds, Data & Human-AI Decisions",2009,4,0.5,0.0,0.5,10.0
120,Data Visualization,"Crowds, Data & Human-AI Decisions",2010,9,0.333,0.111,0.556,2.67
120,Data Visualization,"Crowds, Data & Human-AI Decisions",2011,12,0.667,0.083,0.25,5.75
120,Data Visualization,"Crowds, Data & Human-AI Decisions",2012,31,0.452,0.129,0.419,4.43
120,Data Visualization,"Crowds, Data & Human-AI Decisions",2013,26,0.423,0.115,0.462,4.18
120,Data Visualization,"Crowds, Data & Human-AI Decisions",2014,39,0.513,0.256,0.231,4.9
120,Data Visualization,"Crowds, Data & Human-AI Decisions",2015,59,0.525,0.102,0.373,5.94
120,Data Visualization,"Crowds, Data & Human-AI Decisions",2016,45,0.533,0.044,0.422,4.92
120,Data Visualization,"Crowds, Data & Human-AI Decisions",2017,79,0.519,0.076,0.405,5.2
120,Data Visualization,"Crowds, Data & Human-AI Decisions",2018,92,0.554,0.011,0.435,4.18
120,Data Visualization,"Crowds, Data & Human-AI Decisions",2019,192,0.609,0.057,0.333,4.53
120,Data Visualization,"Crowds, Data & Human-AI Decisions",2020,181,0.591,0.066,0.343,3.91
120,Data Visualization,"Crowds, Data & Human-AI Decisions",2021,171,0.632,0.082,0.287,4.45
120,Data Visualization,"Crowds, Data & Human-AI Decisions",2022,241,0.573,0.046,0.382,4.4
120,Data Visualization,"Crowds, Data & Human-AI Decisions",2023,382,0.589,0.045,0.366,4.82
120,Data Visualization,"Crowds, Data & Human-AI Decisions",2024,372,0.578,0.081,0.341,4.71
120,Data Visualization,"Crowds, Data & Human-AI Decisions",2025,407,0.577,0.076,0.346,5.48
120,Data Visualization,"Crowds, Data & Human-AI Decisions",2026,333,0.586,0.102,0.312,6.29
121,Fairness & Clinical AI,"Crowds, Data & Human-AI Decisions",1996,1,1.0,0.0,0.0,2.0
121,Fairness & Clinical AI,"Crowds, Data & Human-AI Decisions",2007,1,0.0,0.0,1.0,
121,Fairness & Clinical AI,"Crowds, Data & Human-AI Decisions",2010,11,0.091,0.182,0.727,3.0
121,Fairness & Clinical AI,"Crowds, Data & Human-AI Decisions",2012,1,0.0,0.0,1.0,
121,Fairness & Clinical AI,"Crowds, Data & Human-AI Decisions",2014,1,1.0,0.0,0.0,2.0
121,Fairness & Clinical AI,"Crowds, Data & Human-AI Decisions",2016,11,0.0,0.091,0.909,
121,Fairness & Clinical AI,"Crowds, Data & Human-AI Decisions",2017,46,0.087,0.109,0.804,0.75
121,Fairness & Clinical AI,"Crowds, Data & Human-AI Decisions",2018,48,0.188,0.146,0.667,2.0
121,Fairness & Clinical AI,"Crowds, Data & Human-AI Decisions",2019,157,0.217,0.293,0.49,1.94
121,Fairness & Clinical AI,"Crowds, Data & Human-AI Decisions",2020,176,0.301,0.244,0.455,1.98
121,Fairness & Clinical AI,"Crowds, Data & Human-AI Decisions",2021,305,0.354,0.269,0.377,2.44
121,Fairness & Clinical AI,"Crowds, Data & Human-AI Decisions",2022,414,0.355,0.22,0.425,3.01
121,Fairness & Clinical AI,"Crowds, Data & Human-AI Decisions",2023,848,0.375,0.198,0.427,2.9
121,Fairness & Clinical AI,"Crowds, Data & Human-AI Decisions",2024,894,0.449,0.201,0.35,3.09
121,Fairness & Clinical AI,"Crowds, Data & Human-AI Decisions",2025,1134,0.442,0.209,0.349,3.55
121,Fairness & Clinical AI,"Crowds, Data & Human-AI Decisions",2026,685,0.436,0.124,0.439,3.71
122,Data Work & Infrastructure,"Crowds, Data & Human-AI Decisions",1983,1,1.0,0.0,0.0,1.0
122,Data Work & Infrastructure,"Crowds, Data & Human-AI Decisions",1994,2,0.0,0.0,1.0,
122,Data Work & Infrastructure,"Crowds, Data & Human-AI Decisions",2003,4,0.25,0.0,0.75,5.0
122,Data Work & Infrastructure,"Crowds, Data & Human-AI Decisions",2004,1,1.0,0.0,0.0,1.0
122,Data Work & Infrastructure,"Crowds, Data & Human-AI Decisions",2006,4,0.0,0.0,1.0,
122,Data Work & Infrastructure,"Crowds, Data & Human-AI Decisions",2007,7,0.714,0.0,0.286,4.6
122,Data Work & Infrastructure,"Crowds, Data & Human-AI Decisions",2008,27,0.148,0.0,0.852,10.0
122,Data Work & Infrastructure,"Crowds, Data & Human-AI Decisions",2009,1,0.0,0.0,1.0,
122,Data Work & Infrastructure,"Crowds, Data & Human-AI Decisions",2010,22,0.455,0.0,0.545,3.1
122,Data Work & Infrastructure,"Crowds, Data & Human-AI Decisions",2011,40,0.25,0.025,0.725,2.9
122,Data Work & Infrastructure,"Crowds, Data & Human-AI Decisions",2012,36,0.472,0.028,0.5,7.29
122,Data Work & Infrastructure,"Crowds, Data & Human-AI Decisions",2013,61,0.541,0.033,0.426,3.55
122,Data Work & Infrastructure,"Crowds, Data & Human-AI Decisions",2014,41,0.561,0.0,0.439,6.83
122,Data Work & Infrastructure,"Crowds, Data & Human-AI Decisions",2015,102,0.461,0.01,0.529,4.89
122,Data Work & Infrastructure,"Crowds, Data & Human-AI Decisions",2016,84,0.44,0.024,0.536,4.3
122,Data Work & Infrastructure,"Crowds, Data & Human-AI Decisions",2017,205,0.415,0.0,0.585,4.47
122,Data Work & Infrastructure,"Crowds, Data & Human-AI Decisions",2018,62,0.403,0.097,0.5,5.48
122,Data Work & Infrastructure,"Crowds, Data & Human-AI Decisions",2019,246,0.346,0.179,0.476,5.24
122,Data Work & Infrastructure,"Crowds, Data & Human-AI Decisions",2020,150,0.473,0.14,0.387,5.23
122,Data Work & Infrastructure,"Crowds, Data & Human-AI Decisions",2021,250,0.432,0.2,0.368,4.67
122,Data Work & Infrastructure,"Crowds, Data & Human-AI Decisions",2022,520,0.331,0.219,0.45,4.05
122,Data Work & Infrastructure,"Crowds, Data & Human-AI Decisions",2023,517,0.379,0.162,0.458,5.6
122,Data Work & Infrastructure,"Crowds, Data & Human-AI Decisions",2024,512,0.453,0.205,0.342,4.07
122,Data Work & Infrastructure,"Crowds, Data & Human-AI Decisions",2025,566,0.435,0.097,0.468,6.47
122,Data Work & Infrastructure,"Crowds, Data & Human-AI Decisions",2026,437,0.389,0.117,0.494,6.92
123,Interactive Machine Learning,"Crowds, Data & Human-AI Decisions",2001,2,0.0,0.0,1.0,
123,Interactive Machine Learning,"Crowds, Data & Human-AI Decisions",2003,4,0.0,0.0,1.0,
123,Interactive Machine Learning,"Crowds, Data & Human-AI Decisions",2004,2,0.0,0.0,1.0,
123,Interactive Machine Learning,"Crowds, Data & Human-AI Decisions",2005,2,0.5,0.0,0.5,1.0
123,Interactive Machine Learning,"Crowds, Data & Human-AI Decisions",2006,4,0.5,0.0,0.5,1.0
123,Interactive Machine Learning,"Crowds, Data & Human-AI Decisions",2007,10,0.3,0.0,0.7,3.67
123,Interactive Machine Learning,"Crowds, Data & Human-AI Decisions",2008,19,0.211,0.0,0.789,3.5
123,Interactive Machine Learning,"Crowds, Data & Human-AI Decisions",2009,21,0.333,0.0,0.667,3.43
123,Interactive Machine Learning,"Crowds, Data & Human-AI Decisions",2010,20,0.35,0.05,0.6,3.86
123,Interactive Machine Learning,"Crowds, Data & Human-AI Decisions",2011,15,0.6,0.067,0.333,3.56
123,Interactive Machine Learning,"Crowds, Data & Human-AI Decisions",2012,30,0.433,0.267,0.3,3.77
123,Interactive Machine Learning,"Crowds, Data & Human-AI Decisions",2013,3,0.667,0.0,0.333,3.5
123,Interactive Machine Learning,"Crowds, Data & Human-AI Decisions",2014,21,0.524,0.095,0.381,7.09
123,Interactive Machine Learning,"Crowds, Data & Human-AI Decisions",2015,21,0.524,0.095,0.381,6.82
123,Interactive Machine Learning,"Crowds, Data & Human-AI Decisions",2016,22,0.545,0.136,0.318,6.83
123,Interactive Machine Learning,"Crowds, Data & Human-AI Decisions",2017,23,0.609,0.13,0.261,7.07
123,Interactive Machine Learning,"Crowds, Data & Human-AI Decisions",2018,50,0.38,0.18,0.44,6.42
123,Interactive Machine Learning,"Crowds, Data & Human-AI Decisions",2019,54,0.481,0.259,0.259,6.42
123,Interactive Machine Learning,"Crowds, Data & Human-AI Decisions",2020,122,0.377,0.434,0.189,7.0
123,Interactive Machine Learning,"Crowds, Data & Human-AI Decisions",2021,312,0.375,0.301,0.324,6.63
123,Interactive Machine Learning,"Crowds, Data & Human-AI Decisions",2022,146,0.37,0.363,0.267,6.96
123,Interactive Machine Learning,"Crowds, Data & Human-AI Decisions",2023,213,0.38,0.394,0.225,5.7
123,Interactive Machine Learning,"Crowds, Data & Human-AI Decisions",2024,118,0.347,0.381,0.271,6.24
123,Interactive Machine Learning,"Crowds, Data & Human-AI Decisions",2025,153,0.353,0.379,0.268,7.31
123,Interactive Machine Learning,"Crowds, Data & Human-AI Decisions",2026,27,0.444,0.259,0.296,6.42
124,Peer & Crowd Feedback,"Crowds, Data & Human-AI Decisions",1995,5,0.2,0.0,0.8,4.0
124,Peer & Crowd Feedback,"Crowds, Data & Human-AI Decisions",1997,5,0.6,0.0,0.4,4.67
124,Peer & Crowd Feedback,"Crowds, Data & Human-AI Decisions",2003,4,0.5,0.0,0.5,7.5
124,Peer & Crowd Feedback,"Crowds, Data & Human-AI Decisions",2004,2,0.5,0.0,0.5,1.0
124,Peer & Crowd Feedback,"Crowds, Data & Human-AI Decisions",2005,4,0.25,0.0,0.75,1.0
124,Peer & Crowd Feedback,"Crowds, Data & Human-AI Decisions",2006,6,0.167,0.0,0.833,20.0
124,Peer & Crowd Feedback,"Crowds, Data & Human-AI Decisions",2007,1,0.0,0.0,1.0,
124,Peer & Crowd Feedback,"Crowds, Data & Human-AI Decisions",2008,2,0.0,0.5,0.5,
124,Peer & Crowd Feedback,"Crowds, Data & Human-AI Decisions",2009,15,0.2,0.133,0.667,2.0
124,Peer & Crowd Feedback,"Crowds, Data & Human-AI Decisions",2011,6,0.833,0.0,0.167,3.0
124,Peer & Crowd Feedback,"Crowds, Data & Human-AI Decisions",2012,25,0.24,0.04,0.72,3.0
124,Peer & Crowd Feedback,"Crowds, Data & Human-AI Decisions",2013,44,0.273,0.227,0.5,6.17
124,Peer & Crowd Feedback,"Crowds, Data & Human-AI Decisions",2014,54,0.352,0.204,0.444,4.63
124,Peer & Crowd Feedback,"Crowds, Data & Human-AI Decisions",2015,76,0.303,0.171,0.526,3.22
124,Peer & Crowd Feedback,"Crowds, Data & Human-AI Decisions",2016,96,0.375,0.188,0.438,2.03
124,Peer & Crowd Feedback,"Crowds, Data & Human-AI Decisions",2017,224,0.513,0.089,0.397,2.78
124,Peer & Crowd Feedback,"Crowds, Data & Human-AI Decisions",2018,99,0.465,0.152,0.384,3.83
124,Peer & Crowd Feedback,"Crowds, Data & Human-AI Decisions",2019,74,0.73,0.135,0.135,4.67
124,Peer & Crowd Feedback,"Crowds, Data & Human-AI Decisions",2020,91,0.604,0.099,0.297,3.98
124,Peer & Crowd Feedback,"Crowds, Data & Human-AI Decisions",2021,215,0.609,0.088,0.302,4.92
124,Peer & Crowd Feedback,"Crowds, Data & Human-AI Decisions",2022,87,0.609,0.08,0.31,5.83
124,Peer & Crowd Feedback,"Crowds, Data & Human-AI Decisions",2023,124,0.452,0.145,0.403,5.57
124,Peer & Crowd Feedback,"Crowds, Data & Human-AI Decisions",2024,88,0.375,0.045,0.58,8.06
124,Peer & Crowd Feedback,"Crowds, Data & Human-AI Decisions",2025,68,0.5,0.044,0.456,8.41
124,Peer & Crowd Feedback,"Crowds, Data & Human-AI Decisions",2026,25,0.48,0.0,0.52,8.42
125,Computational Notebooks,"Crowds, Data & Human-AI Decisions",1986,1,0.0,0.0,1.0,
125,Computational Notebooks,"Crowds, Data & Human-AI Decisions",1993,3,0.0,0.0,1.0,
125,Computational Notebooks,"Crowds, Data & Human-AI Decisions",1997,11,0.273,0.091,0.636,4.0
125,Computational Notebooks,"Crowds, Data & Human-AI Decisions",1998,8,1.0,0.0,0.0,1.0
125,Computational Notebooks,"Crowds, Data & Human-AI Decisions",2000,5,0.6,0.2,0.2,2.67
125,Computational Notebooks,"Crowds, Data & Human-AI Decisions",2002,6,0.333,0.0,0.667,3.5
125,Computational Notebooks,"Crowds, Data & Human-AI Decisions",2004,5,0.2,0.0,0.8,7.0
125,Computational Notebooks,"Crowds, Data & Human-AI Decisions",2006,6,0.333,0.0,0.667,6.5
125,Computational Notebooks,"Crowds, Data & Human-AI Decisions",2007,6,0.0,0.0,1.0,
125,Computational Notebooks,"Crowds, Data & Human-AI Decisions",2008,24,0.083,0.042,0.875,2.5
125,Computational Notebooks,"Crowds, Data & Human-AI Decisions",2014,15,0.133,0.133,0.733,8.0
125,Computational Notebooks,"Crowds, Data & Human-AI Decisions",2015,7,0.143,0.0,0.857,1.0
125,Computational Notebooks,"Crowds, Data & Human-AI Decisions",2016,2,0.5,0.0,0.5,30.0
125,Computational Notebooks,"Crowds, Data & Human-AI Decisions",2017,18,0.222,0.0,0.778,2.75
125,Computational Notebooks,"Crowds, Data & Human-AI Decisions",2018,63,0.302,0.143,0.556,2.95
125,Computational Notebooks,"Crowds, Data & Human-AI Decisions",2019,72,0.347,0.181,0.472,1.76
125,Computational Notebooks,"Crowds, Data & Human-AI Decisions",2020,170,0.347,0.194,0.459,6.66
125,Computational Notebooks,"Crowds, Data & Human-AI Decisions",2021,199,0.367,0.226,0.407,4.11
125,Computational Notebooks,"Crowds, Data & Human-AI Decisions",2022,158,0.43,0.31,0.259,2.72
125,Computational Notebooks,"Crowds, Data & Human-AI Decisions",2023,196,0.536,0.209,0.255,3.86
125,Computational Notebooks,"Crowds, Data & Human-AI Decisions",2024,172,0.517,0.215,0.267,4.38
125,Computational Notebooks,"Crowds, Data & Human-AI Decisions",2025,159,0.541,0.132,0.327,4.16
125,Computational Notebooks,"Crowds, Data & Human-AI Decisions",2026,187,0.439,0.166,0.396,4.98
126,Social Media & Mental Health,"Work, Community & Society",1996,3,0.0,0.0,1.0,
126,Social Media & Mental Health,"Work, Community & Society",2003,4,0.0,0.0,1.0,
126,Social Media & Mental Health,"Work, Community & Society",2005,6,0.0,0.333,0.667,
126,Social Media & Mental Health,"Work, Community & Society",2006,4,0.0,0.25,0.75,
126,Social Media & Mental Health,"Work, Community & Society",2007,10,0.3,0.1,0.6,2.0
126,Social Media & Mental Health,"Work, Community & Society",2008,30,0.4,0.333,0.267,1.33
126,Social Media & Mental Health,"Work, Community & Society",2009,18,0.333,0.444,0.222,2.5
126,Social Media & Mental Health,"Work, Community & Society",2010,68,0.529,0.25,0.221,2.72
126,Social Media & Mental Health,"Work, Community & Society",2011,62,0.726,0.194,0.081,2.98
126,Social Media & Mental Health,"Work, Community & Society",2012,162,0.519,0.16,0.321,3.48
126,Social Media & Mental Health,"Work, Community & Society",2013,219,0.539,0.174,0.288,3.13
126,Social Media & Mental Health,"Work, Community & Society",2014,258,0.612,0.136,0.252,3.03
126,Social Media & Mental Health,"Work, Community & Society",2015,275,0.596,0.127,0.276,3.3
126,Social Media & Mental Health,"Work, Community & Society",2016,438,0.58,0.142,0.279,3.46
126,Social Media & Mental Health,"Work, Community & Society",2017,655,0.522,0.206,0.272,3.44
126,Social Media & Mental Health,"Work, Community & Society",2018,494,0.54,0.19,0.269,3.94
126,Social Media & Mental Health,"Work, Community & Society",2019,631,0.639,0.216,0.146,4.03
126,Social Media & Mental Health,"Work, Community & Society",2020,546,0.54,0.176,0.284,5.45
126,Social Media & Mental Health,"Work, Community & Society",2021,896,0.586,0.2,0.214,4.88
126,Social Media & Mental Health,"Work, Community & Society",2022,938,0.477,0.228,0.295,5.53
126,Social Media & Mental Health,"Work, Community & Society",2023,745,0.499,0.235,0.266,5.42
126,Social Media & Mental Health,"Work, Community & Society",2024,720,0.463,0.208,0.329,6.23
126,Social Media & Mental Health,"Work, Community & Society",2025,1208,0.413,0.284,0.303,6.88
126,Social Media & Mental Health,"Work, Community & Society",2026,612,0.317,0.286,0.397,6.56
127,ICTD & Rural Communities,"Work, Community & Society",1997,2,0.0,0.0,1.0,
127,ICTD & Rural Communities,"Work, Community & Society",2006,6,0.167,0.0,0.833,9.0
127,ICTD & Rural Communities,"Work, Community & Society",2007,13,0.154,0.0,0.846,1.0
127,ICTD & Rural Communities,"Work, Community & Society",2008,39,0.256,0.179,0.564,2.7
127,ICTD & Rural Communities,"Work, Community & Society",2009,20,0.45,0.0,0.55,5.33
127,ICTD & Rural Communities,"Work, Community & Society",2010,52,0.404,0.019,0.577,2.52
127,ICTD & Rural Communities,"Work, Community & Society",2011,84,0.583,0.095,0.321,1.98
127,ICTD & Rural Communities,"Work, Community & Society",2012,106,0.396,0.047,0.557,2.57
127,ICTD & Rural Communities,"Work, Community & Society",2013,99,0.566,0.03,0.404,3.32
127,ICTD & Rural Communities,"Work, Community & Society",2014,116,0.405,0.172,0.422,3.64
127,ICTD & Rural Communities,"Work, Community & Society",2015,160,0.506,0.119,0.375,3.88
127,ICTD & Rural Communities,"Work, Community & Society",2016,228,0.421,0.154,0.425,4.0
127,ICTD & Rural Communities,"Work, Community & Society",2017,347,0.51,0.187,0.303,4.34
127,ICTD & Rural Communities,"Work, Community & Society",2018,483,0.58,0.13,0.29,4.81
127,ICTD & Rural Communities,"Work, Community & Society",2019,729,0.573,0.189,0.237,4.41
127,ICTD & Rural Communities,"Work, Community & Society",2020,435,0.533,0.149,0.317,4.76
127,ICTD & Rural Communities,"Work, Community & Society",2021,1212,0.519,0.216,0.265,5.02
127,ICTD & Rural Communities,"Work, Community & Society",2022,930,0.484,0.239,0.277,5.47
127,ICTD & Rural Communities,"Work, Community & Society",2023,233,0.494,0.223,0.283,5.44
127,ICTD & Rural Communities,"Work, Community & Society",2024,868,0.471,0.275,0.253,6.21
127,ICTD & Rural Communities,"Work, Community & Society",2025,1024,0.424,0.223,0.354,6.52
127,ICTD & Rural Communities,"Work, Community & Society",2026,557,0.47,0.203,0.327,7.76
128,Wikipedia & Open Source,"Work, Community & Society",1998,2,0.0,0.0,1.0,
128,Wikipedia & Open Source,"Work, Community & Society",1999,3,0.333,0.0,0.667,1.0
128,Wikipedia & Open Source,"Work, Community & Society",2000,16,0.125,0.0,0.875,2.0
128,Wikipedia & Open Source,"Work, Community & Society",2002,14,0.429,0.0,0.571,3.17
128,Wikipedia & Open Source,"Work, Community & Society",2003,10,0.4,0.0,0.6,2.75
128,Wikipedia & Open Source,"Work, Community & Society",2004,18,0.278,0.111,0.611,3.0
128,Wikipedia & Open Source,"Work, Community & Society",2005,17,0.529,0.235,0.235,3.89
128,Wikipedia & Open Source,"Work, Community & Society",2006,12,0.667,0.167,0.167,3.25
128,Wikipedia & Open Source,"Work, Community & Society",2007,59,0.542,0.102,0.356,2.53
128,Wikipedia & Open Source,"Work, Community & Society",2008,77,0.636,0.052,0.312,2.14
128,Wikipedia & Open Source,"Work, Community & Society",2009,91,0.681,0.088,0.231,2.48
128,Wikipedia & Open Source,"Work, Community & Society",2010,201,0.672,0.085,0.244,3.04
128,Wikipedia & Open Source,"Work, Community & Society",2011,66,0.621,0.106,0.273,2.9
128,Wikipedia & Open Source,"Work, Community & Society",2012,239,0.686,0.13,0.184,4.04
128,Wikipedia & Open Source,"Work, Community & Society",2013,221,0.661,0.131,0.208,3.9
128,Wikipedia & Open Source,"Work, Community & Society",2014,229,0.629,0.131,0.24,4.34
128,Wikipedia & Open Source,"Work, Community & Society",2015,249,0.687,0.104,0.209,4.96
128,Wikipedia & Open Source,"Work, Community & Society",2016,341,0.551,0.176,0.273,4.9
128,Wikipedia & Open Source,"Work, Community & Society",2017,451,0.632,0.173,0.195,5.56
128,Wikipedia & Open Source,"Work, Community & Society",2018,433,0.527,0.219,0.254,5.72
128,Wikipedia & Open Source,"Work, Community & Society",2019,215,0.54,0.247,0.214,6.47
128,Wikipedia & Open Source,"Work, Community & Society",2020,207,0.502,0.208,0.29,6.66
128,Wikipedia & Open Source,"Work, Community & Society",2021,305,0.452,0.203,0.344,7.43
128,Wikipedia & Open Source,"Work, Community & Society",2022,336,0.494,0.232,0.274,7.83
128,Wikipedia & Open Source,"Work, Community & Society",2023,277,0.628,0.181,0.191,8.34
128,Wikipedia & Open Source,"Work, Community & Society",2024,331,0.505,0.299,0.196,8.64
128,Wikipedia & Open Source,"Work, Community & Society",2025,313,0.521,0.195,0.284,8.56
128,Wikipedia & Open Source,"Work, Community & Society",2026,128,0.43,0.32,0.25,8.78
129,Crisis Informatics,"Work, Community & Society",2007,5,0.0,0.0,1.0,
129,Crisis Informatics,"Work, Community & Society",2008,12,0.25,0.25,0.5,1.0
129,Crisis Informatics,"Work, Community & Society",2009,7,0.571,0.286,0.143,1.25
129,Crisis Informatics,"Work, Community & Society",2010,24,0.458,0.292,0.25,1.64
129,Crisis Informatics,"Work, Community & Society",2011,63,0.349,0.254,0.397,1.82
129,Crisis Informatics,"Work, Community & Society",2012,62,0.774,0.097,0.129,1.88
129,Crisis Informatics,"Work, Community & Society",2013,109,0.541,0.174,0.284,2.15
129,Crisis Informatics,"Work, Community & Society",2014,118,0.492,0.314,0.195,3.16
129,Crisis Informatics,"Work, Community & Society",2015,156,0.526,0.218,0.256,3.17
129,Crisis Informatics,"Work, Community & Society",2016,168,0.565,0.208,0.226,3.86
129,Crisis Informatics,"Work, Community & Society",2017,285,0.618,0.26,0.123,4.05
129,Crisis Informatics,"Work, Community & Society",2018,323,0.573,0.26,0.167,4.27
129,Crisis Informatics,"Work, Community & Society",2019,221,0.511,0.262,0.226,4.78
129,Crisis Informatics,"Work, Community & Society",2020,172,0.483,0.273,0.244,4.08
129,Crisis Informatics,"Work, Community & Society",2021,477,0.48,0.258,0.262,5.19
129,Crisis Informatics,"Work, Community & Society",2022,576,0.507,0.281,0.212,4.49
129,Crisis Informatics,"Work, Community & Society",2023,554,0.5,0.309,0.191,5.14
129,Crisis Informatics,"Work, Community & Society",2024,569,0.606,0.236,0.158,4.68
129,Crisis Informatics,"Work, Community & Society",2025,959,0.513,0.206,0.281,5.27
129,Crisis Informatics,"Work, Community & Society",2026,518,0.485,0.266,0.249,5.52
130,Gender & Algorithmic Bias,"Work, Community & Society",2009,1,0.0,1.0,0.0,
130,Gender & Algorithmic Bias,"Work, Community & Society",2010,12,0.083,0.333,0.583,1.0
130,Gender & Algorithmic Bias,"Work, Community & Society",2012,8,0.125,0.625,0.25,1.0
130,Gender & Algorithmic Bias,"Work, Community & Society",2014,20,0.1,0.55,0.35,3.0
130,Gender & Algorithmic Bias,"Work, Community & Society",2015,47,0.064,0.66,0.277,5.33
130,Gender & Algorithmic Bias,"Work, Community & Society",2016,100,0.19,0.4,0.41,1.89
130,Gender & Algorithmic Bias,"Work, Community & Society",2017,150,0.227,0.487,0.287,2.97
130,Gender & Algorithmic Bias,"Work, Community & Society",2018,256,0.355,0.434,0.211,2.07
130,Gender & Algorithmic Bias,"Work, Community & Society",2019,292,0.315,0.284,0.401,2.45
130,Gender & Algorithmic Bias,"Work, Community & Society",2020,216,0.407,0.31,0.282,2.93
130,Gender & Algorithmic Bias,"Work, Community & Society",2021,679,0.396,0.297,0.306,3.14
130,Gender & Algorithmic Bias,"Work, Community & Society",2022,668,0.368,0.308,0.323,3.75
130,Gender & Algorithmic Bias,"Work, Community & Society",2023,723,0.383,0.246,0.371,3.73
130,Gender & Algorithmic Bias,"Work, Community & Society",2024,959,0.41,0.317,0.273,4.44
130,Gender & Algorithmic Bias,"Work, Community & Society",2025,1526,0.404,0.275,0.322,4.31
130,Gender & Algorithmic Bias,"Work, Community & Society",2026,1134,0.344,0.272,0.384,4.94
131,Civic Participation,"Work, Community & Society",2005,2,0.0,0.0,1.0,
131,Civic Participation,"Work, Community & Society",2007,9,0.0,0.111,0.889,
131,Civic Participation,"Work, Community & Society",2008,5,0.0,0.2,0.8,
131,Civic Participation,"Work, Community & Society",2009,5,0.0,0.0,1.0,
131,Civic Participation,"Work, Community & Society",2010,22,0.091,0.182,0.727,2.5
131,Civic Participation,"Work, Community & Society",2011,63,0.095,0.222,0.683,2.33
131,Civic Participation,"Work, Community & Society",2012,61,0.262,0.262,0.475,3.19
131,Civic Participation,"Work, Community & Society",2013,49,0.265,0.184,0.551,2.31
131,Civic Participation,"Work, Community & Society",2014,88,0.295,0.239,0.466,2.31
131,Civic Participation,"Work, Community & Society",2015,153,0.327,0.196,0.477,3.16
131,Civic Participation,"Work, Community & Society",2016,174,0.379,0.172,0.448,2.05
131,Civic Participation,"Work, Community & Society",2017,237,0.515,0.122,0.363,2.82
131,Civic Participation,"Work, Community & Society",2018,319,0.542,0.107,0.351,3.04
131,Civic Participation,"Work, Community & Society",2019,432,0.394,0.22,0.387,3.84
131,Civic Participation,"Work, Community & Society",2020,326,0.399,0.316,0.285,3.92
131,Civic Participation,"Work, Community & Society",2021,664,0.363,0.27,0.367,3.87
131,Civic Participation,"Work, Community & Society",2022,582,0.43,0.227,0.344,4.21
131,Civic Participation,"Work, Community & Society",2023,445,0.494,0.207,0.299,5.18
131,Civic Participation,"Work, Community & Society",2024,776,0.396,0.286,0.318,5.29
131,Civic Participation,"Work, Community & Society",2025,1024,0.412,0.251,0.337,5.39
131,Civic Participation,"Work, Community & Society",2026,1053,0.431,0.219,0.349,5.59
132,Moderation & Online Harassment,"Work, Community & Society",2004,3,0.0,0.667,0.333,
132,Moderation & Online Harassment,"Work, Community & Society",2007,4,0.25,0.0,0.75,3.0
132,Moderation & Online Harassment,"Work, Community & Society",2008,8,0.25,0.125,0.625,13.5
132,Moderation & Online Harassment,"Work, Community & Society",2009,3,0.333,0.333,0.333,5.0
132,Moderation & Online Harassment,"Work, Community & Society",2011,12,0.333,0.583,0.083,5.0
132,Moderation & Online Harassment,"Work, Community & Society",2012,17,0.294,0.353,0.353,3.2
132,Moderation & Online Harassment,"Work, Community & Society",2013,4,0.25,0.5,0.25,9.0
132,Moderation & Online Harassment,"Work, Community & Society",2014,23,0.087,0.435,0.478,10.0
132,Moderation & Online Harassment,"Work, Community & Society",2015,14,0.357,0.357,0.286,4.2
132,Moderation & Online Harassment,"Work, Community & Society",2016,76,0.263,0.421,0.316,3.65
132,Moderation & Online Harassment,"Work, Community & Society",2017,96,0.375,0.427,0.198,3.42
132,Moderation & Online Harassment,"Work, Community & Society",2018,124,0.339,0.492,0.169,3.02
132,Moderation & Online Harassment,"Work, Community & Society",2019,221,0.425,0.416,0.158,3.23
132,Moderation & Online Harassment,"Work, Community & Society",2020,383,0.36,0.446,0.193,3.38
132,Moderation & Online Harassment,"Work, Community & Society",2021,544,0.381,0.406,0.213,3.37
132,Moderation & Online Harassment,"Work, Community & Society",2022,605,0.517,0.326,0.157,3.72
132,Moderation & Online Harassment,"Work, Community & Society",2023,823,0.598,0.224,0.179,3.96
132,Moderation & Online Harassment,"Work, Community & Society",2024,1081,0.488,0.322,0.19,4.26
132,Moderation & Online Harassment,"Work, Community & Society",2025,1377,0.511,0.268,0.221,4.61
132,Moderation & Online Harassment,"Work, Community & Society",2026,558,0.455,0.292,0.253,4.85
133,Gig Work & Labor,"Work, Community & Society",1996,2,0.0,0.0,1.0,
133,Gig Work & Labor,"Work, Community & Society",1997,5,0.2,0.0,0.8,9.0
133,Gig Work & Labor,"Work, Community & Society",2010,13,0.077,0.538,0.385,1.0
133,Gig Work & Labor,"Work, Community & Society",2011,8,0.25,0.125,0.625,1.0
133,Gig Work & Labor,"Work, Community & Society",2012,5,0.2,0.4,0.4,2.0
133,Gig Work & Labor,"Work, Community & Society",2013,29,0.103,0.552,0.345,3.0
133,Gig Work & Labor,"Work, Community & Society",2014,20,0.05,0.3,0.65,4.0
133,Gig Work & Labor,"Work, Community & Society",2015,65,0.308,0.231,0.462,1.85
133,Gig Work & Labor,"Work, Community & Society",2016,110,0.436,0.236,0.327,2.04
133,Gig Work & Labor,"Work, Community & Society",2017,316,0.415,0.241,0.345,2.4
133,Gig Work & Labor,"Work, Community & Society",2018,311,0.482,0.219,0.299,2.45
133,Gig Work & Labor,"Work, Community & Society",2019,275,0.462,0.244,0.295,2.62
133,Gig Work & Labor,"Work, Community & Society",2020,183,0.497,0.213,0.29,3.56
133,Gig Work & Labor,"Work, Community & Society",2021,429,0.494,0.235,0.27,3.98
133,Gig Work & Labor,"Work, Community & Society",2022,491,0.438,0.234,0.328,4.63
133,Gig Work & Labor,"Work, Community & Society",2023,509,0.367,0.279,0.354,4.37
133,Gig Work & Labor,"Work, Community & Society",2024,910,0.389,0.274,0.337,4.73
133,Gig Work & Labor,"Work, Community & Society",2025,1098,0.488,0.222,0.29,5.14
133,Gig Work & Labor,"Work, Community & Society",2026,398,0.42,0.254,0.327,5.28
134,"Gender, Intimacy & Safety","Work, Community & Society",2007,2,0.0,0.5,0.5,
134,"Gender, Intimacy & Safety","Work, Community & Society",2008,2,0.5,0.0,0.5,1.0
134,"Gender, Intimacy & Safety","Work, Community & Society",2009,1,1.0,0.0,0.0,2.0
134,"Gender, Intimacy & Safety","Work, Community & Society",2010,9,0.111,0.0,0.889,3.0
134,"Gender, Intimacy & Safety","Work, Community & Society",2011,27,0.074,0.037,0.889,1.0
134,"Gender, Intimacy & Safety","Work, Community & Society",2012,1,1.0,0.0,0.0,5.0
134,"Gender, Intimacy & Safety","Work, Community & Society",2013,20,0.1,0.45,0.45,2.5
134,"Gender, Intimacy & Safety","Work, Community & Society",2014,17,0.235,0.176,0.588,4.75
134,"Gender, Intimacy & Safety","Work, Community & Society",2015,45,0.222,0.289,0.489,5.7
134,"Gender, Intimacy & Safety","Work, Community & Society",2016,49,0.388,0.184,0.429,3.53
134,"Gender, Intimacy & Safety","Work, Community & Society",2017,115,0.287,0.339,0.374,4.12
134,"Gender, Intimacy & Safety","Work, Community & Society",2018,129,0.287,0.426,0.287,3.84
134,"Gender, Intimacy & Safety","Work, Community & Society",2019,217,0.336,0.327,0.336,3.7
134,"Gender, Intimacy & Safety","Work, Community & Society",2020,534,0.423,0.3,0.277,3.79
134,"Gender, Intimacy & Safety","Work, Community & Society",2021,458,0.389,0.297,0.314,4.15
134,"Gender, Intimacy & Safety","Work, Community & Society",2022,429,0.375,0.34,0.284,3.98
134,"Gender, Intimacy & Safety","Work, Community & Society",2023,587,0.416,0.274,0.31,4.52
134,"Gender, Intimacy & Safety","Work, Community & Society",2024,915,0.455,0.238,0.307,4.8
134,"Gender, Intimacy & Safety","Work, Community & Society",2025,1443,0.405,0.195,0.4,4.63
134,"Gender, Intimacy & Safety","Work, Community & Society",2026,1144,0.464,0.183,0.353,4.84
135,Enterprise Social Media & Crowdfunding,"Work, Community & Society",1990,1,0.0,0.0,1.0,
135,Enterprise Social Media & Crowdfunding,"Work, Community & Society",1994,3,0.333,0.0,0.667,4.0
135,Enterprise Social Media & Crowdfunding,"Work, Community & Society",1998,3,0.0,0.0,1.0,
135,Enterprise Social Media & Crowdfunding,"Work, Community & Society",2000,6,0.167,0.0,0.833,2.0
135,Enterprise Social Media & Crowdfunding,"Work, Community & Society",2003,14,0.286,0.071,0.643,6.5
135,Enterprise Social Media & Crowdfunding,"Work, Community & Society",2004,1,0.0,0.0,1.0,
135,Enterprise Social Media & Crowdfunding,"Work, Community & Society",2005,35,0.2,0.086,0.714,4.71
135,Enterprise Social Media & Crowdfunding,"Work, Community & Society",2006,11,0.0,0.182,0.818,
135,Enterprise Social Media & Crowdfunding,"Work, Community & Society",2007,24,0.542,0.208,0.25,3.08
135,Enterprise Social Media & Crowdfunding,"Work, Community & Society",2008,64,0.484,0.219,0.297,2.97
135,Enterprise Social Media & Crowdfunding,"Work, Community & Society",2009,103,0.592,0.194,0.214,2.25
135,Enterprise Social Media & Crowdfunding,"Work, Community & Society",2010,97,0.629,0.134,0.237,2.59
135,Enterprise Social Media & Crowdfunding,"Work, Community & Society",2011,120,0.517,0.158,0.325,3.03
135,Enterprise Social Media & Crowdfunding,"Work, Community & Society",2012,96,0.594,0.229,0.177,4.61
135,Enterprise Social Media & Crowdfunding,"Work, Community & Society",2013,56,0.518,0.125,0.357,4.21
135,Enterprise Social Media & Crowdfunding,"Work, Community & Society",2014,116,0.578,0.241,0.181,3.94
135,Enterprise Social Media & Crowdfunding,"Work, Community & Society",2015,103,0.553,0.233,0.214,2.7
135,Enterprise Social Media & Crowdfunding,"Work, Community & Society",2016,167,0.587,0.174,0.24,4.64
135,Enterprise Social Media & Crowdfunding,"Work, Community & Society",2017,139,0.59,0.115,0.295,4.06
135,Enterprise Social Media & Crowdfunding,"Work, Community & Society",2018,87,0.529,0.264,0.207,5.04
135,Enterprise Social Media & Crowdfunding,"Work, Community & Society",2019,44,0.5,0.295,0.205,7.36
135,Enterprise Social Media & Crowdfunding,"Work, Community & Society",2020,63,0.556,0.286,0.159,5.83
135,Enterprise Social Media & Crowdfunding,"Work, Community & Society",2021,65,0.385,0.277,0.338,8.6
135,Enterprise Social Media & Crowdfunding,"Work, Community & Society",2022,85,0.318,0.271,0.412,5.89
135,Enterprise Social Media & Crowdfunding,"Work, Community & Society",2023,73,0.288,0.288,0.425,8.24
135,Enterprise Social Media & Crowdfunding,"Work, Community & Society",2024,31,0.194,0.161,0.645,7.17
135,Enterprise Social Media & Crowdfunding,"Work, Community & Society",2025,77,0.455,0.364,0.182,9.23
135,Enterprise Social Media & Crowdfunding,"Work, Community & Society",2026,1,1.0,0.0,0.0,8.0
136,"Refugees, Hackathons & Crypto","Work, Community & Society",2004,1,0.0,0.0,1.0,
136,"Refugees, Hackathons & Crypto","Work, Community & Society",2009,1,0.0,0.0,1.0,
136,"Refugees, Hackathons & Crypto","Work, Community & Society",2010,7,0.286,0.143,0.571,10.5
136,"Refugees, Hackathons & Crypto","Work, Community & Society",2012,1,0.0,1.0,0.0,
136,"Refugees, Hackathons & Crypto","Work, Community & Society",2014,20,0.15,0.2,0.65,4.33
136,"Refugees, Hackathons & Crypto","Work, Community & Society",2015,4,0.25,0.5,0.25,6.0
136,"Refugees, Hackathons & Crypto","Work, Community & Society",2016,31,0.323,0.484,0.194,3.7
136,"Refugees, Hackathons & Crypto","Work, Community & Society",2017,16,0.25,0.438,0.312,1.25
136,"Refugees, Hackathons & Crypto","Work, Community & Society",2018,95,0.253,0.442,0.305,3.38
136,"Refugees, Hackathons & Crypto","Work, Community & Society",2019,71,0.465,0.296,0.239,2.7
136,"Refugees, Hackathons & Crypto","Work, Community & Society",2020,148,0.385,0.223,0.392,2.88
136,"Refugees, Hackathons & Crypto","Work, Community & Society",2021,109,0.45,0.284,0.266,2.65
136,"Refugees, Hackathons & Crypto","Work, Community & Society",2022,227,0.383,0.313,0.304,3.94
136,"Refugees, Hackathons & Crypto","Work, Community & Society",2023,183,0.393,0.29,0.317,4.67
136,"Refugees, Hackathons & Crypto","Work, Community & Society",2024,251,0.339,0.315,0.347,4.69
136,"Refugees, Hackathons & Crypto","Work, Community & Society",2025,349,0.39,0.309,0.301,4.79
136,"Refugees, Hackathons & Crypto","Work, Community & Society",2026,222,0.387,0.275,0.338,5.31
