sub,name,band,year,papers,cites_received
0,Speculative & Critical Design,"Work, Community & Society",1982,3,0
0,Speculative & Critical Design,"Work, Community & Society",1985,1,0
0,Speculative & Critical Design,"Work, Community & Society",1986,3,1
0,Speculative & Critical Design,"Work, Community & Society",1989,1,0
0,Speculative & Critical Design,"Work, Community & Society",1990,2,11
0,Speculative & Critical Design,"Work, Community & Society",1991,0,1
0,Speculative & Critical Design,"Work, Community & Society",1992,1,2
0,Speculative & Critical Design,"Work, Community & Society",1994,1,1
0,Speculative & Critical Design,"Work, Community & Society",1995,2,3
0,Speculative & Critical Design,"Work, Community & Society",1996,2,5
0,Speculative & Critical Design,"Work, Community & Society",1997,4,4
0,Speculative & Critical Design,"Work, Community & Society",1998,0,1
0,Speculative & Critical Design,"Work, Community & Society",1999,3,3
0,Speculative & Critical Design,"Work, Community & Society",2000,12,12
0,Speculative & Critical Design,"Work, Community & Society",2001,1,5
0,Speculative & Critical Design,"Work, Community & Society",2002,6,17
0,Speculative & Critical Design,"Work, Community & Society",2003,3,10
0,Speculative & Critical Design,"Work, Community & Society",2004,7,29
0,Speculative & Critical Design,"Work, Community & Society",2005,2,5
0,Speculative & Critical Design,"Work, Community & Society",2006,14,55
0,Speculative & Critical Design,"Work, Community & Society",2007,11,52
0,Speculative & Critical Design,"Work, Community & Society",2008,7,62
0,Speculative & Critical Design,"Work, Community & Society",2009,9,57
0,Speculative & Critical Design,"Work, Community & Society",2010,19,129
0,Speculative & Critical Design,"Work, Community & Society",2011,13,82
0,Speculative & Critical Design,"Work, Community & Society",2012,33,211
0,Speculative & Critical Design,"Work, Community & Society",2013,19,152
0,Speculative & Critical Design,"Work, Community & Society",2014,44,261
0,Speculative & Critical Design,"Work, Community & Society",2015,16,203
0,Speculative & Critical Design,"Work, Community & Society",2016,35,393
0,Speculative & Critical Design,"Work, Community & Society",2017,42,566
0,Speculative & Critical Design,"Work, Community & Society",2018,38,628
0,Speculative & Critical Design,"Work, Community & Society",2019,55,823
0,Speculative & Critical Design,"Work, Community & Society",2020,66,975
0,Speculative & Critical Design,"Work, Community & Society",2021,54,1177
0,Speculative & Critical Design,"Work, Community & Society",2022,55,1114
0,Speculative & Critical Design,"Work, Community & Society",2023,55,1251
0,Speculative & Critical Design,"Work, Community & Society",2024,67,1596
0,Speculative & Critical Design,"Work, Community & Society",2025,77,1859
0,Speculative & Critical Design,"Work, Community & Society",2026,68,1688
1,"Gender, Intimacy & Safety","Work, Community & Society",1982,1,0
1,"Gender, Intimacy & Safety","Work, Community & Society",1983,1,1
1,"Gender, Intimacy & Safety","Work, Community & Society",2002,2,0
1,"Gender, Intimacy & Safety","Work, Community & Society",2003,0,1
1,"Gender, Intimacy & Safety","Work, Community & Society",2007,1,2
1,"Gender, Intimacy & Safety","Work, Community & Society",2008,4,0
1,"Gender, Intimacy & Safety","Work, Community & Society",2009,1,5
1,"Gender, Intimacy & Safety","Work, Community & Society",2010,6,8
1,"Gender, Intimacy & Safety","Work, Community & Society",2011,10,35
1,"Gender, Intimacy & Safety","Work, Community & Society",2012,8,52
1,"Gender, Intimacy & Safety","Work, Community & Society",2013,6,46
1,"Gender, Intimacy & Safety","Work, Community & Society",2014,7,74
1,"Gender, Intimacy & Safety","Work, Community & Society",2015,8,68
1,"Gender, Intimacy & Safety","Work, Community & Society",2016,11,119
1,"Gender, Intimacy & Safety","Work, Community & Society",2017,24,227
1,"Gender, Intimacy & Safety","Work, Community & Society",2018,20,223
1,"Gender, Intimacy & Safety","Work, Community & Society",2019,35,403
1,"Gender, Intimacy & Safety","Work, Community & Society",2020,38,546
1,"Gender, Intimacy & Safety","Work, Community & Society",2021,46,801
1,"Gender, Intimacy & Safety","Work, Community & Society",2022,38,771
1,"Gender, Intimacy & Safety","Work, Community & Society",2023,45,804
1,"Gender, Intimacy & Safety","Work, Community & Society",2024,70,1338
1,"Gender, Intimacy & Safety","Work, Community & Society",2025,67,1574
1,"Gender, Intimacy & Safety","Work, Community & Society",2026,64,1360
2,Gender & Algorithmic Bias,"Work, Community & Society",1983,1,0
2,Gender & Algorithmic Bias,"Work, Community & Society",1989,1,0
2,Gender & Algorithmic Bias,"Work, Community & Society",1994,1,0
2,Gender & Algorithmic Bias,"Work, Community & Society",2000,1,0
2,Gender & Algorithmic Bias,"Work, Community & Society",2006,2,1
2,Gender & Algorithmic Bias,"Work, Community & Society",2007,1,0
2,Gender & Algorithmic Bias,"Work, Community & Society",2008,2,2
2,Gender & Algorithmic Bias,"Work, Community & Society",2009,1,4
2,Gender & Algorithmic Bias,"Work, Community & Society",2010,3,1
2,Gender & Algorithmic Bias,"Work, Community & Society",2011,2,7
2,Gender & Algorithmic Bias,"Work, Community & Society",2012,6,11
2,Gender & Algorithmic Bias,"Work, Community & Society",2013,3,15
2,Gender & Algorithmic Bias,"Work, Community & Society",2014,9,23
2,Gender & Algorithmic Bias,"Work, Community & Society",2015,12,33
2,Gender & Algorithmic Bias,"Work, Community & Society",2016,12,101
2,Gender & Algorithmic Bias,"Work, Community & Society",2017,25,182
2,Gender & Algorithmic Bias,"Work, Community & Society",2018,27,277
2,Gender & Algorithmic Bias,"Work, Community & Society",2019,24,442
2,Gender & Algorithmic Bias,"Work, Community & Society",2020,26,358
2,Gender & Algorithmic Bias,"Work, Community & Society",2021,43,746
2,Gender & Algorithmic Bias,"Work, Community & Society",2022,47,853
2,Gender & Algorithmic Bias,"Work, Community & Society",2023,48,818
2,Gender & Algorithmic Bias,"Work, Community & Society",2024,60,1202
2,Gender & Algorithmic Bias,"Work, Community & Society",2025,70,1563
2,Gender & Algorithmic Bias,"Work, Community & Society",2026,43,953
3,Gig Work & Labor,"Work, Community & Society",1988,1,0
3,Gig Work & Labor,"Work, Community & Society",1996,1,0
3,Gig Work & Labor,"Work, Community & Society",1997,1,1
3,Gig Work & Labor,"Work, Community & Society",1998,0,1
3,Gig Work & Labor,"Work, Community & Society",2000,1,1
3,Gig Work & Labor,"Work, Community & Society",2001,0,1
3,Gig Work & Labor,"Work, Community & Society",2003,0,1
3,Gig Work & Labor,"Work, Community & Society",2004,0,1
3,Gig Work & Labor,"Work, Community & Society",2005,0,1
3,Gig Work & Labor,"Work, Community & Society",2006,0,1
3,Gig Work & Labor,"Work, Community & Society",2007,1,0
3,Gig Work & Labor,"Work, Community & Society",2008,2,5
3,Gig Work & Labor,"Work, Community & Society",2009,0,2
3,Gig Work & Labor,"Work, Community & Society",2010,5,9
3,Gig Work & Labor,"Work, Community & Society",2011,2,17
3,Gig Work & Labor,"Work, Community & Society",2012,2,14
3,Gig Work & Labor,"Work, Community & Society",2013,3,11
3,Gig Work & Labor,"Work, Community & Society",2014,9,18
3,Gig Work & Labor,"Work, Community & Society",2015,11,43
3,Gig Work & Labor,"Work, Community & Society",2016,13,85
3,Gig Work & Labor,"Work, Community & Society",2017,28,231
3,Gig Work & Labor,"Work, Community & Society",2018,20,301
3,Gig Work & Labor,"Work, Community & Society",2019,27,318
3,Gig Work & Labor,"Work, Community & Society",2020,18,210
3,Gig Work & Labor,"Work, Community & Society",2021,29,453
3,Gig Work & Labor,"Work, Community & Society",2022,43,477
3,Gig Work & Labor,"Work, Community & Society",2023,27,449
3,Gig Work & Labor,"Work, Community & Society",2024,46,678
3,Gig Work & Labor,"Work, Community & Society",2025,56,1024
3,Gig Work & Labor,"Work, Community & Society",2026,25,524
4,Civic Participation,"Work, Community & Society",1996,1,0
4,Civic Participation,"Work, Community & Society",1997,0,2
4,Civic Participation,"Work, Community & Society",1998,0,3
4,Civic Participation,"Work, Community & Society",1999,0,1
4,Civic Participation,"Work, Community & Society",2000,1,2
4,Civic Participation,"Work, Community & Society",2001,0,3
4,Civic Participation,"Work, Community & Society",2002,1,2
4,Civic Participation,"Work, Community & Society",2004,2,9
4,Civic Participation,"Work, Community & Society",2005,1,2
4,Civic Participation,"Work, Community & Society",2006,1,6
4,Civic Participation,"Work, Community & Society",2007,1,3
4,Civic Participation,"Work, Community & Society",2008,1,11
4,Civic Participation,"Work, Community & Society",2009,0,7
4,Civic Participation,"Work, Community & Society",2010,9,4
4,Civic Participation,"Work, Community & Society",2011,5,16
4,Civic Participation,"Work, Community & Society",2012,10,29
4,Civic Participation,"Work, Community & Society",2013,5,32
4,Civic Participation,"Work, Community & Society",2014,15,63
4,Civic Participation,"Work, Community & Society",2015,21,94
4,Civic Participation,"Work, Community & Society",2016,18,166
4,Civic Participation,"Work, Community & Society",2017,26,270
4,Civic Participation,"Work, Community & Society",2018,27,390
4,Civic Participation,"Work, Community & Society",2019,23,364
4,Civic Participation,"Work, Community & Society",2020,17,294
4,Civic Participation,"Work, Community & Society",2021,23,431
4,Civic Participation,"Work, Community & Society",2022,15,396
4,Civic Participation,"Work, Community & Society",2023,23,399
4,Civic Participation,"Work, Community & Society",2024,24,471
4,Civic Participation,"Work, Community & Society",2025,29,612
4,Civic Participation,"Work, Community & Society",2026,23,487
5,Infrastructure & Making,"Work, Community & Society",1986,1,0
5,Infrastructure & Making,"Work, Community & Society",1994,1,1
5,Infrastructure & Making,"Work, Community & Society",1996,2,1
5,Infrastructure & Making,"Work, Community & Society",1998,1,0
5,Infrastructure & Making,"Work, Community & Society",2000,0,1
5,Infrastructure & Making,"Work, Community & Society",2004,2,2
5,Infrastructure & Making,"Work, Community & Society",2005,0,1
5,Infrastructure & Making,"Work, Community & Society",2006,2,4
5,Infrastructure & Making,"Work, Community & Society",2007,0,2
5,Infrastructure & Making,"Work, Community & Society",2008,4,7
5,Infrastructure & Making,"Work, Community & Society",2009,0,1
5,Infrastructure & Making,"Work, Community & Society",2010,4,7
5,Infrastructure & Making,"Work, Community & Society",2011,6,12
5,Infrastructure & Making,"Work, Community & Society",2012,8,24
5,Infrastructure & Making,"Work, Community & Society",2013,8,34
5,Infrastructure & Making,"Work, Community & Society",2014,13,59
5,Infrastructure & Making,"Work, Community & Society",2015,16,113
5,Infrastructure & Making,"Work, Community & Society",2016,18,147
5,Infrastructure & Making,"Work, Community & Society",2017,23,228
5,Infrastructure & Making,"Work, Community & Society",2018,19,201
5,Infrastructure & Making,"Work, Community & Society",2019,17,324
5,Infrastructure & Making,"Work, Community & Society",2020,13,213
5,Infrastructure & Making,"Work, Community & Society",2021,24,407
5,Infrastructure & Making,"Work, Community & Society",2022,20,375
5,Infrastructure & Making,"Work, Community & Society",2023,16,342
5,Infrastructure & Making,"Work, Community & Society",2024,16,433
5,Infrastructure & Making,"Work, Community & Society",2025,28,573
5,Infrastructure & Making,"Work, Community & Society",2026,13,395
6,Crisis Informatics,"Work, Community & Society",2002,1,0
6,Crisis Informatics,"Work, Community & Society",2004,1,1
6,Crisis Informatics,"Work, Community & Society",2005,1,0
6,Crisis Informatics,"Work, Community & Society",2006,2,3
6,Crisis Informatics,"Work, Community & Society",2007,2,5
6,Crisis Informatics,"Work, Community & Society",2008,3,4
6,Crisis Informatics,"Work, Community & Society",2009,1,4
6,Crisis Informatics,"Work, Community & Society",2010,5,11
6,Crisis Informatics,"Work, Community & Society",2011,11,25
6,Crisis Informatics,"Work, Community & Society",2012,10,38
6,Crisis Informatics,"Work, Community & Society",2013,7,48
6,Crisis Informatics,"Work, Community & Society",2014,6,54
6,Crisis Informatics,"Work, Community & Society",2015,11,87
6,Crisis Informatics,"Work, Community & Society",2016,14,120
6,Crisis Informatics,"Work, Community & Society",2017,21,190
6,Crisis Informatics,"Work, Community & Society",2018,16,182
6,Crisis Informatics,"Work, Community & Society",2019,12,130
6,Crisis Informatics,"Work, Community & Society",2020,11,92
6,Crisis Informatics,"Work, Community & Society",2021,20,294
6,Crisis Informatics,"Work, Community & Society",2022,17,260
6,Crisis Informatics,"Work, Community & Society",2023,15,225
6,Crisis Informatics,"Work, Community & Society",2024,16,293
6,Crisis Informatics,"Work, Community & Society",2025,22,361
6,Crisis Informatics,"Work, Community & Society",2026,9,197
7,ICTD & Rural Communities,"Work, Community & Society",1990,1,0
7,ICTD & Rural Communities,"Work, Community & Society",1997,3,1
7,ICTD & Rural Communities,"Work, Community & Society",2004,1,0
7,ICTD & Rural Communities,"Work, Community & Society",2006,0,2
7,ICTD & Rural Communities,"Work, Community & Society",2007,3,0
7,ICTD & Rural Communities,"Work, Community & Society",2008,6,8
7,ICTD & Rural Communities,"Work, Community & Society",2009,6,14
7,ICTD & Rural Communities,"Work, Community & Society",2010,10,18
7,ICTD & Rural Communities,"Work, Community & Society",2011,7,31
7,ICTD & Rural Communities,"Work, Community & Society",2012,8,36
7,ICTD & Rural Communities,"Work, Community & Society",2013,16,55
7,ICTD & Rural Communities,"Work, Community & Society",2014,8,37
7,ICTD & Rural Communities,"Work, Community & Society",2015,10,54
7,ICTD & Rural Communities,"Work, Community & Society",2016,7,60
7,ICTD & Rural Communities,"Work, Community & Society",2017,11,129
7,ICTD & Rural Communities,"Work, Community & Society",2018,17,146
7,ICTD & Rural Communities,"Work, Community & Society",2019,18,215
7,ICTD & Rural Communities,"Work, Community & Society",2020,8,129
7,ICTD & Rural Communities,"Work, Community & Society",2021,17,280
7,ICTD & Rural Communities,"Work, Community & Society",2022,9,252
7,ICTD & Rural Communities,"Work, Community & Society",2023,11,162
7,ICTD & Rural Communities,"Work, Community & Society",2024,12,290
7,ICTD & Rural Communities,"Work, Community & Society",2025,19,297
7,ICTD & Rural Communities,"Work, Community & Society",2026,17,225
8,Race & Social Justice in HCI,"Work, Community & Society",1988,2,0
8,Race & Social Justice in HCI,"Work, Community & Society",1992,1,0
8,Race & Social Justice in HCI,"Work, Community & Society",1994,0,1
8,Race & Social Justice in HCI,"Work, Community & Society",2005,1,0
8,Race & Social Justice in HCI,"Work, Community & Society",2010,3,1
8,Race & Social Justice in HCI,"Work, Community & Society",2011,2,1
8,Race & Social Justice in HCI,"Work, Community & Society",2012,1,4
8,Race & Social Justice in HCI,"Work, Community & Society",2013,3,10
8,Race & Social Justice in HCI,"Work, Community & Society",2014,4,10
8,Race & Social Justice in HCI,"Work, Community & Society",2015,2,14
8,Race & Social Justice in HCI,"Work, Community & Society",2016,2,7
8,Race & Social Justice in HCI,"Work, Community & Society",2017,5,49
8,Race & Social Justice in HCI,"Work, Community & Society",2018,4,51
8,Race & Social Justice in HCI,"Work, Community & Society",2019,9,58
8,Race & Social Justice in HCI,"Work, Community & Society",2020,6,83
8,Race & Social Justice in HCI,"Work, Community & Society",2021,14,228
8,Race & Social Justice in HCI,"Work, Community & Society",2022,18,259
8,Race & Social Justice in HCI,"Work, Community & Society",2023,20,314
8,Race & Social Justice in HCI,"Work, Community & Society",2024,24,439
8,Race & Social Justice in HCI,"Work, Community & Society",2025,31,651
8,Race & Social Justice in HCI,"Work, Community & Society",2026,20,474
9,"Religion, Migration & Digital Life","Work, Community & Society",2004,3,0
9,"Religion, Migration & Digital Life","Work, Community & Society",2006,2,1
9,"Religion, Migration & Digital Life","Work, Community & Society",2007,1,4
9,"Religion, Migration & Digital Life","Work, Community & Society",2008,2,10
9,"Religion, Migration & Digital Life","Work, Community & Society",2009,2,14
9,"Religion, Migration & Digital Life","Work, Community & Society",2010,3,9
9,"Religion, Migration & Digital Life","Work, Community & Society",2011,2,17
9,"Religion, Migration & Digital Life","Work, Community & Society",2012,3,17
9,"Religion, Migration & Digital Life","Work, Community & Society",2013,1,9
9,"Religion, Migration & Digital Life","Work, Community & Society",2014,4,28
9,"Religion, Migration & Digital Life","Work, Community & Society",2015,4,13
9,"Religion, Migration & Digital Life","Work, Community & Society",2016,7,30
9,"Religion, Migration & Digital Life","Work, Community & Society",2017,5,44
9,"Religion, Migration & Digital Life","Work, Community & Society",2018,6,52
9,"Religion, Migration & Digital Life","Work, Community & Society",2019,10,86
9,"Religion, Migration & Digital Life","Work, Community & Society",2020,9,103
9,"Religion, Migration & Digital Life","Work, Community & Society",2021,11,165
9,"Religion, Migration & Digital Life","Work, Community & Society",2022,12,176
9,"Religion, Migration & Digital Life","Work, Community & Society",2023,19,181
9,"Religion, Migration & Digital Life","Work, Community & Society",2024,19,274
9,"Religion, Migration & Digital Life","Work, Community & Society",2025,20,365
9,"Religion, Migration & Digital Life","Work, Community & Society",2026,16,323
10,CSCW Foundations,"Work, Community & Society",1986,3,0
10,CSCW Foundations,"Work, Community & Society",1988,4,9
10,CSCW Foundations,"Work, Community & Society",1989,1,1
10,CSCW Foundations,"Work, Community & Society",1990,9,12
10,CSCW Foundations,"Work, Community & Society",1991,4,13
10,CSCW Foundations,"Work, Community & Society",1992,14,33
10,CSCW Foundations,"Work, Community & Society",1993,0,2
10,CSCW Foundations,"Work, Community & Society",1994,11,32
10,CSCW Foundations,"Work, Community & Society",1995,3,14
10,CSCW Foundations,"Work, Community & Society",1996,5,36
10,CSCW Foundations,"Work, Community & Society",1997,5,21
10,CSCW Foundations,"Work, Community & Society",1998,2,15
10,CSCW Foundations,"Work, Community & Society",1999,1,17
10,CSCW Foundations,"Work, Community & Society",2000,5,17
10,CSCW Foundations,"Work, Community & Society",2001,2,6
10,CSCW Foundations,"Work, Community & Society",2002,5,23
10,CSCW Foundations,"Work, Community & Society",2003,0,9
10,CSCW Foundations,"Work, Community & Society",2004,7,41
10,CSCW Foundations,"Work, Community & Society",2005,0,7
10,CSCW Foundations,"Work, Community & Society",2006,3,36
10,CSCW Foundations,"Work, Community & Society",2007,0,12
10,CSCW Foundations,"Work, Community & Society",2008,8,23
10,CSCW Foundations,"Work, Community & Society",2009,0,9
10,CSCW Foundations,"Work, Community & Society",2010,0,9
10,CSCW Foundations,"Work, Community & Society",2011,3,25
10,CSCW Foundations,"Work, Community & Society",2012,2,23
10,CSCW Foundations,"Work, Community & Society",2013,3,23
10,CSCW Foundations,"Work, Community & Society",2014,2,28
10,CSCW Foundations,"Work, Community & Society",2015,3,37
10,CSCW Foundations,"Work, Community & Society",2016,2,28
10,CSCW Foundations,"Work, Community & Society",2017,3,40
10,CSCW Foundations,"Work, Community & Society",2018,1,42
10,CSCW Foundations,"Work, Community & Society",2019,0,31
10,CSCW Foundations,"Work, Community & Society",2020,5,31
10,CSCW Foundations,"Work, Community & Society",2021,6,56
10,CSCW Foundations,"Work, Community & Society",2022,2,45
10,CSCW Foundations,"Work, Community & Society",2023,3,59
10,CSCW Foundations,"Work, Community & Society",2024,3,57
10,CSCW Foundations,"Work, Community & Society",2025,5,82
10,CSCW Foundations,"Work, Community & Society",2026,4,46
11,Data Work & Crypto Economies,"Work, Community & Society",2004,1,0
11,Data Work & Crypto Economies,"Work, Community & Society",2005,1,1
11,Data Work & Crypto Economies,"Work, Community & Society",2006,1,2
11,Data Work & Crypto Economies,"Work, Community & Society",2007,0,3
11,Data Work & Crypto Economies,"Work, Community & Society",2008,2,7
11,Data Work & Crypto Economies,"Work, Community & Society",2009,1,3
11,Data Work & Crypto Economies,"Work, Community & Society",2010,0,6
11,Data Work & Crypto Economies,"Work, Community & Society",2011,3,7
11,Data Work & Crypto Economies,"Work, Community & Society",2012,4,7
11,Data Work & Crypto Economies,"Work, Community & Society",2013,2,4
11,Data Work & Crypto Economies,"Work, Community & Society",2014,3,12
11,Data Work & Crypto Economies,"Work, Community & Society",2015,6,22
11,Data Work & Crypto Economies,"Work, Community & Society",2016,4,29
11,Data Work & Crypto Economies,"Work, Community & Society",2017,9,32
11,Data Work & Crypto Economies,"Work, Community & Society",2018,13,80
11,Data Work & Crypto Economies,"Work, Community & Society",2019,14,118
11,Data Work & Crypto Economies,"Work, Community & Society",2020,8,78
11,Data Work & Crypto Economies,"Work, Community & Society",2021,15,185
11,Data Work & Crypto Economies,"Work, Community & Society",2022,20,196
11,Data Work & Crypto Economies,"Work, Community & Society",2023,7,173
11,Data Work & Crypto Economies,"Work, Community & Society",2024,20,261
11,Data Work & Crypto Economies,"Work, Community & Society",2025,16,329
11,Data Work & Crypto Economies,"Work, Community & Society",2026,6,154
12,Crowdsourcing & Human Computation,Online Communities & Crowds,2006,3,2
12,Crowdsourcing & Human Computation,Online Communities & Crowds,2007,2,3
12,Crowdsourcing & Human Computation,Online Communities & Crowds,2008,4,3
12,Crowdsourcing & Human Computation,Online Communities & Crowds,2009,6,13
12,Crowdsourcing & Human Computation,Online Communities & Crowds,2010,5,18
12,Crowdsourcing & Human Computation,Online Communities & Crowds,2011,18,55
12,Crowdsourcing & Human Computation,Online Communities & Crowds,2012,14,92
12,Crowdsourcing & Human Computation,Online Communities & Crowds,2013,26,143
12,Crowdsourcing & Human Computation,Online Communities & Crowds,2014,30,204
12,Crowdsourcing & Human Computation,Online Communities & Crowds,2015,29,186
12,Crowdsourcing & Human Computation,Online Communities & Crowds,2016,35,355
12,Crowdsourcing & Human Computation,Online Communities & Crowds,2017,41,557
12,Crowdsourcing & Human Computation,Online Communities & Crowds,2018,33,478
12,Crowdsourcing & Human Computation,Online Communities & Crowds,2019,33,467
12,Crowdsourcing & Human Computation,Online Communities & Crowds,2020,14,287
12,Crowdsourcing & Human Computation,Online Communities & Crowds,2021,38,620
12,Crowdsourcing & Human Computation,Online Communities & Crowds,2022,15,442
12,Crowdsourcing & Human Computation,Online Communities & Crowds,2023,15,333
12,Crowdsourcing & Human Computation,Online Communities & Crowds,2024,18,451
12,Crowdsourcing & Human Computation,Online Communities & Crowds,2025,10,351
12,Crowdsourcing & Human Computation,Online Communities & Crowds,2026,2,113
13,Wikipedia & Open Source,Online Communities & Crowds,1998,1,0
13,Wikipedia & Open Source,Online Communities & Crowds,1999,0,1
13,Wikipedia & Open Source,Online Communities & Crowds,2000,2,1
13,Wikipedia & Open Source,Online Communities & Crowds,2002,2,4
13,Wikipedia & Open Source,Online Communities & Crowds,2004,3,7
13,Wikipedia & Open Source,Online Communities & Crowds,2005,2,5
13,Wikipedia & Open Source,Online Communities & Crowds,2006,6,15
13,Wikipedia & Open Source,Online Communities & Crowds,2007,5,18
13,Wikipedia & Open Source,Online Communities & Crowds,2008,11,41
13,Wikipedia & Open Source,Online Communities & Crowds,2009,10,38
13,Wikipedia & Open Source,Online Communities & Crowds,2010,21,96
13,Wikipedia & Open Source,Online Communities & Crowds,2011,11,61
13,Wikipedia & Open Source,Online Communities & Crowds,2012,32,131
13,Wikipedia & Open Source,Online Communities & Crowds,2013,27,185
13,Wikipedia & Open Source,Online Communities & Crowds,2014,23,175
13,Wikipedia & Open Source,Online Communities & Crowds,2015,31,185
13,Wikipedia & Open Source,Online Communities & Crowds,2016,25,244
13,Wikipedia & Open Source,Online Communities & Crowds,2017,28,354
13,Wikipedia & Open Source,Online Communities & Crowds,2018,23,296
13,Wikipedia & Open Source,Online Communities & Crowds,2019,16,241
13,Wikipedia & Open Source,Online Communities & Crowds,2020,6,172
13,Wikipedia & Open Source,Online Communities & Crowds,2021,17,284
13,Wikipedia & Open Source,Online Communities & Crowds,2022,18,286
13,Wikipedia & Open Source,Online Communities & Crowds,2023,12,279
13,Wikipedia & Open Source,Online Communities & Crowds,2024,13,293
13,Wikipedia & Open Source,Online Communities & Crowds,2025,15,294
13,Wikipedia & Open Source,Online Communities & Crowds,2026,5,117
14,Moderation & Online Harassment,Online Communities & Crowds,2004,1,1
14,Moderation & Online Harassment,Online Communities & Crowds,2005,0,2
14,Moderation & Online Harassment,Online Communities & Crowds,2006,0,1
14,Moderation & Online Harassment,Online Communities & Crowds,2007,1,2
14,Moderation & Online Harassment,Online Communities & Crowds,2008,0,2
14,Moderation & Online Harassment,Online Communities & Crowds,2009,0,3
14,Moderation & Online Harassment,Online Communities & Crowds,2010,0,5
14,Moderation & Online Harassment,Online Communities & Crowds,2011,2,5
14,Moderation & Online Harassment,Online Communities & Crowds,2012,2,9
14,Moderation & Online Harassment,Online Communities & Crowds,2013,1,6
14,Moderation & Online Harassment,Online Communities & Crowds,2014,2,10
14,Moderation & Online Harassment,Online Communities & Crowds,2015,1,9
14,Moderation & Online Harassment,Online Communities & Crowds,2016,5,17
14,Moderation & Online Harassment,Online Communities & Crowds,2017,11,62
14,Moderation & Online Harassment,Online Communities & Crowds,2018,9,84
14,Moderation & Online Harassment,Online Communities & Crowds,2019,18,154
14,Moderation & Online Harassment,Online Communities & Crowds,2020,15,203
14,Moderation & Online Harassment,Online Communities & Crowds,2021,21,302
14,Moderation & Online Harassment,Online Communities & Crowds,2022,31,419
14,Moderation & Online Harassment,Online Communities & Crowds,2023,28,603
14,Moderation & Online Harassment,Online Communities & Crowds,2024,38,719
14,Moderation & Online Harassment,Online Communities & Crowds,2025,57,970
14,Moderation & Online Harassment,Online Communities & Crowds,2026,15,498
15,Crisis Informatics & Misinformation,Online Communities & Crowds,2005,1,0
15,Crisis Informatics & Misinformation,Online Communities & Crowds,2006,1,1
15,Crisis Informatics & Misinformation,Online Communities & Crowds,2007,0,1
15,Crisis Informatics & Misinformation,Online Communities & Crowds,2009,3,1
15,Crisis Informatics & Misinformation,Online Communities & Crowds,2010,6,5
15,Crisis Informatics & Misinformation,Online Communities & Crowds,2011,2,9
15,Crisis Informatics & Misinformation,Online Communities & Crowds,2012,3,11
15,Crisis Informatics & Misinformation,Online Communities & Crowds,2013,5,20
15,Crisis Informatics & Misinformation,Online Communities & Crowds,2014,6,21
15,Crisis Informatics & Misinformation,Online Communities & Crowds,2015,4,35
15,Crisis Informatics & Misinformation,Online Communities & Crowds,2016,5,31
15,Crisis Informatics & Misinformation,Online Communities & Crowds,2017,4,36
15,Crisis Informatics & Misinformation,Online Communities & Crowds,2018,12,69
15,Crisis Informatics & Misinformation,Online Communities & Crowds,2019,7,31
15,Crisis Informatics & Misinformation,Online Communities & Crowds,2020,9,54
15,Crisis Informatics & Misinformation,Online Communities & Crowds,2021,22,115
15,Crisis Informatics & Misinformation,Online Communities & Crowds,2022,26,160
15,Crisis Informatics & Misinformation,Online Communities & Crowds,2023,24,201
15,Crisis Informatics & Misinformation,Online Communities & Crowds,2024,27,332
15,Crisis Informatics & Misinformation,Online Communities & Crowds,2025,33,430
15,Crisis Informatics & Misinformation,Online Communities & Crowds,2026,16,209
16,Live Streaming,Online Communities & Crowds,1992,1,0
16,Live Streaming,Online Communities & Crowds,1994,0,1
16,Live Streaming,Online Communities & Crowds,1996,0,1
16,Live Streaming,Online Communities & Crowds,1998,0,1
16,Live Streaming,Online Communities & Crowds,2001,0,1
16,Live Streaming,Online Communities & Crowds,2002,1,0
16,Live Streaming,Online Communities & Crowds,2006,1,0
16,Live Streaming,Online Communities & Crowds,2007,1,1
16,Live Streaming,Online Communities & Crowds,2008,2,1
16,Live Streaming,Online Communities & Crowds,2009,2,4
16,Live Streaming,Online Communities & Crowds,2010,0,3
16,Live Streaming,Online Communities & Crowds,2011,3,10
16,Live Streaming,Online Communities & Crowds,2012,6,9
16,Live Streaming,Online Communities & Crowds,2013,0,7
16,Live Streaming,Online Communities & Crowds,2014,8,14
16,Live Streaming,Online Communities & Crowds,2015,8,24
16,Live Streaming,Online Communities & Crowds,2016,6,39
16,Live Streaming,Online Communities & Crowds,2017,12,61
16,Live Streaming,Online Communities & Crowds,2018,9,81
16,Live Streaming,Online Communities & Crowds,2019,18,130
16,Live Streaming,Online Communities & Crowds,2020,9,98
16,Live Streaming,Online Communities & Crowds,2021,19,249
16,Live Streaming,Online Communities & Crowds,2022,16,227
16,Live Streaming,Online Communities & Crowds,2023,13,264
16,Live Streaming,Online Communities & Crowds,2024,16,294
16,Live Streaming,Online Communities & Crowds,2025,13,298
16,Live Streaming,Online Communities & Crowds,2026,9,163
17,Crowdfunding & Online Feedback,Online Communities & Crowds,1982,1,0
17,Crowdfunding & Online Feedback,Online Communities & Crowds,1983,1,1
17,Crowdfunding & Online Feedback,Online Communities & Crowds,1985,1,0
17,Crowdfunding & Online Feedback,Online Communities & Crowds,1986,1,2
17,Crowdfunding & Online Feedback,Online Communities & Crowds,1990,1,0
17,Crowdfunding & Online Feedback,Online Communities & Crowds,1994,2,0
17,Crowdfunding & Online Feedback,Online Communities & Crowds,1996,1,0
17,Crowdfunding & Online Feedback,Online Communities & Crowds,1997,0,1
17,Crowdfunding & Online Feedback,Online Communities & Crowds,1998,1,1
17,Crowdfunding & Online Feedback,Online Communities & Crowds,2001,0,1
17,Crowdfunding & Online Feedback,Online Communities & Crowds,2002,2,2
17,Crowdfunding & Online Feedback,Online Communities & Crowds,2003,1,2
17,Crowdfunding & Online Feedback,Online Communities & Crowds,2004,4,7
17,Crowdfunding & Online Feedback,Online Communities & Crowds,2005,1,2
17,Crowdfunding & Online Feedback,Online Communities & Crowds,2006,8,7
17,Crowdfunding & Online Feedback,Online Communities & Crowds,2007,4,7
17,Crowdfunding & Online Feedback,Online Communities & Crowds,2008,9,16
17,Crowdfunding & Online Feedback,Online Communities & Crowds,2009,10,21
17,Crowdfunding & Online Feedback,Online Communities & Crowds,2010,14,48
17,Crowdfunding & Online Feedback,Online Communities & Crowds,2011,15,59
17,Crowdfunding & Online Feedback,Online Communities & Crowds,2012,22,86
17,Crowdfunding & Online Feedback,Online Communities & Crowds,2013,26,120
17,Crowdfunding & Online Feedback,Online Communities & Crowds,2014,37,175
17,Crowdfunding & Online Feedback,Online Communities & Crowds,2015,19,145
17,Crowdfunding & Online Feedback,Online Communities & Crowds,2016,18,160
17,Crowdfunding & Online Feedback,Online Communities & Crowds,2017,37,324
17,Crowdfunding & Online Feedback,Online Communities & Crowds,2018,24,251
17,Crowdfunding & Online Feedback,Online Communities & Crowds,2019,16,189
17,Crowdfunding & Online Feedback,Online Communities & Crowds,2020,17,205
17,Crowdfunding & Online Feedback,Online Communities & Crowds,2021,18,325
17,Crowdfunding & Online Feedback,Online Communities & Crowds,2022,18,305
17,Crowdfunding & Online Feedback,Online Communities & Crowds,2023,10,222
17,Crowdfunding & Online Feedback,Online Communities & Crowds,2024,11,225
17,Crowdfunding & Online Feedback,Online Communities & Crowds,2025,13,287
17,Crowdfunding & Online Feedback,Online Communities & Crowds,2026,5,118
18,Self-tracking & Reflection,Health & Wellbeing,2005,2,0
18,Self-tracking & Reflection,Health & Wellbeing,2006,0,2
18,Self-tracking & Reflection,Health & Wellbeing,2007,0,2
18,Self-tracking & Reflection,Health & Wellbeing,2008,0,3
18,Self-tracking & Reflection,Health & Wellbeing,2009,1,2
18,Self-tracking & Reflection,Health & Wellbeing,2010,3,4
18,Self-tracking & Reflection,Health & Wellbeing,2011,4,4
18,Self-tracking & Reflection,Health & Wellbeing,2012,6,13
18,Self-tracking & Reflection,Health & Wellbeing,2013,7,16
18,Self-tracking & Reflection,Health & Wellbeing,2014,12,35
18,Self-tracking & Reflection,Health & Wellbeing,2015,22,120
18,Self-tracking & Reflection,Health & Wellbeing,2016,18,180
18,Self-tracking & Reflection,Health & Wellbeing,2017,30,322
18,Self-tracking & Reflection,Health & Wellbeing,2018,32,423
18,Self-tracking & Reflection,Health & Wellbeing,2019,17,369
18,Self-tracking & Reflection,Health & Wellbeing,2020,31,540
18,Self-tracking & Reflection,Health & Wellbeing,2021,36,748
18,Self-tracking & Reflection,Health & Wellbeing,2022,35,717
18,Self-tracking & Reflection,Health & Wellbeing,2023,36,870
18,Self-tracking & Reflection,Health & Wellbeing,2024,41,1043
18,Self-tracking & Reflection,Health & Wellbeing,2025,51,1471
18,Self-tracking & Reflection,Health & Wellbeing,2026,43,983
19,Chronic Care & Caregiving,Health & Wellbeing,1998,1,0
19,Chronic Care & Caregiving,Health & Wellbeing,2001,1,1
19,Chronic Care & Caregiving,Health & Wellbeing,2002,1,1
19,Chronic Care & Caregiving,Health & Wellbeing,2003,0,1
19,Chronic Care & Caregiving,Health & Wellbeing,2004,0,1
19,Chronic Care & Caregiving,Health & Wellbeing,2006,2,0
19,Chronic Care & Caregiving,Health & Wellbeing,2007,0,1
19,Chronic Care & Caregiving,Health & Wellbeing,2008,2,5
19,Chronic Care & Caregiving,Health & Wellbeing,2009,3,5
19,Chronic Care & Caregiving,Health & Wellbeing,2010,15,22
19,Chronic Care & Caregiving,Health & Wellbeing,2011,9,31
19,Chronic Care & Caregiving,Health & Wellbeing,2012,9,32
19,Chronic Care & Caregiving,Health & Wellbeing,2013,10,38
19,Chronic Care & Caregiving,Health & Wellbeing,2014,12,48
19,Chronic Care & Caregiving,Health & Wellbeing,2015,16,105
19,Chronic Care & Caregiving,Health & Wellbeing,2016,16,130
19,Chronic Care & Caregiving,Health & Wellbeing,2017,33,293
19,Chronic Care & Caregiving,Health & Wellbeing,2018,20,225
19,Chronic Care & Caregiving,Health & Wellbeing,2019,24,341
19,Chronic Care & Caregiving,Health & Wellbeing,2020,25,308
19,Chronic Care & Caregiving,Health & Wellbeing,2021,31,496
19,Chronic Care & Caregiving,Health & Wellbeing,2022,24,512
19,Chronic Care & Caregiving,Health & Wellbeing,2023,24,571
19,Chronic Care & Caregiving,Health & Wellbeing,2024,42,789
19,Chronic Care & Caregiving,Health & Wellbeing,2025,35,862
19,Chronic Care & Caregiving,Health & Wellbeing,2026,19,484
20,Social Media & Mental Health,Health & Wellbeing,1996,1,0
20,Social Media & Mental Health,Health & Wellbeing,2004,1,0
20,Social Media & Mental Health,Health & Wellbeing,2005,0,2
20,Social Media & Mental Health,Health & Wellbeing,2007,1,1
20,Social Media & Mental Health,Health & Wellbeing,2008,0,1
20,Social Media & Mental Health,Health & Wellbeing,2009,1,1
20,Social Media & Mental Health,Health & Wellbeing,2010,2,6
20,Social Media & Mental Health,Health & Wellbeing,2011,3,10
20,Social Media & Mental Health,Health & Wellbeing,2012,5,14
20,Social Media & Mental Health,Health & Wellbeing,2013,8,30
20,Social Media & Mental Health,Health & Wellbeing,2014,14,60
20,Social Media & Mental Health,Health & Wellbeing,2015,17,96
20,Social Media & Mental Health,Health & Wellbeing,2016,24,149
20,Social Media & Mental Health,Health & Wellbeing,2017,30,334
20,Social Media & Mental Health,Health & Wellbeing,2018,19,291
20,Social Media & Mental Health,Health & Wellbeing,2019,23,402
20,Social Media & Mental Health,Health & Wellbeing,2020,24,401
20,Social Media & Mental Health,Health & Wellbeing,2021,40,702
20,Social Media & Mental Health,Health & Wellbeing,2022,25,629
20,Social Media & Mental Health,Health & Wellbeing,2023,27,590
20,Social Media & Mental Health,Health & Wellbeing,2024,28,655
20,Social Media & Mental Health,Health & Wellbeing,2025,39,916
20,Social Media & Mental Health,Health & Wellbeing,2026,11,374
21,Behavior Sensing,Health & Wellbeing,2005,1,1
21,Behavior Sensing,Health & Wellbeing,2007,0,1
21,Behavior Sensing,Health & Wellbeing,2008,2,1
21,Behavior Sensing,Health & Wellbeing,2010,1,2
21,Behavior Sensing,Health & Wellbeing,2011,4,6
21,Behavior Sensing,Health & Wellbeing,2012,7,8
21,Behavior Sensing,Health & Wellbeing,2013,8,16
21,Behavior Sensing,Health & Wellbeing,2014,5,16
21,Behavior Sensing,Health & Wellbeing,2015,10,34
21,Behavior Sensing,Health & Wellbeing,2016,17,53
21,Behavior Sensing,Health & Wellbeing,2017,9,72
21,Behavior Sensing,Health & Wellbeing,2018,26,145
21,Behavior Sensing,Health & Wellbeing,2019,25,184
21,Behavior Sensing,Health & Wellbeing,2020,22,213
21,Behavior Sensing,Health & Wellbeing,2021,18,235
21,Behavior Sensing,Health & Wellbeing,2022,27,296
21,Behavior Sensing,Health & Wellbeing,2023,22,256
21,Behavior Sensing,Health & Wellbeing,2024,27,362
21,Behavior Sensing,Health & Wellbeing,2025,32,346
21,Behavior Sensing,Health & Wellbeing,2026,14,158
22,Stress & Mood Technology,Health & Wellbeing,2008,3,0
22,Stress & Mood Technology,Health & Wellbeing,2009,1,1
22,Stress & Mood Technology,Health & Wellbeing,2010,3,3
22,Stress & Mood Technology,Health & Wellbeing,2011,5,4
22,Stress & Mood Technology,Health & Wellbeing,2012,3,10
22,Stress & Mood Technology,Health & Wellbeing,2013,3,17
22,Stress & Mood Technology,Health & Wellbeing,2014,8,13
22,Stress & Mood Technology,Health & Wellbeing,2015,8,40
22,Stress & Mood Technology,Health & Wellbeing,2016,7,48
22,Stress & Mood Technology,Health & Wellbeing,2017,7,68
22,Stress & Mood Technology,Health & Wellbeing,2018,12,102
22,Stress & Mood Technology,Health & Wellbeing,2019,7,123
22,Stress & Mood Technology,Health & Wellbeing,2020,16,183
22,Stress & Mood Technology,Health & Wellbeing,2021,11,137
22,Stress & Mood Technology,Health & Wellbeing,2022,18,225
22,Stress & Mood Technology,Health & Wellbeing,2023,18,225
22,Stress & Mood Technology,Health & Wellbeing,2024,24,326
22,Stress & Mood Technology,Health & Wellbeing,2025,26,481
22,Stress & Mood Technology,Health & Wellbeing,2026,21,384
23,Persuasive Health & Activity,Health & Wellbeing,1998,1,0
23,Persuasive Health & Activity,Health & Wellbeing,1999,0,1
23,Persuasive Health & Activity,Health & Wellbeing,2002,0,1
23,Persuasive Health & Activity,Health & Wellbeing,2005,0,1
23,Persuasive Health & Activity,Health & Wellbeing,2006,4,0
23,Persuasive Health & Activity,Health & Wellbeing,2007,2,8
23,Persuasive Health & Activity,Health & Wellbeing,2008,5,20
23,Persuasive Health & Activity,Health & Wellbeing,2009,4,18
23,Persuasive Health & Activity,Health & Wellbeing,2010,10,43
23,Persuasive Health & Activity,Health & Wellbeing,2011,14,50
23,Persuasive Health & Activity,Health & Wellbeing,2012,13,84
23,Persuasive Health & Activity,Health & Wellbeing,2013,6,53
23,Persuasive Health & Activity,Health & Wellbeing,2014,8,108
23,Persuasive Health & Activity,Health & Wellbeing,2015,13,160
23,Persuasive Health & Activity,Health & Wellbeing,2016,14,152
23,Persuasive Health & Activity,Health & Wellbeing,2017,8,183
23,Persuasive Health & Activity,Health & Wellbeing,2018,6,169
23,Persuasive Health & Activity,Health & Wellbeing,2019,7,141
23,Persuasive Health & Activity,Health & Wellbeing,2020,9,152
23,Persuasive Health & Activity,Health & Wellbeing,2021,9,193
23,Persuasive Health & Activity,Health & Wellbeing,2022,5,130
23,Persuasive Health & Activity,Health & Wellbeing,2023,7,193
23,Persuasive Health & Activity,Health & Wellbeing,2024,7,234
23,Persuasive Health & Activity,Health & Wellbeing,2025,5,237
23,Persuasive Health & Activity,Health & Wellbeing,2026,1,128
24,Sleep & Family Routines,Health & Wellbeing,1996,1,0
24,Sleep & Family Routines,Health & Wellbeing,1998,2,1
24,Sleep & Family Routines,Health & Wellbeing,2003,2,3
24,Sleep & Family Routines,Health & Wellbeing,2005,1,1
24,Sleep & Family Routines,Health & Wellbeing,2006,1,0
24,Sleep & Family Routines,Health & Wellbeing,2007,2,2
24,Sleep & Family Routines,Health & Wellbeing,2008,2,6
24,Sleep & Family Routines,Health & Wellbeing,2009,2,4
24,Sleep & Family Routines,Health & Wellbeing,2010,3,14
24,Sleep & Family Routines,Health & Wellbeing,2011,2,8
24,Sleep & Family Routines,Health & Wellbeing,2012,4,15
24,Sleep & Family Routines,Health & Wellbeing,2013,1,13
24,Sleep & Family Routines,Health & Wellbeing,2014,4,32
24,Sleep & Family Routines,Health & Wellbeing,2015,6,32
24,Sleep & Family Routines,Health & Wellbeing,2016,7,52
24,Sleep & Family Routines,Health & Wellbeing,2017,5,76
24,Sleep & Family Routines,Health & Wellbeing,2018,8,104
24,Sleep & Family Routines,Health & Wellbeing,2019,1,76
24,Sleep & Family Routines,Health & Wellbeing,2020,10,128
24,Sleep & Family Routines,Health & Wellbeing,2021,4,130
24,Sleep & Family Routines,Health & Wellbeing,2022,8,191
24,Sleep & Family Routines,Health & Wellbeing,2023,9,159
24,Sleep & Family Routines,Health & Wellbeing,2024,8,257
24,Sleep & Family Routines,Health & Wellbeing,2025,19,322
24,Sleep & Family Routines,Health & Wellbeing,2026,8,192
25,Parkinson's & Mobility Support,Health & Wellbeing,2005,1,0
25,Parkinson's & Mobility Support,Health & Wellbeing,2006,0,2
25,Parkinson's & Mobility Support,Health & Wellbeing,2008,0,1
25,Parkinson's & Mobility Support,Health & Wellbeing,2010,2,0
25,Parkinson's & Mobility Support,Health & Wellbeing,2011,4,4
25,Parkinson's & Mobility Support,Health & Wellbeing,2012,3,5
25,Parkinson's & Mobility Support,Health & Wellbeing,2013,0,4
25,Parkinson's & Mobility Support,Health & Wellbeing,2014,2,6
25,Parkinson's & Mobility Support,Health & Wellbeing,2015,5,8
25,Parkinson's & Mobility Support,Health & Wellbeing,2016,2,4
25,Parkinson's & Mobility Support,Health & Wellbeing,2017,3,9
25,Parkinson's & Mobility Support,Health & Wellbeing,2018,3,18
25,Parkinson's & Mobility Support,Health & Wellbeing,2019,5,29
25,Parkinson's & Mobility Support,Health & Wellbeing,2020,5,26
25,Parkinson's & Mobility Support,Health & Wellbeing,2021,6,22
25,Parkinson's & Mobility Support,Health & Wellbeing,2022,10,50
25,Parkinson's & Mobility Support,Health & Wellbeing,2023,4,28
25,Parkinson's & Mobility Support,Health & Wellbeing,2024,7,36
25,Parkinson's & Mobility Support,Health & Wellbeing,2025,6,72
25,Parkinson's & Mobility Support,Health & Wellbeing,2026,3,36
26,Smart Home Automation,"Privacy, Security & Smart Homes",1989,1,0
26,Smart Home Automation,"Privacy, Security & Smart Homes",1997,2,0
26,Smart Home Automation,"Privacy, Security & Smart Homes",1999,2,1
26,Smart Home Automation,"Privacy, Security & Smart Homes",2000,0,4
26,Smart Home Automation,"Privacy, Security & Smart Homes",2001,2,5
26,Smart Home Automation,"Privacy, Security & Smart Homes",2002,8,13
26,Smart Home Automation,"Privacy, Security & Smart Homes",2003,8,20
26,Smart Home Automation,"Privacy, Security & Smart Homes",2004,8,40
26,Smart Home Automation,"Privacy, Security & Smart Homes",2005,4,23
26,Smart Home Automation,"Privacy, Security & Smart Homes",2006,5,45
26,Smart Home Automation,"Privacy, Security & Smart Homes",2007,7,42
26,Smart Home Automation,"Privacy, Security & Smart Homes",2008,5,53
26,Smart Home Automation,"Privacy, Security & Smart Homes",2009,3,45
26,Smart Home Automation,"Privacy, Security & Smart Homes",2010,8,59
26,Smart Home Automation,"Privacy, Security & Smart Homes",2011,6,51
26,Smart Home Automation,"Privacy, Security & Smart Homes",2012,13,73
26,Smart Home Automation,"Privacy, Security & Smart Homes",2013,8,48
26,Smart Home Automation,"Privacy, Security & Smart Homes",2014,4,48
26,Smart Home Automation,"Privacy, Security & Smart Homes",2015,8,85
26,Smart Home Automation,"Privacy, Security & Smart Homes",2016,9,126
26,Smart Home Automation,"Privacy, Security & Smart Homes",2017,12,126
26,Smart Home Automation,"Privacy, Security & Smart Homes",2018,7,161
26,Smart Home Automation,"Privacy, Security & Smart Homes",2019,15,181
26,Smart Home Automation,"Privacy, Security & Smart Homes",2020,8,167
26,Smart Home Automation,"Privacy, Security & Smart Homes",2021,7,185
26,Smart Home Automation,"Privacy, Security & Smart Homes",2022,7,167
26,Smart Home Automation,"Privacy, Security & Smart Homes",2023,12,184
26,Smart Home Automation,"Privacy, Security & Smart Homes",2024,7,185
26,Smart Home Automation,"Privacy, Security & Smart Homes",2025,7,199
26,Smart Home Automation,"Privacy, Security & Smart Homes",2026,6,134
27,Youth Online Safety,"Privacy, Security & Smart Homes",2011,1,0
27,Youth Online Safety,"Privacy, Security & Smart Homes",2012,0,2
27,Youth Online Safety,"Privacy, Security & Smart Homes",2013,3,1
27,Youth Online Safety,"Privacy, Security & Smart Homes",2014,2,2
27,Youth Online Safety,"Privacy, Security & Smart Homes",2015,6,8
27,Youth Online Safety,"Privacy, Security & Smart Homes",2016,6,29
27,Youth Online Safety,"Privacy, Security & Smart Homes",2017,10,68
27,Youth Online Safety,"Privacy, Security & Smart Homes",2018,8,78
27,Youth Online Safety,"Privacy, Security & Smart Homes",2019,9,103
27,Youth Online Safety,"Privacy, Security & Smart Homes",2020,8,81
27,Youth Online Safety,"Privacy, Security & Smart Homes",2021,17,211
27,Youth Online Safety,"Privacy, Security & Smart Homes",2022,12,166
27,Youth Online Safety,"Privacy, Security & Smart Homes",2023,15,168
27,Youth Online Safety,"Privacy, Security & Smart Homes",2024,22,350
27,Youth Online Safety,"Privacy, Security & Smart Homes",2025,27,409
27,Youth Online Safety,"Privacy, Security & Smart Homes",2026,16,314
28,Usable Security & Phishing,"Privacy, Security & Smart Homes",2001,1,0
28,Usable Security & Phishing,"Privacy, Security & Smart Homes",2003,1,0
28,Usable Security & Phishing,"Privacy, Security & Smart Homes",2004,1,1
28,Usable Security & Phishing,"Privacy, Security & Smart Homes",2005,1,0
28,Usable Security & Phishing,"Privacy, Security & Smart Homes",2006,3,4
28,Usable Security & Phishing,"Privacy, Security & Smart Homes",2007,2,7
28,Usable Security & Phishing,"Privacy, Security & Smart Homes",2008,2,10
28,Usable Security & Phishing,"Privacy, Security & Smart Homes",2009,0,5
28,Usable Security & Phishing,"Privacy, Security & Smart Homes",2010,2,9
28,Usable Security & Phishing,"Privacy, Security & Smart Homes",2011,6,16
28,Usable Security & Phishing,"Privacy, Security & Smart Homes",2012,3,9
28,Usable Security & Phishing,"Privacy, Security & Smart Homes",2013,2,7
28,Usable Security & Phishing,"Privacy, Security & Smart Homes",2014,4,11
28,Usable Security & Phishing,"Privacy, Security & Smart Homes",2015,6,14
28,Usable Security & Phishing,"Privacy, Security & Smart Homes",2016,5,20
28,Usable Security & Phishing,"Privacy, Security & Smart Homes",2017,8,35
28,Usable Security & Phishing,"Privacy, Security & Smart Homes",2018,7,45
28,Usable Security & Phishing,"Privacy, Security & Smart Homes",2019,16,56
28,Usable Security & Phishing,"Privacy, Security & Smart Homes",2020,10,61
28,Usable Security & Phishing,"Privacy, Security & Smart Homes",2021,9,90
28,Usable Security & Phishing,"Privacy, Security & Smart Homes",2022,7,73
28,Usable Security & Phishing,"Privacy, Security & Smart Homes",2023,10,135
28,Usable Security & Phishing,"Privacy, Security & Smart Homes",2024,11,117
28,Usable Security & Phishing,"Privacy, Security & Smart Homes",2025,16,160
28,Usable Security & Phishing,"Privacy, Security & Smart Homes",2026,19,116
29,Photo Sharing & Privacy,"Privacy, Security & Smart Homes",2003,2,0
29,Photo Sharing & Privacy,"Privacy, Security & Smart Homes",2004,0,6
29,Photo Sharing & Privacy,"Privacy, Security & Smart Homes",2005,1,7
29,Photo Sharing & Privacy,"Privacy, Security & Smart Homes",2006,1,12
29,Photo Sharing & Privacy,"Privacy, Security & Smart Homes",2007,2,11
29,Photo Sharing & Privacy,"Privacy, Security & Smart Homes",2008,2,10
29,Photo Sharing & Privacy,"Privacy, Security & Smart Homes",2009,3,8
29,Photo Sharing & Privacy,"Privacy, Security & Smart Homes",2010,3,13
29,Photo Sharing & Privacy,"Privacy, Security & Smart Homes",2011,5,34
29,Photo Sharing & Privacy,"Privacy, Security & Smart Homes",2012,9,44
29,Photo Sharing & Privacy,"Privacy, Security & Smart Homes",2013,7,39
29,Photo Sharing & Privacy,"Privacy, Security & Smart Homes",2014,6,47
29,Photo Sharing & Privacy,"Privacy, Security & Smart Homes",2015,9,83
29,Photo Sharing & Privacy,"Privacy, Security & Smart Homes",2016,9,95
29,Photo Sharing & Privacy,"Privacy, Security & Smart Homes",2017,8,110
29,Photo Sharing & Privacy,"Privacy, Security & Smart Homes",2018,10,122
29,Photo Sharing & Privacy,"Privacy, Security & Smart Homes",2019,6,128
29,Photo Sharing & Privacy,"Privacy, Security & Smart Homes",2020,6,135
29,Photo Sharing & Privacy,"Privacy, Security & Smart Homes",2021,12,169
29,Photo Sharing & Privacy,"Privacy, Security & Smart Homes",2022,6,133
29,Photo Sharing & Privacy,"Privacy, Security & Smart Homes",2023,14,178
29,Photo Sharing & Privacy,"Privacy, Security & Smart Homes",2024,8,166
29,Photo Sharing & Privacy,"Privacy, Security & Smart Homes",2025,12,213
29,Photo Sharing & Privacy,"Privacy, Security & Smart Homes",2026,8,139
30,Authentication & Passwords,"Privacy, Security & Smart Homes",2003,1,0
30,Authentication & Passwords,"Privacy, Security & Smart Homes",2006,1,0
30,Authentication & Passwords,"Privacy, Security & Smart Homes",2007,2,1
30,Authentication & Passwords,"Privacy, Security & Smart Homes",2008,3,2
30,Authentication & Passwords,"Privacy, Security & Smart Homes",2009,3,3
30,Authentication & Passwords,"Privacy, Security & Smart Homes",2010,7,12
30,Authentication & Passwords,"Privacy, Security & Smart Homes",2011,6,15
30,Authentication & Passwords,"Privacy, Security & Smart Homes",2012,5,18
30,Authentication & Passwords,"Privacy, Security & Smart Homes",2013,10,32
30,Authentication & Passwords,"Privacy, Security & Smart Homes",2014,12,57
30,Authentication & Passwords,"Privacy, Security & Smart Homes",2015,14,62
30,Authentication & Passwords,"Privacy, Security & Smart Homes",2016,11,79
30,Authentication & Passwords,"Privacy, Security & Smart Homes",2017,6,95
30,Authentication & Passwords,"Privacy, Security & Smart Homes",2018,9,72
30,Authentication & Passwords,"Privacy, Security & Smart Homes",2019,9,97
30,Authentication & Passwords,"Privacy, Security & Smart Homes",2020,7,66
30,Authentication & Passwords,"Privacy, Security & Smart Homes",2021,13,160
30,Authentication & Passwords,"Privacy, Security & Smart Homes",2022,6,84
30,Authentication & Passwords,"Privacy, Security & Smart Homes",2023,5,69
30,Authentication & Passwords,"Privacy, Security & Smart Homes",2024,6,69
30,Authentication & Passwords,"Privacy, Security & Smart Homes",2025,5,66
30,Authentication & Passwords,"Privacy, Security & Smart Homes",2026,4,52
31,Smart-home Privacy,"Privacy, Security & Smart Homes",2002,1,0
31,Smart-home Privacy,"Privacy, Security & Smart Homes",2004,1,0
31,Smart-home Privacy,"Privacy, Security & Smart Homes",2005,1,3
31,Smart-home Privacy,"Privacy, Security & Smart Homes",2006,0,4
31,Smart-home Privacy,"Privacy, Security & Smart Homes",2007,1,2
31,Smart-home Privacy,"Privacy, Security & Smart Homes",2008,2,0
31,Smart-home Privacy,"Privacy, Security & Smart Homes",2009,1,4
31,Smart-home Privacy,"Privacy, Security & Smart Homes",2010,0,1
31,Smart-home Privacy,"Privacy, Security & Smart Homes",2011,1,4
31,Smart-home Privacy,"Privacy, Security & Smart Homes",2012,2,8
31,Smart-home Privacy,"Privacy, Security & Smart Homes",2013,0,5
31,Smart-home Privacy,"Privacy, Security & Smart Homes",2014,1,3
31,Smart-home Privacy,"Privacy, Security & Smart Homes",2015,1,11
31,Smart-home Privacy,"Privacy, Security & Smart Homes",2016,1,6
31,Smart-home Privacy,"Privacy, Security & Smart Homes",2017,2,10
31,Smart-home Privacy,"Privacy, Security & Smart Homes",2018,6,30
31,Smart-home Privacy,"Privacy, Security & Smart Homes",2019,10,43
31,Smart-home Privacy,"Privacy, Security & Smart Homes",2020,13,100
31,Smart-home Privacy,"Privacy, Security & Smart Homes",2021,16,171
31,Smart-home Privacy,"Privacy, Security & Smart Homes",2022,13,191
31,Smart-home Privacy,"Privacy, Security & Smart Homes",2023,11,234
31,Smart-home Privacy,"Privacy, Security & Smart Homes",2024,19,292
31,Smart-home Privacy,"Privacy, Security & Smart Homes",2025,16,331
31,Smart-home Privacy,"Privacy, Security & Smart Homes",2026,11,262
32,App Permissions & Policy,"Privacy, Security & Smart Homes",2001,1,0
32,App Permissions & Policy,"Privacy, Security & Smart Homes",2002,0,2
32,App Permissions & Policy,"Privacy, Security & Smart Homes",2003,0,1
32,App Permissions & Policy,"Privacy, Security & Smart Homes",2004,1,1
32,App Permissions & Policy,"Privacy, Security & Smart Homes",2006,1,2
32,App Permissions & Policy,"Privacy, Security & Smart Homes",2007,1,4
32,App Permissions & Policy,"Privacy, Security & Smart Homes",2010,2,2
32,App Permissions & Policy,"Privacy, Security & Smart Homes",2011,1,2
32,App Permissions & Policy,"Privacy, Security & Smart Homes",2012,1,2
32,App Permissions & Policy,"Privacy, Security & Smart Homes",2013,4,9
32,App Permissions & Policy,"Privacy, Security & Smart Homes",2014,2,8
32,App Permissions & Policy,"Privacy, Security & Smart Homes",2015,6,25
32,App Permissions & Policy,"Privacy, Security & Smart Homes",2016,5,20
32,App Permissions & Policy,"Privacy, Security & Smart Homes",2017,6,31
32,App Permissions & Policy,"Privacy, Security & Smart Homes",2018,10,64
32,App Permissions & Policy,"Privacy, Security & Smart Homes",2019,2,37
32,App Permissions & Policy,"Privacy, Security & Smart Homes",2020,4,45
32,App Permissions & Policy,"Privacy, Security & Smart Homes",2021,11,114
32,App Permissions & Policy,"Privacy, Security & Smart Homes",2022,10,84
32,App Permissions & Policy,"Privacy, Security & Smart Homes",2023,11,94
32,App Permissions & Policy,"Privacy, Security & Smart Homes",2024,19,184
32,App Permissions & Policy,"Privacy, Security & Smart Homes",2025,12,181
32,App Permissions & Policy,"Privacy, Security & Smart Homes",2026,12,177
33,Deceptive Advertising Patterns,"Privacy, Security & Smart Homes",2012,2,0
33,Deceptive Advertising Patterns,"Privacy, Security & Smart Homes",2013,2,1
33,Deceptive Advertising Patterns,"Privacy, Security & Smart Homes",2014,1,1
33,Deceptive Advertising Patterns,"Privacy, Security & Smart Homes",2015,1,2
33,Deceptive Advertising Patterns,"Privacy, Security & Smart Homes",2016,1,6
33,Deceptive Advertising Patterns,"Privacy, Security & Smart Homes",2017,2,7
33,Deceptive Advertising Patterns,"Privacy, Security & Smart Homes",2018,3,12
33,Deceptive Advertising Patterns,"Privacy, Security & Smart Homes",2019,2,18
33,Deceptive Advertising Patterns,"Privacy, Security & Smart Homes",2020,6,32
33,Deceptive Advertising Patterns,"Privacy, Security & Smart Homes",2021,13,93
33,Deceptive Advertising Patterns,"Privacy, Security & Smart Homes",2022,8,91
33,Deceptive Advertising Patterns,"Privacy, Security & Smart Homes",2023,16,146
33,Deceptive Advertising Patterns,"Privacy, Security & Smart Homes",2024,25,265
33,Deceptive Advertising Patterns,"Privacy, Security & Smart Homes",2025,21,337
33,Deceptive Advertising Patterns,"Privacy, Security & Smart Homes",2026,17,247
34,Location Sharing & Privacy,"Privacy, Security & Smart Homes",1983,3,0
34,Location Sharing & Privacy,"Privacy, Security & Smart Homes",1988,2,4
34,Location Sharing & Privacy,"Privacy, Security & Smart Homes",1989,0,1
34,Location Sharing & Privacy,"Privacy, Security & Smart Homes",1993,1,1
34,Location Sharing & Privacy,"Privacy, Security & Smart Homes",1998,1,1
34,Location Sharing & Privacy,"Privacy, Security & Smart Homes",2001,2,0
34,Location Sharing & Privacy,"Privacy, Security & Smart Homes",2002,1,3
34,Location Sharing & Privacy,"Privacy, Security & Smart Homes",2003,1,2
34,Location Sharing & Privacy,"Privacy, Security & Smart Homes",2004,1,3
34,Location Sharing & Privacy,"Privacy, Security & Smart Homes",2005,6,5
34,Location Sharing & Privacy,"Privacy, Security & Smart Homes",2006,5,24
34,Location Sharing & Privacy,"Privacy, Security & Smart Homes",2007,3,12
34,Location Sharing & Privacy,"Privacy, Security & Smart Homes",2008,6,13
34,Location Sharing & Privacy,"Privacy, Security & Smart Homes",2009,5,18
34,Location Sharing & Privacy,"Privacy, Security & Smart Homes",2010,7,46
34,Location Sharing & Privacy,"Privacy, Security & Smart Homes",2011,8,55
34,Location Sharing & Privacy,"Privacy, Security & Smart Homes",2012,11,50
34,Location Sharing & Privacy,"Privacy, Security & Smart Homes",2013,13,82
34,Location Sharing & Privacy,"Privacy, Security & Smart Homes",2014,11,73
34,Location Sharing & Privacy,"Privacy, Security & Smart Homes",2015,6,81
34,Location Sharing & Privacy,"Privacy, Security & Smart Homes",2016,8,58
34,Location Sharing & Privacy,"Privacy, Security & Smart Homes",2017,3,71
34,Location Sharing & Privacy,"Privacy, Security & Smart Homes",2018,7,57
34,Location Sharing & Privacy,"Privacy, Security & Smart Homes",2019,3,61
34,Location Sharing & Privacy,"Privacy, Security & Smart Homes",2020,3,56
34,Location Sharing & Privacy,"Privacy, Security & Smart Homes",2021,4,69
34,Location Sharing & Privacy,"Privacy, Security & Smart Homes",2022,4,58
34,Location Sharing & Privacy,"Privacy, Security & Smart Homes",2023,2,31
34,Location Sharing & Privacy,"Privacy, Security & Smart Homes",2024,3,44
34,Location Sharing & Privacy,"Privacy, Security & Smart Homes",2025,2,46
34,Location Sharing & Privacy,"Privacy, Security & Smart Homes",2026,2,23
35,Task Switching at Work,Mobile Life & Attention,1983,1,1
35,Task Switching at Work,Mobile Life & Attention,1985,1,0
35,Task Switching at Work,Mobile Life & Attention,1986,3,1
35,Task Switching at Work,Mobile Life & Attention,1988,3,3
35,Task Switching at Work,Mobile Life & Attention,1989,1,2
35,Task Switching at Work,Mobile Life & Attention,1990,1,2
35,Task Switching at Work,Mobile Life & Attention,1992,3,4
35,Task Switching at Work,Mobile Life & Attention,1994,0,3
35,Task Switching at Work,Mobile Life & Attention,1995,0,3
35,Task Switching at Work,Mobile Life & Attention,1997,1,4
35,Task Switching at Work,Mobile Life & Attention,1998,0,3
35,Task Switching at Work,Mobile Life & Attention,1999,2,3
35,Task Switching at Work,Mobile Life & Attention,2000,1,9
35,Task Switching at Work,Mobile Life & Attention,2001,1,8
35,Task Switching at Work,Mobile Life & Attention,2002,2,11
35,Task Switching at Work,Mobile Life & Attention,2003,1,15
35,Task Switching at Work,Mobile Life & Attention,2004,4,29
35,Task Switching at Work,Mobile Life & Attention,2005,3,30
35,Task Switching at Work,Mobile Life & Attention,2006,10,62
35,Task Switching at Work,Mobile Life & Attention,2007,6,41
35,Task Switching at Work,Mobile Life & Attention,2008,14,76
35,Task Switching at Work,Mobile Life & Attention,2009,8,70
35,Task Switching at Work,Mobile Life & Attention,2010,13,89
35,Task Switching at Work,Mobile Life & Attention,2011,10,63
35,Task Switching at Work,Mobile Life & Attention,2012,7,54
35,Task Switching at Work,Mobile Life & Attention,2013,4,51
35,Task Switching at Work,Mobile Life & Attention,2014,8,88
35,Task Switching at Work,Mobile Life & Attention,2015,6,68
35,Task Switching at Work,Mobile Life & Attention,2016,13,147
35,Task Switching at Work,Mobile Life & Attention,2017,4,94
35,Task Switching at Work,Mobile Life & Attention,2018,7,111
35,Task Switching at Work,Mobile Life & Attention,2019,7,126
35,Task Switching at Work,Mobile Life & Attention,2020,10,164
35,Task Switching at Work,Mobile Life & Attention,2021,5,113
35,Task Switching at Work,Mobile Life & Attention,2022,7,160
35,Task Switching at Work,Mobile Life & Attention,2023,11,201
35,Task Switching at Work,Mobile Life & Attention,2024,8,207
35,Task Switching at Work,Mobile Life & Attention,2025,9,203
35,Task Switching at Work,Mobile Life & Attention,2026,6,144
36,Notifications & Interruptibility,Mobile Life & Attention,2000,1,0
36,Notifications & Interruptibility,Mobile Life & Attention,2001,1,1
36,Notifications & Interruptibility,Mobile Life & Attention,2002,2,12
36,Notifications & Interruptibility,Mobile Life & Attention,2003,3,7
36,Notifications & Interruptibility,Mobile Life & Attention,2004,8,29
36,Notifications & Interruptibility,Mobile Life & Attention,2005,4,19
36,Notifications & Interruptibility,Mobile Life & Attention,2006,4,42
36,Notifications & Interruptibility,Mobile Life & Attention,2007,5,46
36,Notifications & Interruptibility,Mobile Life & Attention,2008,6,52
36,Notifications & Interruptibility,Mobile Life & Attention,2009,3,21
36,Notifications & Interruptibility,Mobile Life & Attention,2010,3,31
36,Notifications & Interruptibility,Mobile Life & Attention,2011,5,28
36,Notifications & Interruptibility,Mobile Life & Attention,2012,3,21
36,Notifications & Interruptibility,Mobile Life & Attention,2013,5,23
36,Notifications & Interruptibility,Mobile Life & Attention,2014,9,63
36,Notifications & Interruptibility,Mobile Life & Attention,2015,12,122
36,Notifications & Interruptibility,Mobile Life & Attention,2016,9,141
36,Notifications & Interruptibility,Mobile Life & Attention,2017,14,203
36,Notifications & Interruptibility,Mobile Life & Attention,2018,9,186
36,Notifications & Interruptibility,Mobile Life & Attention,2019,15,182
36,Notifications & Interruptibility,Mobile Life & Attention,2020,10,171
36,Notifications & Interruptibility,Mobile Life & Attention,2021,11,204
36,Notifications & Interruptibility,Mobile Life & Attention,2022,8,208
36,Notifications & Interruptibility,Mobile Life & Attention,2023,11,272
36,Notifications & Interruptibility,Mobile Life & Attention,2024,9,289
36,Notifications & Interruptibility,Mobile Life & Attention,2025,5,205
36,Notifications & Interruptibility,Mobile Life & Attention,2026,8,119
37,Social Network Sites at Work,Mobile Life & Attention,1998,1,0
37,Social Network Sites at Work,Mobile Life & Attention,2000,0,1
37,Social Network Sites at Work,Mobile Life & Attention,2002,5,3
37,Social Network Sites at Work,Mobile Life & Attention,2004,1,3
37,Social Network Sites at Work,Mobile Life & Attention,2006,2,6
37,Social Network Sites at Work,Mobile Life & Attention,2007,2,5
37,Social Network Sites at Work,Mobile Life & Attention,2008,14,25
37,Social Network Sites at Work,Mobile Life & Attention,2009,5,30
37,Social Network Sites at Work,Mobile Life & Attention,2010,14,63
37,Social Network Sites at Work,Mobile Life & Attention,2011,15,82
37,Social Network Sites at Work,Mobile Life & Attention,2012,14,93
37,Social Network Sites at Work,Mobile Life & Attention,2013,10,82
37,Social Network Sites at Work,Mobile Life & Attention,2014,13,107
37,Social Network Sites at Work,Mobile Life & Attention,2015,9,91
37,Social Network Sites at Work,Mobile Life & Attention,2016,6,79
37,Social Network Sites at Work,Mobile Life & Attention,2017,9,99
37,Social Network Sites at Work,Mobile Life & Attention,2018,8,75
37,Social Network Sites at Work,Mobile Life & Attention,2019,11,85
37,Social Network Sites at Work,Mobile Life & Attention,2020,4,76
37,Social Network Sites at Work,Mobile Life & Attention,2021,2,80
37,Social Network Sites at Work,Mobile Life & Attention,2022,3,72
37,Social Network Sites at Work,Mobile Life & Attention,2023,2,89
37,Social Network Sites at Work,Mobile Life & Attention,2024,3,71
37,Social Network Sites at Work,Mobile Life & Attention,2025,2,76
37,Social Network Sites at Work,Mobile Life & Attention,2026,1,39
38,Instant Messaging,Mobile Life & Attention,1986,2,0
38,Instant Messaging,Mobile Life & Attention,1988,1,1
38,Instant Messaging,Mobile Life & Attention,1989,1,0
38,Instant Messaging,Mobile Life & Attention,1990,1,2
38,Instant Messaging,Mobile Life & Attention,1992,0,1
38,Instant Messaging,Mobile Life & Attention,1994,1,1
38,Instant Messaging,Mobile Life & Attention,1996,2,4
38,Instant Messaging,Mobile Life & Attention,1997,1,1
38,Instant Messaging,Mobile Life & Attention,1999,3,0
38,Instant Messaging,Mobile Life & Attention,2000,4,23
38,Instant Messaging,Mobile Life & Attention,2001,1,3
38,Instant Messaging,Mobile Life & Attention,2002,10,39
38,Instant Messaging,Mobile Life & Attention,2003,3,15
38,Instant Messaging,Mobile Life & Attention,2004,10,57
38,Instant Messaging,Mobile Life & Attention,2005,3,35
38,Instant Messaging,Mobile Life & Attention,2006,5,56
38,Instant Messaging,Mobile Life & Attention,2007,0,11
38,Instant Messaging,Mobile Life & Attention,2008,4,33
38,Instant Messaging,Mobile Life & Attention,2009,1,17
38,Instant Messaging,Mobile Life & Attention,2010,2,29
38,Instant Messaging,Mobile Life & Attention,2011,2,24
38,Instant Messaging,Mobile Life & Attention,2012,3,28
38,Instant Messaging,Mobile Life & Attention,2013,5,20
38,Instant Messaging,Mobile Life & Attention,2014,4,27
38,Instant Messaging,Mobile Life & Attention,2015,5,46
38,Instant Messaging,Mobile Life & Attention,2016,10,38
38,Instant Messaging,Mobile Life & Attention,2017,12,93
38,Instant Messaging,Mobile Life & Attention,2018,13,83
38,Instant Messaging,Mobile Life & Attention,2019,9,117
38,Instant Messaging,Mobile Life & Attention,2020,6,87
38,Instant Messaging,Mobile Life & Attention,2021,5,102
38,Instant Messaging,Mobile Life & Attention,2022,4,137
38,Instant Messaging,Mobile Life & Attention,2023,3,99
38,Instant Messaging,Mobile Life & Attention,2024,3,103
38,Instant Messaging,Mobile Life & Attention,2025,3,106
38,Instant Messaging,Mobile Life & Attention,2026,2,47
39,Digital Self-control,Mobile Life & Attention,2007,1,0
39,Digital Self-control,Mobile Life & Attention,2013,5,3
39,Digital Self-control,Mobile Life & Attention,2014,2,20
39,Digital Self-control,Mobile Life & Attention,2015,8,47
39,Digital Self-control,Mobile Life & Attention,2016,8,58
39,Digital Self-control,Mobile Life & Attention,2017,3,59
39,Digital Self-control,Mobile Life & Attention,2018,8,86
39,Digital Self-control,Mobile Life & Attention,2019,11,137
39,Digital Self-control,Mobile Life & Attention,2020,5,74
39,Digital Self-control,Mobile Life & Attention,2021,11,174
39,Digital Self-control,Mobile Life & Attention,2022,13,197
39,Digital Self-control,Mobile Life & Attention,2023,15,255
39,Digital Self-control,Mobile Life & Attention,2024,16,273
39,Digital Self-control,Mobile Life & Attention,2025,14,321
39,Digital Self-control,Mobile Life & Attention,2026,10,254
40,Smartphone Usage Logging,Mobile Life & Attention,2000,2,0
40,Smartphone Usage Logging,Mobile Life & Attention,2001,0,1
40,Smartphone Usage Logging,Mobile Life & Attention,2002,2,4
40,Smartphone Usage Logging,Mobile Life & Attention,2003,2,1
40,Smartphone Usage Logging,Mobile Life & Attention,2004,1,8
40,Smartphone Usage Logging,Mobile Life & Attention,2005,0,3
40,Smartphone Usage Logging,Mobile Life & Attention,2006,1,6
40,Smartphone Usage Logging,Mobile Life & Attention,2007,3,5
40,Smartphone Usage Logging,Mobile Life & Attention,2008,4,16
40,Smartphone Usage Logging,Mobile Life & Attention,2009,3,9
40,Smartphone Usage Logging,Mobile Life & Attention,2010,6,11
40,Smartphone Usage Logging,Mobile Life & Attention,2011,6,18
40,Smartphone Usage Logging,Mobile Life & Attention,2012,8,21
40,Smartphone Usage Logging,Mobile Life & Attention,2013,8,34
40,Smartphone Usage Logging,Mobile Life & Attention,2014,11,34
40,Smartphone Usage Logging,Mobile Life & Attention,2015,10,70
40,Smartphone Usage Logging,Mobile Life & Attention,2016,13,92
40,Smartphone Usage Logging,Mobile Life & Attention,2017,10,97
40,Smartphone Usage Logging,Mobile Life & Attention,2018,10,94
40,Smartphone Usage Logging,Mobile Life & Attention,2019,10,98
40,Smartphone Usage Logging,Mobile Life & Attention,2020,3,68
40,Smartphone Usage Logging,Mobile Life & Attention,2021,1,64
40,Smartphone Usage Logging,Mobile Life & Attention,2022,2,46
40,Smartphone Usage Logging,Mobile Life & Attention,2023,0,49
40,Smartphone Usage Logging,Mobile Life & Attention,2024,2,45
40,Smartphone Usage Logging,Mobile Life & Attention,2025,0,46
40,Smartphone Usage Logging,Mobile Life & Attention,2026,2,27
41,Email & Peripheral Displays,Mobile Life & Attention,1982,1,0
41,Email & Peripheral Displays,Mobile Life & Attention,1983,2,1
41,Email & Peripheral Displays,Mobile Life & Attention,1985,1,1
41,Email & Peripheral Displays,Mobile Life & Attention,1986,12,6
41,Email & Peripheral Displays,Mobile Life & Attention,1988,3,5
41,Email & Peripheral Displays,Mobile Life & Attention,1989,0,2
41,Email & Peripheral Displays,Mobile Life & Attention,1990,1,8
41,Email & Peripheral Displays,Mobile Life & Attention,1992,3,8
41,Email & Peripheral Displays,Mobile Life & Attention,1993,1,1
41,Email & Peripheral Displays,Mobile Life & Attention,1994,3,9
41,Email & Peripheral Displays,Mobile Life & Attention,1995,0,1
41,Email & Peripheral Displays,Mobile Life & Attention,1996,2,7
41,Email & Peripheral Displays,Mobile Life & Attention,1997,3,8
41,Email & Peripheral Displays,Mobile Life & Attention,1998,8,11
41,Email & Peripheral Displays,Mobile Life & Attention,1999,3,5
41,Email & Peripheral Displays,Mobile Life & Attention,2000,17,34
41,Email & Peripheral Displays,Mobile Life & Attention,2001,9,25
41,Email & Peripheral Displays,Mobile Life & Attention,2002,10,51
41,Email & Peripheral Displays,Mobile Life & Attention,2003,8,42
41,Email & Peripheral Displays,Mobile Life & Attention,2004,13,73
41,Email & Peripheral Displays,Mobile Life & Attention,2005,5,34
41,Email & Peripheral Displays,Mobile Life & Attention,2006,13,83
41,Email & Peripheral Displays,Mobile Life & Attention,2007,7,32
41,Email & Peripheral Displays,Mobile Life & Attention,2008,9,52
41,Email & Peripheral Displays,Mobile Life & Attention,2009,6,47
41,Email & Peripheral Displays,Mobile Life & Attention,2010,12,62
41,Email & Peripheral Displays,Mobile Life & Attention,2011,16,89
41,Email & Peripheral Displays,Mobile Life & Attention,2012,14,63
41,Email & Peripheral Displays,Mobile Life & Attention,2013,8,71
41,Email & Peripheral Displays,Mobile Life & Attention,2014,12,77
41,Email & Peripheral Displays,Mobile Life & Attention,2015,15,70
41,Email & Peripheral Displays,Mobile Life & Attention,2016,7,106
41,Email & Peripheral Displays,Mobile Life & Attention,2017,16,102
41,Email & Peripheral Displays,Mobile Life & Attention,2018,10,100
41,Email & Peripheral Displays,Mobile Life & Attention,2019,12,109
41,Email & Peripheral Displays,Mobile Life & Attention,2020,16,138
41,Email & Peripheral Displays,Mobile Life & Attention,2021,12,123
41,Email & Peripheral Displays,Mobile Life & Attention,2022,10,146
41,Email & Peripheral Displays,Mobile Life & Attention,2023,5,123
41,Email & Peripheral Displays,Mobile Life & Attention,2024,14,141
41,Email & Peripheral Displays,Mobile Life & Attention,2025,8,149
41,Email & Peripheral Displays,Mobile Life & Attention,2026,4,64
42,Older Adults & Technology,"Ageing, Care & Automation",2001,1,0
42,Older Adults & Technology,"Ageing, Care & Automation",2002,2,1
42,Older Adults & Technology,"Ageing, Care & Automation",2003,1,2
42,Older Adults & Technology,"Ageing, Care & Automation",2004,1,0
42,Older Adults & Technology,"Ageing, Care & Automation",2005,1,2
42,Older Adults & Technology,"Ageing, Care & Automation",2006,1,10
42,Older Adults & Technology,"Ageing, Care & Automation",2007,3,6
42,Older Adults & Technology,"Ageing, Care & Automation",2008,4,15
42,Older Adults & Technology,"Ageing, Care & Automation",2009,4,8
42,Older Adults & Technology,"Ageing, Care & Automation",2010,6,18
42,Older Adults & Technology,"Ageing, Care & Automation",2011,4,9
42,Older Adults & Technology,"Ageing, Care & Automation",2012,6,15
42,Older Adults & Technology,"Ageing, Care & Automation",2013,5,21
42,Older Adults & Technology,"Ageing, Care & Automation",2014,9,33
42,Older Adults & Technology,"Ageing, Care & Automation",2015,6,29
42,Older Adults & Technology,"Ageing, Care & Automation",2016,11,54
42,Older Adults & Technology,"Ageing, Care & Automation",2017,9,85
42,Older Adults & Technology,"Ageing, Care & Automation",2018,10,81
42,Older Adults & Technology,"Ageing, Care & Automation",2019,15,130
42,Older Adults & Technology,"Ageing, Care & Automation",2020,6,93
42,Older Adults & Technology,"Ageing, Care & Automation",2021,21,212
42,Older Adults & Technology,"Ageing, Care & Automation",2022,15,203
42,Older Adults & Technology,"Ageing, Care & Automation",2023,13,226
42,Older Adults & Technology,"Ageing, Care & Automation",2024,22,314
42,Older Adults & Technology,"Ageing, Care & Automation",2025,21,448
42,Older Adults & Technology,"Ageing, Care & Automation",2026,11,257
43,Automated Driving,"Ageing, Care & Automation",2004,1,0
43,Automated Driving,"Ageing, Care & Automation",2005,1,1
43,Automated Driving,"Ageing, Care & Automation",2007,2,1
43,Automated Driving,"Ageing, Care & Automation",2008,0,1
43,Automated Driving,"Ageing, Care & Automation",2009,2,1
43,Automated Driving,"Ageing, Care & Automation",2010,2,3
43,Automated Driving,"Ageing, Care & Automation",2011,3,9
43,Automated Driving,"Ageing, Care & Automation",2012,1,2
43,Automated Driving,"Ageing, Care & Automation",2013,4,4
43,Automated Driving,"Ageing, Care & Automation",2014,5,4
43,Automated Driving,"Ageing, Care & Automation",2015,4,7
43,Automated Driving,"Ageing, Care & Automation",2016,2,3
43,Automated Driving,"Ageing, Care & Automation",2017,14,26
43,Automated Driving,"Ageing, Care & Automation",2018,8,25
43,Automated Driving,"Ageing, Care & Automation",2019,8,29
43,Automated Driving,"Ageing, Care & Automation",2020,15,41
43,Automated Driving,"Ageing, Care & Automation",2021,14,72
43,Automated Driving,"Ageing, Care & Automation",2022,10,97
43,Automated Driving,"Ageing, Care & Automation",2023,8,95
43,Automated Driving,"Ageing, Care & Automation",2024,10,99
43,Automated Driving,"Ageing, Care & Automation",2025,13,100
43,Automated Driving,"Ageing, Care & Automation",2026,9,63
44,Dementia & Ageing Care,"Ageing, Care & Automation",2005,2,0
44,Dementia & Ageing Care,"Ageing, Care & Automation",2006,1,3
44,Dementia & Ageing Care,"Ageing, Care & Automation",2007,0,2
44,Dementia & Ageing Care,"Ageing, Care & Automation",2008,3,5
44,Dementia & Ageing Care,"Ageing, Care & Automation",2009,1,2
44,Dementia & Ageing Care,"Ageing, Care & Automation",2010,2,2
44,Dementia & Ageing Care,"Ageing, Care & Automation",2011,1,1
44,Dementia & Ageing Care,"Ageing, Care & Automation",2012,5,10
44,Dementia & Ageing Care,"Ageing, Care & Automation",2013,2,12
44,Dementia & Ageing Care,"Ageing, Care & Automation",2014,3,11
44,Dementia & Ageing Care,"Ageing, Care & Automation",2015,2,12
44,Dementia & Ageing Care,"Ageing, Care & Automation",2016,4,35
44,Dementia & Ageing Care,"Ageing, Care & Automation",2017,8,48
44,Dementia & Ageing Care,"Ageing, Care & Automation",2018,6,63
44,Dementia & Ageing Care,"Ageing, Care & Automation",2019,9,105
44,Dementia & Ageing Care,"Ageing, Care & Automation",2020,13,185
44,Dementia & Ageing Care,"Ageing, Care & Automation",2021,8,126
44,Dementia & Ageing Care,"Ageing, Care & Automation",2022,18,214
44,Dementia & Ageing Care,"Ageing, Care & Automation",2023,8,118
44,Dementia & Ageing Care,"Ageing, Care & Automation",2024,15,208
44,Dementia & Ageing Care,"Ageing, Care & Automation",2025,12,259
44,Dementia & Ageing Care,"Ageing, Care & Automation",2026,11,211
45,Autonomous Vehicle Communication,"Ageing, Care & Automation",1981,3,0
45,Autonomous Vehicle Communication,"Ageing, Care & Automation",1982,7,4
45,Autonomous Vehicle Communication,"Ageing, Care & Automation",1983,10,6
45,Autonomous Vehicle Communication,"Ageing, Care & Automation",1985,6,2
45,Autonomous Vehicle Communication,"Ageing, Care & Automation",1986,16,21
45,Autonomous Vehicle Communication,"Ageing, Care & Automation",1988,5,3
45,Autonomous Vehicle Communication,"Ageing, Care & Automation",1989,6,9
45,Autonomous Vehicle Communication,"Ageing, Care & Automation",1990,8,13
45,Autonomous Vehicle Communication,"Ageing, Care & Automation",1991,6,9
45,Autonomous Vehicle Communication,"Ageing, Care & Automation",1992,8,11
45,Autonomous Vehicle Communication,"Ageing, Care & Automation",1993,1,2
45,Autonomous Vehicle Communication,"Ageing, Care & Automation",1994,6,5
45,Autonomous Vehicle Communication,"Ageing, Care & Automation",1995,14,20
45,Autonomous Vehicle Communication,"Ageing, Care & Automation",1996,8,22
45,Autonomous Vehicle Communication,"Ageing, Care & Automation",1997,16,26
45,Autonomous Vehicle Communication,"Ageing, Care & Automation",1998,8,16
45,Autonomous Vehicle Communication,"Ageing, Care & Automation",1999,3,14
45,Autonomous Vehicle Communication,"Ageing, Care & Automation",2000,7,22
45,Autonomous Vehicle Communication,"Ageing, Care & Automation",2001,4,8
45,Autonomous Vehicle Communication,"Ageing, Care & Automation",2002,3,14
45,Autonomous Vehicle Communication,"Ageing, Care & Automation",2003,6,8
45,Autonomous Vehicle Communication,"Ageing, Care & Automation",2004,5,21
45,Autonomous Vehicle Communication,"Ageing, Care & Automation",2005,8,18
45,Autonomous Vehicle Communication,"Ageing, Care & Automation",2006,6,20
45,Autonomous Vehicle Communication,"Ageing, Care & Automation",2007,5,27
45,Autonomous Vehicle Communication,"Ageing, Care & Automation",2008,4,10
45,Autonomous Vehicle Communication,"Ageing, Care & Automation",2009,10,13
45,Autonomous Vehicle Communication,"Ageing, Care & Automation",2010,7,11
45,Autonomous Vehicle Communication,"Ageing, Care & Automation",2011,7,11
45,Autonomous Vehicle Communication,"Ageing, Care & Automation",2012,5,10
45,Autonomous Vehicle Communication,"Ageing, Care & Automation",2013,4,6
45,Autonomous Vehicle Communication,"Ageing, Care & Automation",2014,1,9
45,Autonomous Vehicle Communication,"Ageing, Care & Automation",2015,1,1
45,Autonomous Vehicle Communication,"Ageing, Care & Automation",2016,3,4
45,Autonomous Vehicle Communication,"Ageing, Care & Automation",2017,0,5
45,Autonomous Vehicle Communication,"Ageing, Care & Automation",2018,5,9
45,Autonomous Vehicle Communication,"Ageing, Care & Automation",2019,8,25
45,Autonomous Vehicle Communication,"Ageing, Care & Automation",2020,9,15
45,Autonomous Vehicle Communication,"Ageing, Care & Automation",2021,11,59
45,Autonomous Vehicle Communication,"Ageing, Care & Automation",2022,5,49
45,Autonomous Vehicle Communication,"Ageing, Care & Automation",2023,9,79
45,Autonomous Vehicle Communication,"Ageing, Care & Automation",2024,10,105
45,Autonomous Vehicle Communication,"Ageing, Care & Automation",2025,11,77
45,Autonomous Vehicle Communication,"Ageing, Care & Automation",2026,6,51
46,Memory & Reminiscence,Sustainability & Everyday Living,1992,1,0
46,Memory & Reminiscence,Sustainability & Everyday Living,1994,0,1
46,Memory & Reminiscence,Sustainability & Everyday Living,1999,1,0
46,Memory & Reminiscence,Sustainability & Everyday Living,2000,3,4
46,Memory & Reminiscence,Sustainability & Everyday Living,2001,1,1
46,Memory & Reminiscence,Sustainability & Everyday Living,2002,4,7
46,Memory & Reminiscence,Sustainability & Everyday Living,2003,2,11
46,Memory & Reminiscence,Sustainability & Everyday Living,2004,5,19
46,Memory & Reminiscence,Sustainability & Everyday Living,2005,4,15
46,Memory & Reminiscence,Sustainability & Everyday Living,2006,13,44
46,Memory & Reminiscence,Sustainability & Everyday Living,2007,9,26
46,Memory & Reminiscence,Sustainability & Everyday Living,2008,18,81
46,Memory & Reminiscence,Sustainability & Everyday Living,2009,16,83
46,Memory & Reminiscence,Sustainability & Everyday Living,2010,15,116
46,Memory & Reminiscence,Sustainability & Everyday Living,2011,14,77
46,Memory & Reminiscence,Sustainability & Everyday Living,2012,18,135
46,Memory & Reminiscence,Sustainability & Everyday Living,2013,14,108
46,Memory & Reminiscence,Sustainability & Everyday Living,2014,23,184
46,Memory & Reminiscence,Sustainability & Everyday Living,2015,10,158
46,Memory & Reminiscence,Sustainability & Everyday Living,2016,20,286
46,Memory & Reminiscence,Sustainability & Everyday Living,2017,11,220
46,Memory & Reminiscence,Sustainability & Everyday Living,2018,19,300
46,Memory & Reminiscence,Sustainability & Everyday Living,2019,19,352
46,Memory & Reminiscence,Sustainability & Everyday Living,2020,14,269
46,Memory & Reminiscence,Sustainability & Everyday Living,2021,7,268
46,Memory & Reminiscence,Sustainability & Everyday Living,2022,7,275
46,Memory & Reminiscence,Sustainability & Everyday Living,2023,11,421
46,Memory & Reminiscence,Sustainability & Everyday Living,2024,10,390
46,Memory & Reminiscence,Sustainability & Everyday Living,2025,13,420
46,Memory & Reminiscence,Sustainability & Everyday Living,2026,17,408
47,Sustainable HCI,Sustainability & Everyday Living,2004,1,0
47,Sustainable HCI,Sustainability & Everyday Living,2005,1,0
47,Sustainable HCI,Sustainability & Everyday Living,2006,0,1
47,Sustainable HCI,Sustainability & Everyday Living,2007,2,2
47,Sustainable HCI,Sustainability & Everyday Living,2008,6,8
47,Sustainable HCI,Sustainability & Everyday Living,2009,9,32
47,Sustainable HCI,Sustainability & Everyday Living,2010,21,76
47,Sustainable HCI,Sustainability & Everyday Living,2011,12,80
47,Sustainable HCI,Sustainability & Everyday Living,2012,18,177
47,Sustainable HCI,Sustainability & Everyday Living,2013,29,246
47,Sustainable HCI,Sustainability & Everyday Living,2014,21,231
47,Sustainable HCI,Sustainability & Everyday Living,2015,18,195
47,Sustainable HCI,Sustainability & Everyday Living,2016,21,269
47,Sustainable HCI,Sustainability & Everyday Living,2017,15,244
47,Sustainable HCI,Sustainability & Everyday Living,2018,19,416
47,Sustainable HCI,Sustainability & Everyday Living,2019,8,278
47,Sustainable HCI,Sustainability & Everyday Living,2020,12,217
47,Sustainable HCI,Sustainability & Everyday Living,2021,6,227
47,Sustainable HCI,Sustainability & Everyday Living,2022,10,248
47,Sustainable HCI,Sustainability & Everyday Living,2023,16,420
47,Sustainable HCI,Sustainability & Everyday Living,2024,17,313
47,Sustainable HCI,Sustainability & Everyday Living,2025,18,442
47,Sustainable HCI,Sustainability & Everyday Living,2026,13,258
48,Multispecies & Urban Nature,Sustainability & Everyday Living,1988,1,0
48,Multispecies & Urban Nature,Sustainability & Everyday Living,1992,1,2
48,Multispecies & Urban Nature,Sustainability & Everyday Living,1997,3,1
48,Multispecies & Urban Nature,Sustainability & Everyday Living,1998,1,2
48,Multispecies & Urban Nature,Sustainability & Everyday Living,2000,0,1
48,Multispecies & Urban Nature,Sustainability & Everyday Living,2001,0,1
48,Multispecies & Urban Nature,Sustainability & Everyday Living,2008,2,0
48,Multispecies & Urban Nature,Sustainability & Everyday Living,2009,1,1
48,Multispecies & Urban Nature,Sustainability & Everyday Living,2010,2,3
48,Multispecies & Urban Nature,Sustainability & Everyday Living,2011,2,5
48,Multispecies & Urban Nature,Sustainability & Everyday Living,2012,3,6
48,Multispecies & Urban Nature,Sustainability & Everyday Living,2013,3,7
48,Multispecies & Urban Nature,Sustainability & Everyday Living,2014,1,12
48,Multispecies & Urban Nature,Sustainability & Everyday Living,2015,2,5
48,Multispecies & Urban Nature,Sustainability & Everyday Living,2016,4,12
48,Multispecies & Urban Nature,Sustainability & Everyday Living,2017,5,21
48,Multispecies & Urban Nature,Sustainability & Everyday Living,2018,7,42
48,Multispecies & Urban Nature,Sustainability & Everyday Living,2019,12,52
48,Multispecies & Urban Nature,Sustainability & Everyday Living,2020,12,73
48,Multispecies & Urban Nature,Sustainability & Everyday Living,2021,15,122
48,Multispecies & Urban Nature,Sustainability & Everyday Living,2022,11,190
48,Multispecies & Urban Nature,Sustainability & Everyday Living,2023,23,310
48,Multispecies & Urban Nature,Sustainability & Everyday Living,2024,20,355
48,Multispecies & Urban Nature,Sustainability & Everyday Living,2025,30,525
48,Multispecies & Urban Nature,Sustainability & Everyday Living,2026,31,543
49,Bio-materials & Sustainable Making,Sustainability & Everyday Living,2004,1,0
49,Bio-materials & Sustainable Making,Sustainability & Everyday Living,2006,0,1
49,Bio-materials & Sustainable Making,Sustainability & Everyday Living,2008,2,0
49,Bio-materials & Sustainable Making,Sustainability & Everyday Living,2010,4,2
49,Bio-materials & Sustainable Making,Sustainability & Everyday Living,2011,2,3
49,Bio-materials & Sustainable Making,Sustainability & Everyday Living,2012,2,4
49,Bio-materials & Sustainable Making,Sustainability & Everyday Living,2013,1,4
49,Bio-materials & Sustainable Making,Sustainability & Everyday Living,2014,2,6
49,Bio-materials & Sustainable Making,Sustainability & Everyday Living,2015,10,10
49,Bio-materials & Sustainable Making,Sustainability & Everyday Living,2016,2,19
49,Bio-materials & Sustainable Making,Sustainability & Everyday Living,2017,2,18
49,Bio-materials & Sustainable Making,Sustainability & Everyday Living,2018,4,29
49,Bio-materials & Sustainable Making,Sustainability & Everyday Living,2019,3,33
49,Bio-materials & Sustainable Making,Sustainability & Everyday Living,2020,4,36
49,Bio-materials & Sustainable Making,Sustainability & Everyday Living,2021,10,57
49,Bio-materials & Sustainable Making,Sustainability & Everyday Living,2022,12,156
49,Bio-materials & Sustainable Making,Sustainability & Everyday Living,2023,21,271
49,Bio-materials & Sustainable Making,Sustainability & Everyday Living,2024,33,454
49,Bio-materials & Sustainable Making,Sustainability & Everyday Living,2025,35,619
49,Bio-materials & Sustainable Making,Sustainability & Everyday Living,2026,17,373
50,Playful Food Experiences,Sustainability & Everyday Living,2002,1,0
50,Playful Food Experiences,Sustainability & Everyday Living,2008,1,0
50,Playful Food Experiences,Sustainability & Everyday Living,2009,0,2
50,Playful Food Experiences,Sustainability & Everyday Living,2010,3,1
50,Playful Food Experiences,Sustainability & Everyday Living,2011,7,6
50,Playful Food Experiences,Sustainability & Everyday Living,2012,6,10
50,Playful Food Experiences,Sustainability & Everyday Living,2013,4,18
50,Playful Food Experiences,Sustainability & Everyday Living,2014,7,23
50,Playful Food Experiences,Sustainability & Everyday Living,2015,5,31
50,Playful Food Experiences,Sustainability & Everyday Living,2016,7,41
50,Playful Food Experiences,Sustainability & Everyday Living,2017,7,36
50,Playful Food Experiences,Sustainability & Everyday Living,2018,6,72
50,Playful Food Experiences,Sustainability & Everyday Living,2019,9,79
50,Playful Food Experiences,Sustainability & Everyday Living,2020,14,145
50,Playful Food Experiences,Sustainability & Everyday Living,2021,10,141
50,Playful Food Experiences,Sustainability & Everyday Living,2022,9,198
50,Playful Food Experiences,Sustainability & Everyday Living,2023,13,203
50,Playful Food Experiences,Sustainability & Everyday Living,2024,10,213
50,Playful Food Experiences,Sustainability & Everyday Living,2025,10,179
50,Playful Food Experiences,Sustainability & Everyday Living,2026,15,227
51,"Materials, Death & Legacy",Sustainability & Everyday Living,1997,1,0
51,"Materials, Death & Legacy",Sustainability & Everyday Living,2002,3,1
51,"Materials, Death & Legacy",Sustainability & Everyday Living,2003,2,1
51,"Materials, Death & Legacy",Sustainability & Everyday Living,2004,1,3
51,"Materials, Death & Legacy",Sustainability & Everyday Living,2005,5,6
51,"Materials, Death & Legacy",Sustainability & Everyday Living,2006,1,1
51,"Materials, Death & Legacy",Sustainability & Everyday Living,2007,5,4
51,"Materials, Death & Legacy",Sustainability & Everyday Living,2008,2,3
51,"Materials, Death & Legacy",Sustainability & Everyday Living,2009,4,6
51,"Materials, Death & Legacy",Sustainability & Everyday Living,2010,8,13
51,"Materials, Death & Legacy",Sustainability & Everyday Living,2011,12,26
51,"Materials, Death & Legacy",Sustainability & Everyday Living,2012,13,43
51,"Materials, Death & Legacy",Sustainability & Everyday Living,2013,9,69
51,"Materials, Death & Legacy",Sustainability & Everyday Living,2014,18,109
51,"Materials, Death & Legacy",Sustainability & Everyday Living,2015,16,93
51,"Materials, Death & Legacy",Sustainability & Everyday Living,2016,14,150
51,"Materials, Death & Legacy",Sustainability & Everyday Living,2017,16,143
51,"Materials, Death & Legacy",Sustainability & Everyday Living,2018,12,141
51,"Materials, Death & Legacy",Sustainability & Everyday Living,2019,18,140
51,"Materials, Death & Legacy",Sustainability & Everyday Living,2020,14,183
51,"Materials, Death & Legacy",Sustainability & Everyday Living,2021,14,230
51,"Materials, Death & Legacy",Sustainability & Everyday Living,2022,6,198
51,"Materials, Death & Legacy",Sustainability & Everyday Living,2023,14,346
51,"Materials, Death & Legacy",Sustainability & Everyday Living,2024,18,302
51,"Materials, Death & Legacy",Sustainability & Everyday Living,2025,17,393
51,"Materials, Death & Legacy",Sustainability & Everyday Living,2026,24,317
52,Explainable Machine Learning,"AI, Data & Intelligent Interfaces",1983,2,0
52,Explainable Machine Learning,"AI, Data & Intelligent Interfaces",1986,2,3
52,Explainable Machine Learning,"AI, Data & Intelligent Interfaces",1988,1,1
52,Explainable Machine Learning,"AI, Data & Intelligent Interfaces",1989,1,1
52,Explainable Machine Learning,"AI, Data & Intelligent Interfaces",1992,1,0
52,Explainable Machine Learning,"AI, Data & Intelligent Interfaces",1993,1,0
52,Explainable Machine Learning,"AI, Data & Intelligent Interfaces",1994,1,0
52,Explainable Machine Learning,"AI, Data & Intelligent Interfaces",1996,2,1
52,Explainable Machine Learning,"AI, Data & Intelligent Interfaces",1997,0,2
52,Explainable Machine Learning,"AI, Data & Intelligent Interfaces",1998,0,1
52,Explainable Machine Learning,"AI, Data & Intelligent Interfaces",2000,3,2
52,Explainable Machine Learning,"AI, Data & Intelligent Interfaces",2002,1,1
52,Explainable Machine Learning,"AI, Data & Intelligent Interfaces",2003,2,2
52,Explainable Machine Learning,"AI, Data & Intelligent Interfaces",2004,2,1
52,Explainable Machine Learning,"AI, Data & Intelligent Interfaces",2005,2,2
52,Explainable Machine Learning,"AI, Data & Intelligent Interfaces",2006,3,7
52,Explainable Machine Learning,"AI, Data & Intelligent Interfaces",2007,6,14
52,Explainable Machine Learning,"AI, Data & Intelligent Interfaces",2008,5,14
52,Explainable Machine Learning,"AI, Data & Intelligent Interfaces",2009,10,30
52,Explainable Machine Learning,"AI, Data & Intelligent Interfaces",2010,8,34
52,Explainable Machine Learning,"AI, Data & Intelligent Interfaces",2011,12,42
52,Explainable Machine Learning,"AI, Data & Intelligent Interfaces",2012,13,68
52,Explainable Machine Learning,"AI, Data & Intelligent Interfaces",2013,0,23
52,Explainable Machine Learning,"AI, Data & Intelligent Interfaces",2014,7,25
52,Explainable Machine Learning,"AI, Data & Intelligent Interfaces",2015,10,55
52,Explainable Machine Learning,"AI, Data & Intelligent Interfaces",2016,15,58
52,Explainable Machine Learning,"AI, Data & Intelligent Interfaces",2017,14,80
52,Explainable Machine Learning,"AI, Data & Intelligent Interfaces",2018,22,159
52,Explainable Machine Learning,"AI, Data & Intelligent Interfaces",2019,54,329
52,Explainable Machine Learning,"AI, Data & Intelligent Interfaces",2020,60,460
52,Explainable Machine Learning,"AI, Data & Intelligent Interfaces",2021,88,1027
52,Explainable Machine Learning,"AI, Data & Intelligent Interfaces",2022,104,1159
52,Explainable Machine Learning,"AI, Data & Intelligent Interfaces",2023,120,1846
52,Explainable Machine Learning,"AI, Data & Intelligent Interfaces",2024,132,2373
52,Explainable Machine Learning,"AI, Data & Intelligent Interfaces",2025,166,3168
52,Explainable Machine Learning,"AI, Data & Intelligent Interfaces",2026,130,2133
53,Generative AI & Writing,"AI, Data & Intelligent Interfaces",1982,1,0
53,Generative AI & Writing,"AI, Data & Intelligent Interfaces",1983,1,0
53,Generative AI & Writing,"AI, Data & Intelligent Interfaces",1989,2,0
53,Generative AI & Writing,"AI, Data & Intelligent Interfaces",1991,1,0
53,Generative AI & Writing,"AI, Data & Intelligent Interfaces",1992,2,0
53,Generative AI & Writing,"AI, Data & Intelligent Interfaces",1995,1,0
53,Generative AI & Writing,"AI, Data & Intelligent Interfaces",1997,2,0
53,Generative AI & Writing,"AI, Data & Intelligent Interfaces",1998,1,2
53,Generative AI & Writing,"AI, Data & Intelligent Interfaces",1999,1,1
53,Generative AI & Writing,"AI, Data & Intelligent Interfaces",2000,5,2
53,Generative AI & Writing,"AI, Data & Intelligent Interfaces",2001,0,1
53,Generative AI & Writing,"AI, Data & Intelligent Interfaces",2002,4,0
53,Generative AI & Writing,"AI, Data & Intelligent Interfaces",2003,0,5
53,Generative AI & Writing,"AI, Data & Intelligent Interfaces",2004,3,8
53,Generative AI & Writing,"AI, Data & Intelligent Interfaces",2005,2,2
53,Generative AI & Writing,"AI, Data & Intelligent Interfaces",2006,5,13
53,Generative AI & Writing,"AI, Data & Intelligent Interfaces",2007,2,7
53,Generative AI & Writing,"AI, Data & Intelligent Interfaces",2008,6,25
53,Generative AI & Writing,"AI, Data & Intelligent Interfaces",2009,5,24
53,Generative AI & Writing,"AI, Data & Intelligent Interfaces",2010,9,32
53,Generative AI & Writing,"AI, Data & Intelligent Interfaces",2011,14,25
53,Generative AI & Writing,"AI, Data & Intelligent Interfaces",2012,14,35
53,Generative AI & Writing,"AI, Data & Intelligent Interfaces",2013,9,34
53,Generative AI & Writing,"AI, Data & Intelligent Interfaces",2014,19,59
53,Generative AI & Writing,"AI, Data & Intelligent Interfaces",2015,11,57
53,Generative AI & Writing,"AI, Data & Intelligent Interfaces",2016,19,107
53,Generative AI & Writing,"AI, Data & Intelligent Interfaces",2017,21,116
53,Generative AI & Writing,"AI, Data & Intelligent Interfaces",2018,20,178
53,Generative AI & Writing,"AI, Data & Intelligent Interfaces",2019,16,179
53,Generative AI & Writing,"AI, Data & Intelligent Interfaces",2020,39,259
53,Generative AI & Writing,"AI, Data & Intelligent Interfaces",2021,37,391
53,Generative AI & Writing,"AI, Data & Intelligent Interfaces",2022,44,400
53,Generative AI & Writing,"AI, Data & Intelligent Interfaces",2023,86,796
53,Generative AI & Writing,"AI, Data & Intelligent Interfaces",2024,175,1807
53,Generative AI & Writing,"AI, Data & Intelligent Interfaces",2025,233,3707
53,Generative AI & Writing,"AI, Data & Intelligent Interfaces",2026,184,3024
54,Voice & Conversational Agents,"AI, Data & Intelligent Interfaces",1983,3,0
54,Voice & Conversational Agents,"AI, Data & Intelligent Interfaces",1985,1,1
54,Voice & Conversational Agents,"AI, Data & Intelligent Interfaces",1986,1,0
54,Voice & Conversational Agents,"AI, Data & Intelligent Interfaces",1988,1,2
54,Voice & Conversational Agents,"AI, Data & Intelligent Interfaces",1990,0,1
54,Voice & Conversational Agents,"AI, Data & Intelligent Interfaces",1992,3,1
54,Voice & Conversational Agents,"AI, Data & Intelligent Interfaces",1993,1,0
54,Voice & Conversational Agents,"AI, Data & Intelligent Interfaces",1994,2,0
54,Voice & Conversational Agents,"AI, Data & Intelligent Interfaces",1995,2,5
54,Voice & Conversational Agents,"AI, Data & Intelligent Interfaces",1996,5,9
54,Voice & Conversational Agents,"AI, Data & Intelligent Interfaces",1997,2,3
54,Voice & Conversational Agents,"AI, Data & Intelligent Interfaces",1998,4,9
54,Voice & Conversational Agents,"AI, Data & Intelligent Interfaces",1999,3,8
54,Voice & Conversational Agents,"AI, Data & Intelligent Interfaces",2000,7,19
54,Voice & Conversational Agents,"AI, Data & Intelligent Interfaces",2001,3,14
54,Voice & Conversational Agents,"AI, Data & Intelligent Interfaces",2002,4,15
54,Voice & Conversational Agents,"AI, Data & Intelligent Interfaces",2003,7,12
54,Voice & Conversational Agents,"AI, Data & Intelligent Interfaces",2004,2,8
54,Voice & Conversational Agents,"AI, Data & Intelligent Interfaces",2005,4,7
54,Voice & Conversational Agents,"AI, Data & Intelligent Interfaces",2006,6,12
54,Voice & Conversational Agents,"AI, Data & Intelligent Interfaces",2007,12,18
54,Voice & Conversational Agents,"AI, Data & Intelligent Interfaces",2008,6,17
54,Voice & Conversational Agents,"AI, Data & Intelligent Interfaces",2009,7,14
54,Voice & Conversational Agents,"AI, Data & Intelligent Interfaces",2010,10,25
54,Voice & Conversational Agents,"AI, Data & Intelligent Interfaces",2011,5,17
54,Voice & Conversational Agents,"AI, Data & Intelligent Interfaces",2012,8,20
54,Voice & Conversational Agents,"AI, Data & Intelligent Interfaces",2013,4,17
54,Voice & Conversational Agents,"AI, Data & Intelligent Interfaces",2014,11,20
54,Voice & Conversational Agents,"AI, Data & Intelligent Interfaces",2015,10,19
54,Voice & Conversational Agents,"AI, Data & Intelligent Interfaces",2016,9,49
54,Voice & Conversational Agents,"AI, Data & Intelligent Interfaces",2017,18,68
54,Voice & Conversational Agents,"AI, Data & Intelligent Interfaces",2018,27,126
54,Voice & Conversational Agents,"AI, Data & Intelligent Interfaces",2019,47,320
54,Voice & Conversational Agents,"AI, Data & Intelligent Interfaces",2020,67,456
54,Voice & Conversational Agents,"AI, Data & Intelligent Interfaces",2021,65,697
54,Voice & Conversational Agents,"AI, Data & Intelligent Interfaces",2022,63,785
54,Voice & Conversational Agents,"AI, Data & Intelligent Interfaces",2023,54,792
54,Voice & Conversational Agents,"AI, Data & Intelligent Interfaces",2024,87,992
54,Voice & Conversational Agents,"AI, Data & Intelligent Interfaces",2025,109,1658
54,Voice & Conversational Agents,"AI, Data & Intelligent Interfaces",2026,79,1106
55,GUI Toolkits & Web Interfaces,"AI, Data & Intelligent Interfaces",1981,2,0
55,GUI Toolkits & Web Interfaces,"AI, Data & Intelligent Interfaces",1982,6,2
55,GUI Toolkits & Web Interfaces,"AI, Data & Intelligent Interfaces",1983,5,7
55,GUI Toolkits & Web Interfaces,"AI, Data & Intelligent Interfaces",1985,6,6
55,GUI Toolkits & Web Interfaces,"AI, Data & Intelligent Interfaces",1986,11,9
55,GUI Toolkits & Web Interfaces,"AI, Data & Intelligent Interfaces",1988,18,20
55,GUI Toolkits & Web Interfaces,"AI, Data & Intelligent Interfaces",1989,24,46
55,GUI Toolkits & Web Interfaces,"AI, Data & Intelligent Interfaces",1990,20,66
55,GUI Toolkits & Web Interfaces,"AI, Data & Intelligent Interfaces",1991,26,82
55,GUI Toolkits & Web Interfaces,"AI, Data & Intelligent Interfaces",1992,29,81
55,GUI Toolkits & Web Interfaces,"AI, Data & Intelligent Interfaces",1993,20,53
55,GUI Toolkits & Web Interfaces,"AI, Data & Intelligent Interfaces",1994,18,63
55,GUI Toolkits & Web Interfaces,"AI, Data & Intelligent Interfaces",1995,19,120
55,GUI Toolkits & Web Interfaces,"AI, Data & Intelligent Interfaces",1996,17,57
55,GUI Toolkits & Web Interfaces,"AI, Data & Intelligent Interfaces",1997,26,66
55,GUI Toolkits & Web Interfaces,"AI, Data & Intelligent Interfaces",1998,26,64
55,GUI Toolkits & Web Interfaces,"AI, Data & Intelligent Interfaces",1999,10,54
55,GUI Toolkits & Web Interfaces,"AI, Data & Intelligent Interfaces",2000,14,71
55,GUI Toolkits & Web Interfaces,"AI, Data & Intelligent Interfaces",2001,15,49
55,GUI Toolkits & Web Interfaces,"AI, Data & Intelligent Interfaces",2002,12,60
55,GUI Toolkits & Web Interfaces,"AI, Data & Intelligent Interfaces",2003,15,59
55,GUI Toolkits & Web Interfaces,"AI, Data & Intelligent Interfaces",2004,23,73
55,GUI Toolkits & Web Interfaces,"AI, Data & Intelligent Interfaces",2005,12,83
55,GUI Toolkits & Web Interfaces,"AI, Data & Intelligent Interfaces",2006,20,84
55,GUI Toolkits & Web Interfaces,"AI, Data & Intelligent Interfaces",2007,15,80
55,GUI Toolkits & Web Interfaces,"AI, Data & Intelligent Interfaces",2008,22,121
55,GUI Toolkits & Web Interfaces,"AI, Data & Intelligent Interfaces",2009,13,98
55,GUI Toolkits & Web Interfaces,"AI, Data & Intelligent Interfaces",2010,15,107
55,GUI Toolkits & Web Interfaces,"AI, Data & Intelligent Interfaces",2011,18,145
55,GUI Toolkits & Web Interfaces,"AI, Data & Intelligent Interfaces",2012,11,105
55,GUI Toolkits & Web Interfaces,"AI, Data & Intelligent Interfaces",2013,13,86
55,GUI Toolkits & Web Interfaces,"AI, Data & Intelligent Interfaces",2014,15,151
55,GUI Toolkits & Web Interfaces,"AI, Data & Intelligent Interfaces",2015,14,83
55,GUI Toolkits & Web Interfaces,"AI, Data & Intelligent Interfaces",2016,13,117
55,GUI Toolkits & Web Interfaces,"AI, Data & Intelligent Interfaces",2017,15,169
55,GUI Toolkits & Web Interfaces,"AI, Data & Intelligent Interfaces",2018,12,172
55,GUI Toolkits & Web Interfaces,"AI, Data & Intelligent Interfaces",2019,20,233
55,GUI Toolkits & Web Interfaces,"AI, Data & Intelligent Interfaces",2020,26,264
55,GUI Toolkits & Web Interfaces,"AI, Data & Intelligent Interfaces",2021,29,385
55,GUI Toolkits & Web Interfaces,"AI, Data & Intelligent Interfaces",2022,17,245
55,GUI Toolkits & Web Interfaces,"AI, Data & Intelligent Interfaces",2023,19,348
55,GUI Toolkits & Web Interfaces,"AI, Data & Intelligent Interfaces",2024,28,483
55,GUI Toolkits & Web Interfaces,"AI, Data & Intelligent Interfaces",2025,28,482
55,GUI Toolkits & Web Interfaces,"AI, Data & Intelligent Interfaces",2026,15,257
56,Data Visualization,"AI, Data & Intelligent Interfaces",1982,1,0
56,Data Visualization,"AI, Data & Intelligent Interfaces",1986,1,1
56,Data Visualization,"AI, Data & Intelligent Interfaces",1991,1,0
56,Data Visualization,"AI, Data & Intelligent Interfaces",1992,1,0
56,Data Visualization,"AI, Data & Intelligent Interfaces",1993,1,0
56,Data Visualization,"AI, Data & Intelligent Interfaces",1994,1,1
56,Data Visualization,"AI, Data & Intelligent Interfaces",1995,0,2
56,Data Visualization,"AI, Data & Intelligent Interfaces",1996,2,0
56,Data Visualization,"AI, Data & Intelligent Interfaces",1997,1,8
56,Data Visualization,"AI, Data & Intelligent Interfaces",1998,1,3
56,Data Visualization,"AI, Data & Intelligent Interfaces",1999,0,2
56,Data Visualization,"AI, Data & Intelligent Interfaces",2000,1,6
56,Data Visualization,"AI, Data & Intelligent Interfaces",2001,0,3
56,Data Visualization,"AI, Data & Intelligent Interfaces",2002,0,1
56,Data Visualization,"AI, Data & Intelligent Interfaces",2003,1,1
56,Data Visualization,"AI, Data & Intelligent Interfaces",2004,1,2
56,Data Visualization,"AI, Data & Intelligent Interfaces",2005,2,1
56,Data Visualization,"AI, Data & Intelligent Interfaces",2006,1,3
56,Data Visualization,"AI, Data & Intelligent Interfaces",2007,3,3
56,Data Visualization,"AI, Data & Intelligent Interfaces",2008,4,10
56,Data Visualization,"AI, Data & Intelligent Interfaces",2009,4,14
56,Data Visualization,"AI, Data & Intelligent Interfaces",2010,3,9
56,Data Visualization,"AI, Data & Intelligent Interfaces",2011,4,16
56,Data Visualization,"AI, Data & Intelligent Interfaces",2012,9,12
56,Data Visualization,"AI, Data & Intelligent Interfaces",2013,11,19
56,Data Visualization,"AI, Data & Intelligent Interfaces",2014,12,38
56,Data Visualization,"AI, Data & Intelligent Interfaces",2015,19,50
56,Data Visualization,"AI, Data & Intelligent Interfaces",2016,15,45
56,Data Visualization,"AI, Data & Intelligent Interfaces",2017,19,80
56,Data Visualization,"AI, Data & Intelligent Interfaces",2018,26,125
56,Data Visualization,"AI, Data & Intelligent Interfaces",2019,32,190
56,Data Visualization,"AI, Data & Intelligent Interfaces",2020,31,221
56,Data Visualization,"AI, Data & Intelligent Interfaces",2021,32,291
56,Data Visualization,"AI, Data & Intelligent Interfaces",2022,25,319
56,Data Visualization,"AI, Data & Intelligent Interfaces",2023,32,442
56,Data Visualization,"AI, Data & Intelligent Interfaces",2024,37,426
56,Data Visualization,"AI, Data & Intelligent Interfaces",2025,50,539
56,Data Visualization,"AI, Data & Intelligent Interfaces",2026,32,412
57,Search & Recommendation,"AI, Data & Intelligent Interfaces",1988,2,0
57,Search & Recommendation,"AI, Data & Intelligent Interfaces",1989,0,1
57,Search & Recommendation,"AI, Data & Intelligent Interfaces",1991,4,0
57,Search & Recommendation,"AI, Data & Intelligent Interfaces",1992,4,2
57,Search & Recommendation,"AI, Data & Intelligent Interfaces",1993,1,1
57,Search & Recommendation,"AI, Data & Intelligent Interfaces",1994,0,1
57,Search & Recommendation,"AI, Data & Intelligent Interfaces",1995,9,7
57,Search & Recommendation,"AI, Data & Intelligent Interfaces",1996,8,21
57,Search & Recommendation,"AI, Data & Intelligent Interfaces",1997,10,41
57,Search & Recommendation,"AI, Data & Intelligent Interfaces",1998,13,46
57,Search & Recommendation,"AI, Data & Intelligent Interfaces",1999,4,41
57,Search & Recommendation,"AI, Data & Intelligent Interfaces",2000,12,36
57,Search & Recommendation,"AI, Data & Intelligent Interfaces",2001,12,37
57,Search & Recommendation,"AI, Data & Intelligent Interfaces",2002,13,41
57,Search & Recommendation,"AI, Data & Intelligent Interfaces",2003,12,59
57,Search & Recommendation,"AI, Data & Intelligent Interfaces",2004,6,24
57,Search & Recommendation,"AI, Data & Intelligent Interfaces",2005,4,25
57,Search & Recommendation,"AI, Data & Intelligent Interfaces",2006,10,42
57,Search & Recommendation,"AI, Data & Intelligent Interfaces",2007,15,48
57,Search & Recommendation,"AI, Data & Intelligent Interfaces",2008,18,70
57,Search & Recommendation,"AI, Data & Intelligent Interfaces",2009,18,78
57,Search & Recommendation,"AI, Data & Intelligent Interfaces",2010,17,97
57,Search & Recommendation,"AI, Data & Intelligent Interfaces",2011,16,89
57,Search & Recommendation,"AI, Data & Intelligent Interfaces",2012,16,81
57,Search & Recommendation,"AI, Data & Intelligent Interfaces",2013,15,76
57,Search & Recommendation,"AI, Data & Intelligent Interfaces",2014,11,98
57,Search & Recommendation,"AI, Data & Intelligent Interfaces",2015,14,90
57,Search & Recommendation,"AI, Data & Intelligent Interfaces",2016,12,91
57,Search & Recommendation,"AI, Data & Intelligent Interfaces",2017,14,102
57,Search & Recommendation,"AI, Data & Intelligent Interfaces",2018,12,131
57,Search & Recommendation,"AI, Data & Intelligent Interfaces",2019,5,111
57,Search & Recommendation,"AI, Data & Intelligent Interfaces",2020,5,68
57,Search & Recommendation,"AI, Data & Intelligent Interfaces",2021,11,151
57,Search & Recommendation,"AI, Data & Intelligent Interfaces",2022,14,186
57,Search & Recommendation,"AI, Data & Intelligent Interfaces",2023,13,135
57,Search & Recommendation,"AI, Data & Intelligent Interfaces",2024,13,243
57,Search & Recommendation,"AI, Data & Intelligent Interfaces",2025,19,309
57,Search & Recommendation,"AI, Data & Intelligent Interfaces",2026,13,215
58,Video Interfaces & Editing,"AI, Data & Intelligent Interfaces",1985,1,0
58,Video Interfaces & Editing,"AI, Data & Intelligent Interfaces",1986,6,3
58,Video Interfaces & Editing,"AI, Data & Intelligent Interfaces",1988,2,1
58,Video Interfaces & Editing,"AI, Data & Intelligent Interfaces",1989,2,2
58,Video Interfaces & Editing,"AI, Data & Intelligent Interfaces",1990,5,6
58,Video Interfaces & Editing,"AI, Data & Intelligent Interfaces",1991,3,10
58,Video Interfaces & Editing,"AI, Data & Intelligent Interfaces",1992,6,10
58,Video Interfaces & Editing,"AI, Data & Intelligent Interfaces",1993,2,12
58,Video Interfaces & Editing,"AI, Data & Intelligent Interfaces",1994,1,4
58,Video Interfaces & Editing,"AI, Data & Intelligent Interfaces",1995,4,16
58,Video Interfaces & Editing,"AI, Data & Intelligent Interfaces",1996,4,11
58,Video Interfaces & Editing,"AI, Data & Intelligent Interfaces",1997,3,12
58,Video Interfaces & Editing,"AI, Data & Intelligent Interfaces",1998,4,3
58,Video Interfaces & Editing,"AI, Data & Intelligent Interfaces",1999,1,5
58,Video Interfaces & Editing,"AI, Data & Intelligent Interfaces",2000,5,14
58,Video Interfaces & Editing,"AI, Data & Intelligent Interfaces",2001,3,8
58,Video Interfaces & Editing,"AI, Data & Intelligent Interfaces",2002,7,22
58,Video Interfaces & Editing,"AI, Data & Intelligent Interfaces",2003,3,10
58,Video Interfaces & Editing,"AI, Data & Intelligent Interfaces",2004,7,24
58,Video Interfaces & Editing,"AI, Data & Intelligent Interfaces",2005,4,13
58,Video Interfaces & Editing,"AI, Data & Intelligent Interfaces",2006,7,29
58,Video Interfaces & Editing,"AI, Data & Intelligent Interfaces",2007,5,35
58,Video Interfaces & Editing,"AI, Data & Intelligent Interfaces",2008,11,29
58,Video Interfaces & Editing,"AI, Data & Intelligent Interfaces",2009,8,40
58,Video Interfaces & Editing,"AI, Data & Intelligent Interfaces",2010,8,56
58,Video Interfaces & Editing,"AI, Data & Intelligent Interfaces",2011,15,82
58,Video Interfaces & Editing,"AI, Data & Intelligent Interfaces",2012,21,128
58,Video Interfaces & Editing,"AI, Data & Intelligent Interfaces",2013,12,88
58,Video Interfaces & Editing,"AI, Data & Intelligent Interfaces",2014,23,191
58,Video Interfaces & Editing,"AI, Data & Intelligent Interfaces",2015,13,117
58,Video Interfaces & Editing,"AI, Data & Intelligent Interfaces",2016,15,159
58,Video Interfaces & Editing,"AI, Data & Intelligent Interfaces",2017,17,140
58,Video Interfaces & Editing,"AI, Data & Intelligent Interfaces",2018,15,175
58,Video Interfaces & Editing,"AI, Data & Intelligent Interfaces",2019,19,213
58,Video Interfaces & Editing,"AI, Data & Intelligent Interfaces",2020,18,235
58,Video Interfaces & Editing,"AI, Data & Intelligent Interfaces",2021,10,254
58,Video Interfaces & Editing,"AI, Data & Intelligent Interfaces",2022,15,263
58,Video Interfaces & Editing,"AI, Data & Intelligent Interfaces",2023,14,383
58,Video Interfaces & Editing,"AI, Data & Intelligent Interfaces",2024,17,388
58,Video Interfaces & Editing,"AI, Data & Intelligent Interfaces",2025,16,402
58,Video Interfaces & Editing,"AI, Data & Intelligent Interfaces",2026,20,277
59,Programming & Notebooks,"AI, Data & Intelligent Interfaces",1982,1,0
59,Programming & Notebooks,"AI, Data & Intelligent Interfaces",1983,1,0
59,Programming & Notebooks,"AI, Data & Intelligent Interfaces",1986,2,2
59,Programming & Notebooks,"AI, Data & Intelligent Interfaces",1988,0,1
59,Programming & Notebooks,"AI, Data & Intelligent Interfaces",1989,0,3
59,Programming & Notebooks,"AI, Data & Intelligent Interfaces",1992,1,0
59,Programming & Notebooks,"AI, Data & Intelligent Interfaces",1994,1,0
59,Programming & Notebooks,"AI, Data & Intelligent Interfaces",1995,3,2
59,Programming & Notebooks,"AI, Data & Intelligent Interfaces",1996,0,1
59,Programming & Notebooks,"AI, Data & Intelligent Interfaces",1997,2,0
59,Programming & Notebooks,"AI, Data & Intelligent Interfaces",1998,1,2
59,Programming & Notebooks,"AI, Data & Intelligent Interfaces",1999,2,0
59,Programming & Notebooks,"AI, Data & Intelligent Interfaces",2000,0,5
59,Programming & Notebooks,"AI, Data & Intelligent Interfaces",2001,3,2
59,Programming & Notebooks,"AI, Data & Intelligent Interfaces",2002,2,7
59,Programming & Notebooks,"AI, Data & Intelligent Interfaces",2003,4,5
59,Programming & Notebooks,"AI, Data & Intelligent Interfaces",2004,6,16
59,Programming & Notebooks,"AI, Data & Intelligent Interfaces",2005,2,6
59,Programming & Notebooks,"AI, Data & Intelligent Interfaces",2006,3,12
59,Programming & Notebooks,"AI, Data & Intelligent Interfaces",2007,2,9
59,Programming & Notebooks,"AI, Data & Intelligent Interfaces",2008,5,14
59,Programming & Notebooks,"AI, Data & Intelligent Interfaces",2009,6,23
59,Programming & Notebooks,"AI, Data & Intelligent Interfaces",2010,5,27
59,Programming & Notebooks,"AI, Data & Intelligent Interfaces",2011,8,18
59,Programming & Notebooks,"AI, Data & Intelligent Interfaces",2012,4,29
59,Programming & Notebooks,"AI, Data & Intelligent Interfaces",2013,6,23
59,Programming & Notebooks,"AI, Data & Intelligent Interfaces",2014,6,29
59,Programming & Notebooks,"AI, Data & Intelligent Interfaces",2015,8,42
59,Programming & Notebooks,"AI, Data & Intelligent Interfaces",2016,11,80
59,Programming & Notebooks,"AI, Data & Intelligent Interfaces",2017,11,78
59,Programming & Notebooks,"AI, Data & Intelligent Interfaces",2018,11,106
59,Programming & Notebooks,"AI, Data & Intelligent Interfaces",2019,14,129
59,Programming & Notebooks,"AI, Data & Intelligent Interfaces",2020,25,207
59,Programming & Notebooks,"AI, Data & Intelligent Interfaces",2021,36,367
59,Programming & Notebooks,"AI, Data & Intelligent Interfaces",2022,23,336
59,Programming & Notebooks,"AI, Data & Intelligent Interfaces",2023,40,455
59,Programming & Notebooks,"AI, Data & Intelligent Interfaces",2024,33,527
59,Programming & Notebooks,"AI, Data & Intelligent Interfaces",2025,41,690
59,Programming & Notebooks,"AI, Data & Intelligent Interfaces",2026,31,478
60,Prototyping & Authoring Tools,"AI, Data & Intelligent Interfaces",1983,1,0
60,Prototyping & Authoring Tools,"AI, Data & Intelligent Interfaces",1988,2,0
60,Prototyping & Authoring Tools,"AI, Data & Intelligent Interfaces",1989,1,0
60,Prototyping & Authoring Tools,"AI, Data & Intelligent Interfaces",1990,2,0
60,Prototyping & Authoring Tools,"AI, Data & Intelligent Interfaces",1991,2,2
60,Prototyping & Authoring Tools,"AI, Data & Intelligent Interfaces",1992,3,2
60,Prototyping & Authoring Tools,"AI, Data & Intelligent Interfaces",1993,5,5
60,Prototyping & Authoring Tools,"AI, Data & Intelligent Interfaces",1994,2,3
60,Prototyping & Authoring Tools,"AI, Data & Intelligent Interfaces",1995,4,5
60,Prototyping & Authoring Tools,"AI, Data & Intelligent Interfaces",1996,2,3
60,Prototyping & Authoring Tools,"AI, Data & Intelligent Interfaces",1997,5,12
60,Prototyping & Authoring Tools,"AI, Data & Intelligent Interfaces",1998,1,6
60,Prototyping & Authoring Tools,"AI, Data & Intelligent Interfaces",1999,4,10
60,Prototyping & Authoring Tools,"AI, Data & Intelligent Interfaces",2000,6,23
60,Prototyping & Authoring Tools,"AI, Data & Intelligent Interfaces",2001,3,12
60,Prototyping & Authoring Tools,"AI, Data & Intelligent Interfaces",2002,3,24
60,Prototyping & Authoring Tools,"AI, Data & Intelligent Interfaces",2003,2,19
60,Prototyping & Authoring Tools,"AI, Data & Intelligent Interfaces",2004,6,31
60,Prototyping & Authoring Tools,"AI, Data & Intelligent Interfaces",2005,3,12
60,Prototyping & Authoring Tools,"AI, Data & Intelligent Interfaces",2006,8,28
60,Prototyping & Authoring Tools,"AI, Data & Intelligent Interfaces",2007,3,26
60,Prototyping & Authoring Tools,"AI, Data & Intelligent Interfaces",2008,7,41
60,Prototyping & Authoring Tools,"AI, Data & Intelligent Interfaces",2009,4,23
60,Prototyping & Authoring Tools,"AI, Data & Intelligent Interfaces",2010,8,39
60,Prototyping & Authoring Tools,"AI, Data & Intelligent Interfaces",2011,3,34
60,Prototyping & Authoring Tools,"AI, Data & Intelligent Interfaces",2012,4,36
60,Prototyping & Authoring Tools,"AI, Data & Intelligent Interfaces",2013,4,32
60,Prototyping & Authoring Tools,"AI, Data & Intelligent Interfaces",2014,11,47
60,Prototyping & Authoring Tools,"AI, Data & Intelligent Interfaces",2015,5,35
60,Prototyping & Authoring Tools,"AI, Data & Intelligent Interfaces",2016,6,59
60,Prototyping & Authoring Tools,"AI, Data & Intelligent Interfaces",2017,6,81
60,Prototyping & Authoring Tools,"AI, Data & Intelligent Interfaces",2018,10,102
60,Prototyping & Authoring Tools,"AI, Data & Intelligent Interfaces",2019,8,104
60,Prototyping & Authoring Tools,"AI, Data & Intelligent Interfaces",2020,17,147
60,Prototyping & Authoring Tools,"AI, Data & Intelligent Interfaces",2021,12,192
60,Prototyping & Authoring Tools,"AI, Data & Intelligent Interfaces",2022,17,230
60,Prototyping & Authoring Tools,"AI, Data & Intelligent Interfaces",2023,17,330
60,Prototyping & Authoring Tools,"AI, Data & Intelligent Interfaces",2024,35,342
60,Prototyping & Authoring Tools,"AI, Data & Intelligent Interfaces",2025,30,585
60,Prototyping & Authoring Tools,"AI, Data & Intelligent Interfaces",2026,20,353
61,Meeting Capture & Reading,"AI, Data & Intelligent Interfaces",1983,1,0
61,Meeting Capture & Reading,"AI, Data & Intelligent Interfaces",1985,2,0
61,Meeting Capture & Reading,"AI, Data & Intelligent Interfaces",1986,5,1
61,Meeting Capture & Reading,"AI, Data & Intelligent Interfaces",1988,1,0
61,Meeting Capture & Reading,"AI, Data & Intelligent Interfaces",1989,2,4
61,Meeting Capture & Reading,"AI, Data & Intelligent Interfaces",1990,1,0
61,Meeting Capture & Reading,"AI, Data & Intelligent Interfaces",1991,1,0
61,Meeting Capture & Reading,"AI, Data & Intelligent Interfaces",1992,7,9
61,Meeting Capture & Reading,"AI, Data & Intelligent Interfaces",1993,2,4
61,Meeting Capture & Reading,"AI, Data & Intelligent Interfaces",1994,11,11
61,Meeting Capture & Reading,"AI, Data & Intelligent Interfaces",1995,6,20
61,Meeting Capture & Reading,"AI, Data & Intelligent Interfaces",1996,5,17
61,Meeting Capture & Reading,"AI, Data & Intelligent Interfaces",1997,11,31
61,Meeting Capture & Reading,"AI, Data & Intelligent Interfaces",1998,10,60
61,Meeting Capture & Reading,"AI, Data & Intelligent Interfaces",1999,6,41
61,Meeting Capture & Reading,"AI, Data & Intelligent Interfaces",2000,10,89
61,Meeting Capture & Reading,"AI, Data & Intelligent Interfaces",2001,9,58
61,Meeting Capture & Reading,"AI, Data & Intelligent Interfaces",2002,9,59
61,Meeting Capture & Reading,"AI, Data & Intelligent Interfaces",2003,3,41
61,Meeting Capture & Reading,"AI, Data & Intelligent Interfaces",2004,12,77
61,Meeting Capture & Reading,"AI, Data & Intelligent Interfaces",2005,4,36
61,Meeting Capture & Reading,"AI, Data & Intelligent Interfaces",2006,10,77
61,Meeting Capture & Reading,"AI, Data & Intelligent Interfaces",2007,5,49
61,Meeting Capture & Reading,"AI, Data & Intelligent Interfaces",2008,7,74
61,Meeting Capture & Reading,"AI, Data & Intelligent Interfaces",2009,6,44
61,Meeting Capture & Reading,"AI, Data & Intelligent Interfaces",2010,5,64
61,Meeting Capture & Reading,"AI, Data & Intelligent Interfaces",2011,6,42
61,Meeting Capture & Reading,"AI, Data & Intelligent Interfaces",2012,8,73
61,Meeting Capture & Reading,"AI, Data & Intelligent Interfaces",2013,4,44
61,Meeting Capture & Reading,"AI, Data & Intelligent Interfaces",2014,6,51
61,Meeting Capture & Reading,"AI, Data & Intelligent Interfaces",2015,6,40
61,Meeting Capture & Reading,"AI, Data & Intelligent Interfaces",2016,3,53
61,Meeting Capture & Reading,"AI, Data & Intelligent Interfaces",2017,7,98
61,Meeting Capture & Reading,"AI, Data & Intelligent Interfaces",2018,3,53
61,Meeting Capture & Reading,"AI, Data & Intelligent Interfaces",2019,5,80
61,Meeting Capture & Reading,"AI, Data & Intelligent Interfaces",2020,6,89
61,Meeting Capture & Reading,"AI, Data & Intelligent Interfaces",2021,8,101
61,Meeting Capture & Reading,"AI, Data & Intelligent Interfaces",2022,10,145
61,Meeting Capture & Reading,"AI, Data & Intelligent Interfaces",2023,6,110
61,Meeting Capture & Reading,"AI, Data & Intelligent Interfaces",2024,8,119
61,Meeting Capture & Reading,"AI, Data & Intelligent Interfaces",2025,12,219
61,Meeting Capture & Reading,"AI, Data & Intelligent Interfaces",2026,4,106
62,Usability Methods & Personas,"AI, Data & Intelligent Interfaces",1982,4,0
62,Usability Methods & Personas,"AI, Data & Intelligent Interfaces",1983,3,7
62,Usability Methods & Personas,"AI, Data & Intelligent Interfaces",1985,1,0
62,Usability Methods & Personas,"AI, Data & Intelligent Interfaces",1986,3,6
62,Usability Methods & Personas,"AI, Data & Intelligent Interfaces",1988,3,2
62,Usability Methods & Personas,"AI, Data & Intelligent Interfaces",1989,5,8
62,Usability Methods & Personas,"AI, Data & Intelligent Interfaces",1990,5,7
62,Usability Methods & Personas,"AI, Data & Intelligent Interfaces",1991,5,9
62,Usability Methods & Personas,"AI, Data & Intelligent Interfaces",1992,8,35
62,Usability Methods & Personas,"AI, Data & Intelligent Interfaces",1993,1,3
62,Usability Methods & Personas,"AI, Data & Intelligent Interfaces",1994,3,15
62,Usability Methods & Personas,"AI, Data & Intelligent Interfaces",1995,3,16
62,Usability Methods & Personas,"AI, Data & Intelligent Interfaces",1996,5,7
62,Usability Methods & Personas,"AI, Data & Intelligent Interfaces",1997,4,14
62,Usability Methods & Personas,"AI, Data & Intelligent Interfaces",1998,0,1
62,Usability Methods & Personas,"AI, Data & Intelligent Interfaces",1999,0,1
62,Usability Methods & Personas,"AI, Data & Intelligent Interfaces",2000,4,8
62,Usability Methods & Personas,"AI, Data & Intelligent Interfaces",2001,0,1
62,Usability Methods & Personas,"AI, Data & Intelligent Interfaces",2002,2,6
62,Usability Methods & Personas,"AI, Data & Intelligent Interfaces",2003,1,10
62,Usability Methods & Personas,"AI, Data & Intelligent Interfaces",2004,2,5
62,Usability Methods & Personas,"AI, Data & Intelligent Interfaces",2005,1,7
62,Usability Methods & Personas,"AI, Data & Intelligent Interfaces",2006,5,15
62,Usability Methods & Personas,"AI, Data & Intelligent Interfaces",2007,2,6
62,Usability Methods & Personas,"AI, Data & Intelligent Interfaces",2008,5,22
62,Usability Methods & Personas,"AI, Data & Intelligent Interfaces",2009,2,15
62,Usability Methods & Personas,"AI, Data & Intelligent Interfaces",2010,4,10
62,Usability Methods & Personas,"AI, Data & Intelligent Interfaces",2011,7,18
62,Usability Methods & Personas,"AI, Data & Intelligent Interfaces",2012,7,27
62,Usability Methods & Personas,"AI, Data & Intelligent Interfaces",2013,3,17
62,Usability Methods & Personas,"AI, Data & Intelligent Interfaces",2014,3,18
62,Usability Methods & Personas,"AI, Data & Intelligent Interfaces",2015,3,19
62,Usability Methods & Personas,"AI, Data & Intelligent Interfaces",2016,7,29
62,Usability Methods & Personas,"AI, Data & Intelligent Interfaces",2017,3,23
62,Usability Methods & Personas,"AI, Data & Intelligent Interfaces",2018,8,33
62,Usability Methods & Personas,"AI, Data & Intelligent Interfaces",2019,4,55
62,Usability Methods & Personas,"AI, Data & Intelligent Interfaces",2020,8,65
62,Usability Methods & Personas,"AI, Data & Intelligent Interfaces",2021,8,80
62,Usability Methods & Personas,"AI, Data & Intelligent Interfaces",2022,9,92
62,Usability Methods & Personas,"AI, Data & Intelligent Interfaces",2023,7,68
62,Usability Methods & Personas,"AI, Data & Intelligent Interfaces",2024,14,130
62,Usability Methods & Personas,"AI, Data & Intelligent Interfaces",2025,12,226
62,Usability Methods & Personas,"AI, Data & Intelligent Interfaces",2026,11,180
63,Clinical Information Work,"AI, Data & Intelligent Interfaces",1982,1,0
63,Clinical Information Work,"AI, Data & Intelligent Interfaces",1983,1,0
63,Clinical Information Work,"AI, Data & Intelligent Interfaces",1985,2,0
63,Clinical Information Work,"AI, Data & Intelligent Interfaces",1986,4,6
63,Clinical Information Work,"AI, Data & Intelligent Interfaces",1988,4,5
63,Clinical Information Work,"AI, Data & Intelligent Interfaces",1989,3,1
63,Clinical Information Work,"AI, Data & Intelligent Interfaces",1990,4,8
63,Clinical Information Work,"AI, Data & Intelligent Interfaces",1991,5,10
63,Clinical Information Work,"AI, Data & Intelligent Interfaces",1992,5,9
63,Clinical Information Work,"AI, Data & Intelligent Interfaces",1993,3,8
63,Clinical Information Work,"AI, Data & Intelligent Interfaces",1994,3,2
63,Clinical Information Work,"AI, Data & Intelligent Interfaces",1995,3,10
63,Clinical Information Work,"AI, Data & Intelligent Interfaces",1996,5,6
63,Clinical Information Work,"AI, Data & Intelligent Interfaces",1997,11,10
63,Clinical Information Work,"AI, Data & Intelligent Interfaces",1998,12,25
63,Clinical Information Work,"AI, Data & Intelligent Interfaces",1999,0,8
63,Clinical Information Work,"AI, Data & Intelligent Interfaces",2000,4,7
63,Clinical Information Work,"AI, Data & Intelligent Interfaces",2001,3,5
63,Clinical Information Work,"AI, Data & Intelligent Interfaces",2002,9,14
63,Clinical Information Work,"AI, Data & Intelligent Interfaces",2003,4,10
63,Clinical Information Work,"AI, Data & Intelligent Interfaces",2004,8,21
63,Clinical Information Work,"AI, Data & Intelligent Interfaces",2005,2,5
63,Clinical Information Work,"AI, Data & Intelligent Interfaces",2006,7,16
63,Clinical Information Work,"AI, Data & Intelligent Interfaces",2007,2,4
63,Clinical Information Work,"AI, Data & Intelligent Interfaces",2008,5,19
63,Clinical Information Work,"AI, Data & Intelligent Interfaces",2009,4,14
63,Clinical Information Work,"AI, Data & Intelligent Interfaces",2010,7,44
63,Clinical Information Work,"AI, Data & Intelligent Interfaces",2011,6,20
63,Clinical Information Work,"AI, Data & Intelligent Interfaces",2012,5,35
63,Clinical Information Work,"AI, Data & Intelligent Interfaces",2013,6,28
63,Clinical Information Work,"AI, Data & Intelligent Interfaces",2014,7,29
63,Clinical Information Work,"AI, Data & Intelligent Interfaces",2015,11,52
63,Clinical Information Work,"AI, Data & Intelligent Interfaces",2016,6,55
63,Clinical Information Work,"AI, Data & Intelligent Interfaces",2017,6,45
63,Clinical Information Work,"AI, Data & Intelligent Interfaces",2018,10,58
63,Clinical Information Work,"AI, Data & Intelligent Interfaces",2019,11,63
63,Clinical Information Work,"AI, Data & Intelligent Interfaces",2020,13,93
63,Clinical Information Work,"AI, Data & Intelligent Interfaces",2021,10,129
63,Clinical Information Work,"AI, Data & Intelligent Interfaces",2022,9,114
63,Clinical Information Work,"AI, Data & Intelligent Interfaces",2023,4,108
63,Clinical Information Work,"AI, Data & Intelligent Interfaces",2024,7,109
63,Clinical Information Work,"AI, Data & Intelligent Interfaces",2025,14,154
63,Clinical Information Work,"AI, Data & Intelligent Interfaces",2026,5,93
64,Gamification & Engagement,Games & Play,1981,1,0
64,Gamification & Engagement,Games & Play,1982,1,0
64,Gamification & Engagement,Games & Play,1986,0,1
64,Gamification & Engagement,Games & Play,1998,1,0
64,Gamification & Engagement,Games & Play,2000,1,0
64,Gamification & Engagement,Games & Play,2001,1,0
64,Gamification & Engagement,Games & Play,2002,1,1
64,Gamification & Engagement,Games & Play,2003,1,0
64,Gamification & Engagement,Games & Play,2004,2,1
64,Gamification & Engagement,Games & Play,2005,0,1
64,Gamification & Engagement,Games & Play,2006,3,3
64,Gamification & Engagement,Games & Play,2007,1,2
64,Gamification & Engagement,Games & Play,2008,3,7
64,Gamification & Engagement,Games & Play,2009,0,1
64,Gamification & Engagement,Games & Play,2010,2,2
64,Gamification & Engagement,Games & Play,2011,2,7
64,Gamification & Engagement,Games & Play,2012,7,16
64,Gamification & Engagement,Games & Play,2013,11,20
64,Gamification & Engagement,Games & Play,2014,31,47
64,Gamification & Engagement,Games & Play,2015,42,70
64,Gamification & Engagement,Games & Play,2016,34,101
64,Gamification & Engagement,Games & Play,2017,42,173
64,Gamification & Engagement,Games & Play,2018,32,179
64,Gamification & Engagement,Games & Play,2019,33,187
64,Gamification & Engagement,Games & Play,2020,33,399
64,Gamification & Engagement,Games & Play,2021,42,402
64,Gamification & Engagement,Games & Play,2022,26,293
64,Gamification & Engagement,Games & Play,2023,24,283
64,Gamification & Engagement,Games & Play,2024,33,520
64,Gamification & Engagement,Games & Play,2025,28,325
64,Gamification & Engagement,Games & Play,2026,19,303
65,Movement & Somaesthetics,Games & Play,1990,1,0
65,Movement & Somaesthetics,Games & Play,1996,1,1
65,Movement & Somaesthetics,Games & Play,1997,0,2
65,Movement & Somaesthetics,Games & Play,1998,0,1
65,Movement & Somaesthetics,Games & Play,2000,1,0
65,Movement & Somaesthetics,Games & Play,2001,1,0
65,Movement & Somaesthetics,Games & Play,2002,0,2
65,Movement & Somaesthetics,Games & Play,2003,0,2
65,Movement & Somaesthetics,Games & Play,2004,3,3
65,Movement & Somaesthetics,Games & Play,2005,0,2
65,Movement & Somaesthetics,Games & Play,2006,2,9
65,Movement & Somaesthetics,Games & Play,2007,3,7
65,Movement & Somaesthetics,Games & Play,2008,1,9
65,Movement & Somaesthetics,Games & Play,2009,2,6
65,Movement & Somaesthetics,Games & Play,2010,10,9
65,Movement & Somaesthetics,Games & Play,2011,3,8
65,Movement & Somaesthetics,Games & Play,2012,8,21
65,Movement & Somaesthetics,Games & Play,2013,8,19
65,Movement & Somaesthetics,Games & Play,2014,11,39
65,Movement & Somaesthetics,Games & Play,2015,8,32
65,Movement & Somaesthetics,Games & Play,2016,17,58
65,Movement & Somaesthetics,Games & Play,2017,17,102
65,Movement & Somaesthetics,Games & Play,2018,13,72
65,Movement & Somaesthetics,Games & Play,2019,22,173
65,Movement & Somaesthetics,Games & Play,2020,20,165
65,Movement & Somaesthetics,Games & Play,2021,35,363
65,Movement & Somaesthetics,Games & Play,2022,21,344
65,Movement & Somaesthetics,Games & Play,2023,26,496
65,Movement & Somaesthetics,Games & Play,2024,45,688
65,Movement & Somaesthetics,Games & Play,2025,32,630
65,Movement & Somaesthetics,Games & Play,2026,29,608
66,Exergames & Bodily Play,Games & Play,1996,1,0
66,Exergames & Bodily Play,Games & Play,1998,1,0
66,Exergames & Bodily Play,Games & Play,1999,1,0
66,Exergames & Bodily Play,Games & Play,2000,0,2
66,Exergames & Bodily Play,Games & Play,2001,0,1
66,Exergames & Bodily Play,Games & Play,2002,1,0
66,Exergames & Bodily Play,Games & Play,2003,1,2
66,Exergames & Bodily Play,Games & Play,2004,2,4
66,Exergames & Bodily Play,Games & Play,2005,3,4
66,Exergames & Bodily Play,Games & Play,2006,1,10
66,Exergames & Bodily Play,Games & Play,2007,4,4
66,Exergames & Bodily Play,Games & Play,2008,4,17
66,Exergames & Bodily Play,Games & Play,2009,6,20
66,Exergames & Bodily Play,Games & Play,2010,6,20
66,Exergames & Bodily Play,Games & Play,2011,3,27
66,Exergames & Bodily Play,Games & Play,2012,13,33
66,Exergames & Bodily Play,Games & Play,2013,6,38
66,Exergames & Bodily Play,Games & Play,2014,17,109
66,Exergames & Bodily Play,Games & Play,2015,21,114
66,Exergames & Bodily Play,Games & Play,2016,16,135
66,Exergames & Bodily Play,Games & Play,2017,13,181
66,Exergames & Bodily Play,Games & Play,2018,15,171
66,Exergames & Bodily Play,Games & Play,2019,22,213
66,Exergames & Bodily Play,Games & Play,2020,17,239
66,Exergames & Bodily Play,Games & Play,2021,12,309
66,Exergames & Bodily Play,Games & Play,2022,11,220
66,Exergames & Bodily Play,Games & Play,2023,13,239
66,Exergames & Bodily Play,Games & Play,2024,19,346
66,Exergames & Bodily Play,Games & Play,2025,17,267
66,Exergames & Bodily Play,Games & Play,2026,11,229
67,Esports & Player Communities,Games & Play,2004,4,0
67,Esports & Player Communities,Games & Play,2006,2,7
67,Esports & Player Communities,Games & Play,2007,2,6
67,Esports & Player Communities,Games & Play,2008,7,20
67,Esports & Player Communities,Games & Play,2009,1,11
67,Esports & Player Communities,Games & Play,2010,6,15
67,Esports & Player Communities,Games & Play,2011,3,28
67,Esports & Player Communities,Games & Play,2012,11,53
67,Esports & Player Communities,Games & Play,2013,8,23
67,Esports & Player Communities,Games & Play,2014,10,71
67,Esports & Player Communities,Games & Play,2015,10,45
67,Esports & Player Communities,Games & Play,2016,9,75
67,Esports & Player Communities,Games & Play,2017,13,69
67,Esports & Player Communities,Games & Play,2018,14,95
67,Esports & Player Communities,Games & Play,2019,10,127
67,Esports & Player Communities,Games & Play,2020,18,133
67,Esports & Player Communities,Games & Play,2021,20,214
67,Esports & Player Communities,Games & Play,2022,21,205
67,Esports & Player Communities,Games & Play,2023,13,150
67,Esports & Player Communities,Games & Play,2024,32,389
67,Esports & Player Communities,Games & Play,2025,19,256
67,Esports & Player Communities,Games & Play,2026,12,223
68,Location-based Museum Play,Games & Play,1993,2,0
68,Location-based Museum Play,Games & Play,1998,2,2
68,Location-based Museum Play,Games & Play,2000,4,1
68,Location-based Museum Play,Games & Play,2001,4,7
68,Location-based Museum Play,Games & Play,2002,7,14
68,Location-based Museum Play,Games & Play,2003,5,5
68,Location-based Museum Play,Games & Play,2004,6,27
68,Location-based Museum Play,Games & Play,2005,7,26
68,Location-based Museum Play,Games & Play,2006,7,37
68,Location-based Museum Play,Games & Play,2007,4,23
68,Location-based Museum Play,Games & Play,2008,7,37
68,Location-based Museum Play,Games & Play,2009,7,25
68,Location-based Museum Play,Games & Play,2010,2,16
68,Location-based Museum Play,Games & Play,2011,7,20
68,Location-based Museum Play,Games & Play,2012,6,25
68,Location-based Museum Play,Games & Play,2013,11,24
68,Location-based Museum Play,Games & Play,2014,5,40
68,Location-based Museum Play,Games & Play,2015,11,42
68,Location-based Museum Play,Games & Play,2016,10,63
68,Location-based Museum Play,Games & Play,2017,9,99
68,Location-based Museum Play,Games & Play,2018,5,50
68,Location-based Museum Play,Games & Play,2019,8,60
68,Location-based Museum Play,Games & Play,2020,5,60
68,Location-based Museum Play,Games & Play,2021,5,45
68,Location-based Museum Play,Games & Play,2022,2,72
68,Location-based Museum Play,Games & Play,2023,2,53
68,Location-based Museum Play,Games & Play,2024,3,42
68,Location-based Museum Play,Games & Play,2025,4,38
68,Location-based Museum Play,Games & Play,2026,1,32
69,VR Meditation & Breathing,Games & Play,2005,2,1
69,VR Meditation & Breathing,Games & Play,2006,1,3
69,VR Meditation & Breathing,Games & Play,2007,0,1
69,VR Meditation & Breathing,Games & Play,2008,0,1
69,VR Meditation & Breathing,Games & Play,2010,1,0
69,VR Meditation & Breathing,Games & Play,2011,1,3
69,VR Meditation & Breathing,Games & Play,2012,2,2
69,VR Meditation & Breathing,Games & Play,2013,1,2
69,VR Meditation & Breathing,Games & Play,2014,5,8
69,VR Meditation & Breathing,Games & Play,2015,5,24
69,VR Meditation & Breathing,Games & Play,2016,9,23
69,VR Meditation & Breathing,Games & Play,2017,16,64
69,VR Meditation & Breathing,Games & Play,2018,10,76
69,VR Meditation & Breathing,Games & Play,2019,11,92
69,VR Meditation & Breathing,Games & Play,2020,14,113
69,VR Meditation & Breathing,Games & Play,2021,9,138
69,VR Meditation & Breathing,Games & Play,2022,11,227
69,VR Meditation & Breathing,Games & Play,2023,10,208
69,VR Meditation & Breathing,Games & Play,2024,11,239
69,VR Meditation & Breathing,Games & Play,2025,17,320
69,VR Meditation & Breathing,Games & Play,2026,19,275
70,Brain-Computer Interfaces,Games & Play,1992,1,0
70,Brain-Computer Interfaces,Games & Play,1996,1,0
70,Brain-Computer Interfaces,Games & Play,1998,0,1
70,Brain-Computer Interfaces,Games & Play,2001,1,2
70,Brain-Computer Interfaces,Games & Play,2003,1,0
70,Brain-Computer Interfaces,Games & Play,2005,0,2
70,Brain-Computer Interfaces,Games & Play,2006,1,2
70,Brain-Computer Interfaces,Games & Play,2007,3,0
70,Brain-Computer Interfaces,Games & Play,2008,3,6
70,Brain-Computer Interfaces,Games & Play,2009,3,7
70,Brain-Computer Interfaces,Games & Play,2010,4,6
70,Brain-Computer Interfaces,Games & Play,2011,7,16
70,Brain-Computer Interfaces,Games & Play,2012,5,21
70,Brain-Computer Interfaces,Games & Play,2013,6,13
70,Brain-Computer Interfaces,Games & Play,2014,10,30
70,Brain-Computer Interfaces,Games & Play,2015,7,38
70,Brain-Computer Interfaces,Games & Play,2016,8,40
70,Brain-Computer Interfaces,Games & Play,2017,4,38
70,Brain-Computer Interfaces,Games & Play,2018,8,28
70,Brain-Computer Interfaces,Games & Play,2019,7,36
70,Brain-Computer Interfaces,Games & Play,2020,6,34
70,Brain-Computer Interfaces,Games & Play,2021,5,41
70,Brain-Computer Interfaces,Games & Play,2022,7,93
70,Brain-Computer Interfaces,Games & Play,2023,7,61
70,Brain-Computer Interfaces,Games & Play,2024,6,49
70,Brain-Computer Interfaces,Games & Play,2025,9,58
70,Brain-Computer Interfaces,Games & Play,2026,3,43
71,Rehabilitation Games,Games & Play,2000,1,0
71,Rehabilitation Games,Games & Play,2008,1,0
71,Rehabilitation Games,Games & Play,2010,3,2
71,Rehabilitation Games,Games & Play,2011,4,3
71,Rehabilitation Games,Games & Play,2012,4,12
71,Rehabilitation Games,Games & Play,2013,7,14
71,Rehabilitation Games,Games & Play,2014,10,27
71,Rehabilitation Games,Games & Play,2015,13,46
71,Rehabilitation Games,Games & Play,2016,13,80
71,Rehabilitation Games,Games & Play,2017,6,65
71,Rehabilitation Games,Games & Play,2018,4,41
71,Rehabilitation Games,Games & Play,2019,5,72
71,Rehabilitation Games,Games & Play,2020,7,56
71,Rehabilitation Games,Games & Play,2021,9,61
71,Rehabilitation Games,Games & Play,2022,3,66
71,Rehabilitation Games,Games & Play,2023,6,71
71,Rehabilitation Games,Games & Play,2024,10,104
71,Rehabilitation Games,Games & Play,2025,7,111
71,Rehabilitation Games,Games & Play,2026,7,80
72,Playful Experience & Drones,Games & Play,1985,1,0
72,Playful Experience & Drones,Games & Play,1986,0,1
72,Playful Experience & Drones,Games & Play,1988,0,1
72,Playful Experience & Drones,Games & Play,1992,0,1
72,Playful Experience & Drones,Games & Play,1995,1,0
72,Playful Experience & Drones,Games & Play,1998,2,0
72,Playful Experience & Drones,Games & Play,2000,3,1
72,Playful Experience & Drones,Games & Play,2004,2,0
72,Playful Experience & Drones,Games & Play,2005,1,0
72,Playful Experience & Drones,Games & Play,2006,5,5
72,Playful Experience & Drones,Games & Play,2007,5,7
72,Playful Experience & Drones,Games & Play,2008,5,13
72,Playful Experience & Drones,Games & Play,2009,4,9
72,Playful Experience & Drones,Games & Play,2010,7,16
72,Playful Experience & Drones,Games & Play,2011,7,32
72,Playful Experience & Drones,Games & Play,2012,16,36
72,Playful Experience & Drones,Games & Play,2013,14,40
72,Playful Experience & Drones,Games & Play,2014,26,66
72,Playful Experience & Drones,Games & Play,2015,25,68
72,Playful Experience & Drones,Games & Play,2016,18,92
72,Playful Experience & Drones,Games & Play,2017,21,107
72,Playful Experience & Drones,Games & Play,2018,15,120
72,Playful Experience & Drones,Games & Play,2019,13,156
72,Playful Experience & Drones,Games & Play,2020,21,176
72,Playful Experience & Drones,Games & Play,2021,20,210
72,Playful Experience & Drones,Games & Play,2022,21,231
72,Playful Experience & Drones,Games & Play,2023,15,162
72,Playful Experience & Drones,Games & Play,2024,23,258
72,Playful Experience & Drones,Games & Play,2025,24,239
72,Playful Experience & Drones,Games & Play,2026,20,208
73,Visual Accessibility,Accessibility & Assistive Tech,1996,3,1
73,Visual Accessibility,Accessibility & Assistive Tech,1997,1,4
73,Visual Accessibility,Accessibility & Assistive Tech,1998,2,2
73,Visual Accessibility,Accessibility & Assistive Tech,2000,2,1
73,Visual Accessibility,Accessibility & Assistive Tech,2002,1,3
73,Visual Accessibility,Accessibility & Assistive Tech,2003,1,2
73,Visual Accessibility,Accessibility & Assistive Tech,2005,0,2
73,Visual Accessibility,Accessibility & Assistive Tech,2006,5,5
73,Visual Accessibility,Accessibility & Assistive Tech,2007,2,5
73,Visual Accessibility,Accessibility & Assistive Tech,2008,6,6
73,Visual Accessibility,Accessibility & Assistive Tech,2009,5,7
73,Visual Accessibility,Accessibility & Assistive Tech,2010,10,16
73,Visual Accessibility,Accessibility & Assistive Tech,2011,10,24
73,Visual Accessibility,Accessibility & Assistive Tech,2012,3,31
73,Visual Accessibility,Accessibility & Assistive Tech,2013,17,98
73,Visual Accessibility,Accessibility & Assistive Tech,2014,12,67
73,Visual Accessibility,Accessibility & Assistive Tech,2015,10,86
73,Visual Accessibility,Accessibility & Assistive Tech,2016,10,97
73,Visual Accessibility,Accessibility & Assistive Tech,2017,17,175
73,Visual Accessibility,Accessibility & Assistive Tech,2018,19,255
73,Visual Accessibility,Accessibility & Assistive Tech,2019,24,231
73,Visual Accessibility,Accessibility & Assistive Tech,2020,27,319
73,Visual Accessibility,Accessibility & Assistive Tech,2021,34,442
73,Visual Accessibility,Accessibility & Assistive Tech,2022,29,488
73,Visual Accessibility,Accessibility & Assistive Tech,2023,35,590
73,Visual Accessibility,Accessibility & Assistive Tech,2024,47,863
73,Visual Accessibility,Accessibility & Assistive Tech,2025,51,1081
73,Visual Accessibility,Accessibility & Assistive Tech,2026,16,389
74,Neurodivergence & Autism,Accessibility & Assistive Tech,1988,1,0
74,Neurodivergence & Autism,Accessibility & Assistive Tech,1992,0,1
74,Neurodivergence & Autism,Accessibility & Assistive Tech,1998,1,0
74,Neurodivergence & Autism,Accessibility & Assistive Tech,2002,1,0
74,Neurodivergence & Autism,Accessibility & Assistive Tech,2004,1,0
74,Neurodivergence & Autism,Accessibility & Assistive Tech,2005,4,4
74,Neurodivergence & Autism,Accessibility & Assistive Tech,2006,5,7
74,Neurodivergence & Autism,Accessibility & Assistive Tech,2007,0,1
74,Neurodivergence & Autism,Accessibility & Assistive Tech,2008,4,10
74,Neurodivergence & Autism,Accessibility & Assistive Tech,2009,5,16
74,Neurodivergence & Autism,Accessibility & Assistive Tech,2010,8,21
74,Neurodivergence & Autism,Accessibility & Assistive Tech,2011,8,14
74,Neurodivergence & Autism,Accessibility & Assistive Tech,2012,12,24
74,Neurodivergence & Autism,Accessibility & Assistive Tech,2013,9,33
74,Neurodivergence & Autism,Accessibility & Assistive Tech,2014,14,29
74,Neurodivergence & Autism,Accessibility & Assistive Tech,2015,19,33
74,Neurodivergence & Autism,Accessibility & Assistive Tech,2016,18,71
74,Neurodivergence & Autism,Accessibility & Assistive Tech,2017,19,98
74,Neurodivergence & Autism,Accessibility & Assistive Tech,2018,15,100
74,Neurodivergence & Autism,Accessibility & Assistive Tech,2019,23,123
74,Neurodivergence & Autism,Accessibility & Assistive Tech,2020,17,139
74,Neurodivergence & Autism,Accessibility & Assistive Tech,2021,18,356
74,Neurodivergence & Autism,Accessibility & Assistive Tech,2022,26,321
74,Neurodivergence & Autism,Accessibility & Assistive Tech,2023,30,360
74,Neurodivergence & Autism,Accessibility & Assistive Tech,2024,42,565
74,Neurodivergence & Autism,Accessibility & Assistive Tech,2025,53,920
74,Neurodivergence & Autism,Accessibility & Assistive Tech,2026,25,420
75,Web Accessibility,Accessibility & Assistive Tech,1986,1,0
75,Web Accessibility,Accessibility & Assistive Tech,1992,2,1
75,Web Accessibility,Accessibility & Assistive Tech,1993,1,0
75,Web Accessibility,Accessibility & Assistive Tech,1994,7,6
75,Web Accessibility,Accessibility & Assistive Tech,1995,1,3
75,Web Accessibility,Accessibility & Assistive Tech,1996,8,16
75,Web Accessibility,Accessibility & Assistive Tech,1997,2,4
75,Web Accessibility,Accessibility & Assistive Tech,1998,10,15
75,Web Accessibility,Accessibility & Assistive Tech,1999,1,2
75,Web Accessibility,Accessibility & Assistive Tech,2000,9,23
75,Web Accessibility,Accessibility & Assistive Tech,2001,0,1
75,Web Accessibility,Accessibility & Assistive Tech,2002,9,32
75,Web Accessibility,Accessibility & Assistive Tech,2003,11,37
75,Web Accessibility,Accessibility & Assistive Tech,2004,1,9
75,Web Accessibility,Accessibility & Assistive Tech,2005,12,19
75,Web Accessibility,Accessibility & Assistive Tech,2006,14,23
75,Web Accessibility,Accessibility & Assistive Tech,2007,19,47
75,Web Accessibility,Accessibility & Assistive Tech,2008,11,45
75,Web Accessibility,Accessibility & Assistive Tech,2009,12,48
75,Web Accessibility,Accessibility & Assistive Tech,2010,10,49
75,Web Accessibility,Accessibility & Assistive Tech,2011,6,35
75,Web Accessibility,Accessibility & Assistive Tech,2012,16,35
75,Web Accessibility,Accessibility & Assistive Tech,2013,9,21
75,Web Accessibility,Accessibility & Assistive Tech,2014,9,34
75,Web Accessibility,Accessibility & Assistive Tech,2015,8,33
75,Web Accessibility,Accessibility & Assistive Tech,2016,7,43
75,Web Accessibility,Accessibility & Assistive Tech,2017,7,58
75,Web Accessibility,Accessibility & Assistive Tech,2018,10,71
75,Web Accessibility,Accessibility & Assistive Tech,2019,10,83
75,Web Accessibility,Accessibility & Assistive Tech,2020,8,74
75,Web Accessibility,Accessibility & Assistive Tech,2021,11,138
75,Web Accessibility,Accessibility & Assistive Tech,2022,16,166
75,Web Accessibility,Accessibility & Assistive Tech,2023,16,167
75,Web Accessibility,Accessibility & Assistive Tech,2024,20,224
75,Web Accessibility,Accessibility & Assistive Tech,2025,20,239
75,Web Accessibility,Accessibility & Assistive Tech,2026,5,73
76,Deaf & Sign Language Tech,Accessibility & Assistive Tech,1994,1,0
76,Deaf & Sign Language Tech,Accessibility & Assistive Tech,2000,1,0
76,Deaf & Sign Language Tech,Accessibility & Assistive Tech,2002,2,0
76,Deaf & Sign Language Tech,Accessibility & Assistive Tech,2003,1,1
76,Deaf & Sign Language Tech,Accessibility & Assistive Tech,2004,0,2
76,Deaf & Sign Language Tech,Accessibility & Assistive Tech,2005,2,1
76,Deaf & Sign Language Tech,Accessibility & Assistive Tech,2006,6,2
76,Deaf & Sign Language Tech,Accessibility & Assistive Tech,2007,2,4
76,Deaf & Sign Language Tech,Accessibility & Assistive Tech,2008,5,7
76,Deaf & Sign Language Tech,Accessibility & Assistive Tech,2009,5,7
76,Deaf & Sign Language Tech,Accessibility & Assistive Tech,2010,6,10
76,Deaf & Sign Language Tech,Accessibility & Assistive Tech,2011,7,16
76,Deaf & Sign Language Tech,Accessibility & Assistive Tech,2012,6,10
76,Deaf & Sign Language Tech,Accessibility & Assistive Tech,2013,6,14
76,Deaf & Sign Language Tech,Accessibility & Assistive Tech,2014,8,6
76,Deaf & Sign Language Tech,Accessibility & Assistive Tech,2015,13,23
76,Deaf & Sign Language Tech,Accessibility & Assistive Tech,2016,9,20
76,Deaf & Sign Language Tech,Accessibility & Assistive Tech,2017,19,52
76,Deaf & Sign Language Tech,Accessibility & Assistive Tech,2018,18,83
76,Deaf & Sign Language Tech,Accessibility & Assistive Tech,2019,12,80
76,Deaf & Sign Language Tech,Accessibility & Assistive Tech,2020,20,127
76,Deaf & Sign Language Tech,Accessibility & Assistive Tech,2021,17,159
76,Deaf & Sign Language Tech,Accessibility & Assistive Tech,2022,25,210
76,Deaf & Sign Language Tech,Accessibility & Assistive Tech,2023,28,343
76,Deaf & Sign Language Tech,Accessibility & Assistive Tech,2024,27,368
76,Deaf & Sign Language Tech,Accessibility & Assistive Tech,2025,42,532
76,Deaf & Sign Language Tech,Accessibility & Assistive Tech,2026,23,333
77,Non-visual Navigation,Accessibility & Assistive Tech,1994,1,0
77,Non-visual Navigation,Accessibility & Assistive Tech,1996,1,1
77,Non-visual Navigation,Accessibility & Assistive Tech,1998,0,1
77,Non-visual Navigation,Accessibility & Assistive Tech,2000,1,1
77,Non-visual Navigation,Accessibility & Assistive Tech,2002,1,0
77,Non-visual Navigation,Accessibility & Assistive Tech,2003,2,3
77,Non-visual Navigation,Accessibility & Assistive Tech,2004,0,1
77,Non-visual Navigation,Accessibility & Assistive Tech,2005,4,1
77,Non-visual Navigation,Accessibility & Assistive Tech,2006,2,4
77,Non-visual Navigation,Accessibility & Assistive Tech,2007,1,1
77,Non-visual Navigation,Accessibility & Assistive Tech,2008,7,4
77,Non-visual Navigation,Accessibility & Assistive Tech,2009,3,5
77,Non-visual Navigation,Accessibility & Assistive Tech,2010,5,8
77,Non-visual Navigation,Accessibility & Assistive Tech,2011,11,9
77,Non-visual Navigation,Accessibility & Assistive Tech,2012,7,23
77,Non-visual Navigation,Accessibility & Assistive Tech,2013,9,35
77,Non-visual Navigation,Accessibility & Assistive Tech,2014,13,36
77,Non-visual Navigation,Accessibility & Assistive Tech,2015,8,38
77,Non-visual Navigation,Accessibility & Assistive Tech,2016,15,54
77,Non-visual Navigation,Accessibility & Assistive Tech,2017,20,101
77,Non-visual Navigation,Accessibility & Assistive Tech,2018,19,188
77,Non-visual Navigation,Accessibility & Assistive Tech,2019,20,188
77,Non-visual Navigation,Accessibility & Assistive Tech,2020,18,235
77,Non-visual Navigation,Accessibility & Assistive Tech,2021,22,272
77,Non-visual Navigation,Accessibility & Assistive Tech,2022,17,246
77,Non-visual Navigation,Accessibility & Assistive Tech,2023,18,211
77,Non-visual Navigation,Accessibility & Assistive Tech,2024,33,406
77,Non-visual Navigation,Accessibility & Assistive Tech,2025,22,432
77,Non-visual Navigation,Accessibility & Assistive Tech,2026,6,150
78,Tactile Graphics,Accessibility & Assistive Tech,1996,1,0
78,Tactile Graphics,Accessibility & Assistive Tech,1998,0,2
78,Tactile Graphics,Accessibility & Assistive Tech,2000,3,1
78,Tactile Graphics,Accessibility & Assistive Tech,2002,0,1
78,Tactile Graphics,Accessibility & Assistive Tech,2003,1,0
78,Tactile Graphics,Accessibility & Assistive Tech,2005,3,5
78,Tactile Graphics,Accessibility & Assistive Tech,2006,4,8
78,Tactile Graphics,Accessibility & Assistive Tech,2007,1,3
78,Tactile Graphics,Accessibility & Assistive Tech,2008,3,5
78,Tactile Graphics,Accessibility & Assistive Tech,2009,2,3
78,Tactile Graphics,Accessibility & Assistive Tech,2010,9,12
78,Tactile Graphics,Accessibility & Assistive Tech,2011,3,11
78,Tactile Graphics,Accessibility & Assistive Tech,2012,5,11
78,Tactile Graphics,Accessibility & Assistive Tech,2013,5,6
78,Tactile Graphics,Accessibility & Assistive Tech,2014,9,22
78,Tactile Graphics,Accessibility & Assistive Tech,2015,13,27
78,Tactile Graphics,Accessibility & Assistive Tech,2016,11,44
78,Tactile Graphics,Accessibility & Assistive Tech,2017,10,84
78,Tactile Graphics,Accessibility & Assistive Tech,2018,14,70
78,Tactile Graphics,Accessibility & Assistive Tech,2019,19,139
78,Tactile Graphics,Accessibility & Assistive Tech,2020,19,161
78,Tactile Graphics,Accessibility & Assistive Tech,2021,8,144
78,Tactile Graphics,Accessibility & Assistive Tech,2022,15,188
78,Tactile Graphics,Accessibility & Assistive Tech,2023,25,392
78,Tactile Graphics,Accessibility & Assistive Tech,2024,24,332
78,Tactile Graphics,Accessibility & Assistive Tech,2025,22,406
78,Tactile Graphics,Accessibility & Assistive Tech,2026,6,114
79,Blind & Low-vision Access,Accessibility & Assistive Tech,1982,1,0
79,Blind & Low-vision Access,Accessibility & Assistive Tech,1985,1,1
79,Blind & Low-vision Access,Accessibility & Assistive Tech,1988,1,0
79,Blind & Low-vision Access,Accessibility & Assistive Tech,1989,0,1
79,Blind & Low-vision Access,Accessibility & Assistive Tech,1990,0,2
79,Blind & Low-vision Access,Accessibility & Assistive Tech,1994,1,0
79,Blind & Low-vision Access,Accessibility & Assistive Tech,1995,1,0
79,Blind & Low-vision Access,Accessibility & Assistive Tech,1996,0,3
79,Blind & Low-vision Access,Accessibility & Assistive Tech,1997,0,1
79,Blind & Low-vision Access,Accessibility & Assistive Tech,1998,3,4
79,Blind & Low-vision Access,Accessibility & Assistive Tech,2000,1,1
79,Blind & Low-vision Access,Accessibility & Assistive Tech,2002,0,2
79,Blind & Low-vision Access,Accessibility & Assistive Tech,2003,2,1
79,Blind & Low-vision Access,Accessibility & Assistive Tech,2004,2,0
79,Blind & Low-vision Access,Accessibility & Assistive Tech,2005,1,3
79,Blind & Low-vision Access,Accessibility & Assistive Tech,2006,3,1
79,Blind & Low-vision Access,Accessibility & Assistive Tech,2007,3,6
79,Blind & Low-vision Access,Accessibility & Assistive Tech,2008,2,0
79,Blind & Low-vision Access,Accessibility & Assistive Tech,2009,3,3
79,Blind & Low-vision Access,Accessibility & Assistive Tech,2010,4,8
79,Blind & Low-vision Access,Accessibility & Assistive Tech,2011,8,9
79,Blind & Low-vision Access,Accessibility & Assistive Tech,2012,1,5
79,Blind & Low-vision Access,Accessibility & Assistive Tech,2013,5,8
79,Blind & Low-vision Access,Accessibility & Assistive Tech,2014,3,10
79,Blind & Low-vision Access,Accessibility & Assistive Tech,2015,7,26
79,Blind & Low-vision Access,Accessibility & Assistive Tech,2016,8,23
79,Blind & Low-vision Access,Accessibility & Assistive Tech,2017,11,62
79,Blind & Low-vision Access,Accessibility & Assistive Tech,2018,17,76
79,Blind & Low-vision Access,Accessibility & Assistive Tech,2019,18,131
79,Blind & Low-vision Access,Accessibility & Assistive Tech,2020,22,215
79,Blind & Low-vision Access,Accessibility & Assistive Tech,2021,18,266
79,Blind & Low-vision Access,Accessibility & Assistive Tech,2022,16,280
79,Blind & Low-vision Access,Accessibility & Assistive Tech,2023,8,264
79,Blind & Low-vision Access,Accessibility & Assistive Tech,2024,26,351
79,Blind & Low-vision Access,Accessibility & Assistive Tech,2025,24,487
79,Blind & Low-vision Access,Accessibility & Assistive Tech,2026,11,267
80,DIY Assistive Technology,Accessibility & Assistive Tech,1996,1,0
80,DIY Assistive Technology,Accessibility & Assistive Tech,2000,1,0
80,DIY Assistive Technology,Accessibility & Assistive Tech,2005,1,0
80,DIY Assistive Technology,Accessibility & Assistive Tech,2006,1,1
80,DIY Assistive Technology,Accessibility & Assistive Tech,2007,1,5
80,DIY Assistive Technology,Accessibility & Assistive Tech,2008,4,8
80,DIY Assistive Technology,Accessibility & Assistive Tech,2009,2,6
80,DIY Assistive Technology,Accessibility & Assistive Tech,2010,1,8
80,DIY Assistive Technology,Accessibility & Assistive Tech,2011,3,8
80,DIY Assistive Technology,Accessibility & Assistive Tech,2012,2,4
80,DIY Assistive Technology,Accessibility & Assistive Tech,2013,4,11
80,DIY Assistive Technology,Accessibility & Assistive Tech,2014,5,11
80,DIY Assistive Technology,Accessibility & Assistive Tech,2015,7,18
80,DIY Assistive Technology,Accessibility & Assistive Tech,2016,11,63
80,DIY Assistive Technology,Accessibility & Assistive Tech,2017,4,45
80,DIY Assistive Technology,Accessibility & Assistive Tech,2018,5,44
80,DIY Assistive Technology,Accessibility & Assistive Tech,2019,10,106
80,DIY Assistive Technology,Accessibility & Assistive Tech,2020,12,93
80,DIY Assistive Technology,Accessibility & Assistive Tech,2021,9,148
80,DIY Assistive Technology,Accessibility & Assistive Tech,2022,15,181
80,DIY Assistive Technology,Accessibility & Assistive Tech,2023,13,224
80,DIY Assistive Technology,Accessibility & Assistive Tech,2024,12,194
80,DIY Assistive Technology,Accessibility & Assistive Tech,2025,23,310
80,DIY Assistive Technology,Accessibility & Assistive Tech,2026,6,156
81,Accessible Games & VR,Accessibility & Assistive Tech,1996,2,0
81,Accessible Games & VR,Accessibility & Assistive Tech,1998,1,0
81,Accessible Games & VR,Accessibility & Assistive Tech,1999,1,2
81,Accessible Games & VR,Accessibility & Assistive Tech,2002,3,5
81,Accessible Games & VR,Accessibility & Assistive Tech,2003,1,3
81,Accessible Games & VR,Accessibility & Assistive Tech,2004,0,2
81,Accessible Games & VR,Accessibility & Assistive Tech,2005,1,4
81,Accessible Games & VR,Accessibility & Assistive Tech,2006,2,2
81,Accessible Games & VR,Accessibility & Assistive Tech,2007,2,2
81,Accessible Games & VR,Accessibility & Assistive Tech,2008,4,4
81,Accessible Games & VR,Accessibility & Assistive Tech,2009,3,11
81,Accessible Games & VR,Accessibility & Assistive Tech,2010,5,8
81,Accessible Games & VR,Accessibility & Assistive Tech,2011,2,5
81,Accessible Games & VR,Accessibility & Assistive Tech,2012,0,2
81,Accessible Games & VR,Accessibility & Assistive Tech,2013,5,8
81,Accessible Games & VR,Accessibility & Assistive Tech,2014,3,11
81,Accessible Games & VR,Accessibility & Assistive Tech,2015,5,9
81,Accessible Games & VR,Accessibility & Assistive Tech,2016,1,4
81,Accessible Games & VR,Accessibility & Assistive Tech,2017,3,30
81,Accessible Games & VR,Accessibility & Assistive Tech,2018,6,40
81,Accessible Games & VR,Accessibility & Assistive Tech,2019,8,34
81,Accessible Games & VR,Accessibility & Assistive Tech,2020,10,78
81,Accessible Games & VR,Accessibility & Assistive Tech,2021,15,106
81,Accessible Games & VR,Accessibility & Assistive Tech,2022,6,87
81,Accessible Games & VR,Accessibility & Assistive Tech,2023,8,91
81,Accessible Games & VR,Accessibility & Assistive Tech,2024,18,189
81,Accessible Games & VR,Accessibility & Assistive Tech,2025,23,295
81,Accessible Games & VR,Accessibility & Assistive Tech,2026,5,83
82,AAC & Communication Disabilities,Accessibility & Assistive Tech,1994,1,0
82,AAC & Communication Disabilities,Accessibility & Assistive Tech,1997,1,1
82,AAC & Communication Disabilities,Accessibility & Assistive Tech,1998,1,0
82,AAC & Communication Disabilities,Accessibility & Assistive Tech,2000,3,0
82,AAC & Communication Disabilities,Accessibility & Assistive Tech,2002,4,5
82,AAC & Communication Disabilities,Accessibility & Assistive Tech,2003,2,2
82,AAC & Communication Disabilities,Accessibility & Assistive Tech,2004,1,0
82,AAC & Communication Disabilities,Accessibility & Assistive Tech,2005,5,5
82,AAC & Communication Disabilities,Accessibility & Assistive Tech,2006,4,7
82,AAC & Communication Disabilities,Accessibility & Assistive Tech,2007,7,9
82,AAC & Communication Disabilities,Accessibility & Assistive Tech,2008,5,11
82,AAC & Communication Disabilities,Accessibility & Assistive Tech,2009,9,19
82,AAC & Communication Disabilities,Accessibility & Assistive Tech,2010,9,19
82,AAC & Communication Disabilities,Accessibility & Assistive Tech,2011,15,17
82,AAC & Communication Disabilities,Accessibility & Assistive Tech,2012,12,23
82,AAC & Communication Disabilities,Accessibility & Assistive Tech,2013,8,27
82,AAC & Communication Disabilities,Accessibility & Assistive Tech,2014,5,18
82,AAC & Communication Disabilities,Accessibility & Assistive Tech,2015,8,27
82,AAC & Communication Disabilities,Accessibility & Assistive Tech,2016,5,29
82,AAC & Communication Disabilities,Accessibility & Assistive Tech,2017,14,48
82,AAC & Communication Disabilities,Accessibility & Assistive Tech,2018,12,40
82,AAC & Communication Disabilities,Accessibility & Assistive Tech,2019,10,44
82,AAC & Communication Disabilities,Accessibility & Assistive Tech,2020,16,93
82,AAC & Communication Disabilities,Accessibility & Assistive Tech,2021,12,115
82,AAC & Communication Disabilities,Accessibility & Assistive Tech,2022,11,143
82,AAC & Communication Disabilities,Accessibility & Assistive Tech,2023,9,103
82,AAC & Communication Disabilities,Accessibility & Assistive Tech,2024,16,197
82,AAC & Communication Disabilities,Accessibility & Assistive Tech,2025,14,297
82,AAC & Communication Disabilities,Accessibility & Assistive Tech,2026,4,85
83,Real-time Groupware,Remote & Mixed-Reality Collaboration,1982,1,0
83,Real-time Groupware,Remote & Mixed-Reality Collaboration,1983,1,1
83,Real-time Groupware,Remote & Mixed-Reality Collaboration,1986,12,5
83,Real-time Groupware,Remote & Mixed-Reality Collaboration,1988,13,14
83,Real-time Groupware,Remote & Mixed-Reality Collaboration,1989,5,10
83,Real-time Groupware,Remote & Mixed-Reality Collaboration,1990,16,44
83,Real-time Groupware,Remote & Mixed-Reality Collaboration,1991,8,23
83,Real-time Groupware,Remote & Mixed-Reality Collaboration,1992,28,125
83,Real-time Groupware,Remote & Mixed-Reality Collaboration,1993,3,18
83,Real-time Groupware,Remote & Mixed-Reality Collaboration,1994,19,88
83,Real-time Groupware,Remote & Mixed-Reality Collaboration,1995,7,45
83,Real-time Groupware,Remote & Mixed-Reality Collaboration,1996,20,116
83,Real-time Groupware,Remote & Mixed-Reality Collaboration,1997,7,38
83,Real-time Groupware,Remote & Mixed-Reality Collaboration,1998,22,139
83,Real-time Groupware,Remote & Mixed-Reality Collaboration,1999,3,56
83,Real-time Groupware,Remote & Mixed-Reality Collaboration,2000,12,68
83,Real-time Groupware,Remote & Mixed-Reality Collaboration,2001,1,16
83,Real-time Groupware,Remote & Mixed-Reality Collaboration,2002,11,85
83,Real-time Groupware,Remote & Mixed-Reality Collaboration,2003,1,12
83,Real-time Groupware,Remote & Mixed-Reality Collaboration,2004,13,117
83,Real-time Groupware,Remote & Mixed-Reality Collaboration,2005,1,9
83,Real-time Groupware,Remote & Mixed-Reality Collaboration,2006,8,70
83,Real-time Groupware,Remote & Mixed-Reality Collaboration,2007,1,6
83,Real-time Groupware,Remote & Mixed-Reality Collaboration,2008,4,38
83,Real-time Groupware,Remote & Mixed-Reality Collaboration,2009,0,11
83,Real-time Groupware,Remote & Mixed-Reality Collaboration,2010,3,32
83,Real-time Groupware,Remote & Mixed-Reality Collaboration,2011,11,66
83,Real-time Groupware,Remote & Mixed-Reality Collaboration,2012,10,82
83,Real-time Groupware,Remote & Mixed-Reality Collaboration,2013,4,40
83,Real-time Groupware,Remote & Mixed-Reality Collaboration,2014,4,61
83,Real-time Groupware,Remote & Mixed-Reality Collaboration,2015,1,22
83,Real-time Groupware,Remote & Mixed-Reality Collaboration,2016,1,29
83,Real-time Groupware,Remote & Mixed-Reality Collaboration,2017,7,79
83,Real-time Groupware,Remote & Mixed-Reality Collaboration,2018,3,57
83,Real-time Groupware,Remote & Mixed-Reality Collaboration,2019,2,82
83,Real-time Groupware,Remote & Mixed-Reality Collaboration,2020,3,88
83,Real-time Groupware,Remote & Mixed-Reality Collaboration,2021,5,69
83,Real-time Groupware,Remote & Mixed-Reality Collaboration,2022,3,94
83,Real-time Groupware,Remote & Mixed-Reality Collaboration,2023,2,62
83,Real-time Groupware,Remote & Mixed-Reality Collaboration,2024,4,68
83,Real-time Groupware,Remote & Mixed-Reality Collaboration,2025,4,64
83,Real-time Groupware,Remote & Mixed-Reality Collaboration,2026,1,29
84,Gaze in Video Communication,Remote & Mixed-Reality Collaboration,1986,1,0
84,Gaze in Video Communication,Remote & Mixed-Reality Collaboration,1988,2,2
84,Gaze in Video Communication,Remote & Mixed-Reality Collaboration,1989,0,2
84,Gaze in Video Communication,Remote & Mixed-Reality Collaboration,1990,1,5
84,Gaze in Video Communication,Remote & Mixed-Reality Collaboration,1991,3,3
84,Gaze in Video Communication,Remote & Mixed-Reality Collaboration,1992,6,29
84,Gaze in Video Communication,Remote & Mixed-Reality Collaboration,1994,2,15
84,Gaze in Video Communication,Remote & Mixed-Reality Collaboration,1995,4,14
84,Gaze in Video Communication,Remote & Mixed-Reality Collaboration,1996,5,25
84,Gaze in Video Communication,Remote & Mixed-Reality Collaboration,1997,1,20
84,Gaze in Video Communication,Remote & Mixed-Reality Collaboration,1998,6,36
84,Gaze in Video Communication,Remote & Mixed-Reality Collaboration,1999,3,15
84,Gaze in Video Communication,Remote & Mixed-Reality Collaboration,2000,8,43
84,Gaze in Video Communication,Remote & Mixed-Reality Collaboration,2001,2,11
84,Gaze in Video Communication,Remote & Mixed-Reality Collaboration,2002,10,33
84,Gaze in Video Communication,Remote & Mixed-Reality Collaboration,2003,6,34
84,Gaze in Video Communication,Remote & Mixed-Reality Collaboration,2004,7,65
84,Gaze in Video Communication,Remote & Mixed-Reality Collaboration,2005,3,25
84,Gaze in Video Communication,Remote & Mixed-Reality Collaboration,2006,11,65
84,Gaze in Video Communication,Remote & Mixed-Reality Collaboration,2007,7,54
84,Gaze in Video Communication,Remote & Mixed-Reality Collaboration,2008,6,47
84,Gaze in Video Communication,Remote & Mixed-Reality Collaboration,2009,4,29
84,Gaze in Video Communication,Remote & Mixed-Reality Collaboration,2010,9,68
84,Gaze in Video Communication,Remote & Mixed-Reality Collaboration,2011,11,84
84,Gaze in Video Communication,Remote & Mixed-Reality Collaboration,2012,10,88
84,Gaze in Video Communication,Remote & Mixed-Reality Collaboration,2013,7,85
84,Gaze in Video Communication,Remote & Mixed-Reality Collaboration,2014,8,102
84,Gaze in Video Communication,Remote & Mixed-Reality Collaboration,2015,7,79
84,Gaze in Video Communication,Remote & Mixed-Reality Collaboration,2016,9,115
84,Gaze in Video Communication,Remote & Mixed-Reality Collaboration,2017,16,176
84,Gaze in Video Communication,Remote & Mixed-Reality Collaboration,2018,6,135
84,Gaze in Video Communication,Remote & Mixed-Reality Collaboration,2019,9,116
84,Gaze in Video Communication,Remote & Mixed-Reality Collaboration,2020,6,100
84,Gaze in Video Communication,Remote & Mixed-Reality Collaboration,2021,5,185
84,Gaze in Video Communication,Remote & Mixed-Reality Collaboration,2022,11,175
84,Gaze in Video Communication,Remote & Mixed-Reality Collaboration,2023,15,254
84,Gaze in Video Communication,Remote & Mixed-Reality Collaboration,2024,13,241
84,Gaze in Video Communication,Remote & Mixed-Reality Collaboration,2025,11,255
84,Gaze in Video Communication,Remote & Mixed-Reality Collaboration,2026,3,95
85,Family Video Communication,Remote & Mixed-Reality Collaboration,1996,1,0
85,Family Video Communication,Remote & Mixed-Reality Collaboration,1998,1,0
85,Family Video Communication,Remote & Mixed-Reality Collaboration,2000,3,3
85,Family Video Communication,Remote & Mixed-Reality Collaboration,2001,2,2
85,Family Video Communication,Remote & Mixed-Reality Collaboration,2002,3,8
85,Family Video Communication,Remote & Mixed-Reality Collaboration,2003,0,7
85,Family Video Communication,Remote & Mixed-Reality Collaboration,2004,1,14
85,Family Video Communication,Remote & Mixed-Reality Collaboration,2005,1,4
85,Family Video Communication,Remote & Mixed-Reality Collaboration,2006,4,18
85,Family Video Communication,Remote & Mixed-Reality Collaboration,2007,3,20
85,Family Video Communication,Remote & Mixed-Reality Collaboration,2008,2,36
85,Family Video Communication,Remote & Mixed-Reality Collaboration,2009,3,15
85,Family Video Communication,Remote & Mixed-Reality Collaboration,2010,15,54
85,Family Video Communication,Remote & Mixed-Reality Collaboration,2011,7,48
85,Family Video Communication,Remote & Mixed-Reality Collaboration,2012,17,89
85,Family Video Communication,Remote & Mixed-Reality Collaboration,2013,14,110
85,Family Video Communication,Remote & Mixed-Reality Collaboration,2014,11,131
85,Family Video Communication,Remote & Mixed-Reality Collaboration,2015,12,117
85,Family Video Communication,Remote & Mixed-Reality Collaboration,2016,11,137
85,Family Video Communication,Remote & Mixed-Reality Collaboration,2017,17,214
85,Family Video Communication,Remote & Mixed-Reality Collaboration,2018,16,248
85,Family Video Communication,Remote & Mixed-Reality Collaboration,2019,11,163
85,Family Video Communication,Remote & Mixed-Reality Collaboration,2020,10,123
85,Family Video Communication,Remote & Mixed-Reality Collaboration,2021,17,337
85,Family Video Communication,Remote & Mixed-Reality Collaboration,2022,15,250
85,Family Video Communication,Remote & Mixed-Reality Collaboration,2023,10,267
85,Family Video Communication,Remote & Mixed-Reality Collaboration,2024,17,358
85,Family Video Communication,Remote & Mixed-Reality Collaboration,2025,17,362
85,Family Video Communication,Remote & Mixed-Reality Collaboration,2026,12,255
86,Augmented Reality Collaboration,Remote & Mixed-Reality Collaboration,1995,1,0
86,Augmented Reality Collaboration,Remote & Mixed-Reality Collaboration,1996,2,3
86,Augmented Reality Collaboration,Remote & Mixed-Reality Collaboration,1997,1,4
86,Augmented Reality Collaboration,Remote & Mixed-Reality Collaboration,1998,1,0
86,Augmented Reality Collaboration,Remote & Mixed-Reality Collaboration,1999,0,2
86,Augmented Reality Collaboration,Remote & Mixed-Reality Collaboration,2000,1,4
86,Augmented Reality Collaboration,Remote & Mixed-Reality Collaboration,2001,0,4
86,Augmented Reality Collaboration,Remote & Mixed-Reality Collaboration,2002,1,8
86,Augmented Reality Collaboration,Remote & Mixed-Reality Collaboration,2003,0,1
86,Augmented Reality Collaboration,Remote & Mixed-Reality Collaboration,2004,0,7
86,Augmented Reality Collaboration,Remote & Mixed-Reality Collaboration,2005,0,2
86,Augmented Reality Collaboration,Remote & Mixed-Reality Collaboration,2006,0,2
86,Augmented Reality Collaboration,Remote & Mixed-Reality Collaboration,2007,0,1
86,Augmented Reality Collaboration,Remote & Mixed-Reality Collaboration,2008,0,4
86,Augmented Reality Collaboration,Remote & Mixed-Reality Collaboration,2009,1,2
86,Augmented Reality Collaboration,Remote & Mixed-Reality Collaboration,2010,1,4
86,Augmented Reality Collaboration,Remote & Mixed-Reality Collaboration,2011,3,6
86,Augmented Reality Collaboration,Remote & Mixed-Reality Collaboration,2012,4,17
86,Augmented Reality Collaboration,Remote & Mixed-Reality Collaboration,2013,1,22
86,Augmented Reality Collaboration,Remote & Mixed-Reality Collaboration,2014,8,31
86,Augmented Reality Collaboration,Remote & Mixed-Reality Collaboration,2015,6,30
86,Augmented Reality Collaboration,Remote & Mixed-Reality Collaboration,2016,5,56
86,Augmented Reality Collaboration,Remote & Mixed-Reality Collaboration,2017,8,65
86,Augmented Reality Collaboration,Remote & Mixed-Reality Collaboration,2018,13,89
86,Augmented Reality Collaboration,Remote & Mixed-Reality Collaboration,2019,17,120
86,Augmented Reality Collaboration,Remote & Mixed-Reality Collaboration,2020,22,157
86,Augmented Reality Collaboration,Remote & Mixed-Reality Collaboration,2021,22,252
86,Augmented Reality Collaboration,Remote & Mixed-Reality Collaboration,2022,20,319
86,Augmented Reality Collaboration,Remote & Mixed-Reality Collaboration,2023,29,442
86,Augmented Reality Collaboration,Remote & Mixed-Reality Collaboration,2024,20,444
86,Augmented Reality Collaboration,Remote & Mixed-Reality Collaboration,2025,31,606
86,Augmented Reality Collaboration,Remote & Mixed-Reality Collaboration,2026,13,301
87,Public & Ambient Displays,Remote & Mixed-Reality Collaboration,1990,1,0
87,Public & Ambient Displays,Remote & Mixed-Reality Collaboration,1995,0,1
87,Public & Ambient Displays,Remote & Mixed-Reality Collaboration,2000,1,0
87,Public & Ambient Displays,Remote & Mixed-Reality Collaboration,2001,2,2
87,Public & Ambient Displays,Remote & Mixed-Reality Collaboration,2002,3,4
87,Public & Ambient Displays,Remote & Mixed-Reality Collaboration,2003,3,10
87,Public & Ambient Displays,Remote & Mixed-Reality Collaboration,2004,10,27
87,Public & Ambient Displays,Remote & Mixed-Reality Collaboration,2005,2,12
87,Public & Ambient Displays,Remote & Mixed-Reality Collaboration,2006,2,25
87,Public & Ambient Displays,Remote & Mixed-Reality Collaboration,2007,1,4
87,Public & Ambient Displays,Remote & Mixed-Reality Collaboration,2008,11,38
87,Public & Ambient Displays,Remote & Mixed-Reality Collaboration,2009,5,9
87,Public & Ambient Displays,Remote & Mixed-Reality Collaboration,2010,11,25
87,Public & Ambient Displays,Remote & Mixed-Reality Collaboration,2011,11,47
87,Public & Ambient Displays,Remote & Mixed-Reality Collaboration,2012,18,88
87,Public & Ambient Displays,Remote & Mixed-Reality Collaboration,2013,16,100
87,Public & Ambient Displays,Remote & Mixed-Reality Collaboration,2014,26,169
87,Public & Ambient Displays,Remote & Mixed-Reality Collaboration,2015,13,111
87,Public & Ambient Displays,Remote & Mixed-Reality Collaboration,2016,14,167
87,Public & Ambient Displays,Remote & Mixed-Reality Collaboration,2017,8,120
87,Public & Ambient Displays,Remote & Mixed-Reality Collaboration,2018,13,146
87,Public & Ambient Displays,Remote & Mixed-Reality Collaboration,2019,10,139
87,Public & Ambient Displays,Remote & Mixed-Reality Collaboration,2020,10,136
87,Public & Ambient Displays,Remote & Mixed-Reality Collaboration,2021,7,128
87,Public & Ambient Displays,Remote & Mixed-Reality Collaboration,2022,6,130
87,Public & Ambient Displays,Remote & Mixed-Reality Collaboration,2023,5,127
87,Public & Ambient Displays,Remote & Mixed-Reality Collaboration,2024,2,91
87,Public & Ambient Displays,Remote & Mixed-Reality Collaboration,2025,7,107
87,Public & Ambient Displays,Remote & Mixed-Reality Collaboration,2026,4,86
88,Distributed Team Awareness,Remote & Mixed-Reality Collaboration,1986,3,1
88,Distributed Team Awareness,Remote & Mixed-Reality Collaboration,1988,2,5
88,Distributed Team Awareness,Remote & Mixed-Reality Collaboration,1989,0,1
88,Distributed Team Awareness,Remote & Mixed-Reality Collaboration,1990,4,7
88,Distributed Team Awareness,Remote & Mixed-Reality Collaboration,1991,3,7
88,Distributed Team Awareness,Remote & Mixed-Reality Collaboration,1992,9,32
88,Distributed Team Awareness,Remote & Mixed-Reality Collaboration,1993,1,1
88,Distributed Team Awareness,Remote & Mixed-Reality Collaboration,1994,5,26
88,Distributed Team Awareness,Remote & Mixed-Reality Collaboration,1995,8,22
88,Distributed Team Awareness,Remote & Mixed-Reality Collaboration,1996,11,68
88,Distributed Team Awareness,Remote & Mixed-Reality Collaboration,1997,8,37
88,Distributed Team Awareness,Remote & Mixed-Reality Collaboration,1998,8,42
88,Distributed Team Awareness,Remote & Mixed-Reality Collaboration,1999,1,18
88,Distributed Team Awareness,Remote & Mixed-Reality Collaboration,2000,14,76
88,Distributed Team Awareness,Remote & Mixed-Reality Collaboration,2001,4,33
88,Distributed Team Awareness,Remote & Mixed-Reality Collaboration,2002,1,51
88,Distributed Team Awareness,Remote & Mixed-Reality Collaboration,2003,3,31
88,Distributed Team Awareness,Remote & Mixed-Reality Collaboration,2004,9,73
88,Distributed Team Awareness,Remote & Mixed-Reality Collaboration,2005,3,22
88,Distributed Team Awareness,Remote & Mixed-Reality Collaboration,2006,10,60
88,Distributed Team Awareness,Remote & Mixed-Reality Collaboration,2007,7,37
88,Distributed Team Awareness,Remote & Mixed-Reality Collaboration,2008,8,64
88,Distributed Team Awareness,Remote & Mixed-Reality Collaboration,2009,5,39
88,Distributed Team Awareness,Remote & Mixed-Reality Collaboration,2010,7,45
88,Distributed Team Awareness,Remote & Mixed-Reality Collaboration,2011,7,55
88,Distributed Team Awareness,Remote & Mixed-Reality Collaboration,2012,14,90
88,Distributed Team Awareness,Remote & Mixed-Reality Collaboration,2013,4,51
88,Distributed Team Awareness,Remote & Mixed-Reality Collaboration,2014,6,55
88,Distributed Team Awareness,Remote & Mixed-Reality Collaboration,2015,10,79
88,Distributed Team Awareness,Remote & Mixed-Reality Collaboration,2016,6,76
88,Distributed Team Awareness,Remote & Mixed-Reality Collaboration,2017,5,91
88,Distributed Team Awareness,Remote & Mixed-Reality Collaboration,2018,2,86
88,Distributed Team Awareness,Remote & Mixed-Reality Collaboration,2019,3,78
88,Distributed Team Awareness,Remote & Mixed-Reality Collaboration,2020,0,45
88,Distributed Team Awareness,Remote & Mixed-Reality Collaboration,2021,4,97
88,Distributed Team Awareness,Remote & Mixed-Reality Collaboration,2022,4,122
88,Distributed Team Awareness,Remote & Mixed-Reality Collaboration,2023,6,112
88,Distributed Team Awareness,Remote & Mixed-Reality Collaboration,2024,3,84
88,Distributed Team Awareness,Remote & Mixed-Reality Collaboration,2025,7,157
88,Distributed Team Awareness,Remote & Mixed-Reality Collaboration,2026,0,64
89,Social VR & Presence,Remote & Mixed-Reality Collaboration,1992,1,0
89,Social VR & Presence,Remote & Mixed-Reality Collaboration,1994,0,2
89,Social VR & Presence,Remote & Mixed-Reality Collaboration,1995,1,2
89,Social VR & Presence,Remote & Mixed-Reality Collaboration,1996,0,6
89,Social VR & Presence,Remote & Mixed-Reality Collaboration,1997,0,1
89,Social VR & Presence,Remote & Mixed-Reality Collaboration,1998,0,1
89,Social VR & Presence,Remote & Mixed-Reality Collaboration,1999,0,3
89,Social VR & Presence,Remote & Mixed-Reality Collaboration,2002,0,1
89,Social VR & Presence,Remote & Mixed-Reality Collaboration,2003,0,1
89,Social VR & Presence,Remote & Mixed-Reality Collaboration,2004,0,3
89,Social VR & Presence,Remote & Mixed-Reality Collaboration,2006,1,1
89,Social VR & Presence,Remote & Mixed-Reality Collaboration,2007,0,1
89,Social VR & Presence,Remote & Mixed-Reality Collaboration,2008,0,2
89,Social VR & Presence,Remote & Mixed-Reality Collaboration,2009,1,0
89,Social VR & Presence,Remote & Mixed-Reality Collaboration,2010,0,2
89,Social VR & Presence,Remote & Mixed-Reality Collaboration,2011,3,4
89,Social VR & Presence,Remote & Mixed-Reality Collaboration,2012,0,2
89,Social VR & Presence,Remote & Mixed-Reality Collaboration,2013,1,1
89,Social VR & Presence,Remote & Mixed-Reality Collaboration,2014,1,13
89,Social VR & Presence,Remote & Mixed-Reality Collaboration,2015,3,5
89,Social VR & Presence,Remote & Mixed-Reality Collaboration,2016,1,8
89,Social VR & Presence,Remote & Mixed-Reality Collaboration,2017,5,19
89,Social VR & Presence,Remote & Mixed-Reality Collaboration,2018,5,27
89,Social VR & Presence,Remote & Mixed-Reality Collaboration,2019,9,35
89,Social VR & Presence,Remote & Mixed-Reality Collaboration,2020,10,71
89,Social VR & Presence,Remote & Mixed-Reality Collaboration,2021,14,97
89,Social VR & Presence,Remote & Mixed-Reality Collaboration,2022,13,136
89,Social VR & Presence,Remote & Mixed-Reality Collaboration,2023,28,283
89,Social VR & Presence,Remote & Mixed-Reality Collaboration,2024,27,342
89,Social VR & Presence,Remote & Mixed-Reality Collaboration,2025,37,626
89,Social VR & Presence,Remote & Mixed-Reality Collaboration,2026,23,330
90,Tabletop Collaboration,Remote & Mixed-Reality Collaboration,1990,1,0
90,Tabletop Collaboration,Remote & Mixed-Reality Collaboration,1991,2,1
90,Tabletop Collaboration,Remote & Mixed-Reality Collaboration,1992,2,5
90,Tabletop Collaboration,Remote & Mixed-Reality Collaboration,1993,0,1
90,Tabletop Collaboration,Remote & Mixed-Reality Collaboration,1994,0,5
90,Tabletop Collaboration,Remote & Mixed-Reality Collaboration,1995,0,1
90,Tabletop Collaboration,Remote & Mixed-Reality Collaboration,1996,1,0
90,Tabletop Collaboration,Remote & Mixed-Reality Collaboration,1997,1,3
90,Tabletop Collaboration,Remote & Mixed-Reality Collaboration,1998,3,3
90,Tabletop Collaboration,Remote & Mixed-Reality Collaboration,1999,1,6
90,Tabletop Collaboration,Remote & Mixed-Reality Collaboration,2000,1,12
90,Tabletop Collaboration,Remote & Mixed-Reality Collaboration,2001,4,14
90,Tabletop Collaboration,Remote & Mixed-Reality Collaboration,2002,3,8
90,Tabletop Collaboration,Remote & Mixed-Reality Collaboration,2003,5,15
90,Tabletop Collaboration,Remote & Mixed-Reality Collaboration,2004,10,50
90,Tabletop Collaboration,Remote & Mixed-Reality Collaboration,2005,0,16
90,Tabletop Collaboration,Remote & Mixed-Reality Collaboration,2006,9,50
90,Tabletop Collaboration,Remote & Mixed-Reality Collaboration,2007,5,37
90,Tabletop Collaboration,Remote & Mixed-Reality Collaboration,2008,9,55
90,Tabletop Collaboration,Remote & Mixed-Reality Collaboration,2009,11,59
90,Tabletop Collaboration,Remote & Mixed-Reality Collaboration,2010,5,68
90,Tabletop Collaboration,Remote & Mixed-Reality Collaboration,2011,6,57
90,Tabletop Collaboration,Remote & Mixed-Reality Collaboration,2012,11,81
90,Tabletop Collaboration,Remote & Mixed-Reality Collaboration,2013,8,84
90,Tabletop Collaboration,Remote & Mixed-Reality Collaboration,2014,4,71
90,Tabletop Collaboration,Remote & Mixed-Reality Collaboration,2015,4,55
90,Tabletop Collaboration,Remote & Mixed-Reality Collaboration,2016,6,76
90,Tabletop Collaboration,Remote & Mixed-Reality Collaboration,2017,6,103
90,Tabletop Collaboration,Remote & Mixed-Reality Collaboration,2018,11,118
90,Tabletop Collaboration,Remote & Mixed-Reality Collaboration,2019,3,43
90,Tabletop Collaboration,Remote & Mixed-Reality Collaboration,2020,1,50
90,Tabletop Collaboration,Remote & Mixed-Reality Collaboration,2021,7,84
90,Tabletop Collaboration,Remote & Mixed-Reality Collaboration,2022,3,87
90,Tabletop Collaboration,Remote & Mixed-Reality Collaboration,2023,2,79
90,Tabletop Collaboration,Remote & Mixed-Reality Collaboration,2024,1,70
90,Tabletop Collaboration,Remote & Mixed-Reality Collaboration,2025,5,75
90,Tabletop Collaboration,Remote & Mixed-Reality Collaboration,2026,1,43
91,Surgical AR & Video Guidance,Remote & Mixed-Reality Collaboration,1997,1,0
91,Surgical AR & Video Guidance,Remote & Mixed-Reality Collaboration,1998,2,0
91,Surgical AR & Video Guidance,Remote & Mixed-Reality Collaboration,2000,3,2
91,Surgical AR & Video Guidance,Remote & Mixed-Reality Collaboration,2001,1,1
91,Surgical AR & Video Guidance,Remote & Mixed-Reality Collaboration,2002,3,2
91,Surgical AR & Video Guidance,Remote & Mixed-Reality Collaboration,2003,1,3
91,Surgical AR & Video Guidance,Remote & Mixed-Reality Collaboration,2004,2,3
91,Surgical AR & Video Guidance,Remote & Mixed-Reality Collaboration,2005,1,1
91,Surgical AR & Video Guidance,Remote & Mixed-Reality Collaboration,2006,2,1
91,Surgical AR & Video Guidance,Remote & Mixed-Reality Collaboration,2007,2,0
91,Surgical AR & Video Guidance,Remote & Mixed-Reality Collaboration,2008,2,10
91,Surgical AR & Video Guidance,Remote & Mixed-Reality Collaboration,2009,5,7
91,Surgical AR & Video Guidance,Remote & Mixed-Reality Collaboration,2010,1,5
91,Surgical AR & Video Guidance,Remote & Mixed-Reality Collaboration,2011,3,4
91,Surgical AR & Video Guidance,Remote & Mixed-Reality Collaboration,2012,9,14
91,Surgical AR & Video Guidance,Remote & Mixed-Reality Collaboration,2013,4,15
91,Surgical AR & Video Guidance,Remote & Mixed-Reality Collaboration,2014,2,13
91,Surgical AR & Video Guidance,Remote & Mixed-Reality Collaboration,2015,3,6
91,Surgical AR & Video Guidance,Remote & Mixed-Reality Collaboration,2016,7,32
91,Surgical AR & Video Guidance,Remote & Mixed-Reality Collaboration,2017,11,46
91,Surgical AR & Video Guidance,Remote & Mixed-Reality Collaboration,2018,10,47
91,Surgical AR & Video Guidance,Remote & Mixed-Reality Collaboration,2019,7,70
91,Surgical AR & Video Guidance,Remote & Mixed-Reality Collaboration,2020,9,62
91,Surgical AR & Video Guidance,Remote & Mixed-Reality Collaboration,2021,15,99
91,Surgical AR & Video Guidance,Remote & Mixed-Reality Collaboration,2022,10,92
91,Surgical AR & Video Guidance,Remote & Mixed-Reality Collaboration,2023,5,91
91,Surgical AR & Video Guidance,Remote & Mixed-Reality Collaboration,2024,11,95
91,Surgical AR & Video Guidance,Remote & Mixed-Reality Collaboration,2025,11,122
91,Surgical AR & Video Guidance,Remote & Mixed-Reality Collaboration,2026,11,95
92,RF & Radar Sensing,Activity Sensing & Recognition,2009,1,0
92,RF & Radar Sensing,Activity Sensing & Recognition,2014,2,0
92,RF & Radar Sensing,Activity Sensing & Recognition,2015,2,2
92,RF & Radar Sensing,Activity Sensing & Recognition,2016,6,6
92,RF & Radar Sensing,Activity Sensing & Recognition,2017,6,37
92,RF & Radar Sensing,Activity Sensing & Recognition,2018,20,85
92,RF & Radar Sensing,Activity Sensing & Recognition,2019,14,111
92,RF & Radar Sensing,Activity Sensing & Recognition,2020,19,115
92,RF & Radar Sensing,Activity Sensing & Recognition,2021,23,133
92,RF & Radar Sensing,Activity Sensing & Recognition,2022,30,194
92,RF & Radar Sensing,Activity Sensing & Recognition,2023,28,244
92,RF & Radar Sensing,Activity Sensing & Recognition,2024,29,223
92,RF & Radar Sensing,Activity Sensing & Recognition,2025,39,321
92,RF & Radar Sensing,Activity Sensing & Recognition,2026,16,103
93,Wearable Activity Recognition,Activity Sensing & Recognition,2002,1,0
93,Wearable Activity Recognition,Activity Sensing & Recognition,2007,1,0
93,Wearable Activity Recognition,Activity Sensing & Recognition,2008,3,0
93,Wearable Activity Recognition,Activity Sensing & Recognition,2009,1,1
93,Wearable Activity Recognition,Activity Sensing & Recognition,2010,0,3
93,Wearable Activity Recognition,Activity Sensing & Recognition,2011,2,4
93,Wearable Activity Recognition,Activity Sensing & Recognition,2012,10,11
93,Wearable Activity Recognition,Activity Sensing & Recognition,2013,5,10
93,Wearable Activity Recognition,Activity Sensing & Recognition,2014,3,10
93,Wearable Activity Recognition,Activity Sensing & Recognition,2015,10,22
93,Wearable Activity Recognition,Activity Sensing & Recognition,2016,6,19
93,Wearable Activity Recognition,Activity Sensing & Recognition,2017,7,26
93,Wearable Activity Recognition,Activity Sensing & Recognition,2018,17,49
93,Wearable Activity Recognition,Activity Sensing & Recognition,2019,14,46
93,Wearable Activity Recognition,Activity Sensing & Recognition,2020,16,82
93,Wearable Activity Recognition,Activity Sensing & Recognition,2021,16,102
93,Wearable Activity Recognition,Activity Sensing & Recognition,2022,23,145
93,Wearable Activity Recognition,Activity Sensing & Recognition,2023,22,190
93,Wearable Activity Recognition,Activity Sensing & Recognition,2024,22,230
93,Wearable Activity Recognition,Activity Sensing & Recognition,2025,23,261
93,Wearable Activity Recognition,Activity Sensing & Recognition,2026,10,81
94,Indoor Localization,Activity Sensing & Recognition,2002,1,0
94,Indoor Localization,Activity Sensing & Recognition,2003,3,0
94,Indoor Localization,Activity Sensing & Recognition,2004,2,11
94,Indoor Localization,Activity Sensing & Recognition,2005,4,4
94,Indoor Localization,Activity Sensing & Recognition,2006,4,15
94,Indoor Localization,Activity Sensing & Recognition,2007,2,10
94,Indoor Localization,Activity Sensing & Recognition,2008,5,22
94,Indoor Localization,Activity Sensing & Recognition,2009,3,8
94,Indoor Localization,Activity Sensing & Recognition,2010,5,16
94,Indoor Localization,Activity Sensing & Recognition,2011,4,18
94,Indoor Localization,Activity Sensing & Recognition,2012,13,23
94,Indoor Localization,Activity Sensing & Recognition,2013,11,27
94,Indoor Localization,Activity Sensing & Recognition,2014,12,36
94,Indoor Localization,Activity Sensing & Recognition,2015,12,44
94,Indoor Localization,Activity Sensing & Recognition,2016,15,65
94,Indoor Localization,Activity Sensing & Recognition,2017,9,48
94,Indoor Localization,Activity Sensing & Recognition,2018,20,83
94,Indoor Localization,Activity Sensing & Recognition,2019,9,36
94,Indoor Localization,Activity Sensing & Recognition,2020,2,34
94,Indoor Localization,Activity Sensing & Recognition,2021,6,28
94,Indoor Localization,Activity Sensing & Recognition,2022,11,48
94,Indoor Localization,Activity Sensing & Recognition,2023,9,45
94,Indoor Localization,Activity Sensing & Recognition,2024,1,19
94,Indoor Localization,Activity Sensing & Recognition,2025,6,37
94,Indoor Localization,Activity Sensing & Recognition,2026,1,14
95,Urban Mobility Data,Activity Sensing & Recognition,2003,1,0
95,Urban Mobility Data,Activity Sensing & Recognition,2004,1,4
95,Urban Mobility Data,Activity Sensing & Recognition,2005,0,2
95,Urban Mobility Data,Activity Sensing & Recognition,2006,2,4
95,Urban Mobility Data,Activity Sensing & Recognition,2007,1,2
95,Urban Mobility Data,Activity Sensing & Recognition,2008,3,13
95,Urban Mobility Data,Activity Sensing & Recognition,2009,2,7
95,Urban Mobility Data,Activity Sensing & Recognition,2010,4,10
95,Urban Mobility Data,Activity Sensing & Recognition,2011,8,17
95,Urban Mobility Data,Activity Sensing & Recognition,2012,10,19
95,Urban Mobility Data,Activity Sensing & Recognition,2013,7,13
95,Urban Mobility Data,Activity Sensing & Recognition,2014,9,26
95,Urban Mobility Data,Activity Sensing & Recognition,2015,6,19
95,Urban Mobility Data,Activity Sensing & Recognition,2016,11,38
95,Urban Mobility Data,Activity Sensing & Recognition,2017,5,10
95,Urban Mobility Data,Activity Sensing & Recognition,2018,29,96
95,Urban Mobility Data,Activity Sensing & Recognition,2019,9,61
95,Urban Mobility Data,Activity Sensing & Recognition,2020,15,93
95,Urban Mobility Data,Activity Sensing & Recognition,2021,15,78
95,Urban Mobility Data,Activity Sensing & Recognition,2022,3,15
95,Urban Mobility Data,Activity Sensing & Recognition,2023,5,15
95,Urban Mobility Data,Activity Sensing & Recognition,2024,8,30
95,Urban Mobility Data,Activity Sensing & Recognition,2025,6,31
95,Urban Mobility Data,Activity Sensing & Recognition,2026,1,7
96,Acoustic Health Sensing,Activity Sensing & Recognition,2008,2,0
96,Acoustic Health Sensing,Activity Sensing & Recognition,2009,0,2
96,Acoustic Health Sensing,Activity Sensing & Recognition,2010,0,3
96,Acoustic Health Sensing,Activity Sensing & Recognition,2011,1,1
96,Acoustic Health Sensing,Activity Sensing & Recognition,2012,3,7
96,Acoustic Health Sensing,Activity Sensing & Recognition,2013,1,1
96,Acoustic Health Sensing,Activity Sensing & Recognition,2014,4,10
96,Acoustic Health Sensing,Activity Sensing & Recognition,2015,3,8
96,Acoustic Health Sensing,Activity Sensing & Recognition,2016,7,12
96,Acoustic Health Sensing,Activity Sensing & Recognition,2017,8,13
96,Acoustic Health Sensing,Activity Sensing & Recognition,2018,19,37
96,Acoustic Health Sensing,Activity Sensing & Recognition,2019,9,35
96,Acoustic Health Sensing,Activity Sensing & Recognition,2020,18,66
96,Acoustic Health Sensing,Activity Sensing & Recognition,2021,29,117
96,Acoustic Health Sensing,Activity Sensing & Recognition,2022,27,124
96,Acoustic Health Sensing,Activity Sensing & Recognition,2023,32,196
96,Acoustic Health Sensing,Activity Sensing & Recognition,2024,27,208
96,Acoustic Health Sensing,Activity Sensing & Recognition,2025,42,309
96,Acoustic Health Sensing,Activity Sensing & Recognition,2026,12,73
97,Tangible Interaction,"Tangible, VR & Fabrication",1991,1,0
97,Tangible Interaction,"Tangible, VR & Fabrication",1992,2,2
97,Tangible Interaction,"Tangible, VR & Fabrication",1994,0,1
97,Tangible Interaction,"Tangible, VR & Fabrication",1995,6,3
97,Tangible Interaction,"Tangible, VR & Fabrication",1996,2,5
97,Tangible Interaction,"Tangible, VR & Fabrication",1997,11,30
97,Tangible Interaction,"Tangible, VR & Fabrication",1998,12,36
97,Tangible Interaction,"Tangible, VR & Fabrication",1999,18,72
97,Tangible Interaction,"Tangible, VR & Fabrication",2000,10,63
97,Tangible Interaction,"Tangible, VR & Fabrication",2001,10,72
97,Tangible Interaction,"Tangible, VR & Fabrication",2002,21,106
97,Tangible Interaction,"Tangible, VR & Fabrication",2003,6,52
97,Tangible Interaction,"Tangible, VR & Fabrication",2004,19,105
97,Tangible Interaction,"Tangible, VR & Fabrication",2005,6,57
97,Tangible Interaction,"Tangible, VR & Fabrication",2006,12,98
97,Tangible Interaction,"Tangible, VR & Fabrication",2007,32,115
97,Tangible Interaction,"Tangible, VR & Fabrication",2008,43,221
97,Tangible Interaction,"Tangible, VR & Fabrication",2009,44,260
97,Tangible Interaction,"Tangible, VR & Fabrication",2010,69,349
97,Tangible Interaction,"Tangible, VR & Fabrication",2011,33,235
97,Tangible Interaction,"Tangible, VR & Fabrication",2012,54,380
97,Tangible Interaction,"Tangible, VR & Fabrication",2013,41,292
97,Tangible Interaction,"Tangible, VR & Fabrication",2014,32,309
97,Tangible Interaction,"Tangible, VR & Fabrication",2015,49,383
97,Tangible Interaction,"Tangible, VR & Fabrication",2016,45,396
97,Tangible Interaction,"Tangible, VR & Fabrication",2017,47,486
97,Tangible Interaction,"Tangible, VR & Fabrication",2018,46,547
97,Tangible Interaction,"Tangible, VR & Fabrication",2019,33,437
97,Tangible Interaction,"Tangible, VR & Fabrication",2020,28,474
97,Tangible Interaction,"Tangible, VR & Fabrication",2021,29,555
97,Tangible Interaction,"Tangible, VR & Fabrication",2022,24,687
97,Tangible Interaction,"Tangible, VR & Fabrication",2023,17,452
97,Tangible Interaction,"Tangible, VR & Fabrication",2024,24,517
97,Tangible Interaction,"Tangible, VR & Fabrication",2025,30,575
97,Tangible Interaction,"Tangible, VR & Fabrication",2026,28,438
98,VR Haptics,"Tangible, VR & Fabrication",1994,1,0
98,VR Haptics,"Tangible, VR & Fabrication",1995,1,4
98,VR Haptics,"Tangible, VR & Fabrication",1996,0,3
98,VR Haptics,"Tangible, VR & Fabrication",1997,1,5
98,VR Haptics,"Tangible, VR & Fabrication",1998,0,5
98,VR Haptics,"Tangible, VR & Fabrication",1999,0,6
98,VR Haptics,"Tangible, VR & Fabrication",2000,2,2
98,VR Haptics,"Tangible, VR & Fabrication",2001,1,0
98,VR Haptics,"Tangible, VR & Fabrication",2002,1,4
98,VR Haptics,"Tangible, VR & Fabrication",2003,2,5
98,VR Haptics,"Tangible, VR & Fabrication",2004,4,7
98,VR Haptics,"Tangible, VR & Fabrication",2005,0,4
98,VR Haptics,"Tangible, VR & Fabrication",2006,1,10
98,VR Haptics,"Tangible, VR & Fabrication",2007,2,13
98,VR Haptics,"Tangible, VR & Fabrication",2008,3,18
98,VR Haptics,"Tangible, VR & Fabrication",2009,9,21
98,VR Haptics,"Tangible, VR & Fabrication",2010,7,24
98,VR Haptics,"Tangible, VR & Fabrication",2011,11,31
98,VR Haptics,"Tangible, VR & Fabrication",2012,6,21
98,VR Haptics,"Tangible, VR & Fabrication",2013,11,58
98,VR Haptics,"Tangible, VR & Fabrication",2014,9,59
98,VR Haptics,"Tangible, VR & Fabrication",2015,22,101
98,VR Haptics,"Tangible, VR & Fabrication",2016,36,183
98,VR Haptics,"Tangible, VR & Fabrication",2017,44,252
98,VR Haptics,"Tangible, VR & Fabrication",2018,57,403
98,VR Haptics,"Tangible, VR & Fabrication",2019,67,635
98,VR Haptics,"Tangible, VR & Fabrication",2020,66,786
98,VR Haptics,"Tangible, VR & Fabrication",2021,49,716
98,VR Haptics,"Tangible, VR & Fabrication",2022,46,789
98,VR Haptics,"Tangible, VR & Fabrication",2023,70,996
98,VR Haptics,"Tangible, VR & Fabrication",2024,92,1255
98,VR Haptics,"Tangible, VR & Fabrication",2025,85,1476
98,VR Haptics,"Tangible, VR & Fabrication",2026,49,892
99,Deformable & Soft Displays,"Tangible, VR & Fabrication",1991,1,0
99,Deformable & Soft Displays,"Tangible, VR & Fabrication",1992,1,0
99,Deformable & Soft Displays,"Tangible, VR & Fabrication",1994,0,1
99,Deformable & Soft Displays,"Tangible, VR & Fabrication",1995,1,2
99,Deformable & Soft Displays,"Tangible, VR & Fabrication",1996,1,0
99,Deformable & Soft Displays,"Tangible, VR & Fabrication",1997,1,3
99,Deformable & Soft Displays,"Tangible, VR & Fabrication",1998,0,2
99,Deformable & Soft Displays,"Tangible, VR & Fabrication",2002,0,1
99,Deformable & Soft Displays,"Tangible, VR & Fabrication",2004,1,0
99,Deformable & Soft Displays,"Tangible, VR & Fabrication",2005,2,1
99,Deformable & Soft Displays,"Tangible, VR & Fabrication",2006,3,3
99,Deformable & Soft Displays,"Tangible, VR & Fabrication",2007,1,5
99,Deformable & Soft Displays,"Tangible, VR & Fabrication",2008,8,12
99,Deformable & Soft Displays,"Tangible, VR & Fabrication",2009,8,20
99,Deformable & Soft Displays,"Tangible, VR & Fabrication",2010,16,54
99,Deformable & Soft Displays,"Tangible, VR & Fabrication",2011,8,53
99,Deformable & Soft Displays,"Tangible, VR & Fabrication",2012,12,79
99,Deformable & Soft Displays,"Tangible, VR & Fabrication",2013,16,142
99,Deformable & Soft Displays,"Tangible, VR & Fabrication",2014,18,148
99,Deformable & Soft Displays,"Tangible, VR & Fabrication",2015,18,180
99,Deformable & Soft Displays,"Tangible, VR & Fabrication",2016,39,351
99,Deformable & Soft Displays,"Tangible, VR & Fabrication",2017,25,361
99,Deformable & Soft Displays,"Tangible, VR & Fabrication",2018,20,382
99,Deformable & Soft Displays,"Tangible, VR & Fabrication",2019,21,399
99,Deformable & Soft Displays,"Tangible, VR & Fabrication",2020,19,332
99,Deformable & Soft Displays,"Tangible, VR & Fabrication",2021,18,388
99,Deformable & Soft Displays,"Tangible, VR & Fabrication",2022,26,534
99,Deformable & Soft Displays,"Tangible, VR & Fabrication",2023,20,479
99,Deformable & Soft Displays,"Tangible, VR & Fabrication",2024,31,535
99,Deformable & Soft Displays,"Tangible, VR & Fabrication",2025,33,609
99,Deformable & Soft Displays,"Tangible, VR & Fabrication",2026,18,367
100,Digital Fabrication,"Tangible, VR & Fabrication",1986,1,0
100,Digital Fabrication,"Tangible, VR & Fabrication",1995,1,0
100,Digital Fabrication,"Tangible, VR & Fabrication",2000,1,0
100,Digital Fabrication,"Tangible, VR & Fabrication",2002,2,0
100,Digital Fabrication,"Tangible, VR & Fabrication",2003,2,1
100,Digital Fabrication,"Tangible, VR & Fabrication",2004,1,3
100,Digital Fabrication,"Tangible, VR & Fabrication",2006,2,0
100,Digital Fabrication,"Tangible, VR & Fabrication",2008,0,1
100,Digital Fabrication,"Tangible, VR & Fabrication",2009,1,4
100,Digital Fabrication,"Tangible, VR & Fabrication",2010,4,9
100,Digital Fabrication,"Tangible, VR & Fabrication",2011,1,7
100,Digital Fabrication,"Tangible, VR & Fabrication",2012,6,21
100,Digital Fabrication,"Tangible, VR & Fabrication",2013,8,34
100,Digital Fabrication,"Tangible, VR & Fabrication",2014,10,61
100,Digital Fabrication,"Tangible, VR & Fabrication",2015,24,118
100,Digital Fabrication,"Tangible, VR & Fabrication",2016,34,216
100,Digital Fabrication,"Tangible, VR & Fabrication",2017,24,247
100,Digital Fabrication,"Tangible, VR & Fabrication",2018,22,286
100,Digital Fabrication,"Tangible, VR & Fabrication",2019,25,450
100,Digital Fabrication,"Tangible, VR & Fabrication",2020,19,354
100,Digital Fabrication,"Tangible, VR & Fabrication",2021,26,495
100,Digital Fabrication,"Tangible, VR & Fabrication",2022,29,511
100,Digital Fabrication,"Tangible, VR & Fabrication",2023,30,775
100,Digital Fabrication,"Tangible, VR & Fabrication",2024,46,881
100,Digital Fabrication,"Tangible, VR & Fabrication",2025,29,723
100,Digital Fabrication,"Tangible, VR & Fabrication",2026,30,754
101,E-textiles & Weaving,"Tangible, VR & Fabrication",2002,1,0
101,E-textiles & Weaving,"Tangible, VR & Fabrication",2007,1,0
101,E-textiles & Weaving,"Tangible, VR & Fabrication",2008,1,0
101,E-textiles & Weaving,"Tangible, VR & Fabrication",2009,1,3
101,E-textiles & Weaving,"Tangible, VR & Fabrication",2010,9,10
101,E-textiles & Weaving,"Tangible, VR & Fabrication",2011,2,7
101,E-textiles & Weaving,"Tangible, VR & Fabrication",2012,6,16
101,E-textiles & Weaving,"Tangible, VR & Fabrication",2013,7,18
101,E-textiles & Weaving,"Tangible, VR & Fabrication",2014,7,30
101,E-textiles & Weaving,"Tangible, VR & Fabrication",2015,7,30
101,E-textiles & Weaving,"Tangible, VR & Fabrication",2016,10,45
101,E-textiles & Weaving,"Tangible, VR & Fabrication",2017,13,85
101,E-textiles & Weaving,"Tangible, VR & Fabrication",2018,27,132
101,E-textiles & Weaving,"Tangible, VR & Fabrication",2019,33,190
101,E-textiles & Weaving,"Tangible, VR & Fabrication",2020,28,275
101,E-textiles & Weaving,"Tangible, VR & Fabrication",2021,40,443
101,E-textiles & Weaving,"Tangible, VR & Fabrication",2022,33,510
101,E-textiles & Weaving,"Tangible, VR & Fabrication",2023,37,663
101,E-textiles & Weaving,"Tangible, VR & Fabrication",2024,45,928
101,E-textiles & Weaving,"Tangible, VR & Fabrication",2025,32,829
101,E-textiles & Weaving,"Tangible, VR & Fabrication",2026,15,457
102,Printed Electronics,"Tangible, VR & Fabrication",1986,1,0
102,Printed Electronics,"Tangible, VR & Fabrication",1995,1,0
102,Printed Electronics,"Tangible, VR & Fabrication",1998,1,0
102,Printed Electronics,"Tangible, VR & Fabrication",2001,1,0
102,Printed Electronics,"Tangible, VR & Fabrication",2002,2,3
102,Printed Electronics,"Tangible, VR & Fabrication",2003,1,3
102,Printed Electronics,"Tangible, VR & Fabrication",2004,1,14
102,Printed Electronics,"Tangible, VR & Fabrication",2005,0,3
102,Printed Electronics,"Tangible, VR & Fabrication",2006,2,13
102,Printed Electronics,"Tangible, VR & Fabrication",2007,2,27
102,Printed Electronics,"Tangible, VR & Fabrication",2008,2,21
102,Printed Electronics,"Tangible, VR & Fabrication",2009,7,24
102,Printed Electronics,"Tangible, VR & Fabrication",2010,13,35
102,Printed Electronics,"Tangible, VR & Fabrication",2011,2,8
102,Printed Electronics,"Tangible, VR & Fabrication",2012,12,39
102,Printed Electronics,"Tangible, VR & Fabrication",2013,10,61
102,Printed Electronics,"Tangible, VR & Fabrication",2014,15,101
102,Printed Electronics,"Tangible, VR & Fabrication",2015,17,169
102,Printed Electronics,"Tangible, VR & Fabrication",2016,19,201
102,Printed Electronics,"Tangible, VR & Fabrication",2017,22,231
102,Printed Electronics,"Tangible, VR & Fabrication",2018,26,310
102,Printed Electronics,"Tangible, VR & Fabrication",2019,24,359
102,Printed Electronics,"Tangible, VR & Fabrication",2020,24,386
102,Printed Electronics,"Tangible, VR & Fabrication",2021,21,502
102,Printed Electronics,"Tangible, VR & Fabrication",2022,19,447
102,Printed Electronics,"Tangible, VR & Fabrication",2023,21,474
102,Printed Electronics,"Tangible, VR & Fabrication",2024,23,520
102,Printed Electronics,"Tangible, VR & Fabrication",2025,16,479
102,Printed Electronics,"Tangible, VR & Fabrication",2026,13,312
103,Data Physicalization,"Tangible, VR & Fabrication",2009,1,0
103,Data Physicalization,"Tangible, VR & Fabrication",2013,4,0
103,Data Physicalization,"Tangible, VR & Fabrication",2014,4,4
103,Data Physicalization,"Tangible, VR & Fabrication",2015,9,24
103,Data Physicalization,"Tangible, VR & Fabrication",2016,11,43
103,Data Physicalization,"Tangible, VR & Fabrication",2017,11,53
103,Data Physicalization,"Tangible, VR & Fabrication",2018,5,61
103,Data Physicalization,"Tangible, VR & Fabrication",2019,5,55
103,Data Physicalization,"Tangible, VR & Fabrication",2020,6,83
103,Data Physicalization,"Tangible, VR & Fabrication",2021,9,92
103,Data Physicalization,"Tangible, VR & Fabrication",2022,9,123
103,Data Physicalization,"Tangible, VR & Fabrication",2023,8,131
103,Data Physicalization,"Tangible, VR & Fabrication",2024,16,202
103,Data Physicalization,"Tangible, VR & Fabrication",2025,13,236
103,Data Physicalization,"Tangible, VR & Fabrication",2026,12,178
104,Electrical Muscle Stimulation,"Tangible, VR & Fabrication",1997,1,0
104,Electrical Muscle Stimulation,"Tangible, VR & Fabrication",1998,1,0
104,Electrical Muscle Stimulation,"Tangible, VR & Fabrication",2001,2,1
104,Electrical Muscle Stimulation,"Tangible, VR & Fabrication",2002,0,1
104,Electrical Muscle Stimulation,"Tangible, VR & Fabrication",2003,1,1
104,Electrical Muscle Stimulation,"Tangible, VR & Fabrication",2004,1,2
104,Electrical Muscle Stimulation,"Tangible, VR & Fabrication",2006,3,1
104,Electrical Muscle Stimulation,"Tangible, VR & Fabrication",2007,3,1
104,Electrical Muscle Stimulation,"Tangible, VR & Fabrication",2008,2,2
104,Electrical Muscle Stimulation,"Tangible, VR & Fabrication",2009,2,3
104,Electrical Muscle Stimulation,"Tangible, VR & Fabrication",2010,9,7
104,Electrical Muscle Stimulation,"Tangible, VR & Fabrication",2011,4,6
104,Electrical Muscle Stimulation,"Tangible, VR & Fabrication",2012,8,15
104,Electrical Muscle Stimulation,"Tangible, VR & Fabrication",2013,7,14
104,Electrical Muscle Stimulation,"Tangible, VR & Fabrication",2014,5,17
104,Electrical Muscle Stimulation,"Tangible, VR & Fabrication",2015,9,30
104,Electrical Muscle Stimulation,"Tangible, VR & Fabrication",2016,12,47
104,Electrical Muscle Stimulation,"Tangible, VR & Fabrication",2017,19,89
104,Electrical Muscle Stimulation,"Tangible, VR & Fabrication",2018,18,119
104,Electrical Muscle Stimulation,"Tangible, VR & Fabrication",2019,21,112
104,Electrical Muscle Stimulation,"Tangible, VR & Fabrication",2020,18,102
104,Electrical Muscle Stimulation,"Tangible, VR & Fabrication",2021,18,191
104,Electrical Muscle Stimulation,"Tangible, VR & Fabrication",2022,16,193
104,Electrical Muscle Stimulation,"Tangible, VR & Fabrication",2023,17,231
104,Electrical Muscle Stimulation,"Tangible, VR & Fabrication",2024,24,297
104,Electrical Muscle Stimulation,"Tangible, VR & Fabrication",2025,19,268
104,Electrical Muscle Stimulation,"Tangible, VR & Fabrication",2026,18,265
105,Hand Input & Gesture Sensing,Input & Interaction Techniques,1986,1,0
105,Hand Input & Gesture Sensing,Input & Interaction Techniques,1988,1,0
105,Hand Input & Gesture Sensing,Input & Interaction Techniques,1995,1,0
105,Hand Input & Gesture Sensing,Input & Interaction Techniques,1997,3,0
105,Hand Input & Gesture Sensing,Input & Interaction Techniques,1998,1,4
105,Hand Input & Gesture Sensing,Input & Interaction Techniques,1999,1,3
105,Hand Input & Gesture Sensing,Input & Interaction Techniques,2000,2,3
105,Hand Input & Gesture Sensing,Input & Interaction Techniques,2001,2,4
105,Hand Input & Gesture Sensing,Input & Interaction Techniques,2002,1,1
105,Hand Input & Gesture Sensing,Input & Interaction Techniques,2003,5,3
105,Hand Input & Gesture Sensing,Input & Interaction Techniques,2004,3,7
105,Hand Input & Gesture Sensing,Input & Interaction Techniques,2005,1,3
105,Hand Input & Gesture Sensing,Input & Interaction Techniques,2006,5,8
105,Hand Input & Gesture Sensing,Input & Interaction Techniques,2007,4,10
105,Hand Input & Gesture Sensing,Input & Interaction Techniques,2008,7,11
105,Hand Input & Gesture Sensing,Input & Interaction Techniques,2009,14,21
105,Hand Input & Gesture Sensing,Input & Interaction Techniques,2010,12,51
105,Hand Input & Gesture Sensing,Input & Interaction Techniques,2011,19,87
105,Hand Input & Gesture Sensing,Input & Interaction Techniques,2012,35,124
105,Hand Input & Gesture Sensing,Input & Interaction Techniques,2013,23,170
105,Hand Input & Gesture Sensing,Input & Interaction Techniques,2014,30,248
105,Hand Input & Gesture Sensing,Input & Interaction Techniques,2015,46,431
105,Hand Input & Gesture Sensing,Input & Interaction Techniques,2016,57,544
105,Hand Input & Gesture Sensing,Input & Interaction Techniques,2017,53,641
105,Hand Input & Gesture Sensing,Input & Interaction Techniques,2018,73,842
105,Hand Input & Gesture Sensing,Input & Interaction Techniques,2019,61,914
105,Hand Input & Gesture Sensing,Input & Interaction Techniques,2020,48,904
105,Hand Input & Gesture Sensing,Input & Interaction Techniques,2021,56,1064
105,Hand Input & Gesture Sensing,Input & Interaction Techniques,2022,63,1131
105,Hand Input & Gesture Sensing,Input & Interaction Techniques,2023,73,1418
105,Hand Input & Gesture Sensing,Input & Interaction Techniques,2024,80,1318
105,Hand Input & Gesture Sensing,Input & Interaction Techniques,2025,67,1496
105,Hand Input & Gesture Sensing,Input & Interaction Techniques,2026,32,638
106,Touch & Multi-touch Input,Input & Interaction Techniques,1983,1,0
106,Touch & Multi-touch Input,Input & Interaction Techniques,1985,1,0
106,Touch & Multi-touch Input,Input & Interaction Techniques,1986,3,3
106,Touch & Multi-touch Input,Input & Interaction Techniques,1989,0,1
106,Touch & Multi-touch Input,Input & Interaction Techniques,1990,2,0
106,Touch & Multi-touch Input,Input & Interaction Techniques,1992,2,3
106,Touch & Multi-touch Input,Input & Interaction Techniques,1993,0,2
106,Touch & Multi-touch Input,Input & Interaction Techniques,1994,3,5
106,Touch & Multi-touch Input,Input & Interaction Techniques,1995,2,4
106,Touch & Multi-touch Input,Input & Interaction Techniques,1996,4,7
106,Touch & Multi-touch Input,Input & Interaction Techniques,1997,6,15
106,Touch & Multi-touch Input,Input & Interaction Techniques,1998,8,25
106,Touch & Multi-touch Input,Input & Interaction Techniques,1999,10,47
106,Touch & Multi-touch Input,Input & Interaction Techniques,2000,11,58
106,Touch & Multi-touch Input,Input & Interaction Techniques,2001,4,17
106,Touch & Multi-touch Input,Input & Interaction Techniques,2002,6,41
106,Touch & Multi-touch Input,Input & Interaction Techniques,2003,6,41
106,Touch & Multi-touch Input,Input & Interaction Techniques,2004,5,44
106,Touch & Multi-touch Input,Input & Interaction Techniques,2005,11,72
106,Touch & Multi-touch Input,Input & Interaction Techniques,2006,14,106
106,Touch & Multi-touch Input,Input & Interaction Techniques,2007,13,131
106,Touch & Multi-touch Input,Input & Interaction Techniques,2008,15,169
106,Touch & Multi-touch Input,Input & Interaction Techniques,2009,20,168
106,Touch & Multi-touch Input,Input & Interaction Techniques,2010,27,222
106,Touch & Multi-touch Input,Input & Interaction Techniques,2011,29,320
106,Touch & Multi-touch Input,Input & Interaction Techniques,2012,24,339
106,Touch & Multi-touch Input,Input & Interaction Techniques,2013,29,373
106,Touch & Multi-touch Input,Input & Interaction Techniques,2014,51,457
106,Touch & Multi-touch Input,Input & Interaction Techniques,2015,27,322
106,Touch & Multi-touch Input,Input & Interaction Techniques,2016,27,400
106,Touch & Multi-touch Input,Input & Interaction Techniques,2017,33,527
106,Touch & Multi-touch Input,Input & Interaction Techniques,2018,19,564
106,Touch & Multi-touch Input,Input & Interaction Techniques,2019,23,503
106,Touch & Multi-touch Input,Input & Interaction Techniques,2020,25,465
106,Touch & Multi-touch Input,Input & Interaction Techniques,2021,17,489
106,Touch & Multi-touch Input,Input & Interaction Techniques,2022,11,385
106,Touch & Multi-touch Input,Input & Interaction Techniques,2023,15,409
106,Touch & Multi-touch Input,Input & Interaction Techniques,2024,17,355
106,Touch & Multi-touch Input,Input & Interaction Techniques,2025,10,382
106,Touch & Multi-touch Input,Input & Interaction Techniques,2026,5,163
107,Pointing & Target Selection,Input & Interaction Techniques,1988,1,0
107,Pointing & Target Selection,Input & Interaction Techniques,1990,4,1
107,Pointing & Target Selection,Input & Interaction Techniques,1991,4,2
107,Pointing & Target Selection,Input & Interaction Techniques,1992,5,10
107,Pointing & Target Selection,Input & Interaction Techniques,1993,0,2
107,Pointing & Target Selection,Input & Interaction Techniques,1994,2,10
107,Pointing & Target Selection,Input & Interaction Techniques,1995,2,6
107,Pointing & Target Selection,Input & Interaction Techniques,1996,3,5
107,Pointing & Target Selection,Input & Interaction Techniques,1997,3,5
107,Pointing & Target Selection,Input & Interaction Techniques,1998,4,16
107,Pointing & Target Selection,Input & Interaction Techniques,1999,2,13
107,Pointing & Target Selection,Input & Interaction Techniques,2000,7,22
107,Pointing & Target Selection,Input & Interaction Techniques,2001,5,20
107,Pointing & Target Selection,Input & Interaction Techniques,2002,4,23
107,Pointing & Target Selection,Input & Interaction Techniques,2003,6,34
107,Pointing & Target Selection,Input & Interaction Techniques,2004,6,31
107,Pointing & Target Selection,Input & Interaction Techniques,2005,8,58
107,Pointing & Target Selection,Input & Interaction Techniques,2006,5,65
107,Pointing & Target Selection,Input & Interaction Techniques,2007,10,112
107,Pointing & Target Selection,Input & Interaction Techniques,2008,16,114
107,Pointing & Target Selection,Input & Interaction Techniques,2009,12,136
107,Pointing & Target Selection,Input & Interaction Techniques,2010,15,176
107,Pointing & Target Selection,Input & Interaction Techniques,2011,23,231
107,Pointing & Target Selection,Input & Interaction Techniques,2012,13,148
107,Pointing & Target Selection,Input & Interaction Techniques,2013,13,160
107,Pointing & Target Selection,Input & Interaction Techniques,2014,17,219
107,Pointing & Target Selection,Input & Interaction Techniques,2015,16,161
107,Pointing & Target Selection,Input & Interaction Techniques,2016,13,204
107,Pointing & Target Selection,Input & Interaction Techniques,2017,15,209
107,Pointing & Target Selection,Input & Interaction Techniques,2018,20,280
107,Pointing & Target Selection,Input & Interaction Techniques,2019,18,285
107,Pointing & Target Selection,Input & Interaction Techniques,2020,21,323
107,Pointing & Target Selection,Input & Interaction Techniques,2021,24,364
107,Pointing & Target Selection,Input & Interaction Techniques,2022,25,447
107,Pointing & Target Selection,Input & Interaction Techniques,2023,21,392
107,Pointing & Target Selection,Input & Interaction Techniques,2024,22,451
107,Pointing & Target Selection,Input & Interaction Techniques,2025,22,323
107,Pointing & Target Selection,Input & Interaction Techniques,2026,14,259
108,Gaze & Eye Tracking,Input & Interaction Techniques,1982,1,0
108,Gaze & Eye Tracking,Input & Interaction Techniques,1985,1,0
108,Gaze & Eye Tracking,Input & Interaction Techniques,1986,2,0
108,Gaze & Eye Tracking,Input & Interaction Techniques,1988,2,0
108,Gaze & Eye Tracking,Input & Interaction Techniques,1989,5,6
108,Gaze & Eye Tracking,Input & Interaction Techniques,1990,3,11
108,Gaze & Eye Tracking,Input & Interaction Techniques,1991,3,12
108,Gaze & Eye Tracking,Input & Interaction Techniques,1992,5,21
108,Gaze & Eye Tracking,Input & Interaction Techniques,1993,0,1
108,Gaze & Eye Tracking,Input & Interaction Techniques,1994,3,8
108,Gaze & Eye Tracking,Input & Interaction Techniques,1995,3,22
108,Gaze & Eye Tracking,Input & Interaction Techniques,1996,5,11
108,Gaze & Eye Tracking,Input & Interaction Techniques,1997,2,8
108,Gaze & Eye Tracking,Input & Interaction Techniques,1998,5,1
108,Gaze & Eye Tracking,Input & Interaction Techniques,1999,3,12
108,Gaze & Eye Tracking,Input & Interaction Techniques,2000,5,23
108,Gaze & Eye Tracking,Input & Interaction Techniques,2001,1,7
108,Gaze & Eye Tracking,Input & Interaction Techniques,2002,2,18
108,Gaze & Eye Tracking,Input & Interaction Techniques,2003,1,9
108,Gaze & Eye Tracking,Input & Interaction Techniques,2004,5,13
108,Gaze & Eye Tracking,Input & Interaction Techniques,2005,5,34
108,Gaze & Eye Tracking,Input & Interaction Techniques,2006,4,21
108,Gaze & Eye Tracking,Input & Interaction Techniques,2007,2,15
108,Gaze & Eye Tracking,Input & Interaction Techniques,2008,5,36
108,Gaze & Eye Tracking,Input & Interaction Techniques,2009,5,23
108,Gaze & Eye Tracking,Input & Interaction Techniques,2010,5,38
108,Gaze & Eye Tracking,Input & Interaction Techniques,2011,8,34
108,Gaze & Eye Tracking,Input & Interaction Techniques,2012,15,50
108,Gaze & Eye Tracking,Input & Interaction Techniques,2013,13,61
108,Gaze & Eye Tracking,Input & Interaction Techniques,2014,11,67
108,Gaze & Eye Tracking,Input & Interaction Techniques,2015,22,100
108,Gaze & Eye Tracking,Input & Interaction Techniques,2016,20,146
108,Gaze & Eye Tracking,Input & Interaction Techniques,2017,23,220
108,Gaze & Eye Tracking,Input & Interaction Techniques,2018,16,223
108,Gaze & Eye Tracking,Input & Interaction Techniques,2019,27,308
108,Gaze & Eye Tracking,Input & Interaction Techniques,2020,16,278
108,Gaze & Eye Tracking,Input & Interaction Techniques,2021,20,266
108,Gaze & Eye Tracking,Input & Interaction Techniques,2022,23,350
108,Gaze & Eye Tracking,Input & Interaction Techniques,2023,24,343
108,Gaze & Eye Tracking,Input & Interaction Techniques,2024,34,513
108,Gaze & Eye Tracking,Input & Interaction Techniques,2025,33,508
108,Gaze & Eye Tracking,Input & Interaction Techniques,2026,27,351
109,Text Entry,Input & Interaction Techniques,1982,1,0
109,Text Entry,Input & Interaction Techniques,1985,1,0
109,Text Entry,Input & Interaction Techniques,1986,0,1
109,Text Entry,Input & Interaction Techniques,1988,1,0
109,Text Entry,Input & Interaction Techniques,1989,0,1
109,Text Entry,Input & Interaction Techniques,1991,1,0
109,Text Entry,Input & Interaction Techniques,1992,1,1
109,Text Entry,Input & Interaction Techniques,1994,3,1
109,Text Entry,Input & Interaction Techniques,1995,1,1
109,Text Entry,Input & Interaction Techniques,1996,1,0
109,Text Entry,Input & Interaction Techniques,1997,2,2
109,Text Entry,Input & Interaction Techniques,1998,5,1
109,Text Entry,Input & Interaction Techniques,1999,4,3
109,Text Entry,Input & Interaction Techniques,2000,5,17
109,Text Entry,Input & Interaction Techniques,2001,6,16
109,Text Entry,Input & Interaction Techniques,2002,6,22
109,Text Entry,Input & Interaction Techniques,2003,6,25
109,Text Entry,Input & Interaction Techniques,2004,6,34
109,Text Entry,Input & Interaction Techniques,2005,6,23
109,Text Entry,Input & Interaction Techniques,2006,11,49
109,Text Entry,Input & Interaction Techniques,2007,9,51
109,Text Entry,Input & Interaction Techniques,2008,14,52
109,Text Entry,Input & Interaction Techniques,2009,8,41
109,Text Entry,Input & Interaction Techniques,2010,13,71
109,Text Entry,Input & Interaction Techniques,2011,8,67
109,Text Entry,Input & Interaction Techniques,2012,14,101
109,Text Entry,Input & Interaction Techniques,2013,15,124
109,Text Entry,Input & Interaction Techniques,2014,20,133
109,Text Entry,Input & Interaction Techniques,2015,17,176
109,Text Entry,Input & Interaction Techniques,2016,20,234
109,Text Entry,Input & Interaction Techniques,2017,16,232
109,Text Entry,Input & Interaction Techniques,2018,21,325
109,Text Entry,Input & Interaction Techniques,2019,25,402
109,Text Entry,Input & Interaction Techniques,2020,20,404
109,Text Entry,Input & Interaction Techniques,2021,21,412
109,Text Entry,Input & Interaction Techniques,2022,16,476
109,Text Entry,Input & Interaction Techniques,2023,26,481
109,Text Entry,Input & Interaction Techniques,2024,14,362
109,Text Entry,Input & Interaction Techniques,2025,21,523
109,Text Entry,Input & Interaction Techniques,2026,7,178
110,Fisheye & Scrolling Techniques,Input & Interaction Techniques,1983,1,0
110,Fisheye & Scrolling Techniques,Input & Interaction Techniques,1986,1,0
110,Fisheye & Scrolling Techniques,Input & Interaction Techniques,1988,2,1
110,Fisheye & Scrolling Techniques,Input & Interaction Techniques,1989,3,0
110,Fisheye & Scrolling Techniques,Input & Interaction Techniques,1990,4,3
110,Fisheye & Scrolling Techniques,Input & Interaction Techniques,1991,8,17
110,Fisheye & Scrolling Techniques,Input & Interaction Techniques,1992,8,21
110,Fisheye & Scrolling Techniques,Input & Interaction Techniques,1993,5,24
110,Fisheye & Scrolling Techniques,Input & Interaction Techniques,1994,12,40
110,Fisheye & Scrolling Techniques,Input & Interaction Techniques,1995,11,70
110,Fisheye & Scrolling Techniques,Input & Interaction Techniques,1996,11,43
110,Fisheye & Scrolling Techniques,Input & Interaction Techniques,1997,7,28
110,Fisheye & Scrolling Techniques,Input & Interaction Techniques,1998,12,51
110,Fisheye & Scrolling Techniques,Input & Interaction Techniques,1999,9,47
110,Fisheye & Scrolling Techniques,Input & Interaction Techniques,2000,9,51
110,Fisheye & Scrolling Techniques,Input & Interaction Techniques,2001,12,69
110,Fisheye & Scrolling Techniques,Input & Interaction Techniques,2002,13,83
110,Fisheye & Scrolling Techniques,Input & Interaction Techniques,2003,9,56
110,Fisheye & Scrolling Techniques,Input & Interaction Techniques,2004,16,83
110,Fisheye & Scrolling Techniques,Input & Interaction Techniques,2005,11,82
110,Fisheye & Scrolling Techniques,Input & Interaction Techniques,2006,13,122
110,Fisheye & Scrolling Techniques,Input & Interaction Techniques,2007,10,89
110,Fisheye & Scrolling Techniques,Input & Interaction Techniques,2008,19,142
110,Fisheye & Scrolling Techniques,Input & Interaction Techniques,2009,9,78
110,Fisheye & Scrolling Techniques,Input & Interaction Techniques,2010,9,68
110,Fisheye & Scrolling Techniques,Input & Interaction Techniques,2011,11,85
110,Fisheye & Scrolling Techniques,Input & Interaction Techniques,2012,11,102
110,Fisheye & Scrolling Techniques,Input & Interaction Techniques,2013,8,100
110,Fisheye & Scrolling Techniques,Input & Interaction Techniques,2014,12,128
110,Fisheye & Scrolling Techniques,Input & Interaction Techniques,2015,4,66
110,Fisheye & Scrolling Techniques,Input & Interaction Techniques,2016,7,93
110,Fisheye & Scrolling Techniques,Input & Interaction Techniques,2017,8,112
110,Fisheye & Scrolling Techniques,Input & Interaction Techniques,2018,6,96
110,Fisheye & Scrolling Techniques,Input & Interaction Techniques,2019,3,81
110,Fisheye & Scrolling Techniques,Input & Interaction Techniques,2020,2,65
110,Fisheye & Scrolling Techniques,Input & Interaction Techniques,2021,1,72
110,Fisheye & Scrolling Techniques,Input & Interaction Techniques,2022,3,67
110,Fisheye & Scrolling Techniques,Input & Interaction Techniques,2023,7,96
110,Fisheye & Scrolling Techniques,Input & Interaction Techniques,2024,3,57
110,Fisheye & Scrolling Techniques,Input & Interaction Techniques,2025,1,60
110,Fisheye & Scrolling Techniques,Input & Interaction Techniques,2026,3,50
111,Cross-device & Large Displays,Input & Interaction Techniques,1985,1,0
111,Cross-device & Large Displays,Input & Interaction Techniques,1992,1,0
111,Cross-device & Large Displays,Input & Interaction Techniques,1994,0,1
111,Cross-device & Large Displays,Input & Interaction Techniques,1996,1,0
111,Cross-device & Large Displays,Input & Interaction Techniques,1997,1,1
111,Cross-device & Large Displays,Input & Interaction Techniques,1998,2,8
111,Cross-device & Large Displays,Input & Interaction Techniques,1999,2,12
111,Cross-device & Large Displays,Input & Interaction Techniques,2000,2,12
111,Cross-device & Large Displays,Input & Interaction Techniques,2001,7,27
111,Cross-device & Large Displays,Input & Interaction Techniques,2002,7,18
111,Cross-device & Large Displays,Input & Interaction Techniques,2003,7,37
111,Cross-device & Large Displays,Input & Interaction Techniques,2004,6,51
111,Cross-device & Large Displays,Input & Interaction Techniques,2005,7,48
111,Cross-device & Large Displays,Input & Interaction Techniques,2006,9,55
111,Cross-device & Large Displays,Input & Interaction Techniques,2007,8,57
111,Cross-device & Large Displays,Input & Interaction Techniques,2008,11,63
111,Cross-device & Large Displays,Input & Interaction Techniques,2009,6,72
111,Cross-device & Large Displays,Input & Interaction Techniques,2010,11,88
111,Cross-device & Large Displays,Input & Interaction Techniques,2011,19,115
111,Cross-device & Large Displays,Input & Interaction Techniques,2012,12,117
111,Cross-device & Large Displays,Input & Interaction Techniques,2013,15,107
111,Cross-device & Large Displays,Input & Interaction Techniques,2014,20,167
111,Cross-device & Large Displays,Input & Interaction Techniques,2015,20,215
111,Cross-device & Large Displays,Input & Interaction Techniques,2016,14,204
111,Cross-device & Large Displays,Input & Interaction Techniques,2017,20,248
111,Cross-device & Large Displays,Input & Interaction Techniques,2018,18,291
111,Cross-device & Large Displays,Input & Interaction Techniques,2019,5,329
111,Cross-device & Large Displays,Input & Interaction Techniques,2020,10,277
111,Cross-device & Large Displays,Input & Interaction Techniques,2021,9,224
111,Cross-device & Large Displays,Input & Interaction Techniques,2022,6,227
111,Cross-device & Large Displays,Input & Interaction Techniques,2023,8,277
111,Cross-device & Large Displays,Input & Interaction Techniques,2024,8,146
111,Cross-device & Large Displays,Input & Interaction Techniques,2025,6,172
111,Cross-device & Large Displays,Input & Interaction Techniques,2026,1,66
112,Gesture Elicitation & Recognition,Input & Interaction Techniques,1981,1,0
112,Gesture Elicitation & Recognition,Input & Interaction Techniques,1982,1,0
112,Gesture Elicitation & Recognition,Input & Interaction Techniques,1983,1,0
112,Gesture Elicitation & Recognition,Input & Interaction Techniques,1985,1,0
112,Gesture Elicitation & Recognition,Input & Interaction Techniques,1986,1,2
112,Gesture Elicitation & Recognition,Input & Interaction Techniques,1991,1,2
112,Gesture Elicitation & Recognition,Input & Interaction Techniques,1995,1,1
112,Gesture Elicitation & Recognition,Input & Interaction Techniques,1996,0,2
112,Gesture Elicitation & Recognition,Input & Interaction Techniques,1999,1,1
112,Gesture Elicitation & Recognition,Input & Interaction Techniques,2000,2,8
112,Gesture Elicitation & Recognition,Input & Interaction Techniques,2001,3,0
112,Gesture Elicitation & Recognition,Input & Interaction Techniques,2002,0,3
112,Gesture Elicitation & Recognition,Input & Interaction Techniques,2003,2,4
112,Gesture Elicitation & Recognition,Input & Interaction Techniques,2004,2,12
112,Gesture Elicitation & Recognition,Input & Interaction Techniques,2005,3,3
112,Gesture Elicitation & Recognition,Input & Interaction Techniques,2006,2,5
112,Gesture Elicitation & Recognition,Input & Interaction Techniques,2007,7,16
112,Gesture Elicitation & Recognition,Input & Interaction Techniques,2008,2,20
112,Gesture Elicitation & Recognition,Input & Interaction Techniques,2009,2,21
112,Gesture Elicitation & Recognition,Input & Interaction Techniques,2010,9,27
112,Gesture Elicitation & Recognition,Input & Interaction Techniques,2011,8,45
112,Gesture Elicitation & Recognition,Input & Interaction Techniques,2012,20,88
112,Gesture Elicitation & Recognition,Input & Interaction Techniques,2013,14,102
112,Gesture Elicitation & Recognition,Input & Interaction Techniques,2014,17,104
112,Gesture Elicitation & Recognition,Input & Interaction Techniques,2015,8,69
112,Gesture Elicitation & Recognition,Input & Interaction Techniques,2016,11,112
112,Gesture Elicitation & Recognition,Input & Interaction Techniques,2017,14,152
112,Gesture Elicitation & Recognition,Input & Interaction Techniques,2018,21,204
112,Gesture Elicitation & Recognition,Input & Interaction Techniques,2019,15,205
112,Gesture Elicitation & Recognition,Input & Interaction Techniques,2020,11,182
112,Gesture Elicitation & Recognition,Input & Interaction Techniques,2021,8,178
112,Gesture Elicitation & Recognition,Input & Interaction Techniques,2022,16,342
112,Gesture Elicitation & Recognition,Input & Interaction Techniques,2023,14,257
112,Gesture Elicitation & Recognition,Input & Interaction Techniques,2024,7,157
112,Gesture Elicitation & Recognition,Input & Interaction Techniques,2025,15,236
112,Gesture Elicitation & Recognition,Input & Interaction Techniques,2026,8,163
113,Mixed Reality Systems,Input & Interaction Techniques,1991,1,0
113,Mixed Reality Systems,Input & Interaction Techniques,1993,1,1
113,Mixed Reality Systems,Input & Interaction Techniques,1994,0,2
113,Mixed Reality Systems,Input & Interaction Techniques,1995,1,2
113,Mixed Reality Systems,Input & Interaction Techniques,1996,0,2
113,Mixed Reality Systems,Input & Interaction Techniques,1997,0,2
113,Mixed Reality Systems,Input & Interaction Techniques,1999,0,3
113,Mixed Reality Systems,Input & Interaction Techniques,2000,1,1
113,Mixed Reality Systems,Input & Interaction Techniques,2001,2,5
113,Mixed Reality Systems,Input & Interaction Techniques,2002,1,5
113,Mixed Reality Systems,Input & Interaction Techniques,2003,0,4
113,Mixed Reality Systems,Input & Interaction Techniques,2004,2,4
113,Mixed Reality Systems,Input & Interaction Techniques,2005,1,0
113,Mixed Reality Systems,Input & Interaction Techniques,2006,1,3
113,Mixed Reality Systems,Input & Interaction Techniques,2007,2,4
113,Mixed Reality Systems,Input & Interaction Techniques,2008,2,7
113,Mixed Reality Systems,Input & Interaction Techniques,2009,2,3
113,Mixed Reality Systems,Input & Interaction Techniques,2010,5,10
113,Mixed Reality Systems,Input & Interaction Techniques,2011,4,11
113,Mixed Reality Systems,Input & Interaction Techniques,2012,1,12
113,Mixed Reality Systems,Input & Interaction Techniques,2013,2,12
113,Mixed Reality Systems,Input & Interaction Techniques,2014,6,22
113,Mixed Reality Systems,Input & Interaction Techniques,2015,5,24
113,Mixed Reality Systems,Input & Interaction Techniques,2016,10,35
113,Mixed Reality Systems,Input & Interaction Techniques,2017,8,39
113,Mixed Reality Systems,Input & Interaction Techniques,2018,9,59
113,Mixed Reality Systems,Input & Interaction Techniques,2019,16,70
113,Mixed Reality Systems,Input & Interaction Techniques,2020,12,99
113,Mixed Reality Systems,Input & Interaction Techniques,2021,20,163
113,Mixed Reality Systems,Input & Interaction Techniques,2022,17,191
113,Mixed Reality Systems,Input & Interaction Techniques,2023,26,337
113,Mixed Reality Systems,Input & Interaction Techniques,2024,29,419
113,Mixed Reality Systems,Input & Interaction Techniques,2025,22,380
113,Mixed Reality Systems,Input & Interaction Techniques,2026,20,291
114,Menus & Command Selection,Input & Interaction Techniques,1982,3,0
114,Menus & Command Selection,Input & Interaction Techniques,1983,2,1
114,Menus & Command Selection,Input & Interaction Techniques,1985,1,1
114,Menus & Command Selection,Input & Interaction Techniques,1986,1,1
114,Menus & Command Selection,Input & Interaction Techniques,1988,4,4
114,Menus & Command Selection,Input & Interaction Techniques,1989,1,1
114,Menus & Command Selection,Input & Interaction Techniques,1990,0,1
114,Menus & Command Selection,Input & Interaction Techniques,1991,1,1
114,Menus & Command Selection,Input & Interaction Techniques,1992,2,3
114,Menus & Command Selection,Input & Interaction Techniques,1993,0,1
114,Menus & Command Selection,Input & Interaction Techniques,1994,3,11
114,Menus & Command Selection,Input & Interaction Techniques,1995,3,10
114,Menus & Command Selection,Input & Interaction Techniques,1996,1,9
114,Menus & Command Selection,Input & Interaction Techniques,1997,3,7
114,Menus & Command Selection,Input & Interaction Techniques,1998,4,8
114,Menus & Command Selection,Input & Interaction Techniques,1999,5,14
114,Menus & Command Selection,Input & Interaction Techniques,2000,1,26
114,Menus & Command Selection,Input & Interaction Techniques,2001,2,10
114,Menus & Command Selection,Input & Interaction Techniques,2002,3,17
114,Menus & Command Selection,Input & Interaction Techniques,2003,1,17
114,Menus & Command Selection,Input & Interaction Techniques,2004,4,20
114,Menus & Command Selection,Input & Interaction Techniques,2005,2,22
114,Menus & Command Selection,Input & Interaction Techniques,2006,4,31
114,Menus & Command Selection,Input & Interaction Techniques,2007,5,54
114,Menus & Command Selection,Input & Interaction Techniques,2008,6,48
114,Menus & Command Selection,Input & Interaction Techniques,2009,6,46
114,Menus & Command Selection,Input & Interaction Techniques,2010,5,50
114,Menus & Command Selection,Input & Interaction Techniques,2011,8,38
114,Menus & Command Selection,Input & Interaction Techniques,2012,8,72
114,Menus & Command Selection,Input & Interaction Techniques,2013,15,127
114,Menus & Command Selection,Input & Interaction Techniques,2014,9,99
114,Menus & Command Selection,Input & Interaction Techniques,2015,5,69
114,Menus & Command Selection,Input & Interaction Techniques,2016,6,89
114,Menus & Command Selection,Input & Interaction Techniques,2017,9,136
114,Menus & Command Selection,Input & Interaction Techniques,2018,13,170
114,Menus & Command Selection,Input & Interaction Techniques,2019,10,141
114,Menus & Command Selection,Input & Interaction Techniques,2020,10,203
114,Menus & Command Selection,Input & Interaction Techniques,2021,7,161
114,Menus & Command Selection,Input & Interaction Techniques,2022,4,173
114,Menus & Command Selection,Input & Interaction Techniques,2023,3,87
114,Menus & Command Selection,Input & Interaction Techniques,2024,2,114
114,Menus & Command Selection,Input & Interaction Techniques,2025,4,78
114,Menus & Command Selection,Input & Interaction Techniques,2026,2,67
115,Multimodal Speech Input,Input & Interaction Techniques,1989,1,0
115,Multimodal Speech Input,Input & Interaction Techniques,1992,0,2
115,Multimodal Speech Input,Input & Interaction Techniques,1994,0,2
115,Multimodal Speech Input,Input & Interaction Techniques,1996,3,1
115,Multimodal Speech Input,Input & Interaction Techniques,1997,1,4
115,Multimodal Speech Input,Input & Interaction Techniques,1998,5,5
115,Multimodal Speech Input,Input & Interaction Techniques,1999,1,2
115,Multimodal Speech Input,Input & Interaction Techniques,2000,4,3
115,Multimodal Speech Input,Input & Interaction Techniques,2001,1,3
115,Multimodal Speech Input,Input & Interaction Techniques,2002,4,11
115,Multimodal Speech Input,Input & Interaction Techniques,2003,1,4
115,Multimodal Speech Input,Input & Interaction Techniques,2004,2,6
115,Multimodal Speech Input,Input & Interaction Techniques,2005,9,29
115,Multimodal Speech Input,Input & Interaction Techniques,2006,3,17
115,Multimodal Speech Input,Input & Interaction Techniques,2007,3,14
115,Multimodal Speech Input,Input & Interaction Techniques,2008,5,19
115,Multimodal Speech Input,Input & Interaction Techniques,2009,3,14
115,Multimodal Speech Input,Input & Interaction Techniques,2010,2,6
115,Multimodal Speech Input,Input & Interaction Techniques,2011,2,17
115,Multimodal Speech Input,Input & Interaction Techniques,2012,2,2
115,Multimodal Speech Input,Input & Interaction Techniques,2013,4,14
115,Multimodal Speech Input,Input & Interaction Techniques,2014,2,7
115,Multimodal Speech Input,Input & Interaction Techniques,2015,1,7
115,Multimodal Speech Input,Input & Interaction Techniques,2016,0,5
115,Multimodal Speech Input,Input & Interaction Techniques,2017,0,11
115,Multimodal Speech Input,Input & Interaction Techniques,2018,0,6
115,Multimodal Speech Input,Input & Interaction Techniques,2019,0,11
115,Multimodal Speech Input,Input & Interaction Techniques,2020,1,24
115,Multimodal Speech Input,Input & Interaction Techniques,2021,0,14
115,Multimodal Speech Input,Input & Interaction Techniques,2022,1,27
115,Multimodal Speech Input,Input & Interaction Techniques,2023,0,11
115,Multimodal Speech Input,Input & Interaction Techniques,2024,1,8
115,Multimodal Speech Input,Input & Interaction Techniques,2025,3,19
115,Multimodal Speech Input,Input & Interaction Techniques,2026,1,5
