burst_year,openalex_id,title,published,source,type,cites_3y,rate_3y_per_1000,prior_rate,total_cites
1982,W2000919228,Computer text-editing: An information-processing analysis of a routine cognitive,1980,Cognitive Psychology,other,11,52.99,0.0,20
1982,W2081428746,The keystroke-level model for user performance time with interactive systems,1980,Communications of the ACM,technology,10,47.34,0.0,89
1986,W2144310369,Creating highly-interactive and graphical user interfaces by demonstration,1986,ACM SIGGRAPH Computer Graphics,other,11,32.95,0.0,30
1988,W2053978297,The X window system,1986,ACM Transactions on Graphics,technology,14,44.68,0.0,32
1988,W1603256735,User Interface Management Systems,1985,,technology,14,44.19,6.8,26
1988,W2115647291,Direct Manipulation Interfaces,1985,Human-Computer Interaction,hci,14,43.83,3.4,135
1988,W2158046522,Hypertext: An Introduction and Survey,1987,Computer,other,11,36.12,0.0,32
1988,W2158685692,Designing the user interface: Strategies for effective human-computer interactio,1993,Applied Ergonomics,other,10,31.61,0.0,121
1989,W2033337919,Composing user interfaces with InterViews,1989,Computer,method,16,46.2,0.0,44
1990,W2045328215,Human-computer interface development: concepts and systems for its management,1989,ACM Computing Surveys,technology,12,25.62,0.0,18
1990,W1573665760,EuroPARC's integrated interactive intermedia facility (IIIF): early experiences,1990,,book/other,11,21.29,0.0,17
1990,W2160474898,Commune: a shared drawing surface,1990,Proceedings of the ACM SIGOIS and IEEE C,other,11,19.78,0.0,19
1991,W2065131671,"Garnet: comprehensive support for graphical, highly interactive user interfaces",1990,Computer,other,21,57.28,0.0,58
1991,W1972098965,Groupware: some issues and experiences,1991,Communications of the ACM,other,15,21.74,0.0,83
1992,W1984156354,Electronic meeting systems,1991,Communications of the ACM,technology,10,15.68,0.0,28
1993,W2011317649,Information visualization using 3D interactive animation,1993,Communications of the ACM,other,10,30.98,0.0,31
1993,W1492324553,Watch what I do: programming by demonstration,1993,Medical Entomology and Zoology,book/other,10,25.51,0.0,128
1994,W2102337314,Visual information seeking,1994,Proceedings of the SIGCHI Conference on ,hci,13,25.53,0.0,56
1994,W2342091124,Usability Engineering,1993,,book/other,12,23.94,3.75,175
1994,W2020073674,Media spaces,1993,Communications of the ACM,other,13,23.35,1.87,119
1994,W2134342348,Tcl and the Tk Toolkit,1994,,technology,12,21.85,0.0,25
1994,W93247917,Designing the user interface (2nd ed.): strategies for effective human-computer ,1992,"Addison-Wesley Longman Publishing Co., I",book/other,10,21.32,4.0,49
1994,W1968211101,Interacting with paper on the DigitalDesk,1993,Communications of the ACM,other,10,19.59,0.0,150
1994,W1522006088,A small matter of programming: perspectives on end user computing,1994,Choice Reviews Online,other,10,19.5,0.0,57
1994,W2141682228,The user-centered iterative design of collaborative writing software,1993,Proceedings of the SIGCHI conference on ,hci,10,18.96,0.0,33
1996,W2113609601,Agents that reduce work and information overload,1994,Communications of the ACM,other,14,20.07,0.0,61
1996,W1607919980,Workflow From Within and Without: Technology and Cooperative Work on the Print I,1995,Proceedings of the Fourth European Confe,hci,13,18.34,0.0,49
1997,W2049348296,Augmenting real-world objects,1996,Conference companion on Human factors in,hci,12,23.39,0.0,24
1997,W2096607457,The Amulet environment: new models for effective user interface software develop,1997,IEEE Transactions on Software Engineerin,other,10,19.15,0.0,37
1997,W2162077280,Letizia: an agent that assists web browsing,1995,,book/other,10,14.84,0.0,31
1998,W1841352775,"The media equation: how people treat computers, television, and new media like r",1997,Choice Reviews Online,theory,14,21.07,0.0,147
1999,W2168443748,Fitts' Law as a Research and Design Tool in Human-Computer Interaction,1992,Human-Computer Interaction,hci,16,32.2,6.32,218
1999,W1516293359,Readings in Information Visualization: Using Vision to Think,1999,,book/other,11,19.97,3.66,98
1999,W1500842519,Contextual Design: Defining Customer-Centered Systems,1997,,technology,14,19.89,0.0,242
2000,W2158451634,The Adoption and Use of ‘Babble’: A Field Study of Chat in the Workplace,1999,ECSCW’ 99,hci,12,13.38,0.0,31
2001,W1515685044,The Aware Home: A Living Laboratory for Ubiquitous Computing Research,1999,Lecture notes in computer science,other,11,16.53,0.0,44
2001,W216945601,Embodied Conversational Agents,2000,The MIT Press eBooks,book/other,11,15.35,0.0,43
2001,W1538198148,y do tngrs luv 2 txt msg?,2005,Kluwer Academic Publishers eBooks,book/other,13,15.2,0.0,43
2001,W2163419627,A Conceptual Framework and a Toolkit for Supporting the Rapid Prototyping of Con,2001,Human-Computer Interaction,hci,11,14.57,0.0,88
2002,W2158707444,DiamondTouch,2001,Proceedings of the 14th annual ACM sympo,hci,18,18.61,0.0,192
2002,W1994610034,Fluid interaction with high-resolution wall-size displays,2001,Proceedings of the 14th annual ACM sympo,hci,16,17.5,0.0,49
2002,W4299894484,Fluid interaction with high-resolution wall-size displays,2001,Proceedings of the 14th annual ACM sympo,hci,15,16.11,0.0,47
2002,W2026669942,E-mail as habitat,2001,interactions,hci,13,13.58,0.0,47
2002,W2128587884,Implementing a sentient computing system,2001,Computer,technology,10,10.82,0.0,21
2003,W3136686138,An Evaluation of WebTwig — A Site Outliner for Handheld Web Access,1999,Lecture notes in computer science,other,14,16.54,0.0,18
2003,W2108134421,At Home with Ubiquitous Computing: Seven Challenges,2001,,book/other,11,12.88,0.0,78
2003,W2141837194,Control menus,2000,CHI '00 Extended Abstracts on Human Fact,hci,10,12.65,1.12,33
2003,W2138879556,"Text Entry for Mobile Computing: Models and Methods, Theory and Practice",2002,Human-Computer Interaction,hci,10,11.35,0.0,61
2004,W1594426410,Drag-and-pop and drag-and-pick : Techniques for accessing remote screen content ,2003,,technology,16,15.27,0.0,60
2004,W2130259926,Learning and reasoning about interruption,2003,Proceedings of the 5th international con,other,13,12.04,0.0,48
2004,W2106699456,Stitching,2004,Proceedings of the working conference on,other,10,9.99,0.0,60
2004,W1992665345,ActiveCampus: experiments in community-oriented ubiquitous computing,2004,Computer,other,10,9.96,0.0,18
2004,W2040244898,WinCuts,2004,CHI '04 Extended Abstracts on Human Fact,hci,10,9.02,0.0,50
2004,W8887994,Instant Messaging and Interruption: Influence of Task Type on Performance,2000,,book/other,10,8.63,0.0,37
2004,W2112175905,Stuff I've Seen,2016,ACM SIGIR Forum,other,10,8.45,0.0,47
2004,W2124956025,"System Guidelines for Co-located, Collaborative Work on a Tabletop Display",2003,ECSCW 2003,hci,10,7.85,0.0,53
2005,W2913524657,Pervasive Computing,2003,,book/other,20,17.39,0.0,47
2005,W2121868539,Place Lab: Device Positioning Using Radio Beacons in the Wild,2005,Lecture notes in computer science,other,21,17.31,0.0,54
2005,W4250633719,Stuff I've seen,2003,Proceedings of the 26th annual internati,other,18,14.26,2.62,43
2005,W1490325621,Social Disclosure of Place: From Location Technology to Communication Practices,2005,Lecture notes in computer science,other,11,10.05,0.0,25
2005,W2166695765,TouchLight,2004,Proceedings of the 6th international con,technology,10,8.91,0.0,39
2005,W2003637680,Inferring Activities from Interactions with Objects,2004,IEEE Pervasive Computing,hci,10,8.27,0.0,37
2005,W2098162425,An algorithm for suffix stripping,1980,Data Technologies and Applications,other,10,7.19,0.52,25
2006,W2009836421,Making by making strange,2005,ACM Transactions on Computer-Human Inter,other,18,11.14,0.0,157
2006,W2118028783,The drift table,2004,CHI '04 Extended Abstracts on Human Fact,hci,15,9.52,1.31,138
2006,W2017398389,Technology as Experience,2004,The MIT Press eBooks,theory,15,9.27,0.0,160
2006,W2141282920,Labeling images with a computer game,2004,Proceedings of the SIGCHI Conference on ,hci,13,8.76,0.0,125
2006,W2138134117,Making Space for Stories: Ambiguity in the Design of Personal Communication Syst,2005,arXiv (Cornell University),technology,14,8.53,0.0,40
2006,W2104836835,A taxonomy for and analysis of tangible interfaces,2004,Personal and Ubiquitous Computing,hci,13,8.18,0.0,65
2006,W950821216,Social Network Analysis,1994,Cambridge University Press eBooks,book/other,13,8.12,1.13,33
2006,W1570448133,Data Mining: Practical Machine Learning Tools and Techniques,2011,Elsevier eBooks,book/other,12,7.66,1.39,61
2006,W1586442777,Emotional design: why we love (or hate) everyday things,2004,Choice Reviews Online,other,11,7.37,1.31,54
2006,W2061901927,Social Network Analysis: Methods and Applications,1994,,book/other,11,7.07,1.29,38
2006,W4292199645,Technology as experience,2004,interactions,hci,11,6.95,0.0,124
2006,W2150434192,The Work to Make a Home Network Work,2006,ECSCW 2005,hci,10,6.61,0.0,52
2006,W2032933675,Token+constraint systems for tangible interaction with digital information,2005,ACM Transactions on Computer-Human Inter,technology,10,6.1,0.0,62
2006,W2102775690,Usage patterns of collaborative tagging systems,2006,Journal of Information Science,technology,10,5.8,0.0,33
2007,W2132764451,Becoming Wikipedian,2005,Proceedings of the 2005 international AC,other,12,6.81,0.0,131
2007,W2036114781,Csurf,2007,Proceedings of the 16th international co,other,10,6.39,0.0,20
2007,W2031484081,Social matching,2005,ACM Transactions on Computer-Human Inter,other,10,6.0,0.0,39
2007,W1972644898,Internet encyclopaedias go head to head,2005,Nature,other,10,5.61,0.0,24
2008,W2162514427,Sketching User Experiences: Getting the Design Right and the Right Design,2007,International Linear Collider,other,19,8.98,0.0,186
2008,W1500292394,Locating Family Values: A Field Trial of the Whereabouts Clock,2007,,book/other,18,8.52,0.0,64
2008,W2099556653,The Benefits of Facebook “Friends:” Social Capital and College Students’ Use of ,2007,Journal of Computer-Mediated Communicati,technology,19,8.45,0.0,167
2008,W2007232175,"Creating, destroying, and restoring value in wikipedia",2007,Proceedings of the 2007 international AC,other,16,7.4,0.0,39
2008,W2119828234,ManyEyes: a Site for Visualization at Internet Scale,2007,IEEE Transactions on Visualization and C,other,13,7.1,0.0,63
2008,W2070504353,Basics of qualitative research,1990,,method,15,6.59,1.25,60
2008,W2164777277,The Measurement of Observer Agreement for Categorical Data,1977,Biometrics,other,13,6.21,0.85,218
2008,W2138199375,The eyes have it: a task by data type taxonomy for information visualizations,2002,Proceedings 1996 IEEE Symposium on Visua,other,13,6.2,1.24,140
2008,W2036530198,Target size study for one-handed thumb use on small touchscreen devices,2006,Proceedings of the 8th conference on Hum,hci,12,6.13,0.0,56
2008,W2158364723,Reality-Based Interaction: A Framework for Post-WIMP Interfaces Robert J.K. Jaco,2008,,technology,14,5.99,0.0,81
2008,W2004623491,Yesterday’s tomorrows: notes on ubiquitous computing’s dominant vision,2006,Personal and Ubiquitous Computing,hci,11,5.76,1.04,82
2008,W2162088560,Leveraging Social Networks To Motivate Individuals to Reduce their Ecological Fo,2007,2007 40th Annual Hawaii International Co,other,11,5.68,0.0,24
2008,W1985749074,"Social Network Sites: Definition, History, and Scholarship",2007,Journal of Computer-Mediated Communicati,other,10,4.86,0.0,85
2008,W2133195793,Corporate Blogging: Building community through persistent digital talk,2007,2007 40th Annual Hawaii International Co,other,10,4.86,0.0,20
2008,W1978339457,Social Organization of Medical Work,2017,,book/other,10,4.78,0.94,44
2008,W2049124404,When second wave HCI meets third wave challenges,2006,Proceedings of the 4th Nordic conference,hci,10,4.71,0.0,188
2008,W2136518210,The power-aware cord,2005,CHI '05 Extended Abstracts on Human Fact,hci,10,4.56,0.0,45
2008,W2046804949,Why we twitter,2007,Proceedings of the 9th WebKDD and 1st SN,other,10,4.41,0.0,41
2008,W2100212585,"Fabric PCBs, electronic sequins, and socket buttons: techniques for e-textile cr",2007,Personal and Ubiquitous Computing,hci,10,4.12,0.0,53
2009,W2329395632,The Discovery of Grounded Theory: Strategies for Qualitative Research.,1968,Social Forces,method,20,8.77,1.28,186
2009,W2089787431,Organic user interfaces,2008,Communications of the ACM,other,17,6.56,0.0,95
2009,W2145080451,WUW - wear Ur world,2009,CHI '09 Extended Abstracts on Human Fact,hci,14,5.64,0.0,55
2009,W2037514117,Papiercraft,2008,ACM Transactions on Computer-Human Inter,technology,12,5.13,0.0,27
2009,W2129251351,Knowledge sharing and yahoo answers,2008,Proceedings of the 17th international co,other,11,4.99,0.0,36
2009,W2124696617,ShapeTouch: Leveraging contact shape on interactive surfaces,2008,2008 3rd IEEE International Workshop on ,technology,11,4.75,0.0,32
2009,W2785547194,Awareness and Repartee: Sharing location on the go,2008,,book/other,11,4.52,0.0,33
2009,W1748815599,Information Foraging Theory,2007,Oxford University Press eBooks,theory,10,4.38,0.0,31
2009,W1859579244,Rapidly exploring application design through speed dating,2007,,technology,10,4.16,0.0,58
2009,W1677409904,SURF: Speeded Up Robust Features,2006,Lecture notes in computer science,other,10,3.93,0.0,26
2010,W2018739138,When social networks cross boundaries,2009,Proceedings of the 2009 ACM Internationa,other,20,6.43,0.0,48
2010,W2133990480,The WEKA data mining software,2009,ACM SIGKDD Explorations Newsletter,technology,20,6.41,0.0,117
2010,W1982300822,Understanding individual human mobility patterns,2008,Nature,other,19,6.32,0.0,48
2010,W2111424004,The UnMousePad,2009,ACM Transactions on Graphics,other,16,5.48,0.0,45
2010,W2163881971,The anatomy of a large-scale social search engine,2010,Proceedings of the 19th international co,other,15,4.91,0.0,38
2010,W2058556535,VizWiz,2010,Proceedings of the 2010 International Cr,other,15,4.82,0.0,154
2010,W2057593084,Generating photo manipulation tutorials by demonstration,2009,ACM Transactions on Graphics,other,14,4.73,0.0,44
2010,W2140173168,Beyond Microblogging: Conversation and Collaboration via Twitter,2009,2009 42nd Hawaii International Conferenc,other,13,4.71,0.0,20
2010,W2159288336,Energy aware dwelling,2008,Proceedings of the 20th Australasian Con,other,11,3.93,0.0,20
2010,W2735460460,"Financial incentives and the ""performance of crowds""",2010,ACM SIGKDD Explorations Newsletter,other,11,3.91,0.0,41
2010,W2092214376,Smart metering demand management programs,2008,Proceedings of the 20th Australasian Con,other,11,3.74,0.0,17
2010,W2150461333,The Reader-to-Leader Framework: Motivating Technology-Mediated Social Participat,2009,AIS Transactions on Human-Computer Inter,hci,12,3.73,0.0,62
2010,W2041411104,"Financial incentives and the ""performance of crowds""",2009,Proceedings of the ACM SIGKDD Workshop o,other,10,3.72,0.0,39
2010,W2064286166,Design and the Construction of Publics,2009,Design Issues,other,11,3.71,0.0,51
2010,W2149543919,Developing a media space for remote synchronous parent-child interaction,2009,Proceedings of the 8th International Con,other,11,3.63,0.0,43
2010,W2166692930,Inferring friendship network structure by using mobile phone data,2009,Proceedings of the National Academy of S,other,11,3.63,0.0,37
2010,W2114269021,Who are the crowdworkers?,2010,CHI '10 Extended Abstracts on Human Fact,hci,11,3.61,0.0,102
2010,W2093842354,How and why people Twitter,2009,Proceedings of the 2009 ACM Internationa,other,10,3.51,0.0,26
2010,W2096563449,Social Influence: Compliance and Conformity,2004,Annual Review of Psychology,other,11,3.45,0.0,54
2010,W2099561919,Search User Interfaces,2009,Cambridge University Press eBooks,book/other,10,3.44,0.0,23
2010,W1481908410,"Nudge: improving decisions about health, wealth, and happiness",2008,Choice Reviews Online,other,10,3.36,0.0,66
2010,W2162617847,"“I don’t understand it either, but it is cool” - visitor interactions with a mul",2008,2008 3rd IEEE International Workshop on ,technology,10,3.36,0.0,35
2010,W2165336981,ShadowGuides,2009,Proceedings of the ACM International Con,other,10,3.25,0.0,47
2010,W2124293601,"Graphical Histories for Visualization: Supporting Analysis, Communication, and E",2008,IEEE Transactions on Visualization and C,other,10,3.18,0.0,36
2011,W2101196063,"What is Twitter, a social network or a news media?",2010,Proceedings of the 19th international co,other,23,7.59,0.0,55
2011,W2137100320,A survey of mobile phone sensing,2010,IEEE Communications Magazine,technology,18,5.58,0.0,73
2011,W2058179030,CrowdForge,2011,CHI '11 Extended Abstracts on Human Fact,hci,17,5.26,0.0,87
2011,W2912296668,The Human-Computer Interaction Handbook,2007,,book/other,17,5.14,0.9,77
2011,W119458596,Understanding users' preferences for surface gestures,2010,Graphics Interface,other,15,5.08,0.0,50
2011,W2073338313,Predicting protein structures with a multiplayer online game,2010,Nature,other,15,5.03,0.0,70
2011,W2148877839,Using a depth camera as a touch sensor,2010,ACM International Conference on Interact,technology,15,4.65,0.0,49
2011,W2098865355,Quality management on Amazon Mechanical Turk,2010,Proceedings of the ACM SIGKDD Workshop o,other,13,4.35,0.0,50
2011,W2172156083,Real-time human pose recognition in parts from single depth images,2011,CVPR 2011,technology,14,4.13,0.0,34
2011,W1480985346,No-Look Notes: Accessible Eyes-Free Multi-touch Text Entry,2010,Lecture notes in computer science,technology,12,4.07,0.0,38
2011,W1965153126,Rise of the expert amateur,2010,Proceedings of the 6th Nordic Conference,hci,12,3.99,0.0,126
2011,W2149628368,A circumplex model of affect.,1980,Journal of Personality and Social Psycho,other,12,3.97,0.74,194
2011,W2154876275,Participatory Design: Issues and Concerns,1998,Computer Supported Cooperative Work (CSC,hci,12,3.79,0.41,86
2011,W2001653897,"Tweet, Tweet, Retweet: Conversational Aspects of Retweeting on Twitter",2010,2010 43rd Hawaii International Conferenc,other,11,3.75,0.0,29
2011,W2007210444,GraspZoom,2009,Proceedings of the 11th International Co,hci,11,3.54,0.0,32
2011,W1987523869,A behavior model for persuasive design,2009,Proceedings of the 4th International Con,other,11,3.5,0.0,107
2011,W2329223578,Basics of Qualitative Research: Grounded Theory Procedures and Techniques,1993,Modern Language Journal,method,11,3.45,0.61,59
2011,W2122305905,"I tweet honestly, I tweet passionately: Twitter users, context collapse, and the",2010,New Media & Society,other,11,3.44,0.0,175
2011,W2000250157,Proxemic interactions,2011,interactions,hci,11,3.44,0.0,90
2011,W2300567117,Convergence Culture: Where Old and New Media Collide,2017,The MIT Press eBooks,book/other,10,3.17,0.0,30
2011,W2124499489,Earthquake shakes Twitter users,2010,Proceedings of the 19th international co,other,10,3.05,0.0,27
2012,W1979290264,Using thematic analysis in psychology,2006,Qualitative Research in Psychology,method,45,12.34,1.5,2361
2012,W2124555616,"Falling asleep with Angry Birds, Facebook and Kindle",2011,Proceedings of the 13th International Co,other,22,6.47,0.0,107
2012,W2135415614,D³ Data-Driven Documents,2011,IEEE Transactions on Visualization and C,technology,22,6.11,0.0,200
2012,W323338930,Building Successful Online Communities: Evidence-Based Social Design,2012,,book/other,20,5.65,0.0,179
2012,W2215511344,Is Twitter a Good Place for Asking Questions? A Characterization Study,2021,Proceedings of the International AAAI Co,other,18,5.2,0.0,24
2012,W2003849625,"100,000,000 taps",2011,Proceedings of the 13th International Co,other,17,5.13,0.0,60
2012,W2082727067,Radical atoms,2012,interactions,hci,17,5.12,0.0,157
2012,W238041975,Divining a digital future: mess and mythology in ubiquitous computing,2012,Choice Reviews Online,other,15,4.55,0.0,55
2012,W2111765895,Input finger detection for nonvisual touch screen text entry in Perkinput,2012,Graphics Interface,technology,15,4.49,0.0,33
2012,W2112374856,Shape-changing interfaces,2010,Personal and Ubiquitous Computing,hci,16,4.48,0.0,90
2012,W1605824561,Constructing grounded theory : a practical guide through qualitative analysis,2006,,method,15,4.47,0.67,116
2012,W2133990837,Touch behavior with different postures on soft smartphone keyboards,2012,Proceedings of the 14th international co,hci,15,4.46,0.0,93
2012,W1892502720,Alone together: why we expect more from technology and less from each other,2011,Choice Reviews Online,other,15,4.44,0.0,74
2012,W1489098793,Brave NUI World: Designing Natural User Interfaces for Touch and Gesture,2011,,technology,15,4.28,0.0,53
2012,W2170857744,The relationship of action research to human-computer interaction,2011,ACM Transactions on Computer-Human Inter,other,15,4.2,0.0,156
2012,W2082817479,"Design Research Through Practice: From the Lab, Field, and Showroom",2013,IEEE Transactions on Professional Commun,method,15,4.2,0.0,80
2012,W2113897372,"Factors Affecting Response Quantity, Quality, and Speed for Questions Asked Via ",2021,Proceedings of the International AAAI Co,other,14,4.13,0.0,17
2012,W1978772729,Family memories in the home: contrasting physical and digital mementos,2010,Personal and Ubiquitous Computing,hci,14,4.0,0.56,55
2012,W2141846678,"Self-determination theory and the facilitation of intrinsic motivation, social d",2000,American Psychologist,theory,14,4.0,0.39,135
2012,W2081510160,What I learned on Change Islands,2011,interactions,hci,14,3.95,0.0,50
2012,W2023718959,From game design elements to gamefulness,2011,Proceedings of the 15th International Ac,other,14,3.81,0.0,169
2012,W1993500013,The singularity is not near,2009,Proceedings of the 5th International Sym,other,13,3.78,0.56,34
2012,W4242883546,"Self-determination theory and the facilitation of intrinsic motivation, social d",2000,American Psychologist,theory,13,3.74,0.39,136
2012,W1986606504,HandsDown,2010,Proceedings of the 6th Nordic Conference,hci,13,3.7,0.0,24
2012,W2115030409,The Continuous Interaction Space: Interaction Techniques Unifying Touch and Gest,2011,Lecture notes in computer science,technology,12,3.46,0.0,28
2012,W1626992774,Smudge attacks on smartphone touch screens,2010,,technology,12,3.44,0.0,27
2012,W2116817356,.NET Gadgeteer: A Platform for Custom Devices,2012,Lecture notes in computer science,other,11,3.4,0.0,43
2012,W1990843018,"Understanding my data, myself",2011,Proceedings of the 13th international co,hci,12,3.31,0.0,139
2012,W2075115149,Interaction design gone wild,2011,interactions,hci,12,3.31,0.0,81
2012,W1974962426,Habits make smartphone use more pervasive,2011,Personal and Ubiquitous Computing,hci,12,3.23,0.0,85
2012,W2137045791,Co-creation and the new landscapes of design,2008,CoDesign,other,12,3.18,0.0,229
2012,W1993722065,"""I regretted the minute I pressed share""",2011,Proceedings of the Seventh Symposium on ,other,11,3.13,0.0,71
2012,W2104328027,A versatile dataset for text entry evaluations based on genuine mobile emails,2011,Proceedings of the 13th International Co,technology,11,3.05,0.0,65
2012,W1547213408,A Comparison of Information Seeking Using Search Engines and Social Networks,2010,Proceedings of the International AAAI Co,other,10,2.93,0.0,19
2012,W2023062420,The Motivational Pull of Video Games: A Self-Determination Theory Approach,2006,Motivation and Emotion,theory,11,2.89,0.0,182
2012,W2151905266,Nasa-Task Load Index (NASA-TLX); 20 Years Later,2006,Proceedings of the Human Factors and Erg,method,10,2.88,0.0,282
2012,W1640628807,Privacy in Context,2009,Stanford University Press eBooks,book/other,10,2.88,0.0,107
2012,W2126453598,Graphical passwords,2012,ACM Computing Surveys,other,10,2.83,0.0,24
2012,W2066126758,Empowerment through seamfulness: smart phones in everyday life,2010,Personal and Ubiquitous Computing,hci,10,2.72,0.0,16
2013,W2340117730,Adversarial Design,2012,,book/other,19,4.9,0.0,72
2013,W2100808978,MixT,2012,CHI '12 Extended Abstracts on Human Fact,hci,17,4.56,0.0,30
2013,W2057073649,LaserOrigami,2013,CHI '13 Extended Abstracts on Human Fact,hci,15,3.79,0.0,38
2013,W2036291768,The Rise and Decline of an Open Collaboration System,2012,American Behavioral Scientist,technology,14,3.78,0.0,81
2013,W2001013292,Around device interaction for multiscale navigation,2012,Proceedings of the 14th international co,hci,14,3.76,0.0,24
2013,W2142912849,The Transtheoretical Model of Health Behavior Change,1997,American Journal of Health Promotion,other,15,3.73,0.66,76
2013,W2092273754,"Exploring Goal-setting, Rewards, Self-monitoring, and Sharing to Motivate Physic",2012,Proceedings of the 6th International Con,hci,14,3.5,0.0,89
2013,W2095118384,"A Review of 25 Years of CSCW Research in Healthcare: Contributions, Challenges a",2012,Computer Supported Cooperative Work (CSC,hci,13,3.36,0.0,115
2013,W2144533308,Back to the app,2012,Proceedings of the 14th international co,hci,12,3.25,0.0,41
2013,W2040187089,Kinetic device,2012,CHI '12 Extended Abstracts on Human Fact,hci,11,3.16,0.0,22
2013,W1515243648,Understanding the Role of Body Movement in Player Engagement,2012,Human-Computer Interaction,hci,12,3.16,0.0,29
2013,W2157300266,A Theory of Social Comparison Processes,1954,Human Relations,theory,11,3.07,0.6,67
2013,W1984520644,The word-gesture keyboard,2012,Communications of the ACM,other,11,3.04,0.0,70
2013,W186835057,BrailleTouch: Mobile Texting for the Visually Impaired,2011,Lecture notes in computer science,technology,10,2.99,0.55,21
2013,W2163259764,An evaluation of BrailleTouch,2012,Proceedings of the 14th international co,hci,10,2.97,0.0,33
2013,W4246954663,Building Successful Online Communities,2012,The MIT Press eBooks,book/other,10,2.97,0.0,36
2013,W2027135291,The role of social networks in information diffusion,2012,Proceedings of the 21st international co,technology,11,2.95,0.0,27
2013,W1990411123,Crafting technology,2012,ACM Transactions on Computer-Human Inter,other,11,2.9,0.0,92
2013,W2133253683,Fast app launching for mobile devices using predictive user context,2012,Proceedings of the 10th international co,other,11,2.9,0.0,31
2013,W2152560486,Investigating episodes of mobile phone activity as indicators of opportune momen,2011,Proceedings of the 13th International Co,other,11,2.83,0.0,59
2013,W2069866464,"Knock, Knock . Who's There? The Imagined Audience",2012,Journal of Broadcasting & Electronic Med,other,11,2.8,0.0,62
2013,W2096178490,Information Privacy Research: an Interdisciplinary Review1,2011,MIS Quarterly,other,10,2.72,0.0,33
2013,W2031757018,Understanding tablet use,2012,Proceedings of the 14th international co,hci,10,2.63,0.0,21
2013,W2063935068,How Good is Volunteered Geographical Information? A Comparative Study of OpenStr,2010,Environment and Planning B Planning and ,technology,10,2.62,0.0,24
2013,W2146604360,Beyond the Tyranny of the Pixel: Exploring the Physicality of Information Visual,2008,2008 12th International Conference Infor,other,10,2.62,0.0,29
2013,W4250004535,Adversarial Design,2012,The MIT Press eBooks,book/other,10,2.6,0.0,31
2014,W2050483420,Strong concepts,2012,ACM Transactions on Computer-Human Inter,other,22,5.23,0.0,197
2014,W1983122581,Health Mashups,2013,ACM Transactions on Computer-Human Inter,other,19,4.46,0.0,83
2014,W2115529949,faBrickation,2014,Proceedings of the SIGCHI Conference on ,hci,19,4.42,0.0,72
2014,W2003215225,The development of the Game Engagement Questionnaire: A measure of engagement in,2009,Journal of Experimental Social Psycholog,method,17,4.01,0.7,57
2014,W1998933811,Does Gamification Work? -- A Literature Review of Empirical Studies on Gamificat,2014,2014 47th Hawaii International Conferenc,other,17,3.99,0.0,100
2014,W219375404,"Speculative everything: design, fiction, and social dreaming",2014,Choice Reviews Online,other,17,3.93,0.0,232
2014,W2108620871,Don't mind me touching my wrist,2013,Proceedings of the 2013 International Sy,technology,16,3.78,0.0,59
2014,W2150454725,Psychometric Properties of the Intrinsic Motivation Inventory in a Competitive S,1989,Research Quarterly for Exercise and Spor,other,16,3.69,0.56,87
2014,W2166713718,IllumiRoom,2013,CHI '13 Extended Abstracts on Human Fact,hci,15,3.63,0.0,27
2014,W1563008415,Makers: The New Industrial Revolution,2012,,book/other,14,3.29,0.0,33
2014,W2096438128,A grounded investigation of game immersion,2004,CHI '04 Extended Abstracts on Human Fact,hci,14,3.28,0.58,49
2014,W2264285263,Crowdsourcing step-by-step information extraction to enhance existing how-to vid,2014,DSpace@MIT (Massachusetts Institute of T,other,13,3.14,0.0,24
2014,W2161201891,Rethinking the web as a personal archive,2013,Proceedings of the 22nd international co,other,13,3.1,0.0,24
2014,W2099634487,Infrastructuring and the formation of publics in participatory design,2013,Social Studies of Science,other,13,3.07,0.0,130
2014,W1548874324,"Social Media Use in Organizations: Exploring the Affordances of Visibility, Edit",2012,SSRN Electronic Journal,other,13,3.06,0.0,32
2014,W2081481153,Goal-setting considerations for persuasive technologies that encourage physical ,2009,Proceedings of the 4th International Con,other,13,3.05,0.53,47
2014,W1521354552,It's complicated: the social lives of networked teens,2014,Choice Reviews Online,other,13,3.02,0.0,57
2014,W2040569955,The sound of touch,2013,Proceedings of the 2013 ACM internationa,technology,13,3.01,0.0,50
2014,W2613049552,The Design of Everyday Things: Revised and Expanded Edition,2013,,book/other,13,3.0,0.0,122
2014,W1986563534,HeartLink,2013,CHI '13 Extended Abstracts on Human Fact,hci,12,2.9,0.0,28
2014,W2128559207,Managing the Personal Side of Health: How Patient Expertise Differs from the Exp,2011,Journal of Medical Internet Research,other,12,2.87,0.42,37
2014,W1996634858,Effects of content and time of delivery on receptivity to mobile interruptions,2010,Proceedings of the 12th international co,other,12,2.84,0.0,39
2014,W2402700,Predicting Depression via Social Media,2021,Proceedings of the International AAAI Co,other,12,2.82,0.0,54
2014,W640134570,Glued to games: how video games draw us in and hold us spellbound,2011,Choice Reviews Online,other,12,2.81,0.0,27
2014,W1975879668,Measuring nominal scale agreement among many raters.,1971,Psychological Bulletin,other,12,2.8,0.53,44
2014,W2004946470,All You Need is Love,2012,ACM Transactions on Computer-Human Inter,other,11,2.65,0.42,90
2014,W4238030558,A design-led inquiry into personhood in dementia,2013,Proceedings of the SIGCHI Conference on ,hci,11,2.64,0.0,73
2014,W2051835606,More than a feeling: Measurement of sonic user experience and psychophysiology i,2010,Interacting with Computers,hci,11,2.64,0.0,16
2014,W2134049139,Self-efficacy: Toward a unifying theory of behavioral change.,1977,Psychological Review,theory,11,2.62,0.49,36
2014,W2014534734,"Structures, forms, and stuff: the materiality and medium of interaction",2013,Personal and Ubiquitous Computing,hci,11,2.62,0.0,41
2014,W2231206438,The Secret Life of Online Moms: Anonymity and Disinhibition on YouBeMom.com,2021,Proceedings of the International AAAI Co,other,11,2.62,0.0,40
2014,W2153803020,Private traits and attributes are predictable from digital records of human beha,2013,Proceedings of the National Academy of S,other,11,2.61,0.0,34
2014,W2009341740,Would you do that?,2010,Proceedings of the 12th international co,other,11,2.61,0.37,34
2014,W1978580638,Reducing legacy bias in gesture elicitation studies,2014,interactions,hci,11,2.59,0.0,83
2014,W2305130666,A User-Centered Theoretical Framework for Meaningful Gamification,2012,,technology,11,2.59,0.0,17
2014,W2075208666,Introduction to the Special Issue of “The Turn to The Wild”,2013,ACM Transactions on Computer-Human Inter,other,11,2.58,0.0,24
2014,W2048603988,Beyond the Grave: Facebook as a Site for the Expansion of Death and Mourning,2013,The Information Society,other,11,2.54,0.0,56
2014,W4231042348,Flow: The Psychology of Optimal Experience,1991,Academy of Management Review,theory,11,2.52,0.43,32
2014,W2141336889,Whole-home gesture recognition using wireless signals,2013,Proceedings of the 19th annual internati,other,11,2.52,0.0,81
2014,W1992326382,iGrasp,2013,CHI '13 Extended Abstracts on Human Fact,hci,10,2.45,0.0,22
2014,W3121545263,Crowdfunding: Tapping the right crowd,2013,Journal of Business Venturing,other,10,2.44,0.0,18
2014,W2101234009,Scikit-learn: Machine Learning in Python,2012,ORBi (University of Liège),other,10,2.43,0.0,104
2014,W2009257536,FAB at CHI,2013,CHI '13 Extended Abstracts on Human Fact,hci,10,2.41,0.0,24
2014,W1917589130,Using Decision-Theoretic Experience Sampling to Build Personalized Mobile Phone ,2011,Lecture notes in computer science,other,10,2.41,0.0,19
2014,W2026758201,Giving form to computational things: developing a practice of interaction design,2013,Personal and Ubiquitous Computing,hci,10,2.39,0.0,38
2014,W2010684062,"Making ""making"" accessible",2013,Proceedings of the 12th International Co,other,10,2.38,0.0,53
2014,W2087878135,An Interaction Model for Visualizations Beyond The Desktop,2013,IEEE Transactions on Visualization and C,other,10,2.38,0.0,33
2014,W4247665917,Diagnostic and Statistical Manual of Mental Disorders,2013,,method,10,2.35,0.0,102
2014,W2997591727,Scikit-learn: Machine Learning in Python,2011,Journal of Machine Learning Research,other,10,2.34,0.0,164
2014,W1803273808,The Coding Manual for Qualitative Researchers,2025,,method,10,2.34,0.0,82
2015,W1615506555,Basics of Qualitative Research: Techniques and Procedures for Developing Grounde,2010,Canadian Journal of University Continuin,method,50,10.37,1.01,271
2015,W2150104072,A General Inductive Approach for Analyzing Qualitative Evaluation Data,2006,American Journal of Evaluation,method,24,5.14,0.75,139
2015,W2099822433,Making cultures,2014,CHI '14 Extended Abstracts on Human Fact,hci,22,4.76,0.0,59
2015,W2045510465,The reflective practitioner: How professionals think in action,1985,Proceedings of the IEEE,theory,20,4.32,0.71,103
2015,W2181155974,It's a hard lock life: A field study of smartphone (un)locking behavior and risk,2014,Publikationsdatenbank der Fraunhofer-Ges,other,18,4.13,0.0,28
2015,W2078074240,AWARE: Mobile Context Instrumentation Framework,2015,Frontiers in ICT,other,18,3.77,0.0,59
2015,W1500693574,CRITICAL QUESTIONS FOR BIG DATA,2012,Information Communication & Society,other,17,3.7,0.0,77
2015,W2093848374,An Age-Old Problem,2015,ACM Transactions on Computer-Human Inter,other,17,3.55,0.0,132
2015,W4213009331,Introduction to Information Retrieval,2008,Cambridge University Press eBooks,book/other,16,3.5,0.45,35
2015,W172711948,Determining what individual SUS scores mean: adding an adjective rating scale,2009,Journal of Usability Studies archive,other,16,3.42,0.58,79
2015,W2325428950,A Social Psychologist Discovers Chicago Sociology,1989,Academy of Management Review,other,16,3.41,0.28,67
2015,W2160188431,Haptic turk,2014,Proceedings of the SIGCHI Conference on ,hci,15,3.32,0.0,46
2015,W2044806815,HuddleLamp,2014,Proceedings of the Ninth ACM Internation,other,15,3.21,0.0,47
2015,W2163605009,ImageNet classification with deep convolutional neural networks,2017,Communications of the ACM,technology,15,3.18,0.0,39
2015,W2013177059,Activity Sculptures: Exploring the Impact of Physical Visualizations on Running ,2014,IEEE Transactions on Visualization and C,other,14,3.14,0.0,37
2015,W2165145013,Alternate endings,2014,CHI '14 Extended Abstracts on Human Fact,hci,14,2.99,0.0,34
2015,W2105103777,The Internet of Things: A survey,2010,Computer Networks,other,14,2.93,0.27,31
2015,W1968380849,Experimental evidence of massive-scale emotional contagion through social networ,2014,Proceedings of the National Academy of S,other,13,2.84,0.0,49
2015,W2154102974,From Artefacts to Infrastructures,2012,Computer Supported Cooperative Work (CSC,hci,13,2.84,0.5,31
2015,W285374334,A Tale of Cities: Urban Biases in Volunteered Geographic Information,2014,Proceedings of the International AAAI Co,other,13,2.84,0.0,22
2015,W2023854546,JackIn,2014,Proceedings of the 5th Augmented Human I,other,13,2.81,0.0,40
2015,W1849190772,"Introduction to Mediation, Moderation, and Conditional Process Analysis: A Regre",2013,,book/other,13,2.8,0.0,45
2015,W2054221741,The Articulation of Project Work: An Organizational Process,1988,Sociological Quarterly,other,13,2.75,0.54,58
2015,W2182854643,"Mental Health Discourse on reddit: Self-Disclosure, Social Support, and Anonymit",2014,Proceedings of the International AAAI Co,other,13,2.71,0.0,130
2015,W2085921614,"Refusing, limiting, departing",2014,CHI '14 Extended Abstracts on Human Fact,hci,12,2.7,0.0,32
2015,W95067517,Construction and Evaluation of a User Experience Questionnaire,2008,Lecture notes in computer science,method,13,2.68,0.46,122
2015,W2119298903,Evaluating Online Labor Markets for Experimental Research: Amazon.com's Mechanic,2012,Political Analysis,other,12,2.59,0.0,28
2015,W2027225339,SkinWatch,2015,Proceedings of the 6th Augmented Human I,other,12,2.57,0.0,28
2015,W1593582017,"Making anthropology, archaeology, art and architecture",2013,,book/other,12,2.56,0.0,23
2015,W1986841213,Supporting Novice to Expert Transitions in User Interfaces,2014,ACM Computing Surveys,other,12,2.51,0.0,56
2015,W2229425718,Use and Adoption Challenges of Wearable Activity Trackers,2015,,book/other,11,2.49,0.0,19
2015,W2045923296,Parental Mediation of Children's Internet Use,2008,Journal of Broadcasting & Electronic Med,other,11,2.45,0.46,40
2015,W2152423878,MoodScope,2013,Proceeding of the 11th annual internatio,other,11,2.43,0.28,37
2015,W1986291329,Pupil,2014,Proceedings of the 2014 ACM Internationa,hci,11,2.41,0.0,52
2015,W2004984028,Next steps for sustainable HCI,2014,interactions,hci,11,2.4,0.0,53
2015,W2164969196,Selfsourcing personal tasks,2014,CHI '14 Extended Abstracts on Human Fact,hci,11,2.36,0.0,22
2015,W2015637289,Physical telepresence,2014,Proceedings of the 27th annual ACM sympo,hci,11,2.34,0.0,47
2015,W1951008065,Transforming Qualitative Information: Thematic Analysis and Code Development,1998,,method,11,2.24,0.3,108
2015,W2040716762,Smart energy in everyday life,2014,interactions,hci,10,2.24,0.0,34
2015,W2125071906,Deconstructing gamification: evaluating the effectiveness of continuous measurem,2014,Personal and Ubiquitous Computing,hci,10,2.24,0.0,17
2015,W2153344843,Self-Disclosure in Social Media: Extending the Functional Approach to Disclosure,2014,Journal of Communication,other,11,2.24,0.0,40
2015,W2023302299,A tutorial on human activity recognition using body-worn inertial sensors,2014,ACM Computing Surveys,technology,10,2.23,0.0,71
2015,W2028822613,Constructing Visual Representations: Investigating the Use of Tangible Tokens,2014,IEEE Transactions on Visualization and C,other,10,2.15,0.0,31
2015,W1979621293,BrainHex: A neurobiological gamer typology survey,2013,Entertainment Computing,other,10,2.14,0.0,30
2015,W2109519180,3D tracking via body radio reflections,2014,DSpace@MIT (Massachusetts Institute of T,other,10,2.09,0.0,39
2015,W2087862817,EyeTab,2014,Proceedings of the Symposium on Eye Trac,other,10,2.09,0.0,27
2015,W1765423497,Eye Tracking and Eye-Based Human–Computer Interaction,2014,Human-computer interaction series,hci,10,2.07,0.0,32
2015,W2311037176,SELF-DISCLOSURE IN SOCIAL MEDIA: EXTENDING THE FUNCTIONAL APPROACH TO DISCLOSURE,,NRCT Data Center,other,10,2.04,0.0,22
2016,W4281564584,The Coding Manual for Qualitative Researchers,2022,American Journal of Qualitative Research,method,23,4.56,0.0,213
2016,W2299787339,Creating Friction: Infrastructuring Civic Engagement in Everyday Life,2015,Aarhus Series on Human Centered Computin,other,22,4.29,0.0,59
2016,W2038833837,Digital civics,2015,interactions,hci,21,4.09,0.0,57
2016,W2155893237,Caffe,2014,Proceedings of the 22nd ACM internationa,other,20,4.03,0.0,26
2016,W2250539671,Glove: Global Vectors for Word Representation,2014,Proceedings of the 2014 Conference on Em,technology,21,4.03,0.0,93
2016,W1498112155,Do Artifacts Have Politics?,2017,Computer Ethics,book/other,20,3.97,0.65,67
2016,W2095396347,Understanding and Modeling of WiFi Signal Based Human Activity Recognition,2015,Proceedings of the 21st Annual Internati,other,20,3.97,0.0,76
2016,W2089695767,Tool release,2011,ACM SIGCOMM Computer Communication Revie,other,20,3.96,0.0,69
2016,W2234829506,Soylent,2015,Communications of the ACM,other,20,3.9,0.0,35
2016,W1847724337,Sharing the small moments: ephemeral social interaction on Snapchat,2015,Information Communication & Society,other,19,3.81,0.0,47
2016,W2108598243,ImageNet: A large-scale hierarchical image database,2009,2009 IEEE Conference on Computer Vision ,technology,19,3.76,0.73,163
2016,W2914953911,Redirected walking,2001,,book/other,19,3.71,0.32,37
2016,W2102159398,RF-IDraw,2014,Proceedings of the 2014 ACM conference o,other,18,3.57,0.0,35
2016,W2017475793,Contactless Sleep Apnea Detection on Smartphones,2015,Proceedings of the 13th Annual Internati,other,18,3.54,0.0,55
2016,W1990044033,HCI as heterodoxy: Technologies of identity and the queering of interaction with,2011,Interacting with Computers,hci,18,3.52,0.38,77
2016,W2150665399,Interaction design for and with the lived body,2013,ACM Transactions on Computer-Human Inter,other,17,3.39,0.38,70
2016,W2038924341,PeerStudio,2015,Proceedings of the Second (2015) ACM Con,other,17,3.37,0.0,53
2016,W4236521339,ELIZA—a computer program for the study of natural language communication between,1966,Communications of the ACM,other,17,3.36,0.56,78
2016,W1686065478,Exposure to ideologically diverse news and opinion on Facebook,2015,Science,other,17,3.28,0.0,44
2016,W2624629148,Geek Heresy: Rescuing Social Change from the Cult of Technology,2017,,book/other,16,3.16,0.0,38
2016,W2110065044,Controlling the False Discovery Rate: A Practical and Powerful Approach to Multi,1995,Journal of the Royal Statistical Society,other,16,3.13,0.38,114
2016,W1841901173,A Quantified Past: Toward Design for Remembering With Personal Informatics,2015,Human-Computer Interaction,hci,16,3.12,0.0,70
2016,W1983301216,SpotFi,2015,,book/other,16,3.12,0.0,75
2016,W1885665464,More Than Telemonitoring: Health Provider Use and Nonuse of Life-Log Data in Irr,2015,Journal of Medical Internet Research,other,15,3.05,0.0,45
2016,W2153359210,Hackathons and the Making of Entrepreneurial Citizenship,2015,Science Technology & Human Values,other,15,3.05,0.0,40
2016,W1725748037,Switch! Energy Ecologies in Everyday Life,2008,International journal of design,other,15,3.03,0.45,25
2016,W1971295515,Folk models of home computer security,2010,Proceedings of the Sixth Symposium on Us,other,15,2.98,0.4,54
2016,W1973990978,Critiki,2015,Proceedings of the 2015 ACM SIGCHI Confe,hci,15,2.97,0.0,31
2016,W2187089797,Visualizing Data using t-SNE,2008,Journal of Machine Learning Research,other,15,2.93,0.35,109
2016,W1666724740,Multi-person localization via RF body reflections,2015,DSpace@MIT (Massachusetts Institute of T,other,15,2.93,0.0,22
2016,W2175595662,Estimating 3D Finger Angle on Commodity Touchscreens,2015,Proceedings of the 2015 International Co,technology,15,2.91,0.0,50
2016,W2262390197,Self-Conscious or Self-Confident? A Diary Study Conceptualizing the Social Acces,2016,ACM Transactions on Accessible Computing,other,15,2.9,0.0,82
2016,W2919115771,Deep learning,2015,Nature,other,15,2.9,0.0,40
2016,W1982901858,Encore,2015,ACM SIGGRAPH 2015 Posters,other,13,2.85,0.0,16
2016,W1915652073,Designed in Shenzhen: Shanzhai Manufacturing and Maker Entrepreneurs,2015,Aarhus Series on Human Centered Computin,other,14,2.83,0.0,27
2016,W2066699772,Co-Located Collaborative Visual Analytics around a Tabletop Display,2011,IEEE Transactions on Visualization and C,technology,14,2.82,0.38,42
2016,W4235375376,COMPUTER GRAPHICS forum,2003,Computer Graphics Forum,other,14,2.78,0.38,46
2016,W2196145477,Bringing gesture recognition to all devices,2014,,book/other,14,2.76,0.38,21
2016,W2081004296,Luxapose,2014,Proceedings of the 20th annual internati,other,14,2.72,0.0,27
2016,W2069313697,WiDraw,2015,Proceedings of the 21st Annual Internati,other,14,2.71,0.0,37
2016,W2342373950,Unselfconscious Interaction: A Conceptual Construct,2015,Interacting with Computers,hci,13,2.65,0.0,24
2016,W1176765950,Taking [a]part: the politics and aesthetics of participation in experience-cente,2015,Choice Reviews Online,other,13,2.6,0.0,19
2016,W2102861780,"Big Questions for Social Media Big Data: Representativeness, Validity and Other ",2014,Proceedings of the International AAAI Co,other,13,2.6,0.0,22
2016,W116902681,Using dynamic time warping to find patterns in time series,1994,Knowledge Discovery and Data Mining,other,13,2.59,0.33,19
2016,W2343148021,Humanistic HCI,2016,interactions,hci,13,2.58,0.0,59
2016,W2053996817,Exploring finger specific touch screen interaction for mobile phone user interfa,2014,Proceedings of the 26th Australian Compu,technology,13,2.55,0.0,22
2016,W1894490285,Mobile Phone Sensor Correlates of Depressive Symptom Severity in Daily-Life Beha,2015,Journal of Medical Internet Research,technology,13,2.55,0.0,50
2016,W884650706,Visualization Analysis and Design,2014,,book/other,13,2.53,0.0,109
2016,W2323057193,Studies in Ethnomethodology,1968,British Journal of Sociology,other,12,2.52,0.41,25
2016,W1998830562,Depression-related Imagery on Instagram,2015,Proceedings of the 18th ACM Conference C,other,12,2.51,0.0,25
2016,W2950577311,Efficient Estimation of Word Representations in Vector Space,2013,arXiv (Cornell University),technology,13,2.5,0.0,32
2016,W2562836854,A density-based algorithm for discovering clusters a density-based algorithm for,1996,Knowledge Discovery and Data Mining,other,12,2.46,0.0,17
2016,W2200611418,Design for user empowerment,2015,interactions,hci,12,2.45,0.0,35
2016,W1988819884,Turk-Life in India,2014,Proceedings of the 18th International Co,other,12,2.44,0.0,28
2016,W2109712306,The Impacts of Emoticons on Message Interpretation in Computer-Mediated Communic,2001,Social Science Computer Review,other,12,2.41,0.48,21
2016,W2045674914,Speculative design: crafting the speculation,2013,Digital Creativity,other,12,2.37,0.38,144
2016,W2194775991,Deep Residual Learning for Image Recognition,2016,2016 IEEE Conference on Computer Vision ,other,12,2.35,0.0,263
2016,W1586856071,Depth of Presence in Virtual Environments,1994,PRESENCE Virtual and Augmented Reality,technology,12,2.35,0.35,53
2016,W2201280936,Self-Care Technologies in HCI,2015,ACM Transactions on Computer-Human Inter,other,12,2.35,0.0,112
2016,W2110738137,Estimation of Detection Thresholds for Redirected Walking Techniques,2009,IEEE Transactions on Visualization and C,other,12,2.35,0.0,63
2016,W3102610420,Effects of Sensemaking Translucence on Distributed Collaborative Analysis,2016,,book/other,12,2.32,0.0,21
2016,W2135155571,Human Data Interaction: Historical Lessons from Social Studies and CSCW,2015,ECSCW 2015: Proceedings of the 14th Euro,hci,11,2.28,0.0,23
2016,W2154041216,Formative assessment and the design of instructional systems,1989,Instructional Science,technology,11,2.24,0.39,33
2016,W2093284278,COVER STORYSomaesthetic design,2015,interactions,hci,11,2.24,0.0,47
2016,W2133674686,Demonstrating Rigor Using Thematic Analysis: A Hybrid Approach of Inductive and ,2006,International Journal of Qualitative Met,method,11,2.23,0.0,133
2016,W2142175015,An Integrative Model Of Organizational Trust,1995,Academy of Management Review,other,11,2.22,0.4,35
2016,W2153579005,Distributed Representations of Words and Phrases and their Compositionality,2013,arXiv (Cornell University),other,11,2.21,0.0,38
2016,W1998970095,Detecting and Characterizing Mental Health Related Self-Disclosure in Social Med,2015,Proceedings of the 33rd Annual ACM Confe,hci,11,2.2,0.0,36
2016,W2130736456,Cognitive Load During Problem Solving: Effects on Learning,1988,Cognitive Science,other,11,2.2,0.43,54
2016,W2001427579,A Survey of Augmented Reality,2015,"now publishers, Inc. eBooks",book/other,11,2.19,0.0,26
2016,W2158090937,"Dude, where's my card?",2013,Proceedings of the ACM SIGCOMM 2013 conf,other,11,2.18,0.0,23
2016,W2069973845,Tagoram,2014,Proceedings of the 20th annual internati,other,11,2.18,0.0,35
2016,W1997137371,PneuHaptic,2015,Proceedings of the 2015 ACM Internationa,other,11,2.17,0.0,40
2016,W2112796928,Gradient-based learning applied to document recognition,1998,Proceedings of the IEEE,other,11,2.17,0.0,41
2016,W2080915355,FEMO,2015,Proceedings of the 13th ACM Conference o,other,11,2.17,0.0,24
2016,W1989259731,Wi-Sleep: Contactless Sleep Monitoring via WiFi Signals,2014,,book/other,11,2.16,0.0,34
2016,W2345907455,FlexTiles,2016,Proceedings of the 2016 CHI Conference E,hci,11,2.15,0.0,31
2016,W2010882865,Keystroke Recognition Using WiFi Signals,2015,Proceedings of the 21st Annual Internati,other,11,2.15,0.0,31
2016,W2009743018,Projecting health,2015,Proceedings of the Seventh International,other,11,2.14,0.0,66
2016,W2150606742,The Rutgers Master II-new design force-feedback glove,2002,IEEE/ASME Transactions on Mechatronics,technology,11,2.14,0.2,30
2016,W2103115035,Multimodal motion guidance,2012,Proceedings of the 14th ACM internationa,other,10,2.11,0.0,20
2016,W2082629283,MoLe,2015,Proceedings of the 21st Annual Internati,other,11,2.11,0.0,23
2016,W2135891192,Wearables,2014,Communications of the ACM,other,10,2.09,0.0,18
2016,W2051189708,Sharing the hidden treasure in pictorials,2015,interactions,hci,10,2.07,0.0,19
2016,W377384883,Qualitative Data Analysis: A Methods Sourcebook,1988,,method,10,2.05,0.38,50
2016,W2083568981,Smartwatches,2015,Proceedings of the 33rd Annual ACM Confe,hci,10,2.03,0.0,18
2016,W2033597984,TRANSFORM,2015,Proceedings of the 33rd Annual ACM Confe,hci,10,2.02,0.0,32
2016,W2071436133,The potential of dwell-free eye-typing for fast assistive gaze communication,2012,Proceedings of the Symposium on Eye Trac,other,10,2.01,0.21,23
2016,W2952586546,WiGest: A ubiquitous WiFi-based gesture recognition system,2015,2015 IEEE Conference on Computer Communi,technology,10,2.0,0.0,39
2016,W3000642371,Determining what individual SUS scores mean,2009,Journal of Usability Studies archive,other,10,1.99,0.19,76
2016,W2403940793,Linespace,2016,Proceedings of the 2016 CHI Conference o,hci,10,1.98,0.0,30
2016,W1994349244,Automatic generation and detection of highly reliable fiducial markers under occ,2014,Pattern Recognition,other,10,1.98,0.38,50
2016,W1961845056,Voyager: Exploratory Analysis via Faceted Browsing of Visualization Recommendati,2015,IEEE Transactions on Visualization and C,other,10,1.98,0.0,60
2016,W2416272719,Fair Statistical Communication in HCI,2016,Human-computer interaction series,hci,10,1.98,0.0,76
2016,W2000180156,Sharing Domestic Life through Long-Term Video Connections,2015,ACM Transactions on Computer-Human Inter,other,10,1.98,0.0,27
2016,W2070115070,Turning a Mobile Device into a Mouse in the Air,2015,Proceedings of the 13th Annual Internati,other,10,1.98,0.0,34
2016,W4206434639,A Survey of Augmented Reality,2015,Foundations and Trends® in Human–Compute,other,10,1.97,0.0,56
2016,W1977986674,Tracking Vital Signs During Sleep Leveraging Off-the-shelf WiFi,2015,Proceedings of the 16th ACM Internationa,other,10,1.97,0.0,41
2016,W2280598983,MapSense: Multi-Sensory Interactive Maps for Children Living with Visual Impairm,2016,HAL (Le Centre pour la Communication Sci,technology,10,1.94,0.0,27
2016,W2176018869,Digital Digits,2015,ACM Computing Surveys,other,10,1.94,0.0,35
2016,W2295756453,Dollhouse VR,2015,SIGGRAPH Asia 2015 Emerging Technologies,other,10,1.94,0.0,27
2016,W2113638573,Multiple emitter location and signal parameter estimation,1986,IEEE Transactions on Antennas and Propag,other,10,1.94,0.21,36
2016,W1932883711,The VR Book: Human-Centered Design for Virtual Reality,2015,,book/other,10,1.93,0.0,28
2017,W2514097384,DuoSkin,2016,Proceedings of the 2016 ACM Internationa,other,48,8.87,0.0,119
2017,W2282821441,"""Why Should I Trust You?""",2016,Proceedings of the 22nd ACM SIGKDD Inter,other,36,6.56,0.0,231
2017,W2064675550,Long Short-Term Memory,1997,Neural Computation,other,34,6.36,0.0,101
2017,W1601300738,Situated Knowledges: The Science Question in Feminism and the Privilege of Parti,1988,PhilPapers (PhilPapers Foundation),theory,29,5.35,0.69,66
2017,W2581455624,Shifty: A Weight-Shifting Dynamic Passive Haptic Proxy to Enhance Object Percept,2017,IEEE Transactions on Visualization and C,other,25,4.6,0.0,84
2017,W2095705004,Dropout: a simple way to prevent neural networks from overfitting,2014,,technology,23,4.32,0.0,28
2017,W1686810756,Very Deep Convolutional Networks for Large-Scale Image Recognition,2014,arXiv (Cornell University),technology,23,4.31,0.0,44
2017,W3146083582,Situated Knowledges: The Science Question in Feminism and the Privilege of Parti,1988,Feminist Studies,theory,23,4.25,0.76,179
2017,W1614298861,Efficient Estimation of Word Representations in Vector Space,2013,arXiv (Cornell University),technology,22,4.15,0.72,32
2017,W2347085857,Digital Civics,2016,Proceedings of the 2016 CHI Conference E,hci,22,4.15,0.0,61
2017,W2296967327,Material Speculation: Actual Artifacts for Critical Inquiry,2015,Aarhus Series on Human Centered Computin,other,22,4.13,0.0,95
2017,W2006985286,On the importance and implications of studying technology non-use,2015,interactions,hci,22,4.12,0.0,45
2017,W1951724000,Fitting Linear Mixed-Effects Models Using lme4,2015,Journal of Statistical Software,other,22,4.09,0.0,129
2017,W2525860450,Device-free gesture tracking using acoustic signals,2016,Proceedings of the 22nd Annual Internati,other,19,3.59,0.0,55
2017,W2190270960,A framework for self-experimentation in personalized health,2015,Journal of the American Medical Informat,technology,18,3.41,0.0,45
2017,W2337002970,"Mapping the Margins: Intersectionality, Identity Politics, and Violence against ",1991,Stanford Law Review,other,16,2.96,0.42,102
2017,W2402253831,Reflections on Deploying Distributed Consultation Technologies with Community Or,2016,Proceedings of the 2016 CHI Conference o,hci,15,2.85,0.0,27
2017,W2518198411,GestureSleeve,2016,Proceedings of the 2016 ACM Internationa,other,15,2.81,0.0,46
2017,W2568836284,Semi-Automated Tracking: A Balanced Approach for Self-Monitoring Applications,2017,IEEE Pervasive Computing,hci,15,2.8,0.0,78
2017,W2476960546,FILTER BUBBLE,2012,Carl Hanser Verlag GmbH &amp; Co. KG eBo,book/other,15,2.8,0.0,33
2017,W2307851164,Decimeter-level localization with a single WiFi access point,2016,Networked Systems Design and Implementat,other,15,2.8,0.0,19
2017,W2550981489,Staying with the Trouble: Making Kin in the Chthulucene,2016,Project Muse (Johns Hopkins University),other,15,2.79,0.0,25
2017,W1861492603,Microsoft COCO: Common Objects in Context,2014,Lecture notes in computer science,other,14,2.63,0.0,98
2017,W2481130537,FinGAR,2016,ACM SIGGRAPH 2016 Emerging Technologies,other,14,2.62,0.0,21
2017,W64581525,Demarginalizing the Intersection of Race and Sex: A Black Feminist Critique of A,2018,Feminist Legal Theory,theory,14,2.62,0.0,32
2017,W2516678343,Vega-Lite: A Grammar of Interactive Graphics,2016,IEEE Transactions on Visualization and C,other,14,2.61,0.0,122
2017,W1968466585,Design Things and Design Thinking: Contemporary Participatory Design Challenges,2012,Design Issues,other,14,2.61,0.48,34
2017,W1665214252,Rectified Linear Units Improve Restricted Boltzmann Machines,2010,International Conference on Machine Lear,other,14,2.61,0.36,20
2017,W2610904967,Understanding self-reflection,2017,Proceedings of the 11th EAI Internationa,hci,14,2.6,0.0,94
2017,W2621378336,Sharing Patient-Generated Data in Clinical Practices: An Interview Study.,2016,PubMed,method,14,2.59,0.0,18
2017,W2346112500,Drill Sergeant,2016,Proceedings of the 2016 CHI Conference E,hci,14,2.59,0.0,37
2017,W3123845465,Why do people watch others play video games? An empirical study on the motivatio,2016,Computers in Human Behavior,other,14,2.58,0.0,37
2017,W2611339103,The Geography of Pokémon GO: Beneficial and Problematic Effects on Places and Mo,2019,LaCRIS (University of Lapland),other,13,2.47,0.0,16
2017,W2395639500,OpenFace: An open source facial behavior analysis toolkit,2016,2016 IEEE Winter Conference on Applicati,technology,13,2.45,0.0,24
2017,W2497165680,The Relationship Between Facebook Use and Well-Being Depends on Communication Ty,2016,Journal of Computer-Mediated Communicati,other,13,2.44,0.0,34
2017,W202799293,The Black Box Society: The Secret Algorithms That Control Money and Information,2016,Contemporary Sociology A Journal of Revi,other,13,2.44,0.0,23
2017,W2537934446,Human-computer integration,2016,interactions,hci,13,2.44,0.0,34
2017,W2526606216,LiFS,2016,Proceedings of the 22nd Annual Internati,other,13,2.44,0.0,28
2017,W431738551,Qualitative research in practice : examples for discussion and analysis,2002,,method,13,2.42,0.0,42
2017,W2548475155,Characterizations of Online Harassment,2016,Proceedings of the 2016 ACM Internationa,other,13,2.4,0.0,55
2017,W3125633690,Algorithm aversion: People erroneously avoid algorithms after seeing them err.,2014,Journal of Experimental Psychology Gener,other,13,2.4,0.0,95
2017,W2890250492,The Ecological Approach to Visual Perception: Classic Edition,2014,,book/other,12,2.29,0.0,23
2017,W2136606893,The Dynamics of Micro-Task Crowdsourcing,2015,Proceedings of the 24th International Co,other,12,2.28,0.0,27
2017,W2597547568,FootStriker,2017,Proceedings of the ACM on Interactive Mo,other,12,2.27,0.0,45
2017,W2346630854,GazeTouchPass,2016,Proceedings of the 2016 CHI Conference E,hci,12,2.27,0.0,23
2017,W1006997171,"Curiosity, Creativity, and Surprise as Analytic Tools: Grounded Theory Method",2014,Ways of Knowing in HCI,method,12,2.27,0.0,43
2017,W2176615452,CapAuth,2015,Proceedings of the 2015 International Co,other,12,2.25,0.0,24
2017,W2037451280,Bias in algorithmic filtering and personalization,2013,Ethics and Information Technology,other,12,2.25,0.36,28
2017,W2056437901,FabriTouch,2014,Proceedings of the 2014 ACM Internationa,technology,12,2.24,0.0,23
2017,W4211171368,Humanistic HCI,2015,Synthesis lectures on human-centered inf,other,12,2.23,0.0,31
2017,W4211033381,Introduction: Behind the scenes,2016,City Research Online (City University Lo,book/other,12,2.23,0.0,91
2017,W2295598076,XGBoost,2016,Proceedings of the 22nd ACM SIGKDD Inter,other,12,2.23,0.0,83
2017,W1551717579,A Framework for Immersive Virtual Environments (FIVE): Speculations on the Role ,1997,PRESENCE Virtual and Augmented Reality,technology,12,2.22,0.4,73
2017,W2573660794,Weapons of Math Destruction: How Big Data Increases Inequality and Threatens Dem,2016,,book/other,12,2.22,0.0,27
2017,W2553906916,Mechanical Novel: Crowdsourcing Complex Work Through Reflection and Revision,2017,Understanding innovation,book/other,12,2.22,0.0,21
2017,W2344284192,"Deep, Convolutional, and Recurrent Models for Human Activity Recognition using W",2016,arXiv (Cornell University),technology,12,2.22,0.0,18
2017,W2043167816,Peeking Beneath the Hood of Uber,2015,Proceedings of the 2015 Internet Measure,other,11,2.11,0.0,22
2017,W4243451796,Designing Publics,2016,The MIT Press eBooks,book/other,11,2.09,0.0,17
2017,W2342688137,Combating VR sickness through subtle dynamic field-of-view modification,2016,2016 IEEE Symposium on 3D User Interface,other,11,2.09,0.0,27
2017,W2099461393,Ambient backscatter,2013,,book/other,11,2.08,0.0,19
2017,W2472441007,Crisis informatics—New data for extraordinary times,2016,Science,other,11,2.07,0.0,37
2017,W2346501156,Finger Placement and Hand Grasp during Smartphone Interaction,2016,Proceedings of the 2016 CHI Conference E,hci,11,2.07,0.0,17
2017,W4242987533,Usees,2015,Proceedings of the 33rd Annual ACM Confe,hci,11,2.06,0.0,23
2017,W2163290657,First Person Experience of Body Transfer in Virtual Reality,2010,PLoS ONE,other,11,2.05,0.36,50
2017,W2050304483,Human Sensing Using Visible Light Communication,2015,Proceedings of the 21st Annual Internati,technology,11,2.05,0.0,21
2017,W2345380342,Does Technology Have Race?,2016,Proceedings of the 2016 CHI Conference E,hci,11,2.04,0.0,50
2017,W1528045197,From presence to consciousness through virtual reality,2005,Nature reviews. Neuroscience,other,11,2.04,0.36,40
2017,W4293114085,Qualitative Analysis for Social Scientists.,1988,Contemporary Sociology A Journal of Revi,method,11,2.04,0.36,37
2017,W1977907196,Towards Autonomous Cars,2014,Proceedings of the 6th International Con,other,11,2.04,0.0,21
2017,W2337934060,The algorithmic imaginary: exploring the ordinary affects of Facebook algorithms,2016,Information Communication & Society,other,11,2.03,0.0,42
2017,W2051626970,Privacy Concerns for Use of Voice Activated Personal Assistant in the Public Spa,2014,International Journal of Human-Computer ,hci,11,2.02,0.0,41
2017,W2468114283,Eye Tracking for Everyone,2016,2016 IEEE Conference on Computer Vision ,other,10,1.93,0.0,34
2017,W2534952818,Evaluating Haptic and Auditory Directional Guidance to Assist Blind People in Re,2016,ACM Transactions on Accessible Computing,other,10,1.92,0.0,22
2017,W2500211783,An empirical investigation of the situationally-induced impairments experienced ,2016,Proceedings of the 13th International We,other,10,1.91,0.0,24
2017,W1987411016,Gaze and eye contact: A research review.,1986,Psychological Bulletin,other,10,1.9,0.36,21
2017,W2119595472,"Personality, Gender, and Age in the Language of Social Media: The Open-Vocabular",2013,PLoS ONE,other,10,1.9,0.0,23
2017,W2546536770,Sparsification and Separation of Deep Learning Layers for Constrained Resource I,2016,,book/other,10,1.9,0.0,18
2017,W1482707767,Theoretical Sensitivity: Advances in the Methodology of Grounded Theory,1978,Medical Entomology and Zoology,method,10,1.89,0.19,20
2017,W2415016544,Follow My Recommendations: A Personalized Privacy Assistant for Mobile App Permi,2020,,book/other,10,1.89,0.0,15
2017,W2223821166,Explaining Recommendations: Design and Evaluation,2015,Recommender Systems Handbook,book/other,10,1.89,0.0,16
2017,W2154324110,Building member attachment in online communities,2012,MIS Quarterly,other,10,1.89,0.25,17
2017,W1227041828,Ageing Well with CSCW,2015,ECSCW 2015: Proceedings of the 14th Euro,hci,10,1.88,0.0,22
2017,W1952173784,Beyond Memorability: Visualization Recognition and Recall,2015,IEEE Transactions on Visualization and C,other,10,1.88,0.0,42
2017,W1973787747,Putting yourself in the skin of a black avatar reduces implicit racial bias,2013,Consciousness and Cognition,other,10,1.87,0.0,39
2017,W2470696819,Need a hand?,2016,Proceedings of the ACM Symposium on Appl,other,10,1.87,0.0,25
2017,W2345597971,Human-Centred Machine Learning,2016,Proceedings of the 2016 CHI Conference E,hci,10,1.87,0.0,35
2017,W2318903536,Qualitative HCI Research: Going Behind the Scenes,2016,Synthesis lectures on human-centered inf,method,10,1.87,0.0,24
2017,W4248588746,An Integrative Model of Organizational Trust,1995,Academy of Management Review,other,10,1.87,0.2,83
2017,W1969090956,Humans integrate visual and haptic information in a statistically optimal fashio,2002,Nature,method,10,1.87,0.36,34
2017,W2076692542,Design challenges for ubiquitous and personal computing in chronic disease care ,2013,Personal and Ubiquitous Computing,hci,10,1.87,0.0,27
2017,W2324870069,The Imagined Audience on Social Network Sites,2016,Social Media + Society,other,10,1.87,0.0,40
2017,W1966976587,Interrater reliability: the kappa statistic.,2012,PubMed,method,10,1.86,0.0,21
2017,W2004513044,Design and evaluation of a smart home voice interface for the elderly: acceptabi,2011,Personal and Ubiquitous Computing,hci,10,1.86,0.0,33
2017,W2171057921,Using Presence Questionnaires in Reality,2000,PRESENCE Virtual and Augmented Reality,method,10,1.86,0.25,49
2017,W2143074722,Trust in Automation,2014,Human Factors The Journal of the Human F,other,10,1.86,0.36,94
2017,W2547701317,TapSkin,2016,Proceedings of the 2016 ACM Internationa,other,10,1.86,0.0,31
2017,W2111432142,Seven League Boots: A New Metaphor for Augmented Locomotion through Moderately L,2007,2007 IEEE Symposium on 3D User Interface,other,10,1.86,0.0,22
2017,W2587944871,Quantifying Search Bias: Investigating Sources of Bias for Political Searches in,2017,arXiv (Cornell University),other,10,1.86,0.0,17
2017,W3123711316,Algorithmic Labor and Information Asymmetries: A Case Study of Uber’s Drivers,2016,DOAJ (DOAJ: Directory of Open Access Jou,other,10,1.86,0.0,34
2017,W2557283755,Deep Learning,2016,,book/other,10,1.85,0.0,15
2017,W2582561810,Social Media and Fake News in the 2016 Election,2017,The Journal of Economic Perspectives,other,10,1.85,0.0,61
2017,W2126514505,Augmented reality: a class of displays on the reality-virtuality continuum,1995,"Proceedings of SPIE, the International S",technology,10,1.84,0.33,61
2017,W2263936035,Accountability in algorithmic decision making,2016,Communications of the ACM,other,10,1.84,0.0,30
2018,W2610728795,"""Alexa is my new BFF""",2017,Proceedings of the 2017 CHI Conference E,hci,40,7.21,0.0,78
2018,W1501005121,Power to the People: The Role of Humans in Interactive Machine Learning,2014,AI Magazine,other,28,5.06,0.98,152
2018,W2654569425,"""Hey Google is it OK if I eat you?""",2017,Proceedings of the 2017 Conference on In,other,24,4.32,0.0,58
2018,W4241614188,Computer Graphics Forum,2021,Computer Graphics Forum,other,22,3.98,0.64,47
2018,W2565842466,Wolverine: A wearable haptic interface for grasping in virtual reality,2016,2016 IEEE/RSJ International Conference o,other,21,3.82,0.63,39
2018,W2559085405,Realtime Multi-person 2D Pose Estimation Using Part Affinity Fields,2017,2017 IEEE Conference on Computer Vision ,other,21,3.81,0.0,70
2018,W2750911561,Where to wear it,2017,Proceedings of the 2017 ACM Internationa,other,21,3.79,0.0,79
2018,W2788481061,Gender Shades: Intersectional Accuracy Disparities in Commercial Gender Classifi,2018,,book/other,21,3.79,0.0,52
2018,W2158435382,How Immersive Is Enough? A Meta-Analysis of the Effect of Immersive Technology o,2015,Media Psychology,other,20,3.65,0.34,55
2018,W2100960835,Fairness through awareness,2012,Proceedings of the 3rd Innovations in Th,other,20,3.6,0.0,54
2018,W2532059692,PeriodShare,2016,Proceedings of the 9th Nordic Conference,hci,20,3.59,0.59,40
2018,W2591734415,Calendar.Help: Designing a Workflow-Based Scheduling Agent with Humans in the Lo,2017,SSRN Electronic Journal,other,19,3.5,0.0,29
2018,W2791200426,Online Harassment and Content Moderation,2018,ACM Transactions on Computer-Human Inter,other,18,3.25,0.0,116
2018,W3122548859,How the machine ‘thinks’: Understanding opacity in machine learning algorithms,2016,Big Data & Society,other,17,3.1,0.0,57
2018,W2904777186,The Stuff of Bits: An Essay on the Materialities of Information,2017,,book/other,17,3.09,0.0,34
2018,W2762517015,Robotic Assembly of Haptic Proxy Objects for Tangible Interaction and Virtual Re,2017,Proceedings of the 2017 ACM Internationa,other,17,3.08,0.0,36
2018,W2728794304,The Experience Sampling Method on Mobile Devices,2017,ACM Computing Surveys,other,17,3.06,0.0,80
2018,W4240605881,Critical Fabulations,2018,The MIT Press eBooks,book/other,17,3.06,0.0,63
2018,W2275060590,International Journal of Human-Computer Studies,2009,,book/other,17,3.05,0.35,51
2018,W1999184850,Wizard of Oz studies — why and how,1993,Knowledge-Based Systems,other,16,2.92,0.48,59
2018,W2803331364,Ability-based design,2018,Communications of the ACM,other,16,2.89,0.0,61
2018,W1984997401,Technology as amplifier in international development,2011,Proceedings of the 2011 iConference,other,16,2.89,0.56,61
2018,W2898970033,Algorithms of Oppression,2018,NYU Press eBooks,book/other,16,2.88,0.0,39
2018,W2798775976,Designing for the Changing Body,2018,Extended Abstracts of the 2018 CHI Confe,hci,16,2.87,0.0,38
2018,W2594475271,Towards A Rigorous Science of Interpretable Machine Learning,2017,arXiv (Cornell University),other,15,2.73,0.0,45
2018,W2588008725,Social Justice and Design,2017,Companion of the 2017 ACM Conference on ,other,15,2.72,0.0,57
2018,W4232488826,Thematic analysis.,2012,American Psychological Association eBook,method,15,2.71,0.0,328
2018,W1837843568,The rise of social bots,2016,Communications of the ACM,other,15,2.71,0.0,30
2018,W1919094054,Finding flow: the psychology of engagement with everyday life,1997,Choice Reviews Online,theory,15,2.71,0.44,24
2018,W2032568497,"Measurement Instruments for the Anthropomorphism, Animacy, Likeability, Perceive",2008,International Journal of Social Robotics,other,15,2.7,0.46,88
2018,W2610320177,Hacking Women's Health,2017,Proceedings of the 2017 CHI Conference E,hci,15,2.7,0.0,25
2018,W1996796871,Intelligible Models for HealthCare,2015,Proceedings of the 21th ACM SIGKDD Inter,other,15,2.7,0.34,58
2018,W2145839404,Place illusion and plausibility can lead to realistic behaviour in immersive vir,2009,Philosophical Transactions of the Royal ,other,14,2.56,0.49,92
2018,W2612445135,MobileNets: Efficient Convolutional Neural Networks for Mobile Vision Applicatio,2017,arXiv (Cornell University),technology,14,2.54,0.0,21
2018,W2610485429,Design for Existential Crisis,2017,Proceedings of the 2017 CHI Conference E,hci,14,2.54,0.0,42
2018,W2562199918,Enhancing Our Lives with Immersive Virtual Reality,2016,Frontiers in Robotics and AI,other,14,2.54,0.0,50
2018,W2606411279,AAAI Spring Symposium Series,2016,National Conference on Artificial Intell,other,14,2.53,0.32,51
2018,W2623779865,Delivering Cognitive Behavior Therapy to Young Adults With Symptoms of Depressio,2017,JMIR Mental Health,other,14,2.52,0.0,100
2018,W2345741582,The Soma Mat and Breathing Light,2016,Proceedings of the 2016 CHI Conference E,hci,14,2.52,0.0,60
2018,W2594908799,Proceedings for the Annual Meeting of the Cognitive Science Society,2013,,book/other,14,2.52,0.48,61
2018,W1981018544,The Textile Interface Swatchbook: Creating graphical user interface-like widgets,2010,International Symposium on Wearable Comp,other,14,2.52,0.24,32
2018,W2783946743,Demographics and Dynamics of Mechanical Turk Workers,2018,Proceedings of the Eleventh ACM Internat,other,14,2.52,0.0,42
2018,W3102788226,"You Watch, You Give, and You Engage: A Study of Live Streaming Practices in Chin",2018,arXiv (Cornell University),other,14,2.52,0.0,23
2018,W2344494366,Contactless Respiration Monitoring Via Off-the-Shelf WiFi Devices,2015,IEEE Transactions on Mobile Computing,other,13,2.39,0.34,22
2018,W3106250896,SSD: Single Shot MultiBox Detector,2016,,book/other,13,2.37,0.0,20
2018,W2545457694,Nudges for Privacy and Security,2017,ACM Computing Surveys,other,13,2.36,0.0,74
2018,W2624693526,Implications of Synchronous IVR Radio on Syrian Refugee Health and Community Dyn,2017,Proceedings of the 8th International Con,other,13,2.36,0.0,28
2018,W2567237851,Conversational agent use in a café,2016,Repository@Nottingham (University of Not,other,13,2.36,0.0,17
2018,W2625750667,Design for Existential Crisis in the Anthropocene Age,2017,Proceedings of the 8th International Con,other,13,2.35,0.0,47
2018,W2810857251,Reddit Rules! Characterizing an Ecosystem of Governance,2018,Proceedings of the International AAAI Co,technology,13,2.34,0.0,81
2018,W2044140042,Foundations for an Empirically Determined Scale of Trust in Automated Systems,2000,International Journal of Cognitive Ergon,technology,13,2.32,0.44,63
2018,W2057907879,Smart Devices are Different,2015,Proceedings of the 13th ACM Conference o,other,12,2.19,0.0,39
2018,W2574487674,"Personal Informatics, Self-Insight, and Behavior Change: A Critical Review of Cu",2017,Human-Computer Interaction,hci,12,2.19,0.0,48
2018,W2563363262,Visual Menu Techniques,2016,ACM Computing Surveys,other,12,2.19,0.0,26
2018,W1410719325,Towards understanding the effects of individual gamification elements on intrins,2015,Computers in Human Behavior,other,12,2.18,0.34,35
2018,W2350778671,Usenix Security Symposium,2011,IEEE Software,other,12,2.18,0.3,34
2018,W2000537113,Eye-based head gestures,2012,Proceedings of the Symposium on Eye Trac,other,12,2.18,0.35,16
2018,W2139699415,TorqueBAR,2003,Proceedings of the 5th international con,other,12,2.17,0.37,20
2018,W4292081290,A Survey of Value Sensitive Design Methods,2017,Foundations and Trends® in Human–Compute,other,12,2.17,0.0,48
2018,W2402144811,TensorFlow: a system for large-scale machine learning,2016,Operating Systems Design and Implementat,technology,12,2.17,0.0,18
2018,W2584805976,Algorithmic Decision Making and the Cost of Fairness,2017,Proceedings of the 23rd ACM SIGKDD Inter,other,12,2.17,0.0,27
2018,W2568165966,What Does All This Data Mean for My Future Mood? Actionable Analytics and Target,2017,Human-Computer Interaction,hci,12,2.15,0.0,33
2018,W2763866851,Estimating the Finger Orientation on Capacitive Touchscreens Using Convolutional,2017,Proceedings of the 2017 ACM Internationa,technology,11,2.02,0.0,35
2018,W1976147431,Impossible Spaces: Maximizing Natural Walking in Virtual Environments with Self-,2012,IEEE Transactions on Visualization and C,other,11,2.02,0.34,22
2018,W2526689049,LiTell,2016,,book/other,11,2.02,0.0,15
2018,W2625969058,BreathPrint,2017,,book/other,11,2.02,0.0,21
2018,W2724522927,Model of Illusions and Virtual Reality,2017,Frontiers in Psychology,other,11,2.01,0.0,29
2018,W2525771685,Emotion recognition using wireless signals,2016,Proceedings of the 22nd Annual Internati,other,11,2.01,0.0,35
2018,W2746322093,Mobility of Visually Impaired People,2017,,book/other,11,2.0,0.0,20
2018,W2120436369,The GuideCane-applying mobile robot technologies to assist the visually impaired,2001,IEEE Transactions on Systems Man and Cyb,other,11,2.0,0.34,22
2018,W2517256332,Data-Driven Guides: Supporting Expressive Design for Information Graphics,2016,IEEE Transactions on Visualization and C,other,11,2.0,0.0,25
2018,W1989244791,Smart homes and their users: a systematic analysis and key challenges,2014,Personal and Ubiquitous Computing,hci,11,2.0,0.0,28
2018,W1994606570,"Too much, too little, or just right? Ways explanations impact end users' mental ",2013,2013 IEEE Symposium on Visual Languages ,other,11,2.0,0.24,66
2018,W2345371536,"Exploring Social Justice, Design, and HCI",2016,Proceedings of the 2016 CHI Conference E,hci,11,2.0,0.0,56
2018,W2770258931,"Trans Competent Interaction Design: A Qualitative Study on Voice, Identity, and ",2017,Interacting with Computers,hci,11,2.0,0.0,33
2018,W2605306550,BrightBeat,2017,Proceedings of the 2017 CHI Conference E,hci,11,1.99,0.0,35
2018,W2623851756,Data Work: How Energy Advisors and Clients Make IoT Data Accountable,2017,Computer Supported Cooperative Work (CSC,hci,11,1.99,0.0,22
2018,W2908846416,Critical Fabulations: Reworking the Methods and Margins of Design,2018,,book/other,11,1.99,0.0,39
2018,W2769882943,A Survey of Value Sensitive Design Methods,2017,"now publishers, Inc. eBooks",book/other,11,1.99,0.0,17
2018,W2625581252,Strata,2017,Proceedings of the 15th Annual Internati,other,11,1.99,0.0,39
2018,W2367397349,Interpretable Decision Sets,2016,Proceedings of the 22nd ACM SIGKDD Inter,other,11,1.99,0.0,36
2018,W2338892592,WiFall: Device-Free Fall Detection by Wireless Networks,2016,IEEE Transactions on Mobile Computing,other,11,1.99,0.34,26
2018,W2963150697,Mask R-CNN,2017,2017 IEEE International Conference on Co,other,11,1.98,0.0,36
2018,W2904830621,Making Design Theory,2017,The MIT Press eBooks,theory,11,1.98,0.0,33
2018,W2890416412,Human Decisions and Machine Predictions,2017,National Bureau of Economic Research,other,11,1.98,0.0,23
2018,W2741346289,"Magnitude, temporal trends, and projections of the global prevalence of blindnes",2017,The Lancet Global Health,technology,11,1.97,0.0,16
2018,W2547061218,Procedurally generated virtual reality from 3D reconstructed physical space,2016,Proceedings of the 22nd ACM Conference o,other,10,1.84,0.0,22
2018,W2277671149,Knobology Revisited,2015,Proceedings of the 2015 International Co,other,10,1.84,0.0,17
2018,W2547134104,Gamification for health and wellbeing: A systematic review of the literature,2016,Internet Interventions,technology,10,1.83,0.0,22
2018,W2065704586,Simulating Haptic Feedback Using Vision: A Survey of Research and Applications o,2009,PRESENCE Virtual and Augmented Reality,other,10,1.83,0.32,27
2018,W2626807326,Position and Orientation Agnostic Gesture Recognition Using WiFi,2017,Proceedings of the 15th Annual Internati,other,10,1.83,0.0,19
2018,W2622245565,Map Learning with a 3D Printed Interactive Small-Scale Model: Improvement of Spa,2017,Frontiers in Psychology,other,10,1.82,0.0,23
2018,W2729880686,Accessible Interactive Maps for Visually Impaired Users,2017,Mobility of Visually Impaired People,book/other,10,1.82,0.0,19
2018,W2102303925,An Extended Privacy Calculus Model for E-Commerce Transactions,2006,Information Systems Research,other,10,1.82,0.35,36
2018,W1884577175,Evaluating the importance of multi-sensory input on memory and the sense of pres,2003,Proceedings IEEE Virtual Reality (Cat. N,technology,10,1.82,0.32,30
2018,W2644750609,Joinery,2017,Proceedings of the 2017 ACM SIGCHI Confe,hci,10,1.82,0.0,28
2018,W2094938076,"Vibrotactile Display: Perception, Technology, and Applications",2012,Proceedings of the IEEE,technology,10,1.82,0.34,32
2018,W2615297659,The Accuracy and Precision of Position and Orientation Tracking in the HTC Vive ,2017,i-Perception,technology,10,1.82,0.0,18
2018,W2596823239,The Language of Social Support in Social Media and Its Effect on Suicidal Ideati,2017,Proceedings of the International AAAI Co,other,10,1.82,0.0,35
2018,W2624793337,"Homeless Young People, Jobs, and a Future Vision",2017,Proceedings of the 8th International Con,other,10,1.82,0.0,18
2018,W2570080371,Toward Centimeter-Scale Human Activity Sensing with Wi-Fi Signals,2017,Computer,technology,10,1.82,0.0,21
2018,W2749809371,Device-Free WiFi Human Sensing: From Pattern-Based to Model-Based Approaches,2017,IEEE Communications Magazine,technology,10,1.82,0.0,17
2018,W2610506029,Research Ethics in HCI,2017,Proceedings of the 2017 CHI Conference E,hci,10,1.81,0.0,21
2018,W2742330194,Fake News Detection on Social Media,2017,ACM SIGKDD Explorations Newsletter,other,10,1.81,0.0,44
2018,W2648608910,Crowdboard,2017,Proceedings of the 2017 ACM SIGCHI Confe,hci,10,1.81,0.0,19
2018,W1982010290,The Design of Implicit Interactions: Making Interactive Systems Less Obnoxious,2008,Design Issues,technology,10,1.81,0.33,28
2018,W2765240282,CheekInput,2017,Proceedings of the 23rd ACM Symposium on,other,10,1.81,0.0,24
2018,W1814249794,Commercial Content Moderation: Digital Laborers' Dirty Work,2016,Scholarship@Western (Western University),book/other,10,1.81,0.0,17
2018,W2585292421,Beyond the Turk: Alternative platforms for crowdsourcing behavioral research,2017,Journal of Experimental Social Psycholog,other,10,1.8,0.0,64
2018,W2530395818,Equality of Opportunity in Supervised Learning,2016,arXiv (Cornell University),other,10,1.8,0.0,16
2018,W2551317447,Human Decisions and Machine Predictions,2017,The Quarterly Journal of Economics,other,10,1.8,0.0,20
2018,W2820000974,Multi-User Gesture Recognition Using WiFi,2018,Proceedings of the 16th Annual Internati,other,10,1.8,0.0,25
2018,W2345729520,AFFDEX SDK,2016,Proceedings of the 2016 CHI Conference E,hci,10,1.79,0.0,18
2018,W2067404301,The qualitative content analysis process,2008,Journal of Advanced Nursing,method,10,1.79,0.36,51
2019,W2897702578,"Automating Inequality: How High-Tech Tools Profile, Police, and Punish the Poor",2018,Public Integrity,theory,38,6.48,0.0,118
2019,W2994507840,"Custodians of the Internet: Platforms, Content Moderation, and the Hidden Decisi",2018,,theory,38,6.43,0.0,41
2019,W2786928326,Embracing First-Person Perspectives in Soma-Based Design,2018,Informatics,other,36,6.1,0.0,97
2019,W2957654274,Ghost Work: How to Stop Silicon Valley from Building a New Global Underclass,2019,,theory,35,5.78,0.0,99
2019,W2910732263,Moderator engagement and community development in the age of algorithms,2019,New Media & Society,other,32,5.5,0.0,126
2019,W2897042519,Model Cards for Model Reporting,2019,Proceedings of the Conference on Fairnes,technology,33,5.42,0.0,153
2019,W2991138171,"Custodians of the Internet: Platforms, Content Moderation, and the Hidden Decisi",2019,Kırklareli University Institutional Repo,theory,31,5.18,0.0,111
2019,W2793785670,“Participant” Perceptions of Twitter Research Ethics,2018,Social Media + Society,other,26,4.45,0.0,61
2019,W2792183666,"Understanding perception of algorithmic decisions: Fairness, trust, and emotion ",2018,Big Data & Society,other,25,4.2,0.0,85
2019,W2402661097,Research contributions in human-computer interaction,2016,interactions,hci,25,4.17,0.58,124
2019,W2786004891,'It's Reducing a Human Being to a Percentage'; Perceptions of Justice in Algorit,2018,,book/other,24,4.07,0.0,25
2019,W2907663980,Designing with the Body - Somaesthetic Interaction Design,2018,Anais Estendidos do XVII Simpósio Brasil,other,24,4.01,0.0,27
2019,W2896833840,"Automating Inequality: How High-Tech Tools Profile, Police, and Punish the Poor",2018,,theory,23,3.93,0.0,23
2019,W2935781565,"Unremarkable AI: Fitting Intelligent Decision Support into Critical, Clinical De",2019,arXiv (Cornell University),other,23,3.79,0.0,26
2019,W2789534411,Personification of the Amazon Alexa,2018,Proceedings of the 2018 Conference on Hu,other,22,3.77,0.0,29
2019,W2800619444,An intersectional approach to designing in the margins,2018,interactions,hci,22,3.71,0.0,67
2019,W1525564204,Successful qualitative research: A practical guide for beginners,2016,QMiP Bulletin,method,21,3.62,0.0,26
2019,W2894248099,Matters of care: Speculative ethics in more than human worlds,2018,International Journal of Care and Caring,other,21,3.48,0.0,65
2019,W2897154134,Fairness and Abstraction in Sociotechnical Systems,2019,Proceedings of the Conference on Fairnes,technology,20,3.32,0.0,82
2019,W1556840590,Studying the amateur artist: A perspective on disguising data collected in human,2002,Ethics and Information Technology,other,19,3.17,0.6,64
2019,W2796086529,Thor's Hammer,2018,Extended Abstracts of the 2018 CHI Confe,hci,18,3.16,0.0,21
2019,W2911396267,Agency plus automation: Designing artificial intelligence into interactive syste,2019,Proceedings of the National Academy of S,technology,19,3.15,0.0,69
2019,W2901895173,On Human Predictions with Explanations and Predictions of Machine Learning Model,2019,Proceedings of the Conference on Fairnes,other,19,3.1,0.0,93
2019,W2593116425,Audio Set: An ontology and human-labeled dataset for audio events,2017,2017 IEEE International Conference on Ac,technology,18,3.04,0.58,44
2019,W3094810319,Chasing Innovation: Making Entrepreneurial Citizens in Modern India,2020,East Asian Science Technology and Societ,other,18,2.99,0.0,33
2019,W2865154361,Widar2.0,2018,Proceedings of the 16th Annual Internati,other,17,2.9,0.0,37
2019,W2888611489,Formalizing Visualization Design Knowledge as Constraints: Actionable and Extens,2018,IEEE Transactions on Visualization and C,other,17,2.88,0.0,40
2019,W2963341956,BERT: Pre-training of Deep Bidirectional Transformers for Language Understanding,2019,Proceedings of the 2019 Conference of th,technology,17,2.79,0.0,49
2019,W2896457183,AI-Assisted Pipeline for Dynamic Generation of Trustworthy Health Supplement Con,2018,arXiv (Cornell University),other,17,2.74,0.0,54
2019,W4205923466,Values and Ethics in Human-Computer Interaction,2018,Foundations and Trends® in Human–Compute,other,16,2.73,0.0,49
2019,W2931556662,How Well Do My Results Generalize? Comparing Security and Privacy Survey Results,2019,2019 IEEE Symposium on Security and Priv,other,17,2.72,0.0,35
2019,W2971466976,Value sensitive design : shaping technology with moral imagination,2019,,technology,16,2.68,0.0,16
2019,W2018881137,Big other: Surveillance Capitalism and the Prospects of an Information Civilizat,2015,Journal of Information Technology,technology,16,2.68,0.0,50
2019,W2948863724,Behind the Screen: Content Moderation in the Shadows of Social Media,2019,,book/other,16,2.68,0.0,18
2019,W2756029264,Design and Evaluation of a Short Version of the User Experience Questionnaire (U,2017,International Journal of Interactive Mul,method,16,2.63,0.0,78
2019,W2884972792,Values and Ethics in Human-Computer Interaction,2018,,book/other,15,2.57,0.0,16
2019,W2523153599,Just-in-Time Adaptive Interventions (JITAIs) in Mobile Health: Key Components an,2016,Annals of Behavioral Medicine,other,15,2.55,0.47,66
2019,W2998827830,THE UNCANNY VALLEY,2020,University of Minnesota Press eBooks,book/other,15,2.55,0.0,15
2019,W2764065835,Gaze + pinch interaction in virtual reality,2017,Proceedings of the 5th Symposium on Spat,other,15,2.53,0.0,81
2019,W561751346,Qualitative Research & Evaluation Methods: Integrating Theory and Practice,2014,Medical Entomology and Zoology,method,15,2.52,0.3,51
2019,W2905238358,VRHapticDrones,2018,Proceedings of the 17th International Co,other,15,2.52,0.0,29
2019,W2898664788,"Trust in Data Science: Collaboration, Translation, and Accountability in Corpora",2020,arXiv (Cornell University),other,15,2.52,0.0,17
2019,W2118369420,Research Through Design in HCI,2014,Ways of Knowing in HCI,method,15,2.5,0.49,63
2019,W1971796909,The Constant Comparative Method of Qualitative Analysis,1965,Social Problems,method,15,2.5,0.46,25
2019,W4241602464,Computer Graphics forum,2003,Computer Graphics Forum,other,14,2.46,0.0,36
2019,W2999071598,Fair Work: Crowd Work Minimum Wage with One Line of Code,2019,Proceedings of the AAAI Conference on Hu,other,15,2.45,0.0,21
2019,W2736051620,Widar,2017,Proceedings of the 18th ACM Internationa,other,14,2.44,0.0,27
2019,W2963163009,MobileNetV2: Inverted Residuals and Linear Bottlenecks,2018,2018 IEEE/CVF Conference on Computer Vis,other,15,2.43,0.0,46
2019,W2804494603,Online Support Groups for Depression in China: Culturally Shaped Interactions an,2018,Computer Supported Cooperative Work (CSC,hci,14,2.41,0.0,26
2019,W2913974265,“It's almost like they're trying to hide it”: How User-Provided Image Descriptio,2019,The World Wide Web Conference,other,14,2.39,0.0,35
2019,W2808837203,Connected seeds and sensors,2018,Proceedings of the 15th Participatory De,technology,14,2.34,0.0,35
2019,W2897106987,VSkin,2018,Proceedings of the 24th Annual Internati,other,14,2.34,0.0,40
2019,W2803820580,Good intentions are not enough: how informatics interventions can worsen inequal,2018,Journal of the American Medical Informat,other,14,2.32,0.0,39
2019,W2897132279,Towards Environment Independent Device Free Human Activity Recognition,2018,Proceedings of the 24th Annual Internati,other,14,2.32,0.0,37
2019,W3124701710,The biggest lie on the Internet: ignoring the privacy policies and terms of serv,2018,Information Communication & Society,other,14,2.25,0.0,45
2019,W2901481055,Disparate Interactions,2019,Proceedings of the Conference on Fairnes,other,13,2.24,0.0,40
2019,W2506490502,Grounded Theory in Practice,2013,IGI Global eBooks,method,14,2.23,0.33,26
2019,W2794283760,Social motivations of live-streaming viewer engagement on Twitch,2018,Computers in Human Behavior,other,13,2.21,0.0,28
2019,W2752843814,Applying Pragmatics Principles for Interaction with Visual Analytics,2017,IEEE Transactions on Visualization and C,other,13,2.21,0.0,32
2019,W2512274390,Squares: Supporting Interactive Performance Analysis for Multiclass Classifiers,2016,IEEE Transactions on Visualization and C,other,13,2.21,0.0,27
2019,W2806760695,Avatar Embodiment. Towards a Standardized Questionnaire,2018,Frontiers in Robotics and AI,method,13,2.21,0.0,50
2019,W3001128645,Algorithms of oppression: how search engines reinforce racism,2019,Ethnic and Racial Studies,other,13,2.19,0.0,25
2019,W2964316623,Human Perceptions of Fairness in Algorithmic Decision Making,2018,Proceedings of the 2018 World Wide Web C,other,13,2.19,0.0,33
2019,W2753472863,Orko: Facilitating Multimodal Interaction for Visual Exploration and Analysis of,2017,IEEE Transactions on Visualization and C,other,13,2.19,0.0,36
2019,W2925515791,Case Study Research and Applications: Design and Methods,2017,,method,13,2.19,0.0,22
2019,W2909804508,Online sexual harassment over anonymous social media in Bangladesh,2019,Proceedings of the Tenth International C,other,13,2.16,0.0,33
2019,W1984255983,The Limits of Notice and Choice,2010,IEEE Security & Privacy,other,13,2.16,0.0,20
2019,W7131907535,Orientation and optical polarized spectra (380 – 900 nm) of methylene blue cryst,2013,Dr RGF - RGF Repository,other,13,2.16,0.0,29
2019,W2735526541,Feeling your data: Touch and making sense of personal digital data,2017,New Media & Society,technology,13,2.16,0.0,37
2019,W2800596622,"Censored, suspended, shadowbanned: User interpretations of content moderation on",2018,New Media & Society,other,13,2.14,0.0,82
2019,W2794079986,A Review of User Interface Design for Interactive Machine Learning,2018,ACM Transactions on Interactive Intellig,other,13,2.14,0.0,60
2019,W2886614482,Manifold: A Model-Agnostic Framework for Interpretation and Diagnosis of Machine,2018,IEEE Transactions on Visualization and C,technology,12,2.08,0.0,24
2019,W2943327675,Preventing harassment and increasing group participation through social norms in,2019,Proceedings of the National Academy of S,other,12,2.03,0.0,52
2019,W2765622179,Social Drone Companion for the Home Environment,2017,Proceedings of the 5th International Con,other,12,2.01,0.0,21
2019,W2810162684,A Social Media Based Examination of the Effects of Counseling Recommendations af,2018,Proceedings of the International AAAI Co,other,12,2.01,0.0,18
2019,W2898851992,Conducting Research with Stigmatized Populations,2018,Companion of the 2018 ACM Conference on ,other,12,1.99,0.0,18
2019,W2520441859,Personal Sensing: Understanding Mental Health Using Ubiquitous Sensors and Machi,2017,Annual Review of Clinical Psychology,technology,11,1.95,0.0,31
2019,W2765636281,Hearing Your Voice is Not Enough,2017,Proceedings of the 2017 ACM SIGSAC Confe,other,12,1.94,0.0,17
2019,W2808117608,Children asking questions,2018,Proceedings of the 17th ACM Conference o,other,11,1.92,0.0,21
2019,W2889495041,Design guidelines for hands-free speech interaction,2018,Proceedings of the 20th International Co,hci,11,1.9,0.0,22
2019,W2792558628,MRTouch: Adding Touch Input to Head-Mounted Mixed Reality,2018,IEEE Transactions on Visualization and C,technology,11,1.9,0.0,39
2019,W2768736423,Exploring exploratory programming,2017,2017 IEEE Symposium on Visual Languages ,other,11,1.9,0.0,36
2019,W2757876960,Eyes on a Car,2017,Proceedings of the 9th International Con,other,11,1.9,0.0,20
2019,W2885198660,Leviopole,2018,ACM SIGGRAPH 2018 Emerging Technologies,other,11,1.9,0.0,23
2019,W2762819682,RIO,2017,Proceedings of the 23rd Annual Internati,other,11,1.9,0.0,18
2019,W2898581654,CapBand,2018,Proceedings of the 16th ACM Conference o,other,11,1.9,0.0,28
2019,W2736191430,Deep learning for sensor-based activity recognition: A survey,2018,Pattern Recognition Letters,technology,11,1.88,0.0,28
2019,W2948116819,"Hey Google, Do Unicorns Exist?",2019,Proceedings of the 18th ACM Internationa,other,11,1.87,0.0,24
2019,W2795614280,Design for Sexual Wellbeing in HCI,2018,Extended Abstracts of the 2018 CHI Confe,hci,11,1.85,0.0,28
2019,W2943535317,The Trouble with Augmented Reality/Virtual Reality Authoring Tools,2018,2018 IEEE International Symposium on Mix,other,11,1.85,0.0,30
2019,W2962793481,Unpaired Image-to-Image Translation Using Cycle-Consistent Adversarial Networks,2017,2017 IEEE International Conference on Co,other,11,1.85,0.0,32
2019,W2897765997,GANerated Hands for Real-Time 3D Hand Tracking from Monocular RGB,2018,2018 IEEE/CVF Conference on Computer Vis,other,11,1.85,0.0,20
2019,W393191791,The feminist standpoint theory reader : intellectual andpolitical controversies,2004,,theory,11,1.83,0.34,31
2019,W2965288462,Privacy Attitudes of Smart Speaker Users,2019,Proceedings on Privacy Enhancing Technol,other,11,1.83,0.0,34
2019,W2806158947,Advantages of eye-gaze over head-gaze-based selection in virtual and augmented r,2018,Proceedings of the Workshop on Communica,other,11,1.83,0.0,24
2019,W2888292673,The somatic turn in human-computer interaction,2018,interactions,hci,11,1.83,0.0,49
2019,W2192203593,Taking the Human Out of the Loop: A Review of Bayesian Optimization,2015,Proceedings of the IEEE,other,11,1.83,0.0,26
2019,W2595653137,Automated Hate Speech Detection and the Problem of Offensive Language,2017,Proceedings of the International AAAI Co,other,11,1.83,0.0,23
2019,W2953417263,A Social Media Study on the Effects of Psychiatric Medication Use,2019,Proceedings of the International AAAI Co,other,11,1.81,0.0,20
2019,W2888068719,DXR: A Toolkit for Building Immersive Data Visualizations,2018,IEEE Transactions on Visualization and C,technology,11,1.8,0.0,21
2019,W2795898736,"Fitter, Happier, More Productive?",2018,Extended Abstracts of the 2018 CHI Confe,hci,11,1.8,0.0,49
2019,W2903257353,All Those Wasted Hours,2019,Proceedings of the Twelfth ACM Internati,other,11,1.8,0.0,15
2019,W2543483077,The Feeling of Numbers: Emotions in Everyday Engagements with Data and Their Vis,2017,Sociology,other,11,1.78,0.0,19
2019,W4288400169,Yaşlı Kadınlarda Üreme Sağlığı,,DergiPark (Istanbul University),other,11,1.76,0.0,59
2019,W2161498332,False-Positive Psychology,2011,Psychological Science,other,10,1.75,0.29,22
2019,W2788619189,Evaluating Mindfulness Meditation Apps,2018,Extended Abstracts of the 2018 CHI Confe,hci,10,1.75,0.0,17
2019,W2042295811,Wired for Speech: How Voice Activates and Advances the Human-Computer Relationsh,2006,Computational Linguistics,other,10,1.74,0.2,18
2019,W3037217620,Watch Me Play: Twitch and the Rise of Game Live Streaming,2020,New Media & Society,other,10,1.72,0.0,21
2019,W2809039849,Compositional 3D printing,2018,Proceedings of the 2nd ACM Symposium on ,other,10,1.72,0.0,31
2019,W2942539385,Social Media as a Passive Sensor in Longitudinal Studies of Human Behavior and W,2019,Extended Abstracts of the 2019 CHI Confe,hci,10,1.72,0.0,15
2019,W2942640105,The Tesserae Project,2019,Extended Abstracts of the 2019 CHI Confe,hci,10,1.72,0.0,32
2019,W2889168592,A glimpse of mobile text entry errors and corrective behaviour in the wild,2018,Proceedings of the 20th International Co,hci,10,1.72,0.0,17
2019,W2798906453,Consumer Attitudes Towards Privacy and Security in Home Assistants,2018,Extended Abstracts of the 2018 CHI Confe,hci,10,1.72,0.0,16
2019,W2616176030,From needs to aspirations in information technology for development,2017,Information Technology for Development,other,10,1.72,0.0,18
2019,W2952041149,New Metaphors,2019,Proceedings of the 2019 on Creativity an,other,10,1.72,0.0,27
2019,W2148540129,"Effect size estimates: Current use, calculations, and interpretation.",2011,Journal of Experimental Psychology Gener,other,10,1.72,0.0,21
2019,W2805039312,“Design Thinking”: Defending Silicon Valley at the Apex of Global Labor Hierarch,2018,Catalyst Feminism Theory Technoscience,other,10,1.72,0.0,22
2019,W2325370405,The Discovery of Grounded Theory: Strategies for Qualitative Research.,1971,American Sociological Review,method,10,1.72,0.3,25
2019,W2791862000,Multi - Touch in the Air: Device-Free Finger Tracking and Gesture Recognition vi,2018,IEEE INFOCOM 2018 - IEEE Conference on C,technology,10,1.72,0.0,17
2019,W2893608917,“Wear It Loud”,2018,ACM Transactions on Accessible Computing,other,10,1.7,0.0,26
2019,W2889031479,Investigating the usability and user experiences of voice user interface,2018,Proceedings of the 20th International Co,hci,10,1.7,0.0,16
2019,W2806347998,Beyond the hashtag: Circumventing content moderation on social media,2018,New Media & Society,other,10,1.7,0.0,34
2019,W2599025709,Fairness in Criminal Justice Risk Assessments: The State of the Art,2018,Sociological Methods & Research,other,10,1.7,0.0,19
2019,W2767269108,Algorithms as culture: Some tactics for the ethnography of algorithmic systems,2017,Big Data & Society,technology,10,1.7,0.0,18
2019,W2796885425,Interpretability Beyond Feature Attribution: Quantitative Testing with Concept A,2017,arXiv (Cornell University),other,10,1.7,0.0,19
2019,W2809761957,Body-centric computing,2018,interactions,hci,10,1.7,0.0,19
2019,W2888476620,Charticulator: Interactive Construction of Bespoke Chart Layouts,2018,IEEE Transactions on Visualization and C,other,10,1.7,0.0,23
2019,W2798694636,Refuge Tech,2018,Extended Abstracts of the 2018 CHI Confe,hci,10,1.7,0.0,16
2019,W2898349875,Cicero,2019,Proceedings of the 2019 CHI Conference o,hci,10,1.7,0.0,20
2019,W2584900451,DualCAD: Integrating Augmented Reality with a Desktop GUI and Smartphone Interac,2016,2016 IEEE International Symposium on Mix,other,10,1.69,0.0,19
2019,W2795915595,Task-Based Effectiveness of Basic Visualizations,2018,IEEE Transactions on Visualization and C,other,10,1.68,0.0,21
2019,W2908543495,A Taxonomy of Ethical Tensions in Inferring Mental Health States from Social Med,2019,Proceedings of the Conference on Fairnes,other,10,1.68,0.0,38
2019,W2899037911,Out of control,2018,Proceedings of the 2018 Workshop on Comp,other,10,1.68,0.0,32
2019,W2807126412,OpenFace 2.0: Facial Behavior Analysis Toolkit,2018,2018 13th IEEE International Conference ,technology,10,1.68,0.0,19
2019,W2810997908,When Online Harassment Is Perceived as Justified,2018,Proceedings of the International AAAI Co,other,10,1.68,0.0,37
2019,W2902024067,Boosting fine-grained activity sensing by embracing wireless multipath effects,2018,,technology,10,1.68,0.0,18
2019,W316935178,"Preparing a nation for autonomous vehicles: opportunities, barriers and policy r",2015,Transportation Research Part A Policy an,other,10,1.67,0.0,31
2019,W2910289802,Aspirations-based design,2019,Proceedings of the Tenth International C,other,10,1.67,0.0,20
2019,W2888584406,Glanceable Visualization: Studies of Data Comparison Performance on Smartwatches,2018,IEEE Transactions on Visualization and C,other,10,1.67,0.0,23
2019,W2962862931,On a Method to Measure Supervised Multiclass Model’s Interpretability: Applicati,2024,OASIcs : OpenAccess Series in Informatic,other,10,1.67,0.0,35
2019,W2952249184,Soma Bits: Mediating technology to orchestrate bodily experiences,2019,KTH Publication Database DiVA (KTH Royal,other,10,1.67,0.0,28
2019,W2901482039,FingerInput,2018,Proceedings of the 2018 ACM Internationa,other,10,1.67,0.0,31
2019,W2761676759,TagScan,2017,Proceedings of the 23rd Annual Internati,other,10,1.67,0.0,21
2019,W2898050070,EchoPrint,2018,,book/other,10,1.67,0.0,17
2019,W2769041395,Snorkel,2017,Proceedings of the VLDB Endowment,other,10,1.65,0.0,24
2019,W2709768667,Semantically Far Inspirations Considered Harmful?,2017,Proceedings of the 2017 ACM SIGCHI Confe,hci,10,1.65,0.0,18
2019,W2156098321,Preferred reporting items for systematic reviews and meta-analyses: the PRISMA s,2009,BMJ,method,10,1.65,0.0,19
2019,W2942717780,Cyborg Perspectives on Computing Research Reform,2019,Extended Abstracts of the 2019 CHI Confe,hci,10,1.63,0.0,32
2019,W2911227954,Data Statements for Natural Language Processing: Toward Mitigating System Bias a,2018,Transactions of the Association for Comp,technology,10,1.63,0.0,39
2019,W2955298904,Designing from the rural,2019,interactions,hci,10,1.63,0.0,22
2019,W2794026714,"Afrofuturism, inclusion, and the design imagination",2018,interactions,hci,10,1.6,0.0,21
2019,W2558404782,Level Up! Refreshing Parental Mediation Theory for Our Digital Media Landscape,2016,Communication Theory,theory,10,1.58,0.3,19
2020,W2950504429,Reflecting on reflexive thematic analysis,2019,Qualitative Research in Sport Exercise a,method,75,12.09,0.0,505
2020,W2891503716,Peeking Inside the Black-Box: A Survey on Explainable Artificial Intelligence (X,2018,IEEE Access,other,38,6.25,0.0,98
2020,W4252148582,Design Justice,2020,The MIT Press eBooks,theory,38,6.1,0.0,174
2020,W2989559897,Straighten up and fly right,2019,interactions,hci,37,6.06,0.0,69
2020,W2999637955,Effect of confidence and explanation on accuracy and trust calibration in AI-ass,2020,Proceedings of the 2020 Conference on Fa,other,36,5.81,0.0,172
2020,W2996844929,Review of “Race After Technology: Abolitionist Tools for the New Jim Code”,2019,Social Forces,theory,33,5.28,0.0,41
2020,W2955669146,How to do better with gender on surveys,2019,interactions,hci,31,5.0,0.0,71
2020,W3003646990,Race after technology. Abolitionist tools for the new Jim Code,2020,Ethnic and Racial Studies,theory,29,4.63,0.0,78
2020,W3030028481,"""I am just terrified of my future"" Epistemic Violence in Disability Related Tech",2020,Extended Abstracts of the 2020 CHI Confe,hci,28,4.45,0.0,71
2020,W4297039634,Electronic Workshops in Computing,2013,Electronic workshops in computing,other,26,4.35,0.0,69
2020,W4300003134,Design Justice: Community-Led Practices to Build the Worlds We Need,2022,Technical Communication Quarterly,theory,27,4.34,0.0,95
2020,W2984353433,Beyond Accuracy: The Role of Mental Models in Human-AI Team Performance,2019,Proceedings of the AAAI Conference on Hu,other,26,4.22,0.0,101
2020,W2962858109,Grad-CAM: Visual Explanations from Deep Networks via Gradient-Based Localization,2017,2017 IEEE International Conference on Co,other,22,3.61,0.55,63
2020,W2922234936,Software Engineering for Machine Learning: A Case Study,2019,2019 IEEE/ACM 41st International Confere,other,22,3.53,0.0,45
2020,W2905034244,Updates in Human-AI Teams: Understanding and Addressing the Performance/Compatib,2019,Proceedings of the AAAI Conference on Ar,other,21,3.46,0.0,55
2020,W2945900074,Transcending Boundaries: Improvisation and Disability in Dance,2019,Pure (Coventry University),book/other,20,3.32,0.0,80
2020,W2951066155,Sharing the Studio,2019,Proceedings of the 2019 on Creativity an,other,20,3.27,0.0,39
2020,W2986074609,Value Sensitive Design: Shaping Technology with Moral Imagination,2019,Design and Culture,technology,20,3.27,0.0,50
2020,W2913681502,What Makes a Good Conversation? Challenges in Designing Truly Conversational Age,2019,Cork Open Research Archive (University C,other,20,3.22,0.0,21
2020,W3013733707,Drawing from justice theories to support targets of online harassment,2020,New Media & Society,other,20,3.21,0.0,43
2020,W2896893982,"The State of Speech in HCI: Trends, Themes and Challenges",2019,Interacting with Computers,hci,19,3.1,0.0,31
2020,W2981244006,"Tumblr was a trans technology: the meaning, importance, history, and future of t",2019,Feminist Media Studies,other,19,3.07,0.0,50
2020,W2943791936,Queer(ing) HCI,2019,Extended Abstracts of the 2019 CHI Confe,hci,18,2.96,0.0,45
2020,W3008694996,Algorithmic content moderation: Technical and political challenges in the automa,2020,Big Data & Society,other,18,2.92,0.0,78
2020,W2970641574,Sentence-BERT: Sentence Embeddings using Siamese BERT-Networks,2019,Proceedings of the 2019 Conference on Em,other,18,2.91,0.0,92
2020,W2794740256,A Personal Resource for Technology Interaction: Development and Validation of th,2018,International Journal of Human-Computer ,hci,18,2.91,0.0,62
2020,W2956281901,The What-If Tool: Interactive Probing of Machine Learning Models,2019,IEEE Transactions on Visualization and C,other,18,2.9,0.0,66
2020,W2480843121,Mensch und Computer 2015 - Workshopband,2015,,book/other,17,2.83,0.0,22
2020,W4231736063,Dark Matters,2015,,book/other,17,2.8,0.28,40
2020,W2943726984,Patching Gender,2019,Extended Abstracts of the 2019 CHI Confe,hci,17,2.8,0.0,43
2020,W4288086187,(Un)informed Consent,2019,Proceedings of the 2019 ACM SIGSAC Confe,other,17,2.77,0.0,55
2020,W2800068874,Algorithm appreciation: People prefer algorithmic to human judgment,2019,Organizational Behavior and Human Decisi,other,17,2.75,0.54,67
2020,W2943608867,Inaction as a Design Decision,2019,Extended Abstracts of the 2019 CHI Confe,hci,16,2.7,0.0,38
2020,W591589697,Current issues in European financial and insolvency law : perspectives from Fran,2009,Journal of International Crisis and Risk,other,17,2.69,0.0,69
2020,W3013266101,Design Justice: Community-Led Practices to Build the Worlds We Need,2020,Journal of International Crisis and Risk,theory,17,2.69,0.0,17
2020,W2132553681,When Corrections Fail: The Persistence of Political Misperceptions,2010,Political Behavior,other,16,2.64,0.49,35
2020,W2962730651,OpenPose: Realtime Multi-Person 2D Pose Estimation Using Part Affinity Fields,2019,IEEE Transactions on Pattern Analysis an,other,16,2.63,0.0,39
2020,W2955298504,Negotiating Gender and Disability Identities in Participatory Design,2019,Proceedings of the 9th International Con,other,16,2.62,0.0,29
2020,W4300325272,Qualitative HCI Research,2016,Synthesis lectures on human-centered inf,method,16,2.62,0.0,64
2020,W4241699713,Association for Computing Machinery,1963,Physics Today,other,15,2.45,0.0,17
2020,W2801150160,Towards an Artificially Empathic Conversational Agent for Mental Health Applicat,2018,Journal of Medical Internet Research,technology,15,2.44,0.0,30
2020,W2607618454,Comparing grounded theory and topic modeling: Extreme divergence or unlikely con,2017,Journal of the Association for Informati,method,15,2.43,0.38,34
2020,W4292341621,Quality Control in Crowdsourcing,2018,ACM Computing Surveys,other,15,2.42,0.28,29
2020,W2913081045,Fighting misinformation on social media using crowdsourced judgments of news sou,2019,Proceedings of the National Academy of S,other,14,2.33,0.0,42
2020,W2950821050,Zero-Effort Cross-Domain Gesture Recognition with Wi-Fi,2019,,book/other,14,2.32,0.0,34
2020,W3121274724,"Lazy, not biased: Susceptibility to partisan fake news is better explained by la",2018,Cognition,other,14,2.31,0.0,37
2020,W2793897830,Social Media in Crisis Management: An Evaluation and Analysis of Crisis Informat,2018,International Journal of Human-Computer ,hci,14,2.29,0.28,23
2020,W2945976633,Stop explaining black box machine learning models for high stakes decisions and ,2019,Nature Machine Intelligence,other,14,2.27,0.0,40
2020,W2992319600,Towards a critical race methodology in algorithmic fairness,2020,Proceedings of the 2020 Conference on Fa,other,14,2.26,0.0,34
2020,W2946143427,Leveling Up,2019,Medical Care,other,14,2.25,0.0,20
2020,W2979507566,RNN-Based Room Scale Hand Motion Tracking,2019,The 25th Annual International Conference,other,14,2.25,0.0,20
2020,W2896391314,Thumb-In-Motion,2018,Proceedings of the Symposium on Spatial ,other,13,2.19,0.0,24
2020,W2924196385,Trusting Virtual Agents,2019,ACM Transactions on Interactive Intellig,other,13,2.17,0.0,26
2020,W4211192987,Value Sensitive Design and Information Systems,2013,Philosophy of engineering and technology,technology,13,2.16,0.41,55
2020,W2969696778,Critical Reflections on Visualization Authoring Systems,2019,IEEE Transactions on Visualization and C,technology,13,2.15,0.0,22
2020,W2606766508,"The New Governors: The People, Rules, and Processes Governing Online Speech",2018,St. John's University School of Law (St.,other,13,2.14,0.0,21
2020,W4234889190,Designing with the Body,2018,The MIT Press eBooks,book/other,13,2.13,0.0,99
2020,W3010110357,What is the point of fairness?,2020,ACM SIGACCESS Accessibility and Computin,other,13,2.11,0.0,30
2020,W2987003572,"Platformic Management, Boundary Resources for Gig Work, and Worker Autonomy",2019,Computer Supported Cooperative Work (CSC,hci,13,2.11,0.0,27
2020,W2914950854,Technologies for Enhancing Collocated Social Interaction: Review of Design Solut,2019,Computer Supported Cooperative Work (CSC,hci,13,2.1,0.0,29
2020,W3036971092,Patriarchy and Social Media,2020,Proceedings of the 2020 International Co,other,13,2.1,0.0,28
2020,W2941038570,More-than-human participation,2019,interactions,hci,13,2.1,0.0,31
2020,W2800029302,Theoretical Considerations and Development of a Questionnaire to Measure Trust i,2018,Advances in intelligent systems and comp,method,13,2.09,0.0,39
2020,W2806569034,"Psychological, Relational, and Emotional Effects of Self-Disclosure After Conver",2018,Journal of Communication,other,12,2.02,0.0,24
2020,W2922711788,Chatbots and Conversational Agents in Mental Health: A Review of the Psychiatric,2019,The Canadian Journal of Psychiatry,other,12,1.99,0.0,28
2020,W604972776,Analyzing Qualitative Data,2007,,method,12,1.97,0.35,28
2020,W2795037203,Living up to the chatbot hype: The influence of anthropomorphic design cues and ,2018,Computers in Human Behavior,other,12,1.96,0.0,22
2020,W2970548164,"There Is No Spoon: Evaluating Performance, Space Use, and Presence with Expert D",2019,IEEE Transactions on Visualization and C,other,12,1.96,0.0,21
2020,W2986788429,Soma Design and Politics of the Body,2019,Proceedings of the Halfway to the Future,other,12,1.95,0.0,37
2020,W2954457885,Seven HCI Grand Challenges,2019,International Journal of Human-Computer ,hci,12,1.95,0.0,40
2020,W2981869278,Dissecting racial bias in an algorithm used to manage the health of populations,2019,Science,other,12,1.94,0.0,45
2020,W2942875497,"We Did It Right, But It Was Still Wrong",2019,Extended Abstracts of the 2019 CHI Confe,hci,12,1.93,0.0,41
2020,W2972795682,Accessible by Design: An Opportunity for Virtual Reality,2019,2019 IEEE International Symposium on Mix,other,12,1.93,0.0,34
2020,W2895995041,"An Empathy-Driven, Conversational Artificial Intelligence Agent (Wysa) for Digit",2018,JMIR mhealth and uhealth,other,12,1.93,0.0,28
2020,W4248146732,Immersive Analytics,2018,Lecture notes in computer science,other,12,1.93,0.0,29
2020,W2111143102,Theory Construction in Qualitative Research,2012,Sociological Theory,method,12,1.92,0.17,29
2020,W2896735034,"A Systematic Review of Social Presence: Definition, Antecedents, and Implication",2018,Frontiers in Robotics and AI,technology,12,1.91,0.0,54
2020,W2274898047,The Challenge of Technology Research in Sensitive Settings,2015,Proceedings of the Annual Meeting of the,other,11,1.83,0.3,27
2020,W2968725073,Progressivity for voice interface design,2019,Proceedings of the 1st International Con,other,11,1.82,0.0,21
2020,W2948288662,Youth Learning Machine Learning through Building Models of Athletic Moves,2019,Proceedings of the 18th ACM Internationa,other,11,1.82,0.0,19
2020,W2967206385,Revolution or Evolution? Speech Interaction and HCI Design Guidelines,2019,IEEE Pervasive Computing,hci,11,1.82,0.0,19
2020,W2915267143,SensorKnit: Architecting Textile Sensors with Machine Knitting,2019,3D Printing and Additive Manufacturing,technology,11,1.82,0.0,18
2020,W2793102850,Acousticcardiogram: Monitoring Heartbeats using Acoustic Signals on Smart Device,2018,,book/other,11,1.82,0.28,23
2020,W2916950102,Disability interaction (DIX),2019,interactions,hci,11,1.81,0.0,15
2020,W2953236873,BreathListener,2019,Proceedings of the 17th Annual Internati,other,11,1.8,0.0,24
2020,W2170518570,Memoing in qualitative research,2007,Journal of research in nursing,method,11,1.79,0.0,27
2020,W2903986723,The rise of motivational information systems: A review of gamification research,2018,International Journal of Information Man,technology,11,1.79,0.0,32
2020,W4205345833,Human-Food Interaction,2019,Foundations and Trends® in Human–Compute,other,11,1.79,0.0,29
2020,W2947370772,More-Than Human Centred Design: Considering Other Things,2019,The Design Journal,other,11,1.79,0.0,37
2020,W2965058023,Envisioning AI for K-12: What Should Every Child Know about AI?,2019,Proceedings of the AAAI Conference on Ar,other,11,1.79,0.0,40
2020,W2808719956,"Queer women’s experiences of patchwork platform governance on Tinder, Instagram,",2018,Convergence The International Journal of,other,11,1.79,0.0,21
2020,W3085526106,All data are local: thinking critically in a data-driven society,2020,Information Communication & Society,other,11,1.79,0.0,36
2020,W2744486576,Large-scale readability analysis of privacy policies,2017,Proceedings of the International Confere,other,11,1.78,0.0,17
2020,W2953522645,The global landscape of AI ethics guidelines,2019,Nature Machine Intelligence,other,11,1.76,0.0,48
2020,W2948564627,"Designs for the Pluriverse: Radical Interdependence, Autonomy, and the Making of",2019,Journal of Landscape Architecture,other,11,1.76,0.0,40
2020,W2942529412,Your Period Rules,2019,Extended Abstracts of the 2019 CHI Confe,hci,10,1.7,0.0,22
2020,W2943188200,Young Children's Reading and Learning with Conversational Agents,2019,Extended Abstracts of the 2019 CHI Confe,hci,10,1.67,0.0,15
2020,W2587602959,"An Overview of Video Description: History, Benefits, and Guidelines",2015,Journal of Visual Impairment & Blindness,other,10,1.66,0.0,17
2020,W2942829857,HCI and Menopause,2019,Extended Abstracts of the 2019 CHI Confe,hci,10,1.66,0.0,19
2020,W2904955348,Futzing and Moseying: Interviews with Professional Data Analysts on Exploration ,2018,IEEE Transactions on Visualization and C,method,10,1.66,0.0,26
2020,W1941711934,Handbook of Psychophysiology,2016,Cambridge University Press eBooks,book/other,10,1.66,0.32,19
2020,W2874356750,LiquID,2018,,book/other,10,1.66,0.0,24
2020,W2058868256,Complete Counterbalancing of Immediate Sequential Effects in a Latin Square Desi,1958,Journal of the American Statistical Asso,other,10,1.65,0.28,36
2020,W3016545320,The forgotten margins,2020,interactions,hci,10,1.64,0.0,22
2020,W4237375617,Low-level components of analytic activity in information visualization,2005,IEEE Symposium on Information Visualizat,other,10,1.64,0.2,35
2020,W2466950015,Queer identity online: Informal learning and teaching experiences of LGBTQ indiv,2016,Computers in Human Behavior,other,10,1.64,0.28,24
2020,W3028989981,IslamicHCI: Designing with and within Muslim Populations,2020,Extended Abstracts of the 2020 CHI Confe,hci,10,1.64,0.0,23
2020,W2976948333,Facial recognition is the plutonium of AI,2019,XRDS Crossroads The ACM Magazine for Stu,other,10,1.63,0.0,16
2020,W3009306974,Toward fairness in AI for people with disabilities SBG@a research roadmap,2020,ACM SIGACCESS Accessibility and Computin,other,10,1.63,0.0,15
2020,W2921764039,The corporate cultivation of digital resignation,2019,New Media & Society,other,10,1.63,0.0,25
2020,W2990239129,The State-of-the-Art of Human–Drone Interaction: A Survey,2019,IEEE Access,other,10,1.62,0.0,19
2020,W3123973939,AI and accessibility,2020,Communications of the ACM,other,10,1.61,0.0,21
2020,W1530315115,INTERSECTING OPPRESSIONS AND ONLINE COMMUNITIES,2011,Information Communication & Society,other,10,1.61,0.3,24
2020,W2976871371,Behind the Screen: Content Moderation in the Shadows of Social Media,2019,New Media & Society,other,10,1.61,0.0,17
2020,W2900191078,The Greeting Machine: An Abstract Robotic Object for Opening Encounters,2018,2018 27th IEEE International Symposium o,other,10,1.6,0.0,19
2020,W2965346190,FlowSense: A Natural Language Interface for Visual Data Exploration within a Dat,2019,IEEE Transactions on Visualization and C,technology,10,1.6,0.0,21
2020,W4288080284,Unblind your apps,2020,Proceedings of the ACM/IEEE 42nd Interna,other,10,1.59,0.0,24
2020,W2609169299,Functional privacy concerns of older adults about pervasive health-monitoring sy,2017,Proceedings of the 10th International Co,hci,10,1.59,0.28,15
2020,W2978041822,Identifying Challenges and Opportunities in Human-AI Collaboration in Healthcare,2019,Companion Publication of the 2019 Confer,other,10,1.59,0.0,29
2020,W2232384272,The spreading of misinformation online,2016,Proceedings of the National Academy of S,other,10,1.59,0.2,29
2021,W3048560297,One size fits all? What counts as quality practice in (reflexive) thematic analy,2020,Qualitative Research in Psychology,method,52,8.09,0.0,201
2021,W2981731882,"Explainable Artificial Intelligence (XAI): Concepts, taxonomies, opportunities a",2019,Information Fusion,other,42,6.51,0.0,103
2021,W3013160799,"Human-Centered Artificial Intelligence: Reliable, Safe & Trustworthy",2020,International Journal of Human-Computer ,hci,41,6.4,0.0,104
2021,W4299627282,Statistical Power Analysis for the Behavioral Sciences,2013,,method,36,5.58,0.9,127
2021,W3201350298,Things We Could Design: For More Than Human-Centered Worlds,2021,TU/e Research Portal,book/other,36,5.51,0.0,86
2021,W4292779060,"Aion Framework: Dimensional Emergence of AI Consciousness, Observer-Induced Coll",2023,DROPS (Schloss Dagstuhl – Leibniz Center,other,32,4.89,0.0,59
2021,W3133702157,On the Dangers of Stochastic Parrots,2021,Proceedings of the 2021 ACM Conference o,other,29,4.51,0.0,158
2021,W3032152500,Nothing About Us Without Us,2020,Extended Abstracts of the 2020 CHI Confe,hci,28,4.39,0.0,65
2021,W3001807593,Closing the AI accountability gap,2020,Proceedings of the 2020 Conference on Fa,other,26,4.04,0.0,53
2021,W3093223973,Can I use TA? Should I use TA? Should I not use TA? Comparing reflexive thematic,2020,Counselling and Psychotherapy Research,method,25,3.82,0.0,81
2021,W3030790076,From Human-Human Collaboration to Human-AI Collaboration,2020,Extended Abstracts of the 2020 CHI Confe,hci,24,3.75,0.0,65
2021,W3090022999,Technology and More-Than-Human Design,2020,Design Issues,other,23,3.58,0.0,60
2021,W2497080131,Tales from the Dark Side: Privacy Dark Strategies and Privacy Dark Patterns,2016,Proceedings on Privacy Enhancing Technol,other,23,3.57,0.55,53
2021,W3036415261,Expanding Participation to Design with More-Than-Human Concerns,2020,Proceedings of the 16th Participatory De,other,21,3.27,0.0,46
2021,W3095415574,Shifting Concepts of Value,2020,Proceedings of the 11th Nordic Conferenc,hci,20,3.16,0.0,45
2021,W3006937233,Combinatorial Optimization of Graphical User Interface Designs,2020,Proceedings of the IEEE,other,20,3.13,0.0,27
2021,W3003802619,"AI-Mediated Communication: Definition, Research Agenda, and Ethical Consideratio",2019,Journal of Computer-Mediated Communicati,other,20,3.12,0.0,62
2021,W2979826702,Transformers: State-of-the-Art Natural Language Processing,2020,Proceedings of the 2020 Conference on Em,technology,20,3.12,0.0,34
2021,W3002681432,Living media interfaces: a multi-perspective analysis of biological materials fo,2020,Digital Creativity,other,20,3.11,0.0,41
2021,W3083351516,Personal Augmented Reality for Information Visualization on Large Interactive Di,2020,IEEE Transactions on Visualization and C,technology,20,3.11,0.0,30
2021,W3094326384,Metaphors in moderation,2020,New Media & Society,other,20,3.1,0.0,41
2021,W3161692109,The Development and Validation of the Technology-Supported Reflection Inventory.,2021,Utrecht University Repository (Utrecht U,other,20,3.1,0.0,37
2021,W3030508559,Teachable Machine: Approachable Web-Based Tool for Exploring Machine Learning Cl,2020,Extended Abstracts of the 2020 CHI Confe,hci,20,3.09,0.0,44
2021,W3012624518,Racial disparities in automated speech recognition,2020,Proceedings of the National Academy of S,other,19,2.96,0.0,40
2021,W4243636675,Thematic Analysis,2019,Handbook of Research Methods in Health S,method,19,2.93,0.0,74
2021,W4364348136,Successful Qualitative Research: A practical guide for beginners,2014,QMiP Bulletin,method,19,2.93,0.54,49
2021,W2910548926,Problem Formulation and Fairness,2019,Proceedings of the Conference on Fairnes,other,19,2.93,0.54,44
2021,W4385245566,Exploiting Generative AI to Scale up Intelligent Tutoring Systems,2023,DROPS (Schloss Dagstuhl – Leibniz Center,technology,19,2.91,0.54,30
2021,W6922094438,Bringing together clinical and community partners for better patient care: Booth,2024,Counseling And Psychological Services Di,other,19,2.91,0.0,45
2021,W3002330681,The Pushshift Reddit Dataset,2020,Proceedings of the International AAAI Co,technology,18,2.83,0.0,33
2021,W2990520658,Algorithms at Work: The New Contested Terrain of Control,2019,Academy of Management Annals,other,18,2.83,0.0,34
2021,W3002972902,"""The human body is a black box""",2020,Proceedings of the 2020 Conference on Fa,other,18,2.82,0.0,29
2021,W2890631779,Designing Health and Fitness Apps with Older Adults,2018,Proceedings of the 12th EAI Internationa,hci,18,2.81,0.27,32
2021,W3094233077,Bridging the Gap Between Ethics and Practice,2020,ACM Transactions on Interactive Intellig,other,18,2.8,0.0,33
2021,W3033686986,Living Bits,2020,Proceedings of the Augmented Humans Inte,other,18,2.79,0.0,38
2021,W2998396744,Digital crafts-machine-ship,2019,interactions,hci,18,2.79,0.54,38
2021,W3036344346,Audience Management Practices of Live Streamers on Twitch,2020,ACM International Conference on Interact,other,17,2.65,0.0,26
2021,W3030654960,Worker-Centered Design: Expanding HCI Methods for Supporting Labor,2020,Extended Abstracts of the 2020 CHI Confe,hci,17,2.6,0.0,50
2021,W3036998917,Tiered Governance and Demonetization: The Shifting Terms of Labor and Compensati,2020,Social Media + Society,other,16,2.54,0.0,26
2021,W2795274753,"The System Usability Scale: Past, Present, and Future",2018,International Journal of Human-Computer ,hci,16,2.51,0.27,59
2021,W3082667172,Shared Surfaces and Spaces: Collaborative Data Visualisation in a Co-located Imm,2020,IEEE Transactions on Visualization and C,other,16,2.5,0.0,27
2021,W2961720344,Task-Dependent Algorithm Aversion,2019,Journal of Marketing Research,other,16,2.5,0.0,35
2021,W3030528688,"My Body, My Avatar: How People Perceive Their Avatars in Social Virtual Reality",2020,Extended Abstracts of the 2020 CHI Confe,hci,16,2.49,0.0,37
2021,W1494198834,Librispeech: An ASR corpus based on public domain audio books,2015,2015 IEEE International Conference on Ac,technology,16,2.49,0.19,28
2021,W144701237,The Craft of Information Visualization,2003,Elsevier eBooks,book/other,15,2.4,0.27,23
2021,W3031549522,PinchType: Text Entry for Virtual and Augmented Reality Using Comfortable Thumb ,2020,Extended Abstracts of the 2020 CHI Confe,hci,15,2.37,0.0,23
2021,W3125936870,The Implied Truth Effect: Attaching Warnings to a Subset of Fake News Headlines ,2020,Management Science,other,15,2.37,0.0,33
2021,W2911344747,The Current Status of Accessibility in Mobile Apps,2019,ACM Transactions on Accessible Computing,other,15,2.35,0.0,27
2021,W2912088370,Empirical Research in Mid-Air Interaction: A Systematic Review,2019,International Journal of Human-Computer ,hci,15,2.35,0.0,25
2021,W3003759491,Reaching Broader Audiences With Data Visualization,2020,IEEE Computer Graphics and Applications,other,15,2.34,0.0,27
2021,W3174333417,You’d Better Stop! Understanding Human Reliance on Machine Learning Models under,2021,13th ACM Web Science Conference 2021,other,15,2.34,0.0,27
2021,W3081277912,NL4DV: A Toolkit for Generating Analytic Specifications for Data Visualization f,2020,IEEE Transactions on Visualization and C,technology,15,2.32,0.0,30
2021,W3162262138,What We Can Learn From Visual Artists About Software Development,2021,Proceedings of the 2021 CHI Conference o,hci,15,2.3,0.0,36
2021,W2944339144,Evaluating Effect Size in Psychological Research: Sense and Nonsense,2019,Advances in Methods and Practices in Psy,other,14,2.22,0.0,21
2021,W2943238809,Human-Centered Study of Data Science Work Practices,2019,Extended Abstracts of the 2019 CHI Confe,hci,14,2.22,0.0,17
2021,W3133631714,Documenting Computer Vision Datasets,2021,Proceedings of the 2021 ACM Conference o,technology,14,2.21,0.0,22
2021,W2995065029,A systematic review of immersive virtual reality applications for higher educati,2019,Computers & Education,technology,14,2.2,0.0,29
2021,W2809100814,Using Machine Learning to Support Qualitative Coding in Social Science,2018,ACM Transactions on Interactive Intellig,method,14,2.2,0.37,24
2021,W3041968715,Decolonial AI: Decolonial Theory as Sociotechnical Foresight in Artificial Intel,2020,Philosophy & Technology,theory,14,2.19,0.0,34
2021,W3162076853,Creepy Technology: What Is It and How Do You Measure It?,2021,UCL Discovery (University College London,other,14,2.19,0.0,26
2021,W3092234597,Calliope: Automatic Visual Data Story Generation from a Spreadsheet,2020,IEEE Transactions on Visualization and C,other,14,2.19,0.0,29
2021,W1502678715,Social Desirability Bias,2010,Wiley International Encyclopedia of Mark,other,14,2.19,0.0,28
2021,W3130610582,Nonverbal overload: A theoretical argument for the causes of Zoom fatigue.,2021,Technology Mind and Behavior,other,14,2.19,0.0,44
2021,W3086578040,Effect of Visualization of Pedestrian Intention Recognition on Trust and Cogniti,2020,12th International Conference on Automot,other,14,2.19,0.0,19
2021,W3083405350,Intersectionality in HCI,2020,interactions,hci,14,2.18,0.0,23
2021,W3084611909,"Terms of inclusion: Data, discourse, violence",2020,New Media & Society,other,14,2.18,0.0,25
2021,W2892510470,PDFi,2018,Proceedings of the 10th Nordic Conferenc,hci,14,2.17,0.27,25
2021,W2995382404,Roles for computing in social change,2020,Proceedings of the 2020 Conference on Fa,other,14,2.17,0.0,25
2021,W3089079408,Contactless seismocardiography via deep learning radars,2020,Proceedings of the 26th Annual Internati,other,14,2.17,0.0,30
2021,W3044177754,Threats of a replication crisis in empirical computer science,2020,Communications of the ACM,other,13,2.05,0.0,20
2021,W3089203488,SpiroSonic,2020,Proceedings of the 26th Annual Internati,other,13,2.05,0.0,20
2021,W3095221768,No,2020,Companion Publication of the 2020 Confer,other,13,2.04,0.0,21
2021,W3003365136,Blind Leading the Sighted,2019,ACM Transactions on Accessible Computing,other,13,2.04,0.0,22
2021,W3094784499,Circumvention by design - dark patterns in cookie consent for online news outlet,2020,Proceedings of the 11th Nordic Conferenc,hci,13,2.04,0.0,22
2021,W2997468044,In AI we trust? Perceptions about automated decision-making by artificial intell,2020,AI & Society,other,13,2.04,0.0,39
2021,W2322726446,The Psychology of Learning and Motivation (Vol. 17),1985,The American Journal of Psychology,theory,13,2.04,0.0,23
2021,W3128140567,Designing an Online Infrastructure for Collecting AI Data From People With Disab,2021,Proceedings of the 2021 ACM Conference o,other,13,2.03,0.0,22
2021,W4288083800,Lessons from archives,2020,Proceedings of the 2020 Conference on Fa,other,13,2.03,0.0,21
2021,W3095347735,”I don’t know how to protect myself”: Understanding Privacy Perceptions Resultin,2020,Proceedings of the 11th Nordic Conferenc,hci,13,2.03,0.0,33
2021,W2964303497,Machine Learning Interpretability: A Survey on Methods and Metrics,2019,Electronics,other,13,2.03,0.0,22
2021,W2790853131,evoGraphs — A jQuery plugin to create web accessible graphs,2018,2018 15th IEEE Annual Consumer Communica,other,13,2.02,0.0,17
2021,W4288083801,Mitigating bias in algorithmic hiring,2020,Proceedings of the 2020 Conference on Fa,other,13,2.02,0.0,28
2021,W3097163859,From Needs to Strengths,2020,Companion Publication of the 2020 Confer,other,13,2.02,0.0,37
2021,W3161425940,FlowIO Development Platform – the Pneumatic “Raspberry Pi” for Soft Robotics,2021,Extended Abstracts of the 2021 CHI Confe,hci,13,2.01,0.0,28
2021,W2980129709,Contactless Infant Monitoring using White Noise,2019,,book/other,12,1.91,0.0,17
2021,W2996143411,Mapping Out Human-Centered Data Science,2019,Companion of the 2020 ACM International ,other,12,1.9,0.0,16
2021,W3108244215,FM-track,2020,Proceedings of the 18th Conference on Em,other,12,1.89,0.0,20
2021,W3130767973,HCI Guidelines for Gender Equity and Inclusivity,2020,Maryland Shared Open Access Repository (,other,12,1.87,0.0,19
2021,W3129136847,"Dark Patterns: Past, Present, and Future",2020,Queue,other,12,1.87,0.0,25
2021,W3023626240,Interactive machine teaching: a human-centered approach to building machine-lear,2020,Human-Computer Interaction,hci,12,1.86,0.0,25
2021,W2987644594,DesignAR: Immersive 3D-Modeling Combining Augmented Reality with Interactive Dis,2019,Proceedings of the 2019 ACM Internationa,technology,12,1.86,0.0,23
2021,W3001754608,Toward situated interventions for algorithmic equity,2020,Proceedings of the 2020 Conference on Fa,theory,12,1.86,0.0,23
2021,W3014111715,Automatically Detecting Bystanders in Photos to Reduce Privacy Risks,2020,2020 IEEE Symposium on Security and Priv,other,12,1.86,0.0,21
2021,W2998829516,Rise of Machine Agency: A Framework for Studying the Psychology of Human–AI Inte,2019,Journal of Computer-Mediated Communicati,theory,12,1.86,0.0,27
2021,W2985781965,AI as a moral crumple zone: The effects of AI-mediated communication on attribut,2019,Computers in Human Behavior,other,12,1.86,0.0,32
2021,W3047929886,The harm in conflating aging with accessibility,2021,Communications of the ACM,other,12,1.85,0.0,28
2021,W3090022158,Accessibility issues in Android apps,2020,Proceedings of the ACM/IEEE 42nd Interna,other,12,1.85,0.0,24
2021,W2914202940,Mathematical Notions vs. Human Perception of Fairness,2019,Proceedings of the 25th ACM SIGKDD Inter,other,12,1.85,0.0,24
2021,W3130391092,Generative Adversarial Networks for face generation: A survey,2022,ACM Computing Surveys,other,11,1.74,0.0,16
2021,W3135371071,Towards Accountability for Machine Learning Datasets: Practices from Software En,2021,Proceedings of the 2021 ACM Conference o,technology,11,1.74,0.0,20
2021,W3009936362,User Experiences of Social Support From Companion Chatbots in Everyday Contexts:,2020,Journal of Medical Internet Research,method,11,1.74,0.0,36
2021,W3089228032,EarSense,2020,Proceedings of the 26th Annual Internati,other,11,1.74,0.0,24
2021,W3154181057,NeuroPose: 3D Hand Pose Tracking using EMG Wearables,2021,Proceedings of the Web Conference 2021,other,11,1.73,0.0,21
2021,W3021907903,An Epidemiology-inspired Large-scale Analysis of Android App Accessibility,2020,ACM Transactions on Accessible Computing,other,11,1.72,0.0,18
2021,W3045417466,Making data science systems work,2020,Big Data & Society,technology,11,1.72,0.0,26
2021,W3006437051,FairVis: Visual Analytics for Discovering Intersectional Bias in Machine Learnin,2019,arXiv (Cornell University),other,11,1.72,0.0,26
2021,W2982846651,Social Technologies for Digital Wellbeing Among Marginalized Communities,2019,Companion Publication of the 2019 Confer,other,11,1.72,0.0,22
2021,W3093635570,Collaborative Work in Augmented Reality: A Survey,2020,IEEE Transactions on Visualization and C,other,11,1.72,0.0,23
2021,W2973063311,Categorizing Live Streaming Moderation Tools,2019,International Journal of Interactive Com,other,11,1.72,0.0,16
2021,W2946965146,The Affective Labor and Performance of Live Streaming on Twitch.tv,2019,Television & New Media,other,11,1.71,0.0,16
2021,W3085133347,A Design Space for External Communication of Autonomous Vehicles,2020,12th International Conference on Automot,other,11,1.71,0.0,19
2021,W3013998503,Human Trust in Artificial Intelligence: Review of Empirical Research,2020,Academy of Management Annals,other,11,1.71,0.0,46
2021,W2953031153,Dance Interactive Learning Systems,2019,ACM Computing Surveys,technology,11,1.71,0.0,20
2021,W3047614479,"Taming the eHMI jungle: A classification taxonomy to guide, compare, and assess ",2020,Transportation Research Interdisciplinar,other,11,1.7,0.0,26
2021,W2769406303,Awareness and handoffs in home care: coordination among informal caregivers,2017,Behaviour and Information Technology,other,11,1.7,0.27,23
2021,W3036298167,Human–computer collaboration for skin cancer recognition,2020,Nature Medicine,other,11,1.7,0.0,15
2021,W3029033563,Privacy and Power: Acknowledging the Importance of Privacy Research and Design f,2020,Extended Abstracts of the 2020 CHI Confe,hci,11,1.7,0.0,19
2021,W2969884768,Auditing Race and Gender Discrimination in Online Housing Markets,2020,Proceedings of the International AAAI Co,other,11,1.7,0.0,15
2021,W3021587713,Towards 3D human pose construction using wifi,2020,Proceedings of the 26th Annual Internati,other,11,1.7,0.0,22
2021,W2959442326,Visualizing for the Non‐Visual: Enabling the Visually Impaired to Use Visualizat,2019,Computer Graphics Forum,other,11,1.69,0.0,17
2021,W2126152519,"The Effects of Text Drawing Styles, Background Textures, and Natural Lighting on",2006,PRESENCE Virtual and Augmented Reality,other,11,1.69,0.25,25
2021,W2965446359,explAIner: A Visual Analytics Framework for Interactive and Explainable Machine ,2019,IEEE Transactions on Visualization and C,technology,11,1.69,0.0,21
2021,W3129068367,Supporting Caring among Intergenerational Family Members through Family Fitness ,2020,Proceedings of the 14th EAI Internationa,hci,10,1.61,0.0,16
2021,W2791170418,Measuring and Mitigating Unintended Bias in Text Classification,2018,Proceedings of the 2018 AAAI/ACM Confere,other,10,1.6,0.27,19
2021,W3009796604,Tales of Institutioning and Commoning,2020,Proceedings of the 16th Participatory De,other,10,1.59,0.0,21
2021,W3115135580,Technology ecosystems,2020,interactions,hci,10,1.59,0.0,19
2021,W4243728602,Rethinking the Public Sphere: A Contribution to the Critique of Actually Existin,1990,Social Text,other,10,1.59,0.2,16
2021,W3023481589,Folk theories of algorithmic recommendations on Spotify: Enacting data assemblag,2020,Big Data & Society,other,10,1.59,0.0,16
2021,W3083367988,Masked reconstruction based self-supervision for human activity recognition,2020,Proceedings of the 2020 International Sy,other,10,1.59,0.0,16
2021,W3031088952,Why Software is Not Accessible: Technology Professionals' Perspectives and Chall,2020,Extended Abstracts of the 2020 CHI Confe,hci,10,1.58,0.0,18
2021,W3000621210,Understanding the community of blind or visually impaired vloggers on YouTube,2020,Universal Access in the Information Soci,other,10,1.58,0.0,22
2021,W2996597775,To saturate or not to saturate? Questioning data saturation as a useful concept ,2019,Qualitative Research in Sport Exercise a,method,10,1.58,0.0,52
2021,W4232985273,Self-Determination Theory,2012,Handbook of Theories of Social Psycholog,theory,10,1.58,0.0,32
2021,W3035938861,DAX: Data-Driven Audience Experiences in Esports,2020,ACM International Conference on Interact,other,10,1.58,0.0,15
2021,W2890404080,PizzaText: Text Entry for Virtual Reality Systems Using Dual Thumbsticks,2018,IEEE Transactions on Visualization and C,technology,10,1.58,0.27,15
2021,W3011573535,Misinformation in Social Media,2019,ACM SIGKDD Explorations Newsletter,other,10,1.58,0.0,18
2021,W2769563773,Computational Grounded Theory: A Methodological Framework,2017,Sociological Methods & Research,method,10,1.58,0.0,17
2021,W2967455432,Data work in healthcare: An Introduction,2019,Health Informatics Journal,other,10,1.58,0.0,20
2021,W3037334488,Exploring young children's engagement in joint reading with a conversational age,2020,Proceedings of the Interaction Design an,other,10,1.57,0.0,17
2021,W2465276110,"Older people, assistive technologies, and the barriers to adoption: A systematic",2016,International Journal of Medical Informa,technology,10,1.57,0.27,22
2021,W3114836027,Otherware,2020,interactions,hci,10,1.57,0.0,18
2021,W2972080945,Safe spaces in participatory design with young forced migrants,2019,CoDesign,other,10,1.57,0.0,18
2021,W3003257820,SciPy 1.0: fundamental algorithms for scientific computing in Python,2020,Nature Methods,other,10,1.57,0.0,33
2021,W4229494842,Feature Visualization,2017,Distill,other,10,1.57,0.19,17
2021,W2971006689,Algorithmic Control in Platform Food Delivery Work,2019,Socius Sociological Research for a Dynam,other,10,1.57,0.0,15
2021,W2965373594,"HISTORIAE, History of Socio-Cultural Transformation as Linguistic Data Science. ",2019,arXiv (Cornell University),other,10,1.57,0.0,18
2021,W3021789920,Deep learning based wireless localization for indoor navigation,2020,,book/other,10,1.57,0.0,15
2021,W2994948545,Considerations for AI fairness for people with disabilities,2019,AI Matters,other,10,1.56,0.0,19
2021,W2970983524,"Multiple Purposes, Multiple Problems: A User Study of Consent Dialogs after GDPR",2020,Proceedings on Privacy Enhancing Technol,other,10,1.56,0.0,17
2021,W2960243907,Text Entry in Virtual Reality: A Comprehensive Review of the Literature,2019,Lecture notes in computer science,other,10,1.56,0.0,16
2021,W3125180393,Living Artefacts: Conceptualizing Livingness as a Material Quality in Everyday A,2020,Research Repository (Delft University of,other,10,1.56,0.0,15
2021,W2999400281,Critical Reflections on Technology to Support Physical Activity among Older Adul,2020,ACM Transactions on Accessible Computing,other,10,1.55,0.0,18
2021,W3164693200,Deaf and hard-of-hearing users' preferences for hearing speakers' behavior durin,2021,Proceedings of the 18th International We,other,10,1.55,0.0,16
2021,W3174447410,Moderation Visibility: Mapping the Strategies of Volunteer Moderators in Live St,2021,ACM International Conference on Interact,other,10,1.55,0.0,23
2021,W2157219997,Linguistic alignment between people and computers,2010,Journal of Pragmatics,other,10,1.55,0.24,17
2021,W3128621548,How machine-learning recommendations influence clinician treatment selections: t,2021,Translational Psychiatry,other,10,1.55,0.0,30
2021,W4288083516,"The Open Images Dataset V4: Unified image classification, object detection, and ",2018,arXiv (Cornell University),technology,10,1.54,0.0,15
2021,W2995006168,Measurement and Fairness,2021,Proceedings of the 2021 ACM Conference o,other,10,1.54,0.0,22
2021,W3041984699,Boba: Authoring and Visualizing Multiverse Analyses,2020,IEEE Transactions on Visualization and C,other,10,1.54,0.0,24
2021,W3098062821,UIED: a hybrid tool for GUI element detection,2020,Proceedings of the 28th ACM Joint Meetin,other,10,1.54,0.0,17
2021,W2990437985,Construction of the Virtual Embodiment Questionnaire (VEQ),2020,IEEE Transactions on Visualization and C,method,10,1.53,0.0,33
2021,W2801702920,"Best Practices for Developing and Validating Scales for Health, Social, and Beha",2018,Frontiers in Public Health,other,10,1.52,0.0,27
2021,W3190695173,A rapid in vitro protocol for callus production in Piper aduncum L. propagation ,2018,SibFU Digital Repository (Siberian Feder,technology,10,1.51,0.0,24
2022,W4243761327,Meeting the Universe Halfway,2007,,theory,53,7.19,1.06,106
2022,W3135367836,Learning Transferable Visual Models From Natural Language Supervision,2021,arXiv (Cornell University),other,37,4.79,0.0,37
2022,W4225165463,PromptMaker: Prompt-based Prototyping with Large Language Models,2022,CHI Conference on Human Factors in Compu,hci,34,4.46,0.0,54
2022,W4225108562,Expectation vs. Experience: Evaluating the Usability of Code Generation Tools Po,2022,CHI Conference on Human Factors in Compu,hci,32,4.05,0.0,59
2022,W3081389081,"Content moderation, AI, and the question of scale",2020,Big Data & Society,other,28,3.87,0.0,41
2022,W3118615836,The PRISMA 2020 statement: an updated guideline for reporting systematic reviews,2021,BMJ,method,27,3.77,0.0,63
2022,W3185341429,"Pre-train, Prompt, and Predict: A Systematic Survey of Prompting Methods in Natu",2022,ACM Computing Surveys,technology,30,3.71,0.0,49
2022,W3175819408,"Accessible Visualization: Design Space, Opportunities, and Challenges",2021,Computer Graphics Forum,other,26,3.58,0.0,32
2022,W4226074878,Communicating Visualizations without Visuals: Investigation of Visualization Alt,2021,IEEE Transactions on Visualization and C,other,24,3.34,0.0,29
2022,W3160037564,Beyond Expertise and Roles: A Framework to Characterize the Stakeholders of Inte,2021,DSpace@MIT (Massachusetts Institute of T,other,24,3.34,0.0,32
2022,W4288089799,Exploring the Limits of Transfer Learning with a Unified Text-to-Text\n Transfor,2019,arXiv (Cornell University),technology,24,3.31,0.0,26
2022,W3114707014,Inclusive data visualization for people with disabilities,2021,interactions,hci,22,3.09,0.0,25
2022,W3160122248,Onboarding Materials as Cross-functional Boundary Objects for Developing AI Assi,2021,Extended Abstracts of the 2021 CHI Confe,hci,21,3.04,0.0,29
2022,W3134111219,Formalizing Trust in Artificial Intelligence,2021,Proceedings of the 2021 ACM Conference o,other,21,2.94,0.0,43
2022,W3209971250,The Future of Care Work: Towards a Radical Politics of Care in CSCW Research and,2021,Companion Publication of the 2021 Confer,other,21,2.94,0.0,34
2022,W4226149412,Accessible Visualization via Natural Language Descriptions: A Four-Level Model o,2022,DSpace@MIT (Massachusetts Institute of T,other,21,2.89,0.0,29
2022,W4246750028,"Advances in Experimental Social Psychology, Vol. 19",1987,Contemporary Sociology A Journal of Revi,other,19,2.87,0.0,19
2022,W2981852735,Exploring the Limits of Transfer Learning with a Unified Text-to-Text Transforme,2019,arXiv (Cornell University),technology,21,2.85,0.0,21
2022,W3194707655,What's the Situation with Situated Visualization? A Survey and Perspectives on S,2021,IEEE Transactions on Visualization and C,theory,20,2.84,0.0,28
2022,W3167344319,"Studying Reddit: A Systematic Overview of Disciplines, Approaches, Methods, and ",2021,Social Media + Society,technology,20,2.78,0.0,46
2022,W3202687543,Accessible Visualization via Natural Language Descriptions: A Four-Level Model o,2021,IEEE Transactions on Visualization and C,other,20,2.74,0.0,31
2022,W2939803556,How Should My Chatbot Interact? A Survey on Social Characteristics in Human–Chat,2020,International Journal of Human-Computer ,hci,20,2.73,0.5,38
2022,W3175998072,A worked example of Braun and Clarke’s approach to reflexive thematic analysis,2021,Quality & Quantity,method,21,2.66,0.0,70
2022,W3183398589,"Uncertainty as a Form of Transparency: Measuring, Communicating, and Using Uncer",2021,Proceedings of the 2021 AAAI/ACM Confere,other,18,2.63,0.0,31
2022,W3089968098,Human-Centered Artificial Intelligence: Three Fresh Ideas,2020,AIS Transactions on Human-Computer Inter,hci,18,2.56,0.0,31
2022,W3045635324,The effects of remote work on collaboration among information workers,2021,Nature Human Behaviour,other,18,2.55,0.0,26
2022,W3087859191,mmVib,2020,,book/other,17,2.55,0.0,22
2022,W3177459360,Harassment Experiences of Women and LGBTQ Live Streamers and How They Handled Ne,2021,ACM International Conference on Interact,other,17,2.47,0.0,26
2022,W4241464738,The Reflective Practitioner,2017,,theory,18,2.47,0.47,80
2022,W3132771424,Algorithmic injustice: a relational ethics approach,2021,Patterns,other,17,2.42,0.0,32
2022,W3139429868,Revisiting Milgram and Kishino's Reality-Virtuality Continuum,2021,Frontiers in Virtual Reality,other,18,2.42,0.47,28
2022,W3196190653,Understanding international perceptions of the severity of harmful content onlin,2021,PLoS ONE,other,16,2.41,0.0,23
2022,W3161147834,Beyond self-reflection: introducing the concept of rumination in personal inform,2021,Personal and Ubiquitous Computing,hci,17,2.36,0.0,33
2022,W4234833891,Glanceable AR: Evaluating Information Access Methods for Head-Worn Augmented Rea,2020,2020 IEEE Conference on Virtual Reality ,other,18,2.34,0.47,26
2022,W4224035735,Hierarchical Text-Conditional Image Generation with CLIP Latents,2022,arXiv (Cornell University),technology,17,2.31,0.0,21
2022,W3184502676,Challenges and Paradoxes in Decolonising HCI: A Critical Discussion,2021,Computer Supported Cooperative Work (CSC,hci,16,2.3,0.0,32
2022,W3173265486,Second Chance for a First Impression? Trust Development in Intelligent System In,2021,Proceedings of the 29th ACM Conference o,technology,16,2.3,0.0,25
2022,W3164089640,Towards gaze-based prediction of the intent to interact in virtual reality,2021,ACM Symposium on Eye Tracking Research a,other,16,2.27,0.0,27
2022,W2891945067,A new mould rush,2018,Proceedings of the 13th International Co,other,16,2.27,0.0,22
2022,W3161397288,Encounters with Visual Misinformation and Labels Across Platforms,2021,Extended Abstracts of the 2021 CHI Confe,hci,17,2.27,0.0,28
2022,W3162610733,Decolonial Pathways: Our Manifesto for a Decolonizing Agenda in HCI Research and,2021,Extended Abstracts of the 2021 CHI Confe,hci,17,2.25,0.0,31
2022,W2891378911,PRISMA Extension for Scoping Reviews (PRISMA-ScR): Checklist and Explanation,2018,Annals of Internal Medicine,method,16,2.22,0.0,46
2022,W3180331364,Towards Indistinguishable Augmented Reality,2021,ACM Computing Surveys,other,16,2.21,0.0,18
2022,W3173873710,Hugging from A Distance: Building Interpersonal Relationships in Social Virtual ,2021,ACM International Conference on Interact,other,15,2.18,0.0,34
2022,W3159367349,Voice in Human–Agent Interaction,2021,ACM Computing Surveys,other,16,2.18,0.0,38
2022,W2753252384,"Grown microbial 3D fiber art, Ava",2017,Proceedings of the 2017 ACM Internationa,other,15,2.18,0.28,27
2022,W3205825687,Interactive Digital Fabrication Machine Control Directly Within a CAD Environmen,2021,Symposium on Computational Fabrication,technology,15,2.11,0.0,24
2022,W3207984187,MoVi-Fi,2021,,book/other,15,2.09,0.0,25
2022,W3032137745,ProtoSpray: Combining 3D Printing and Spraying to Create Interactive Displays wi,2020,Proceedings of the 2020 CHI Conference o,hci,15,2.07,0.0,26
2022,W3163745039,Mapping the Landscape of COVID-19 Crisis Visualizations,2021,OSF Preprints (OSF Preprints),other,14,2.05,0.0,16
2022,W4213145388,Human-Centered AI,2022,,book/other,15,2.04,0.0,52
2022,W3164845984,Deep Learning for Sensor-based Human Activity Recognition,2021,ACM Computing Surveys,technology,14,2.04,0.0,18
2022,W3163363684,BunCho: AI Supported Story Co-Creation via Unsupervised Multitask Learning to In,2021,Extended Abstracts of the 2021 CHI Confe,hci,15,2.01,0.0,30
2022,W3162291149,Operationalizing Human-Centered Perspectives in Explainable AI,2021,Extended Abstracts of the 2021 CHI Confe,hci,14,1.99,0.0,19
2022,W2908101621,Toward Growable Robot : Exploring and Integrating Flexible – Biological Matter w,2018,2018 International Flexible Electronics ,other,14,1.98,0.0,16
2022,W3212464620,Data and its (dis)contents: A survey of dataset development and use in machine l,2020,arXiv (Cornell University),technology,14,1.95,0.0,21
2022,W3168715003,Exploring older adults’ perception and use of smart speaker-based voice assistan,2021,Computers in Human Behavior,other,14,1.94,0.0,25
2022,W3009436916,The Ethics of Realism in Virtual and Augmented Reality,2020,Frontiers in Virtual Reality,other,14,1.93,0.0,24
2022,W3134210117,An Action-Oriented AI Policy Toolkit for Technology Audits by Community Advocate,2021,Proceedings of the 2021 ACM Conference o,technology,14,1.92,0.0,25
2022,W3123221944,In-IDE Code Generation from Natural Language: Promise and Challenges,2022,ACM Transactions on Software Engineering,other,15,1.91,0.0,19
2022,W3158317365,Articulations toward a crip HCI,2021,interactions,hci,13,1.89,0.0,27
2022,W4281485151,Photorealistic Text-to-Image Diffusion Models with Deep Language Understanding,2022,arXiv (Cornell University),technology,14,1.89,0.0,16
2022,W4283172359,Who Goes First? Influences of Human-AI Workflow on Decision Making in Clinical I,2022,"2022 ACM Conference on Fairness, Account",other,14,1.86,0.0,27
2022,W3118436759,ARtention: A design space for gaze-adaptive user interfaces in augmented reality,2021,Computers & Graphics,other,13,1.86,0.0,19
2022,W3129328687,Earable Computing,2021,Proceedings of the 22nd International Wo,other,13,1.86,0.0,17
2022,W3097951175,Anonymity vs. Familiarity: Self-Disclosure and Privacy in Social Virtual Reality,2020,26th ACM Symposium on Virtual Reality So,other,13,1.85,0.0,22
2022,W4225137702,Opportunistic Interfaces for Augmented Reality: Transforming Everyday Objects in,2022,CHI Conference on Human Factors in Compu,hci,13,1.85,0.0,22
2022,W3175918593,Stay Connected in An Immersive World: Why Teenagers Engage in Social Virtual Rea,2021,Interaction Design and Children,other,13,1.84,0.0,21
2022,W2996683616,Challenges in passenger use of mixed reality headsets in cars and other transpor,2019,Virtual Reality,other,13,1.83,0.0,20
2022,W4296306300,Introducing VAMPIRE – Using Kinaesthetic Feedback in Virtual Reality for Automat,2022,Proceedings of the 14th International Co,other,13,1.83,0.0,19
2022,W3175875793,Patching Textiles,2021,Creativity and Cognition,other,13,1.83,0.0,20
2022,W3174089295,Extending a Theory of Slow Technology for Design through Artifact Analysis,2021,Human-Computer Interaction,hci,13,1.82,0.0,29
2022,W4220694472,BreastScreening-AI: Evaluating medical intelligent agents for human-AI interacti,2022,Artificial Intelligence in Medicine,other,13,1.81,0.0,18
2022,W2955877667,Toward human-centered AI,2019,interactions,hci,13,1.81,0.34,22
2022,W3160532883,Calling for a Plurality of Perspectives on Design Futuring: An Un-Manifesto,2021,Extended Abstracts of the 2021 CHI Confe,hci,13,1.8,0.0,29
2022,W3088779323,Streaming your Identity: Navigating the Presentation of Gender and Sexuality thr,2020,Computer Supported Cooperative Work (CSC,hci,12,1.79,0.0,20
2022,W2338012757,Emotive captioning,2007,Computers in entertainment,other,13,1.77,0.35,24
2022,W2798564426,Biological HCI,2018,Extended Abstracts of the 2018 CHI Confe,hci,13,1.75,0.34,20
2022,W3127637041,NeuroKit2: A Python toolbox for neurophysiological signal processing,2021,Behavior Research Methods,other,12,1.75,0.0,23
2022,W3131457744,What do we want from Explainable Artificial Intelligence (XAI)? – A stakeholder ,2021,Artificial Intelligence,other,13,1.74,0.0,27
2022,W3186179238,Toward a Competency-based Approach to Co-designing Technologies with People with,2021,ACM Transactions on Accessible Computing,other,13,1.73,0.0,21
2022,W3175987492,mmMesh,2021,Proceedings of the 19th Annual Internati,other,12,1.72,0.0,22
2022,W3177813494,Evaluating Large Language Models Trained on Code,2021,arXiv (Cornell University),technology,12,1.7,0.0,17
2022,W3047450415,mmTrack: Passive Multi-Person Localization Using Commodity Millimeter Wave Radio,2020,,book/other,12,1.7,0.27,19
2022,W2943207870,The Impact of Placebic Explanations on Trust in Intelligent Systems,2019,Extended Abstracts of the 2019 CHI Confe,hci,12,1.69,0.27,22
2022,W3165204372,Counterfactual Thinking: What Theories Do in Design,2021,International Journal of Human-Computer ,hci,12,1.68,0.0,18
2022,W4225607924,Physecology: A conceptual framework to describe data physicalizations in their r,,UWE Research Repository (UWE Bristol),other,13,1.68,0.0,26
2022,W4255043767,Design and Evaluation of Interactive Small Multiples Data Visualisation in Immer,2020,2020 IEEE Conference on Virtual Reality ,other,12,1.68,0.0,15
2022,W3109539475,Interrupting invisibility in a global world,2021,interactions,hci,11,1.64,0.0,16
2022,W3184079686,Introduction to the special issue on time and HCI,2021,Human-Computer Interaction,hci,11,1.63,0.0,17
2022,W3140672455,HeadFi,2021,Proceedings of the 27th Annual Internati,other,11,1.62,0.0,15
2022,W3209856161,Nomadic practices : A posthuman theory for knowing design,2020,TU/e Research Portal,theory,12,1.61,0.0,17
2022,W4285786982,Adjunct Proceedings of the 2019 ACM International Joint Conference on Pervasive ,2019,,book/other,12,1.6,0.0,15
2022,W4280636581,Sensible AI: Re-imagining Interpretability and Explainability using Sensemaking ,2022,"2022 ACM Conference on Fairness, Account",theory,12,1.59,0.0,20
2022,W3166169097,The Nested Precarities of Creative Labor on Social Media,2021,Social Media + Society,other,11,1.58,0.0,21
2022,W3032243264,Human-Centered Approaches to Fair and Responsible AI,2020,Extended Abstracts of the 2020 CHI Confe,hci,11,1.57,0.0,17
2022,W3172101419,Algorithms and Decision-Making in the Public Sector,2021,Annual Review of Law and Social Science,other,12,1.57,0.0,17
2022,W1924618820,Content analysis and thematic analysis: Implications for conducting a qualitativ,2013,Nursing and Health Sciences,method,11,1.55,0.3,27
2022,W4229447062,Interactive Model Cards: A Human-Centered Approach to Model Documentation,2022,"2022 ACM Conference on Fairness, Account",technology,11,1.54,0.0,28
2022,W3188676500,Participatory Algorithmic Management,2021,Proceedings of the 2021 AAAI/ACM Confere,other,11,1.54,0.0,16
2022,W3003385079,The Ethics of AI Ethics: An Evaluation of Guidelines,2020,Minds and Machines,other,11,1.52,0.0,20
2023,W4312933868,High-Resolution Image Synthesis with Latent Diffusion Models,2022,2022 IEEE/CVF Conference on Computer Vis,technology,122,14.67,0.0,140
2023,W4315749638,Thematic Analysis: A Practical Guide,2022,QMiP Bulletin,method,73,8.52,0.0,73
2023,W4309674289,Survey of Hallucination in Natural Language Generation,2022,ACM Computing Surveys,other,72,8.24,0.0,99
2023,W3206079177,Sparks: Inspiration for Science Writing using Language Models,2022,Designing Interactive Systems Conference,technology,60,7.26,0.0,70
2023,W4221143046,"BNAI, NO-TOKEN, and MIND-UNITY: Pillars of a Systemic Revolution in Artificial I",2022,arXiv (Cornell University),technology,60,7.09,0.0,62
2023,W4390873054,Adding Conditional Control to Text-to-Image Diffusion Models,2023,2023 IEEE/CVF International Conference o,technology,61,6.93,0.0,83
2023,W4390874575,Segment Anything,2023,2023 IEEE/CVF International Conference o,other,49,5.45,0.0,59
2023,W4283170666,Taxonomy of Risks posed by Language Models,2022,"2022 ACM Conference on Fairness, Account",technology,45,5.26,0.0,61
2023,W4320081749,Thematic Analysis,2022,Encyclopedia of Quality of Life and Well,method,42,4.85,0.0,63
2023,W4226278401,Training language models to follow instructions with human feedback,2022,arXiv (Cornell University),technology,37,4.49,0.0,38
2023,W4380319170,"""I wouldn't say offensive but..."": Disability-Centered Perspectives on Large Lan",2023,"2023 ACM Conference on Fairness, Account",technology,39,4.43,0.0,45
2023,W2944785538,Crip Technoscience Manifesto,2019,Catalyst Feminism Theory Technoscience,other,37,4.2,0.5,54
2023,W4280609065,Exploring How Machine Learning Practitioners (Try To) Use Fairness Toolkits,2022,"2022 ACM Conference on Fairness, Account",technology,32,3.85,0.0,36
2023,W4362659486,Grounded Copilot: How Programmers Interact with Code-Generating Models,2023,Proceedings of the ACM on Programming La,other,33,3.81,0.0,39
2023,W2168745915,An analysis of variance test for normality (complete samples),1965,Biometrika,other,32,3.79,0.58,48
2023,W4366597496,Designing Participatory AI: Creative Professionals’ Worries and Expectations abo,2023,Extended Abstracts of the 2023 CHI Confe,hci,33,3.76,0.0,42
2023,W4296405185,Power to the People? Opportunities and Challenges for Participatory AI,2022,Equity and Access in Algorithms Mechanis,other,32,3.71,0.0,54
2023,W4381104137,The Prompt Artists,2023,Creativity and Cognition,technology,31,3.52,0.0,41
2023,W4225156823,Dreaming Disability Justice in HCI,2022,CHI Conference on Human Factors in Compu,hci,29,3.49,0.0,37
2023,W4225295761,Designing for Responsible Trust in AI Systems: A Communication Perspective,2022,"2022 ACM Conference on Fairness, Account",technology,29,3.49,0.0,33
2023,W4225126561,Too Late to be Creative? AI-Empowered Tools in Creative Processes,2022,CHI Conference on Human Factors in Compu,hci,29,3.42,0.0,39
2023,W4225115543,GenAICHI: Generative AI and HCI,2022,CHI Conference on Human Factors in Compu,hci,29,3.38,0.0,30
2023,W4280569846,Imagining new futures beyond predictive systems in child welfare: A qualitative ,2022,"2022 ACM Conference on Fairness, Account",method,27,3.37,0.0,30
2023,W3154463802,Conceptual and design thinking for thematic analysis.,2021,Qualitative Psychology,method,29,3.33,0.0,45
2023,W3096831136,Generative adversarial networks,2020,Communications of the ACM,other,27,3.3,0.48,35
2023,W4291803509,Social dreaming together: A critical exploration of participatory speculative de,2022,Proceedings of the Participatory Design ,other,26,3.11,0.0,34
2023,W4221078466,The Eye in Extended Reality: A Survey on Gaze Interaction and Eye Tracking in He,2022,ACM Computing Surveys,other,26,3.11,0.0,31
2023,W4286273849,An Empirical Study of Older Adult’s Voice Assistant Use for Health Information S,2022,ACM Transactions on Interactive Intellig,other,24,3.06,0.0,28
2023,W4307217168,Toward good practice in thematic analysis: Avoiding common problems and be(com)i,2022,International Journal of Transgender Hea,method,26,2.88,0.0,53
2023,W4280523692,Rich Screen Reader Experiences for Accessible Data Visualization,2022,Computer Graphics Forum,other,22,2.78,0.0,24
2023,W4283159495,"The Model Card Authoring Toolkit: Toward Community-centered, Deliberation-driven",2022,"2022 ACM Conference on Fairness, Account",technology,23,2.78,0.0,26
2023,W4221104163,Ethics of Data and Analytics,2022,Auerbach Publications eBooks,book/other,21,2.77,0.0,21
2023,W4301393026,Interactive and Visual Prompt Engineering for Ad-hoc Task Adaptation With Large ,2022,IEEE Transactions on Visualization and C,technology,23,2.76,0.0,26
2023,W3208402407,SAGA: Collaborative Storytelling with GPT-3,2021,Companion Publication of the 2021 Confer,technology,23,2.75,0.0,29
2023,W4225137238,Human-Centered Explainable AI (HCXAI): Beyond Opening the Black-Box of AI,2022,CHI Conference on Human Factors in Compu,hci,22,2.71,0.0,26
2023,W4213176465,International Journal of Environmental Research and Public Health,2013,International Journal of Environmental R,other,24,2.69,0.51,29
2023,W4206236567,The psychological drivers of misinformation belief and its resistance to correct,2022,Nature Reviews Psychology,other,22,2.54,0.0,26
2023,W3199747482,Human confidence in artificial intelligence and in themselves: The evolution and,2021,Computers in Human Behavior,other,21,2.52,0.49,24
2023,W4225117697,"More-than-human Concepts, Methodologies, and Practices in HCI",2022,CHI Conference on Human Factors in Compu,hci,21,2.47,0.0,27
2023,W4225129570,Bridging the Gap Between UX Practitioners’ Work Practices and AI-Enabled Design ,2022,CHI Conference on Human Factors in Compu,hci,21,2.46,0.0,23
2023,W4386072096,DreamBooth: Fine Tuning Text-to-Image Diffusion Models for Subject-Driven Genera,2023,2023 IEEE/CVF Conference on Computer Vis,technology,20,2.42,0.0,22
2023,W4293077410,"Organizing in the End of Employment: Information Sharing, Data Stewardship, and ",2022,2022 Symposium on Human-Computer Interac,hci,19,2.4,0.0,22
2023,W2749069611,brms : An R Package for Bayesian Multilevel Models Using Stan,2017,Journal of Statistical Software,other,20,2.39,0.27,26
2023,W3215201135,Conceptualizing AI literacy: An exploratory review,2021,Computers and Education Artificial Intel,other,20,2.33,0.0,29
2023,W4318618520,A Survey on Measuring Cognitive Workload in Human-Computer Interaction,2023,ACM Computing Surveys,other,19,2.3,0.0,28
2023,W4225143138,Unmaking@CHI: Concretizing the Material and Epistemological Practices of Unmakin,2022,CHI Conference on Human Factors in Compu,hci,18,2.3,0.0,20
2023,W4285292782,Social Media and Technology,2022,In clinical practice,book/other,18,2.29,0.0,18
2023,W4285728975,(In)visible moderation: A digital ethnography of marginalized users and content ,2022,New Media & Society,other,18,2.28,0.0,22
2023,W3211771663,LIMU-BERT,2021,Proceedings of the 19th ACM Conference o,other,19,2.26,0.0,20
2023,W4323347737,Human heuristics for AI-generated language are flawed,2023,Proceedings of the National Academy of S,other,19,2.2,0.0,24
2023,W4386076215,InstructPix2Pix: Learning to Follow Image Editing Instructions,2023,2023 IEEE/CVF Conference on Computer Vis,other,19,2.17,0.0,23
2023,W4283156811,The Fallacy of AI Functionality,2022,"2022 ACM Conference on Fairness, Account",other,19,2.17,0.0,21
2023,W2757274811,The Anti-Eviction Mapping Project: Counter Mapping and Oral History toward Bay A,2017,Annals of the American Association of Ge,other,17,2.15,0.25,22
2023,W4283031696,ClearBuds,2022,Proceedings of the 20th Annual Internati,other,17,2.14,0.0,21
2023,W4225143216,Towards Understanding the Dark Patterns That Steal Our Attention,2022,CHI Conference on Human Factors in Compu,hci,16,2.14,0.0,23
2023,W4297156675,Bodies Like Yours: Enquiring Data Privacy in FemTech,2022,Adjunct Proceedings of the 2022 Nordic H,hci,18,2.11,0.0,21
2023,W4291138602,How accessible is my visualization? Evaluating visualization accessibility with ,2022,Computer Graphics Forum,other,16,2.09,0.0,17
2023,W4360620450,Opinion Paper: “So what if ChatGPT wrote it?” Multidisciplinary perspectives on ,2023,International Journal of Information Man,technology,18,2.07,0.0,21
2023,W4225087464,A Speculative Ethics for Designing with Bodily Fluids,2022,CHI Conference on Human Factors in Compu,hci,15,2.0,0.0,17
2023,W4308623137,The Creativity of Text-to-Image Generation,2022,Proceedings of the 25th International Ac,other,17,2.0,0.0,21
2023,W3036063864,Purposive sampling: complex or simple? Research case examples,2020,Journal of research in nursing,other,17,1.99,0.0,20
2023,W3197754888,Two-In-One: A Design Space for Mapping Unimanual Input into Bimanual Interaction,2022,ACM Transactions on Accessible Computing,other,16,1.98,0.0,16
2023,W3202733979,Towards Understanding Sensory Substitution for Accessible Visualization: An Inte,2021,IEEE Transactions on Visualization and C,method,15,1.98,0.0,16
2023,W4225154064,"Integrating Religion, Faith, and Spirituality in HCI",2022,CHI Conference on Human Factors in Compu,hci,16,1.98,0.0,24
2023,W4283171081,"The Idea Machine: LLM-based Expansion, Rewriting, Combination, and Suggestion of",2022,Creativity and Cognition,other,17,1.97,0.0,21
2023,W4295955444,Understanding Circumstances for Desirable Proactive Behaviour of Voice Assistant,2022,Proceedings of the 4th Conference on Con,other,17,1.96,0.0,21
2023,W4297156409,Noticing the Environment – A Design Ethnography of Urban Farming,2022,Nordic Human-Computer Interaction Confer,hci,16,1.96,0.0,22
2023,W2781607026,A Hybrid Approach to Thematic Analysis in Qualitative Research: Using a Practica,2018,,method,16,1.95,0.34,20
2023,W4294051415,Modeling adoption of intelligent agents in medical imaging,2022,International Journal of Human-Computer ,other,16,1.95,0.0,16
2023,W4294068603,From Shielding to Avoidance: Passenger Augmented Reality and the Layout of Virtu,2022,IEEE Transactions on Visualization and C,technology,16,1.92,0.0,20
2023,W3019960341,What Do Platforms Do? Understanding the Gig Economy,2020,Annual Review of Sociology,other,15,1.92,0.23,18
2023,W4210877703,Modern Socio-Technical Perspectives on Privacy,2022,,book/other,16,1.92,0.0,19
2023,W4255697435,Cognitive load during problem solving: Effects on learning,1988,Cognitive Science,other,17,1.9,0.0,22
2023,W3145061786,Ethical User Interfaces: Exploring the Effects of Dark Patterns on Facebook,2021,Extended Abstracts of the 2021 CHI Confe,hci,15,1.9,0.0,18
2023,W4366598909,Towards a Preliminary Ontology of Dark Patterns Knowledge,2023,Extended Abstracts of the 2023 CHI Confe,hci,16,1.9,0.0,16
2023,W2948876638,Creating a Framework to Support the Critical Consideration of Dark Design Aspect,2019,Proceedings of the 18th ACM Internationa,other,15,1.88,0.18,18
2023,W3198767185,Towards Natural Language Interfaces for Data Visualization: A Survey,2022,IEEE Transactions on Visualization and C,other,15,1.88,0.0,21
2023,W4312444981,Measuring the Monetary Value of Online Volunteer Work,2022,Proceedings of the International AAAI Co,other,15,1.87,0.0,18
2023,W4280554323,How Different Groups Prioritize Ethical Values for Responsible AI,2022,"2022 ACM Conference on Fairness, Account",other,16,1.87,0.0,16
2023,W4225163363,Instagram Data Donation: A Case Study on Collecting Ecologically Valid Social Me,2022,CHI Conference on Human Factors in Compu,hci,15,1.87,0.0,19
2023,W3082121050,Researcher Positionality - A Consideration of Its Influence and Place in Qualita,2020,Shanlax International Journal of Educati,method,16,1.85,0.23,20
2023,W3208645186,Sample sizes for saturation in qualitative research: A systematic review of empi,2021,Social Science & Medicine,method,16,1.85,0.0,25
2023,W4225134894,Participatory Design of AI Systems: Opportunities and Challenges Across Diverse ,2022,CHI Conference on Human Factors in Compu,hci,15,1.84,0.0,25
2023,W4283155630,Data Cards: Purposeful and Transparent Dataset Documentation for Responsible AI,2022,"2022 ACM Conference on Fairness, Account",technology,15,1.84,0.0,23
2023,W4293462114,Modes of Uncertainty in HCI,2022,Foundations and Trends® in Human–Compute,other,15,1.84,0.0,20
2023,W3205786327,"Ego4D: Around the World in 3,000 Hours of Egocentric Video",2022,2022 IEEE/CVF Conference on Computer Vis,other,16,1.84,0.0,17
2023,W4281890657,Data Sensemaking in Self-Tracking: Towards a New Generation of Self-Tracking Too,2022,International Journal of Human-Computer ,hci,16,1.82,0.0,20
2023,W4367310920,Comparing Physician and Artificial Intelligence Chatbot Responses to Patient Que,2023,JAMA Internal Medicine,other,16,1.82,0.0,22
2023,W4297965116,Affective Learning Objectives for Communicative Visualizations,2022,IEEE Transactions on Visualization and C,other,15,1.79,0.0,17
2023,W4315589376,Living-with and Designing-with Plants,2023,interactions,hci,15,1.79,0.0,20
2023,W3027879771,Affordance-Compiled Intelligence: Observable-Only Cognitive Impedance Matching f,2020,arXiv (Cornell University),technology,15,1.77,0.0,18
2023,W4296938090,Striking a Balance: Reader Takeaways and Preferences when Integrating Text and C,2022,IEEE Transactions on Visualization and C,other,15,1.76,0.0,17
2023,W4283161771,Towards Intersectional Feminist and Participatory ML: A Case Study in Supporting,2022,"2022 ACM Conference on Fairness, Account",other,15,1.73,0.0,19
2023,W2968518927,An Independent and Interactive Museum Experience for Blind People,2019,Proceedings of the 16th International We,other,14,1.72,0.14,15
2023,W3186393076,Transitioning to Human Interaction with AI Systems: New Challenges and Opportuni,2022,International Journal of Human-Computer ,hci,15,1.72,0.0,21
2023,W4281669078,Productivity assessment of neural code completion,2022,Proceedings of the 6th ACM SIGPLAN Inter,technology,14,1.71,0.0,16
2023,W4308448324,What simulation can do for HCI research,2022,interactions,hci,14,1.71,0.0,17
2023,W4377854903,Can Workers Meaningfully Consent to Workplace Wellbeing Technologies?,2023,"2023 ACM Conference on Fairness, Account",other,15,1.71,0.0,17
2023,W4366597144,Integrating AI in Human-Human Collaborative Ideation,2023,Extended Abstracts of the 2023 CHI Confe,hci,15,1.71,0.0,17
2023,W4225089211,Canoe VR: An Immersive Exergame to Support Cognitive and Physical Exercises of O,2022,CHI Conference on Human Factors in Compu,hci,14,1.7,0.0,17
2023,W4306694247,Connecting Algorithmic Research and Usage Contexts: A Perspective of Contextuali,2022,Proceedings of the AAAI Conference on Hu,other,14,1.7,0.0,15
2023,W3201831629,What We Speculate About When We Speculate About Sustainable HCI,2021,ACM SIGCAS Conference on Computing and S,other,14,1.69,0.0,21
2023,W4318954863,Inclusive AR/VR: accessibility barriers for immersive technologies,2023,Universal Access in the Information Soci,other,15,1.68,0.0,22
2023,W3081819535,How private is your period?: A systematic analysis of menstrual app privacy poli,2020,Proceedings on Privacy Enhancing Technol,technology,14,1.68,0.23,17
2023,W4283458186,Designing for Care Ecosystems: a Literature Review of Technologies for Children ,2022,Interaction Design and Children,technology,14,1.67,0.0,17
2023,W4213068013,From content moderation to visibility moderation : A case study of platform gove,2022,Policy & Internet,other,13,1.67,0.0,16
2023,W4225609743,Physical Inertial Poser (PIP): Physics-aware Real-time Human Motion Tracking fro,2022,2022 IEEE/CVF Conference on Computer Vis,technology,14,1.65,0.0,16
2023,W4225090099,"Narrativity, Audience, Legitimacy: Data Practices of Community Organizers",2022,CHI Conference on Human Factors in Compu,hci,14,1.63,0.0,17
2023,W4283032682,How Cognitive Biases Affect XAI-assisted Decision-making,2022,Proceedings of the 2022 AAAI/ACM Confere,other,14,1.62,0.0,18
2023,W4361289889,"Benefits, Limits, and Risks of GPT-4 as an AI Chatbot for Medicine",2023,New England Journal of Medicine,technology,14,1.62,0.0,15
2023,W3186528450,“I would have to evaluate their objections”: Privacy tensions between smart home,2021,Proceedings on Privacy Enhancing Technol,other,13,1.62,0.0,15
2023,W4225103647,Spirituality at the Breakfast Table: Experiences of Christian Online Worship Ser,2022,CHI Conference on Human Factors in Compu,hci,13,1.61,0.0,19
2023,W4283588903,A Separate Reality: An Update on Place Illusion and Plausibility in Virtual Real,2022,Frontiers in Virtual Reality,other,14,1.58,0.0,16
2023,W4225155571,Self-Determination Theory in HCI: Shaping a Research Agenda,2022,CHI Conference on Human Factors in Compu,hci,13,1.56,0.0,15
2023,W4238395194,Data Rituals in Intimate Infrastructures: Crip Time and the Disabled Cyborg Body,2017,Catalyst Feminism Theory Technoscience,other,13,1.56,0.0,18
2023,W569478347,International Conference on Learning Representations (ICLR 2013),2013,人工知能学会誌 = Journal of Japanese Society fo,other,13,1.56,0.18,15
2023,W4283169618,How Explainability Contributes to Trust in AI,2022,"2022 ACM Conference on Fairness, Account",other,13,1.53,0.0,16
2023,W4283705032,Automatic Generation of Programming Exercises and Code Explanations Using Large ,2022,Proceedings of the 2022 ACM Conference o,technology,12,1.5,0.0,15
