sub,sub_name,node,year,venue,title,doi,desc_in_sub,desc_share,spc_out,cited_by,cd,cd5,reach_depth
0,Participatory & Community Design,19268,2019,pacmhci,Deconstructing Community-Based Collaborative Design,10.1145/3359318,325,0.432,4651.7,584,-0.07103825136612021,-0.06509539842873176,16
0,Participatory & Community Design,20037,2020,chi,Critical Race Theory for HCI,10.1145/3313831.3376392,301,0.4,3088.0,388,-0.05142857142857143,-0.05310734463276836,16
0,Participatory & Community Design,6791,2010,chi,Feminist HCI,10.1145/1753326.1753521,599,0.797,3349.7,1098,0.3252190847127556,0.04195804195804196,29
0,Participatory & Community Design,2343,2000,dis,Rapid ethnography,10.1145/347642.347763,633,0.842,138.2,500,0.17194570135746606,0.17647058823529413,38
0,Participatory & Community Design,4427,2006,chi,Implications for design,10.1145/1124772.1124855,644,0.856,1062.8,835,0.24324324324324326,0.2112676056338028,36
0,Participatory & Community Design,13714,2016,dis,Social Justice-Oriented Interaction Design,10.1145/2901790.2901861,424,0.564,3717.0,389,-0.05666486778197517,-0.07493857493857493,22
0,Participatory & Community Design,4723,2007,chi,Social dynamics of early stage co-design in developing regions,10.1145/1240624.1240790,631,0.839,175.0,88,0.001445086705202312,-0.010309278350515464,33
0,Participatory & Community Design,6744,2010,chi,Postcolonial computing,10.1145/1753326.1753522,606,0.806,3396.1,763,0.8745762711864407,0.7631578947368421,29
1,Social Media & Privacy,4064,2006,cscw,A face(book) in the crowd,10.1145/1180875.1180901,528,0.933,1069.6,1002,0.6896551724137931,0.6875,39
1,Social Media & Privacy,17505,2018,pacmhci,Social Media as Social Transition Machinery,10.1145/3274332,226,0.399,1769.9,151,-0.07381370826010544,-0.08757062146892655,16
1,Social Media & Privacy,17415,2018,pacmhci,Safe Spaces and Safe Places,10.1145/3274424,220,0.389,2446.9,236,-0.07528089887640449,-0.08957952468007313,17
1,Social Media & Privacy,13322,2016,chi,Understanding Social Media Disclosures of Sexual Abuse Through the Lenses of Support Seeki,10.1145/2858036.2858096,305,0.539,2038.9,382,0.13089005235602094,-0.024752475247524754,22
1,Social Media & Privacy,4811,2007,chi,A familiar face(book),10.1145/1240624.1240695,524,0.926,644.5,628,0.3069306930693069,-0.05714285714285714,38
1,Social Media & Privacy,5484,2008,cscw,Changes in use and perception of facebook,10.1145/1460563.1460675,515,0.91,1121.1,508,-0.030690537084398978,-0.10101010101010101,36
1,Social Media & Privacy,17455,2018,pacmhci,'Too Gay for Facebook',10.1145/3274313,196,0.346,2139.3,207,-0.03873239436619718,-0.049132947976878616,16
1,Social Media & Privacy,5395,2008,chi,"Looking at, looking up or keeping up with people?",10.1145/1357054.1357213,520,0.919,1178.0,1396,0.325,0.22807017543859648,37
1,Social Media & Privacy,5911,2009,chi,Predicting tie strength with social media,10.1145/1518701.1518736,490,0.866,1306.6,1383,0.4012345679012346,0.3561643835616438,35
1,Social Media & Privacy,12313,2015,cscw,"Disclosure, Stress, and Support During Gender Transition on Facebook",10.1145/2675133.2675152,319,0.564,2545.3,215,0.1048951048951049,0.08374384236453201,24
2,Wikipedia & Open Source,2150,1998,cscw,The dynamics of mass interaction,10.1145/289444.289500,430,0.911,388.1,278,0.125,0.1,43
2,Wikipedia & Open Source,1959,1998,chi,Are newsgroups virtual communities?,10.1145/274644.274694,428,0.907,95.1,89,1.0,1.0,43
2,Wikipedia & Open Source,6635,2010,cscw,Socialization tactics in wikipedia and their effects,10.1145/1718918.1718940,196,0.415,1033.7,165,0.3076923076923077,0.3953488372093023,27
2,Wikipedia & Open Source,4656,2007,chi,"He says, she says",10.1145/1240624.1240698,337,0.714,1454.2,573,0.10704960835509138,0.09090909090909091,38
2,Wikipedia & Open Source,3570,2004,chi,Studying cooperation and conflict between authors with <i>history flow</i> visualizations,10.1145/985692.985765,391,0.828,1174.1,773,0.9855072463768116,1.0,41
2,Wikipedia & Open Source,2546,2000,chi,Lurker demographics,10.1145/332040.332409,383,0.811,295.2,569,0.18012422360248448,0.0,40
2,Wikipedia & Open Source,5145,2008,cscw,Harnessing the wisdom of crowds in wikipedia,10.1145/1460563.1460572,296,0.627,1325.1,680,0.21808510638297873,0.14814814814814814,35
2,Wikipedia & Open Source,4669,2007,iui,SuggestBot,10.1145/1216295.1216309,324,0.686,1541.6,246,0.08849557522123894,0.03571428571428571,38
2,Wikipedia & Open Source,2974,2002,cscw,Stimulating social engagement in a community network,10.1145/587078.587121,382,0.809,149.2,99,0.034383954154727794,0.03636363636363636,42
3,Misinformation & News,8069,2012,cscw,(How) will the revolution be retweeted?,10.1145/2145204.2145212,310,0.735,1192.4,416,0.1,0.037037037037037035,27
3,Misinformation & News,7494,2011,chi,"""Voluntweeters""",10.1145/1978942.1979102,329,0.78,1869.7,537,0.017045454545454544,0.016666666666666666,28
3,Misinformation & News,19337,2019,pacmhci,Disinformation as Collaborative Work,10.1145/3359229,131,0.31,1504.1,357,-0.009746588693957114,-0.005376344086021506,13
3,Misinformation & News,4749,2007,chi,Citizen communications in crisis,10.1145/1240624.1240736,380,0.9,1305.7,491,0.5315315315315315,0.5652173913043478,32
3,Misinformation & News,6512,2010,chi,Microblogging during two natural hazards events,10.1145/1753326.1753486,366,0.867,1867.9,1419,0.044444444444444446,-0.027522935779816515,29
3,Misinformation & News,5012,2008,cscw,The emergence of online widescale interaction in unexpected events,10.1145/1460563.1460583,372,0.882,466.7,123,0.008875739644970414,0.019801980198019802,31
3,Misinformation & News,5399,2008,cscw,Finding community through information and communication technology in disaster response,10.1145/1460563.1460584,374,0.886,849.9,331,0.07975460122699386,0.04878048780487805,30
3,Misinformation & News,6397,2010,cscw,Chatter on the red,10.1145/1718918.1718965,369,0.874,1126.8,444,0.21621621621621623,0.25,30
4,Content Moderation,3462,2004,chi,Slash(dot) and burn,10.1145/985692.985761,345,0.799,895.9,405,0.740506329113924,0.25,41
4,Content Moderation,18760,2019,tochi,Human-Machine Collaboration for Content Regulation,10.1145/3338243,229,0.53,3133.8,286,-0.12840466926070038,-0.13150684931506848,16
4,Content Moderation,14312,2017,cscw,Shaping Pro and Anti-Social Behavior on Twitch Through Moderation and Example-Setting,10.1145/2998181.2998277,322,0.745,2376.8,240,0.2026431718061674,0.1015625,20
4,Content Moderation,7790,2011,chi,Starcraft from the stands,10.1145/1978942.1979053,349,0.808,540.1,210,0.15668202764976957,0.056338028169014086,26
4,Content Moderation,10801,2014,chi,Streaming on twitch,10.1145/2556288.2557048,347,0.803,2576.5,659,0.1447084233261339,0.1297709923664122,23
4,Content Moderation,19377,2019,pacmhci,Does Transparency in Moderation Really Matter?,10.1145/3359252,216,0.5,2513.2,202,-0.09752321981424149,-0.11016949152542373,15
4,Content Moderation,18011,2019,chi,Volunteer Moderators in Twitch Micro Communities,10.1145/3290605.3300390,272,0.63,2966.0,190,-0.13333333333333333,-0.16376306620209058,17
4,Content Moderation,5148,2008,cscw,Empirical evidence of information overload constraining chat channel community interaction,10.1145/1460563.1460616,350,0.81,124.9,38,0.2,0.08333333333333333,29
4,Content Moderation,4319,2006,chi,Watching the cars go round and round,10.1145/1124772.1124955,353,0.817,163.7,41,0.007352941176470588,-0.08695652173913043,34
5,Gig Work & Labour,10689,2014,cscw,The motivations and experiences of the on-demand mobile workforce,10.1145/2531602.2531680,276,0.775,788.0,93,0.007233273056057866,0.0,24
5,Gig Work & Labour,8519,2012,chi,Social desirability bias and self-reports of motivation,10.1145/2207676.2208699,273,0.767,347.5,121,-0.004149377593360996,-0.06611570247933884,27
5,Gig Work & Labour,13053,2016,cscw,Standing Out from the Crowd,10.1145/2818048.2820026,217,0.61,2342.9,225,-0.07419898819561552,-0.08843537414965986,22
5,Gig Work & Labour,12043,2015,chi,We Are Dynamo,10.1145/2702123.2702508,251,0.705,1906.4,276,-0.07598371777476255,-0.09473684210526316,24
5,Gig Work & Labour,10351,2014,cscw,Being a turker,10.1145/2531602.2531663,269,0.756,2180.2,281,-0.12,-0.1827956989247312,25
5,Gig Work & Labour,11607,2015,chi,Working with Machines,10.1145/2702123.2702548,244,0.685,2847.9,757,0.016643550624133148,0.021505376344086023,23
5,Gig Work & Labour,9529,2013,chi,Labor dynamics in a mobile micro-task market,10.1145/2470654.2470745,277,0.778,120.6,106,1.0,1.0,25
5,Gig Work & Labour,9949,2013,chi,Turkopticon,10.1145/2470654.2470742,297,0.834,3940.2,799,0.13733905579399142,0.16967509025270758,26
6,Civic Data & Communities,15040,2017,chi,Creating a Sociotechnical API,10.1145/3025453.3025963,133,0.39,1444.9,86,-0.040453074433656956,-0.07666666666666666,19
6,Civic Data & Communities,3713,2005,chi,Urban probes,10.1145/1054972.1055020,256,0.751,198.3,152,0.012048192771084338,-0.03389830508474576,35
6,Civic Data & Communities,4165,2006,cscw,Re-space-ing place,10.1145/1180875.1180921,244,0.716,515.6,450,-0.051771117166212535,-0.012987012987012988,33
6,Civic Data & Communities,1545,1996,cscw,Re-place-ing space,10.1145/240080.240193,264,0.774,461.4,1218,0.5538922155688623,0.0851063829787234,46
6,Civic Data & Communities,14703,2017,chi,Disempowered by Data,10.1145/3025453.3025694,77,0.226,1371.6,141,-0.12437810945273632,-0.03389830508474576,19
6,Civic Data & Communities,11890,2015,cscw,Planning with Crowdsourced Data,10.1145/2675133.2675212,167,0.49,1344.2,122,0.29464285714285715,0.23809523809523808,23
6,Civic Data & Communities,3573,2004,chi,The familiar stranger,10.1145/985692.985721,262,0.768,263.1,400,0.0625,0.20454545454545456,38
6,Civic Data & Communities,11580,2015,chi,Data-in-Place,10.1145/2702123.2702558,188,0.551,1566.7,152,0.06461538461538462,0.041916167664670656,23
6,Civic Data & Communities,12282,2015,cscw,Illegitimate Civic Participation,10.1145/2675133.2675156,180,0.528,1371.7,118,0.008108108108108109,0.0,23
6,Civic Data & Communities,3708,2005,ubicomp,"Living for the Global City: Mobile Kits, Urban Interfaces, and Ubicomp",10.1007/11551201_16,253,0.742,160.4,57,0.01932367149758454,-0.044444444444444446,37
7,"Infrastructure, Hackathons & Crypto",16000,2018,chi,Making Sense of Blockchain Applications,10.1145/3173574.3174032,28,0.14,499.3,124,-0.013539651837524178,-0.024464831804281346,17
7,"Infrastructure, Hackathons & Crypto",4135,2006,cscw,The human infrastructure of cyberinfrastructure,10.1145/1180875.1180950,104,0.52,893.7,354,0.8368794326241135,0.3684210526315789,31
7,"Infrastructure, Hackathons & Crypto",496,1988,cscw,Why CSCW applications fail: problems in the design and evaluationof organizational interfa,10.1145/62266.62273,122,0.61,437.0,968,0.8607594936708861,0.7272727272727273,59
7,"Infrastructure, Hackathons & Crypto",13520,2016,chi,"Of Two Minds, Multiple Addresses, and One Ledger",10.1145/2858036.2858049,32,0.16,516.3,72,0.0916030534351145,0.06097560975609756,18
7,"Infrastructure, Hackathons & Crypto",627,1990,cscw,Learning from user experience with groupware,10.1145/99332.99362,116,0.58,85.3,107,-0.02,-0.23809523809523808,55
7,"Infrastructure, Hackathons & Crypto",7539,2011,cscw,The value of data,10.1145/1958824.1958906,87,0.435,521.8,106,0.036968576709796676,-0.009259259259259259,27
7,"Infrastructure, Hackathons & Crypto",312,1986,chi,The social dimensions of computerization,10.1145/29933.275654,123,0.615,46.3,8,1.0,1.0,60
7,"Infrastructure, Hackathons & Crypto",1084,1992,cscw,Learning from Notes,10.1145/143457.143549,115,0.575,367.3,763,0.07784431137724551,0.18181818181818182,54
8,Refugees & Migration,19971,2020,chi,Memory through Design: Supporting Cultural Identity for Immigrants through a Paper-Based H,10.1145/3313831.3376636,39,0.31,708.2,50,-0.018556701030927835,-0.02,8
8,Refugees & Migration,12586,2015,chi,Computer-Enabled Project Spaces,10.1145/2702123.2702283,71,0.563,370.4,57,0.06726457399103139,0.08641975308641975,20
8,Refugees & Migration,3374,2004,dis,Speakeasy,10.1145/1013115.1013176,67,0.532,74.5,24,0.9,1.0,32
8,Refugees & Migration,17492,2018,pacmhci,Technology to Support Immigrant Access to Social Capital and Adaptation to a New Country,10.1145/3274339,52,0.413,750.8,66,-0.03254437869822485,-0.04680851063829787,14
8,Refugees & Migration,16532,2018,chi,In a New Land,10.1145/3173574.3174158,60,0.476,670.6,52,0.0,-0.017699115044247787,16
8,Refugees & Migration,23766,2022,tochi,"A Decade of International Migration Research in HCI: Overview, Challenges, Ethics, Impact,",10.1145/3490555,36,0.286,846.6,48,-0.0367504835589942,-0.0367504835589942,6
8,Refugees & Migration,4151,2006,cscw,Technology in spiritual formation,10.1145/1180875.1180908,92,0.73,298.1,94,0.48717948717948717,0.3181818181818182,35
8,Refugees & Migration,13530,2016,chi,Syrian Refugees and Digital Health in Lebanon,10.1145/2858036.2858331,69,0.548,728.4,157,0.01694915254237288,-0.010869565217391304,19
8,Refugees & Migration,10303,2014,chi,Reflection through design,10.1145/2556288.2557119,66,0.524,489.2,63,0.056338028169014086,0.05223880597014925,22
9,Political Talk & Team Formation,12996,2016,cscw,Personality Matters,10.1145/2818048.2819979,27,0.237,582.2,97,0.0,-0.006993006993006993,21
9,Political Talk & Team Formation,5676,2009,chi,NewsCube,10.1145/1518701.1518772,76,0.667,554.3,207,0.352,0.3225806451612903,29
9,Political Talk & Team Formation,6797,2010,chi,Opinion space,10.1145/1753326.1753502,65,0.57,517.7,163,0.7049180327868853,0.4,29
9,Political Talk & Team Formation,14416,2017,cscw,Team Dating Leads to Better Online Ad Hoc Collaborations,10.1145/2998181.2998322,25,0.219,623.1,45,-0.06837606837606838,-0.11538461538461539,19
9,Political Talk & Team Formation,8882,2012,cscw,Supporting reflective public thought with considerit,10.1145/2145204.2145249,55,0.482,545.6,222,0.060209424083769635,-0.027210884353741496,27
9,Political Talk & Team Formation,3475,2004,cscw,Online political organizing,10.1145/1031607.1031618,64,0.561,38.2,9,1.0,1.0,40
9,Political Talk & Team Formation,6907,2010,chi,America is like Metamucil,10.1145/1753326.1753541,63,0.553,156.7,30,0.016166281755196306,0.014084507042253521,30
9,Political Talk & Team Formation,6684,2010,chi,Presenting diverse political opinions,10.1145/1753326.1753543,68,0.596,615.1,238,0.03690036900369004,0.023529411764705882,28
10,Crowdfunding & Social Tagging,11235,2014,chi,Show me the money!,10.1145/2556288.2557045,25,0.216,679.5,184,-0.1164021164021164,-0.16494845360824742,21
10,Crowdfunding & Social Tagging,2245,1999,chi,FotoFile,10.1145/302979.303143,57,0.491,295.1,202,0.3783783783783784,0.5,46
10,Crowdfunding & Social Tagging,2950,2002,cscw,Requirements for photoware,10.1145/587078.587102,49,0.422,636.3,378,0.26506024096385544,-0.17647058823529413,40
10,Crowdfunding & Social Tagging,10217,2014,cscw,The language that gets people to give,10.1145/2531602.2531656,28,0.241,753.1,253,0.19298245614035087,0.15789473684210525,23
10,Crowdfunding & Social Tagging,2322,2000,chi,"Joking, storytelling, artsharing, expressing affection",10.1145/332040.332499,49,0.422,431.2,130,0.2894736842105263,0.35,39
10,Crowdfunding & Social Tagging,2580,2001,uist,PhotoMesa,10.1145/502348.502359,41,0.353,152.5,342,0.05806451612903226,0.05660377358490566,44
10,Crowdfunding & Social Tagging,11031,2014,cscw,Understanding the role of community in crowdfunding work,10.1145/2531602.2531715,30,0.259,664.7,244,-0.022727272727272728,-0.051094890510948905,23
10,Crowdfunding & Social Tagging,2526,2000,chi,Storytelling with digital photographs,10.1145/332040.332505,56,0.483,511.5,206,0.6341463414634146,0.2222222222222222,45
10,Crowdfunding & Social Tagging,9503,2013,tochi,Crowdfunding,10.1145/2530540,31,0.267,648.2,712,0.8,0.7931034482758621,24
11,Health & Wellbeing,3749,2005,tochi,"A multilevel analysis of sociability, usability, and community dynamics in an online healt",10.1145/1067860.1067864,344,0.831,399.9,458,0.18055555555555555,0.0,34
11,Health & Wellbeing,14405,2017,cscw,Design Opportunities for Mental Health Peer Support Technologies,10.1145/2998181.2998349,221,0.534,2155.1,147,0.01272264631043257,-0.03896103896103896,19
11,Health & Wellbeing,12958,2016,cscw,Quantifying and Predicting Mental Illness Severity in Online Pro-Eating Disorder Communiti,10.1145/2818048.2819973,266,0.643,1468.6,192,0.05063291139240506,-0.04878048780487805,23
11,Health & Wellbeing,6991,2011,cscw,"It's not that i don't have problems, i'm just not putting them on facebook",10.1145/1958824.1958876,339,0.819,1419.8,415,0.028368794326241134,-0.07602339181286549,30
11,Health & Wellbeing,16435,2018,chi,"“Suddenly, we got to become therapists for each other”",10.1145/3173574.3173905,194,0.469,1875.0,133,-0.041935483870967745,-0.08530805687203792,18
11,Health & Wellbeing,10872,2014,cscw,Characterizing and predicting postpartum depression from shared facebook data,10.1145/2531602.2531675,303,0.732,1487.7,397,-0.04199475065616798,-0.06179775280898876,25
11,Health & Wellbeing,5819,2009,chi,Clinical evaluations and collaborative design,10.1145/1518701.1519013,330,0.797,329.0,83,0.4222222222222222,0.38461538461538464,28
11,Health & Wellbeing,6845,2010,chi,"An unobtrusive behavioral model of ""gross national happiness""",10.1145/1753326.1753369,344,0.831,180.1,247,0.3488372093023256,0.5238095238095238,31
11,Health & Wellbeing,14302,2017,cscw,"Sensitive Self-disclosures, Responses, and Social Support on Instagram",10.1145/2998181.2998243,247,0.597,1758.5,331,-0.11416490486257928,-0.1875,20
11,Health & Wellbeing,7839,2011,chi,In the mood,10.1145/1978942.1979379,328,0.792,692.0,139,0.0410958904109589,-0.007352941176470588,28
12,Personal Informatics,5319,2008,cscw,Are you sleeping?,10.1145/1460563.1460660,373,0.878,202.6,42,0.002320185614849188,0.0,31
12,Personal Informatics,5456,2008,chi,Activity sensing in the wild,10.1145/1357054.1357335,398,0.936,2079.7,1128,0.08409090909090909,0.030927835051546393,33
12,Personal Informatics,5330,2008,ubicomp,Flowers or a robot army?,10.1145/1409635.1409644,386,0.908,1025.8,400,0.010452961672473868,0.015873015873015872,32
12,Personal Informatics,11262,2014,chi,Understanding quantified-selfers' practices in collecting and exploring personal data,10.1145/2556288.2557372,358,0.842,4086.6,774,-0.12928759894459102,-0.1527777777777778,24
12,Personal Informatics,21240,2020,imwut,Mapping and Taking Stock of the Personal Informatics Literature,10.1145/3432231,134,0.315,2641.9,217,-0.054177215189873416,-0.05319148936170213,11
12,Personal Informatics,10938,2014,chi,Personal tracking as lived informatics,10.1145/2556288.2557039,357,0.84,4512.6,659,-0.13166144200626959,-0.16334661354581673,24
12,Personal Informatics,7547,2011,chi,Opportunities for computing technologies to support healthy sleep behaviors,10.1145/1978942.1979395,372,0.875,703.4,116,0.0641025641025641,0.014285714285714285,27
12,Personal Informatics,6812,2010,chi,A stage-based model of personal informatics systems,10.1145/1753326.1753409,383,0.901,5616.7,1123,0.23842917251051893,-0.012422360248447204,28
12,Personal Informatics,11710,2015,ubicomp,A lived informatics model of personal informatics,10.1145/2750858.2804250,329,0.774,5033.1,503,-0.19262295081967212,-0.15186915887850466,23
13,Older Adults & Dementia Care,4550,2007,assets,"Using participatory activities with seniors to critique, build, and evaluate mobile phones",10.1145/1296843.1296871,248,0.743,308.3,127,0.07142857142857142,0.06818181818181818,38
13,Older Adults & Dementia Care,3975,2006,ubicomp,An Exploratory Study of How Older Women Use Mobile Phones,10.1007/11853565_7,249,0.746,37.5,50,1.0,1.0,39
13,Older Adults & Dementia Care,2641,2001,chi,Digital family portraits,10.1145/365024.365126,262,0.784,511.9,582,0.09765625,0.027522935779816515,45
13,Older Adults & Dementia Care,3030,2002,dis,Community design of community simulations,10.1145/778712.778726,249,0.746,51.6,20,0.18181818181818182,0.25,39
13,Older Adults & Dementia Care,10807,2014,chi,Never too old,10.1145/2556288.2557184,209,0.626,1370.0,215,-0.035650623885918005,-0.03608247422680412,23
13,Older Adults & Dementia Care,10041,2013,chi,Older adults as digital content producers,10.1145/2470654.2470662,224,0.671,1344.7,185,0.06264501160092807,0.05194805194805195,24
13,Older Adults & Dementia Care,16699,2018,chi,Exploring the Design of Tailored Virtual Reality Experiences for People with Dementia,10.1145/3173574.3174088,129,0.386,1211.4,142,-0.10545454545454545,-0.14545454545454545,17
13,Older Adults & Dementia Care,3932,2005,chi,Participatory design of an orientation aid for amnesics,10.1145/1054972.1055043,252,0.754,187.6,66,0.5909090909090909,0.8888888888888888,41
13,Older Adults & Dementia Care,12350,2015,tochi,An Age-Old Problem,10.1145/2696867,205,0.614,2083.4,456,-0.014198782961460446,-0.016891891891891893,22
13,Older Adults & Dementia Care,14687,2017,chi,A Critical Lens on Dementia and Design in HCI,10.1145/3025453.3025522,157,0.47,2034.7,199,-0.05325443786982249,-0.10810810810810811,19
14,Persuasive Health & Activity,4965,2008,chi,Playful toothbrush,10.1145/1357054.1357115,97,0.485,121.3,93,0.04477611940298507,-0.01694915254237288,32
14,Persuasive Health & Activity,3976,2006,ubicomp,Embedding Behavior Modification Strategies into a Consumer Electronic Device: A Case Study,10.1007/11853565_18,137,0.685,208.8,70,1.0,1.0,33
14,Persuasive Health & Activity,4333,2006,chi,Design requirements for technologies that encourage physical activity,10.1145/1124772.1124840,166,0.83,1705.1,800,0.5495867768595041,0.39285714285714285,34
14,Persuasive Health & Activity,5999,2009,chi,Theory-driven design strategies for technologies that support behavior change in everyday ,10.1145/1518701.1518766,104,0.52,754.8,593,-0.011844331641285956,-0.040268456375838924,31
14,Persuasive Health & Activity,7823,2011,chi,Fit4life,10.1145/1978942.1979003,82,0.41,638.2,267,0.08333333333333333,0.024,30
14,Persuasive Health & Activity,3987,2006,ubicomp,Fish’n’Steps: Encouraging Physical Activity with an Interactive Computer Game,10.1007/11853565_16,165,0.825,888.1,850,1.0,1.0,34
14,Persuasive Health & Activity,7128,2011,chi,How to evaluate technologies for health behavior change in HCI research,10.1145/1978942.1979396,85,0.425,829.4,418,0.008915304606240713,-0.02926829268292683,30
15,Chronic Care & Caregiving,4224,2006,cscw,Of pill boxes and piano benches,10.1145/1180875.1180888,211,0.837,373.5,121,0.05426356589147287,-0.05172413793103448,35
15,Chronic Care & Caregiving,5281,2008,chi,Healthcare in everyday life,10.1145/1357054.1357336,206,0.817,420.6,165,0.08095238095238096,0.10526315789473684,34
15,Chronic Care & Caregiving,6882,2010,chi,Catalyzing social support for breast cancer patients,10.1145/1753326.1753353,187,0.742,848.3,165,0.45255474452554745,0.38461538461538464,33
15,Chronic Care & Caregiving,5411,2008,chi,MAHI,10.1145/1357054.1357131,205,0.813,1461.3,358,0.008238928939237899,-0.02631578947368421,32
15,Chronic Care & Caregiving,9065,2013,cscw,Caring for caregivers,10.1145/2441776.2441789,156,0.619,1524.5,172,0.10726643598615918,-0.061855670103092786,23
15,Chronic Care & Caregiving,12909,2016,cscw,Partners in Care,10.1145/2818048.2819983,131,0.52,1418.2,121,-0.08734939759036145,-0.0898876404494382,21
15,Chronic Care & Caregiving,13009,2016,cscw,Designing for Those who are Overlooked,10.1145/2818048.2819999,134,0.532,1201.1,135,-0.06981981981981981,-0.056074766355140186,22
15,Chronic Care & Caregiving,12665,2015,tochi,Self-Care Technologies in HCI,10.1145/2803173,138,0.548,927.9,260,0.025518341307814992,-0.003424657534246575,22
15,Chronic Care & Caregiving,4412,2006,chi,Investigating health management practices of individuals with diabetes,10.1145/1124772.1124910,218,0.865,722.2,177,0.05660377358490566,0.027522935779816515,35
16,Mindfulness & Biofeedback,6148,2010,dis,Mind the body!,10.1145/1858171.1858182,122,0.598,278.3,133,0.012948207171314742,0.0196078431372549,26
16,Mindfulness & Biofeedback,4006,2006,chi,From awareness to connectedness,10.1145/1124772.1124905,140,0.686,216.8,133,0.01366742596810934,-0.03125,35
16,Mindfulness & Biofeedback,8774,2012,chi,AffectAura,10.1145/2207676.2208525,150,0.735,388.2,242,0.5393258426966292,0.4594594594594595,26
16,Mindfulness & Biofeedback,10663,2014,dis,Reviewing reflection,10.1145/2598510.2598598,69,0.338,1126.5,264,-0.01783264746227709,-0.027777777777777776,24
16,Mindfulness & Biofeedback,6159,2010,dis,Enhancing the sleeping quality of partners living apart,10.1145/1858171.1858201,135,0.662,75.1,11,0.0,0.0,26
16,Mindfulness & Biofeedback,16879,2018,dis,Attending to Breath,10.1145/3196709.3196765,70,0.343,753.2,97,-0.026239067055393587,-0.03943661971830986,16
16,Mindfulness & Biofeedback,5653,2009,chi,Sharing empty moments,10.1145/1518701.1519058,137,0.672,189.6,94,-0.0029850746268656717,-0.005,29
16,Mindfulness & Biofeedback,14870,2017,chi,Reflective Practicum,10.1145/3025453.3025516,57,0.279,798.0,120,-0.05349182763744428,-0.07317073170731707,17
16,Mindfulness & Biofeedback,12252,2015,chi,Reflective Informatics,10.1145/2702123.2702234,63,0.309,925.3,248,-0.037069726390114736,-0.041025641025641026,22
16,Mindfulness & Biofeedback,23805,2022,imwut,Revisiting Reflection in HCI,10.1145/3517233,31,0.152,762.1,126,-0.07026348808030113,-0.07026348808030113,6
17,Family Health Informatics,20224,2020,chi,Storywell: Designing for Family Fitness App Motivation by Using Social Rewards and Reflect,10.1145/3313831.3376686,43,0.251,843.6,82,-0.07392197125256673,-0.07459207459207459,11
17,Family Health Informatics,11590,2015,cscw,Snack Buddy,10.1145/2675133.2675180,77,0.45,1110.4,92,0.04326923076923077,-0.016216216216216217,21
17,Family Health Informatics,12457,2015,cscw,Spaceship Launch,10.1145/2675133.2675159,91,0.532,907.4,91,-0.0017513134851138354,-0.019762845849802372,20
17,Family Health Informatics,3115,2003,assets,visiBabble for reinforcement of early vocalization,10.1145/1028630.1028659,119,0.696,70.7,22,0.8333333333333334,0.5,31
17,Family Health Informatics,4180,2006,chi,Tensions in designing capture technologies for an evidence-based care community,10.1145/1124772.1124911,122,0.713,229.0,49,0.0,0.0,36
17,Family Health Informatics,3317,2004,ubicomp,Designing Capture Applications to Support the Education of Children with Autism,10.1007/978-3-540-30119-6_10,125,0.731,315.3,78,0.6206896551724138,0.38461538461538464,37
17,Family Health Informatics,20378,2020,pacmhci,DreamCatcher: Exploring How Parents and School-Age Children can Track and Review Sleep Inf,10.1145/3392882,44,0.257,871.7,81,-0.06537890044576523,-0.06495726495726496,10
17,Family Health Informatics,1948,1998,assets,Automatic babble recognition for early detection of speech related disorders,10.1145/274497.274510,121,0.708,27.1,8,1.0,1.0,32
17,Family Health Informatics,4765,2007,chi,Grow and know,10.1145/1240624.1240830,118,0.69,371.8,77,0.044854881266490766,0.039603960396039604,30
17,Family Health Informatics,14335,2017,cscw,From Personal Informatics to Family Informatics,10.1145/2998181.2998362,74,0.433,1464.6,202,-0.0960820895522388,-0.08828828828828829,19
18,Hospital Work & Records,1059,1992,cscw,Faltering from ethnography to design,10.1145/143457.143469,84,0.549,250.1,440,1.0,1.0,55
18,Hospital Work & Records,1097,1992,cscw,Ethnographically-informed systems design for air traffic control,10.1145/143457.143470,83,0.542,323.7,416,0.13131313131313133,-0.19047619047619047,54
18,Hospital Work & Records,4233,2006,cscw,AwareMedia,10.1145/1180875.1180892,49,0.32,538.8,164,0.049429657794676805,0.05063291139240506,32
18,Hospital Work & Records,2831,2002,cscw,The parameters of common information spaces:,10.1145/587078.587104,84,0.549,262.2,164,1.0,1.0,39
18,Hospital Work & Records,5973,2009,chi,<i>I just don't know why it's gone</i>,10.1145/1518701.1519014,66,0.431,487.7,69,-0.056338028169014086,-0.125,28
18,Hospital Work & Records,2966,2002,cscw,A finger on the pulse,10.1145/587078.587126,79,0.516,573.3,280,0.37790697674418605,0.22580645161290322,44
18,Hospital Work & Records,4757,2007,chi,An observational study on information flow during nurses' shift change,10.1145/1240624.1240661,74,0.484,426.6,95,0.2631578947368421,0.3076923076923077,34
18,Hospital Work & Records,1660,1996,cscw,Documents and professional practice,10.1145/240080.240342,87,0.569,446.2,252,0.2846153846153846,-0.045454545454545456,48
18,Hospital Work & Records,991,1992,cscw,Time-management,10.1145/143457.143517,81,0.529,114.9,55,0.47058823529411764,1.0,51
19,Rehabilitation & Mobility Support,9539,2013,chi,Exploring &amp; designing tools to enhance falls rehabilitation in the home,10.1145/2470654.2466159,36,0.324,175.4,51,-0.03614457831325301,-0.022222222222222223,25
19,Rehabilitation & Mobility Support,22148,2021,chi,"Us and Them (and It): Social Orientation, Privacy Concerns, and Expected Use of Pandemic-T",10.1145/3411764.3445485,11,0.099,298.5,36,0.05084745762711865,0.05084745762711865,8
19,Rehabilitation & Mobility Support,21380,2021,chi,Apps Against the Spread: Privacy Implications and User Acceptance of COVID-19-Related Smar,10.1145/3411764.3445517,9,0.081,295.3,59,0.16417910447761194,0.16417910447761194,9
19,Rehabilitation & Mobility Support,7530,2011,chi,Motivating mobility,10.1145/1978942.1979397,44,0.396,418.6,114,0.16875,0.08860759493670886,27
19,Rehabilitation & Mobility Support,6603,2010,assets,Stroke therapy through motion-based games,10.1145/1878803.1878842,48,0.432,55.2,37,1.0,1.0,28
19,Rehabilitation & Mobility Support,20426,2020,chi,"Understanding Fitness Tracker Users' Security and Privacy Knowledge, Attitudes and Behavio",10.1145/3313831.3376651,20,0.18,267.6,59,0.12941176470588237,0.1282051282051282,12
19,Rehabilitation & Mobility Support,8787,2012,chi,Full-body motion-based game interaction for older adults,10.1145/2207676.2208324,41,0.369,326.6,307,0.058419243986254296,0.09016393442622951,26
19,Rehabilitation & Mobility Support,6909,2010,chi,Towards customizable games for stroke rehabilitation,10.1145/1753326.1753649,51,0.459,216.8,385,1.0,1.0,27
20,Autism & Neurodiversity,19360,2019,tochi,Agency of Autistic Children in Technology Research—A Critical Literature Review,10.1145/3344919,138,0.392,1801.4,277,-0.030534351145038167,-0.06153846153846154,15
20,Autism & Neurodiversity,4290,2006,cscw,SIDES,10.1145/1180875.1180877,240,0.682,578.6,341,0.07924528301886792,0.024390243902439025,40
20,Autism & Neurodiversity,6861,2010,chi,vSked,10.1145/1753326.1753569,224,0.636,475.9,133,0.21348314606741572,0.24242424242424243,29
20,Autism & Neurodiversity,6253,2010,assets,Disability studies as a source of critical inquiry for the field of assistive technology,10.1145/1878803.1878807,213,0.605,1445.7,376,0.4483985765124555,0.09433962264150944,24
20,Autism & Neurodiversity,21133,2020,assets,"Living Disability Theory: Reflections on Access, Research, and Design",10.1145/3373625.3416996,109,0.31,1367.0,179,-0.05415713196033562,-0.05574912891986063,13
20,Autism & Neurodiversity,2864,2002,assets,Virtual environments for social skills training,10.1145/638249.638269,250,0.71,124.9,55,1.0,1.0,41
20,Autism & Neurodiversity,3761,2005,assets,Storytelling with a virtual peer as an intervention for children with autism,10.1145/1090785.1133180,228,0.648,66.0,25,0.3,0.16666666666666666,30
20,Autism & Neurodiversity,21838,2021,tochi,The Purpose of Play,10.1145/3432245,96,0.273,1359.0,177,-0.04035874439461883,-0.04035874439461883,9
20,Autism & Neurodiversity,24368,2022,chi,ADHD and Technology Research – Investigated by Neurodivergent Readers,10.1145/3491102.3517592,62,0.176,1249.0,134,-0.056338028169014086,-0.056338028169014086,8
20,Autism & Neurodiversity,5114,2008,assets,Technology for just-in-time in-situ learning of facial affect for persons diagnosed with a,10.1145/1414471.1414477,224,0.636,115.9,90,1.0,1.0,27
21,Web Accessibility,11842,2015,assets,The Invisible Work of Accessibility,10.1145/2700648.2809864,126,0.353,1604.5,154,-0.0057251908396946565,-0.07017543859649122,22
21,Web Accessibility,1251,1994,chi,Nonvisual presentation of graphical user interfaces,10.1145/191666.191732,250,0.7,323.4,157,0.5161290322580645,0.3333333333333333,45
21,Web Accessibility,1220,1994,assets,Providing access to graphical user interfaces---not graphical screens,10.1145/191028.191041,230,0.644,115.4,28,0.0,-0.5,45
21,Web Accessibility,12227,2015,chi,Collaborative Accessibility,10.1145/2702123.2702511,147,0.412,1623.9,153,-0.018134715025906734,-0.05194805194805195,22
21,Web Accessibility,2088,1998,assets,User interface of a Home Page Reader,10.1145/274497.274526,220,0.616,360.3,186,1.0,1.0,43
21,Web Accessibility,19215,2019,pacmhci,"""It doesn't win you friends""",10.1145/3359293,75,0.21,1352.5,99,-0.06640106241699867,-0.05740740740740741,15
21,Web Accessibility,1266,1994,assets,Screen reader/2,10.1145/191028.191039,239,0.669,133.0,42,1.0,1.0,45
21,Web Accessibility,17205,2018,assets,Interdependence as a Frame for Assistive Technology Research and Design,10.1145/3234695.3236348,113,0.317,2328.8,402,-0.12033195020746888,-0.1405152224824356,18
21,Web Accessibility,15192,2017,dis,Enabling Collaboration in Learning Computer Programing Inclusive of Children with Vision I,10.1145/3064663.3064689,135,0.378,988.0,148,-0.031879194630872486,-0.04075235109717868,20
21,Web Accessibility,1081,1992,uist,Mapping GUIs to auditory interfaces,10.1145/142621.142629,253,0.709,281.6,96,0.6363636363636364,0.7777777777777778,50
22,Deaf & Sign Language,16768,2018,chi,SpeechBubbles,10.1145/3173574.3173867,124,0.411,1184.6,105,-0.11570247933884298,-0.1,16
22,Deaf & Sign Language,15640,2017,assets,Deaf and Hard-of-Hearing Perspectives on Imperfect Automatic Speech Recognition for Captio,10.1145/3132525.3132541,144,0.477,923.3,62,-0.2073170731707317,-0.21621621621621623,17
22,Deaf & Sign Language,2761,2002,assets,"Tessa, a system to aid communication with deaf people",10.1145/638249.638287,196,0.649,32.5,204,1.0,1.0,29
22,Deaf & Sign Language,2453,2000,assets,The development of language processing support for the ViSiCAST project,10.1145/354324.354349,213,0.705,65.1,112,1.0,1.0,39
22,Deaf & Sign Language,5974,2009,assets,ClassInFocus,10.1145/1639642.1639656,199,0.659,747.7,77,0.4153846153846154,0.35714285714285715,23
22,Deaf & Sign Language,19093,2019,assets,"Sign Language Recognition, Generation, and Translation",10.1145/3308561.3353774,116,0.384,963.5,381,0.2608695652173913,0.30612244897959184,14
22,Deaf & Sign Language,22998,2021,pacmhci,"Social, Environmental, and Technical: Factors at Play in the Current Use and Future Design",10.1145/3479578,75,0.248,950.2,49,-0.040110650069156296,-0.040110650069156296,10
22,Deaf & Sign Language,18170,2019,chi,Deaf and Hard-of-hearing Individuals' Preferences for Wearable and Mobile Sound Awareness ,10.1145/3290605.3300276,112,0.371,1110.7,84,-0.05163511187607573,-0.05303030303030303,13
22,Deaf & Sign Language,3931,2005,assets,Visualizing non-speech sounds for the deaf,10.1145/1090785.1090797,200,0.662,400.7,62,-0.01694915254237288,0.16666666666666666,34
22,Deaf & Sign Language,3133,2003,chi,Can you see what i hear?,10.1145/642611.642641,204,0.675,378.0,72,0.21839080459770116,0.11538461538461539,38
23,Non-visual Navigation,13856,2016,ubicomp,"Finding a store, searching for a product",10.1145/2971648.2971723,114,0.381,1015.8,87,-0.06950672645739911,-0.07264957264957266,22
23,Non-visual Navigation,2562,2000,assets,A framework of assistive pointers for low vision users,10.1145/354324.354329,211,0.706,106.0,51,-0.25,-0.2,40
23,Non-visual Navigation,1226,1994,assets,LVRS,10.1145/191028.191069,220,0.736,29.9,1,1.0,1.0,43
23,Non-visual Navigation,1419,1995,chi,Improving GUI accessibility for people with low vision,10.1145/223904.223919,219,0.732,289.3,53,0.09929078014184398,0.0975609756097561,42
23,Non-visual Navigation,2289,2000,assets,Wearable interfaces for orientation and wayfinding,10.1145/354324.354380,213,0.712,194.2,151,1.0,1.0,38
23,Non-visual Navigation,2036,1998,assets,Designing interfaces for an overlooked user group,10.1145/274497.274512,217,0.726,257.3,43,0.0,-0.5,41
23,Non-visual Navigation,15606,2017,assets,NavCog3,10.1145/3132525.3132535,93,0.311,1282.9,156,-0.06481481481481481,-0.0851063829787234,19
23,Non-visual Navigation,13783,2016,mobilehci,NavCog,10.1145/2935334.2935361,120,0.401,1474.4,239,0.022058823529411766,-0.0449438202247191,21
23,Non-visual Navigation,19069,2019,assets,CaBot: Designing and Evaluating an Autonomous Navigation Robot for Blind People,10.1145/3308561.3353771,56,0.187,1098.4,171,-0.09574468085106383,-0.11612903225806452,11
23,Non-visual Navigation,9086,2013,assets,"""Pray before you step out""",10.1145/2513383.2513449,155,0.518,1228.1,137,0.037383177570093455,-0.037383177570093455,24
24,"ICTD, Mobile Money & Women",16609,2018,chi,Design Within a Patriarchal Society,10.1145/3173574.3174110,66,0.291,1036.8,198,-0.05591200733272227,-0.05345911949685535,19
24,"ICTD, Mobile Money & Women",11972,2015,chi,Mobile Phones for Maternal Health in Rural India,10.1145/2702123.2702258,89,0.392,769.5,144,-0.03258145363408521,-0.055762081784386616,23
24,"ICTD, Mobile Money & Women",5193,2008,dis,Designing e-learning games for rural children in India,10.1145/1394445.1394452,164,0.722,240.5,94,-0.038461538461538464,-0.045454545454545456,33
24,"ICTD, Mobile Money & Women",6761,2010,chi,Intermediated technology use in developing communities,10.1145/1753326.1753718,136,0.599,1222.8,228,0.6190476190476191,0.27586206896551724,29
24,"ICTD, Mobile Money & Women",12425,2015,chi,Sangeet Swara,10.1145/2702123.2702191,95,0.419,848.5,97,-0.11643835616438356,-0.1518987341772152,22
24,"ICTD, Mobile Money & Women",4431,2006,chi,Mobile phones and paper documents,10.1145/1124772.1124857,184,0.811,570.3,153,0.07142857142857142,0.09090909090909091,35
24,"ICTD, Mobile Money & Women",4761,2007,chi,Multiple mice for retention tasks in disadvantaged schools,10.1145/1240624.1240864,166,0.731,307.9,93,0.1038961038961039,0.05405405405405406,35
24,"ICTD, Mobile Money & Women",4756,2007,chi,Localized iterative design for language learning in underdeveloped regions,10.1145/1240624.1240791,166,0.731,245.5,56,0.225,0.17647058823529413,34
24,"ICTD, Mobile Money & Women",6807,2010,chi,Avaaj Otalo,10.1145/1753326.1753434,142,0.626,1173.2,386,0.49122807017543857,0.5357142857142857,30
24,"ICTD, Mobile Money & Women",1753,1997,chi,Designing a graphical user interface for healthcare workers in rural India,10.1145/258549.258869,187,0.824,248.9,89,1.0,,36
25,Visual Accessibility,19520,2020,chi,"""Person, Shoes, Tree. Is the Person Naked?"" What People with Vision Impairments Want in Im",10.1145/3313831.3376404,137,0.479,1785.2,132,-0.1407942238267148,-0.16535433070866143,15
25,Visual Accessibility,14243,2017,chi,Understanding Blind People's Experiences with Computer-Generated Captions of Social Media ,10.1145/3025453.3025814,190,0.664,1809.3,195,-0.04415954415954416,-0.07430340557275542,18
25,Visual Accessibility,4901,2008,assets,Slide rule,10.1145/1414471.1414487,251,0.878,635.8,373,0.273972602739726,0.15517241379310345,38
25,Visual Accessibility,5134,2008,assets,A camera phone based currency reader for the visually impaired,10.1145/1414471.1414551,249,0.871,128.8,74,0.5,0.5714285714285714,37
25,Visual Accessibility,6546,2010,uist,VizWiz,10.1145/1866029.1866080,247,0.864,2760.2,588,0.19086460032626426,0.07865168539325842,36
25,Visual Accessibility,3804,2005,assets,A wearable face recognition system for individuals with visual impairments,10.1145/1090785.1090806,253,0.885,98.8,86,1.0,1.0,38
25,Visual Accessibility,7101,2011,assets,Supporting blind photography,10.1145/2049536.2049573,242,0.846,1741.3,167,-0.020249221183800622,-0.09420289855072464,32
25,Visual Accessibility,14399,2017,cscw,Automatic Alt-text,10.1145/2998181.2998364,190,0.664,2096.7,250,-0.09090909090909091,-0.11165048543689321,20
26,Non-visual Touch Interfaces,8197,2012,tei,VizTouch,10.1145/2148131.2148160,139,0.563,1041.4,106,0.3684210526315789,0.21212121212121213,25
26,Non-visual Touch Interfaces,13542,2016,chi,Tickers and Talker,10.1145/2858036.2858507,126,0.51,1012.2,70,-0.024834437086092714,-0.01818181818181818,21
26,Non-visual Touch Interfaces,4042,2006,chi,Feeling what you hear,10.1145/1124772.1124941,170,0.688,131.8,105,1.0,1.0,32
26,Non-visual Touch Interfaces,3114,2003,assets,Evaluation of a non-visual molecule browser,10.1145/1028630.1028639,181,0.733,140.5,40,1.0,1.0,30
26,Non-visual Touch Interfaces,1678,1996,assets,Audiograf,10.1145/228347.228357,183,0.741,199.3,103,1.0,1.0,44
26,Non-visual Touch Interfaces,15700,2017,uist,Markit and Talkit,10.1145/3126594.3126650,112,0.453,823.8,72,-0.03680981595092025,-0.04221635883905013,19
26,Non-visual Touch Interfaces,3735,2005,assets,PLUMB,10.1145/1090785.1090820,180,0.729,191.5,40,-0.15,-0.8,29
26,Non-visual Touch Interfaces,24410,2022,chi,VoxLens: Making Online Data Visualizations Accessible with an Interactive JavaScript Plug-,10.1145/3491102.3517431,43,0.174,1068.6,89,-0.00847457627118644,-0.00847457627118644,10
26,Non-visual Touch Interfaces,3836,2005,assets,Automating tactile graphics translation,10.1145/1090785.1090814,181,0.733,219.0,124,1.0,1.0,34
26,Non-visual Touch Interfaces,16767,2018,chi,Accessible Maps for the Blind,10.1145/3173574.3173772,105,0.425,1453.5,145,-0.0390625,-0.10344827586206896,18
27,Women's Health & Menstrual Tracking,24034,2022,chi,Rethinking Menstrual Trackers Towards Period-Positive Ecologies,10.1145/3491102.3517662,69,0.327,1141.2,72,-0.06016260162601626,-0.06016260162601626,8
27,Women's Health & Menstrual Tracking,19558,2020,chi,Touching and Being in Touch with the Menstruating Body,10.1145/3313831.3376471,83,0.393,1239.9,164,-0.04007123775601069,-0.041530054644808745,15
27,Women's Health & Menstrual Tracking,17512,2018,pacmhci,Learning <i>from</i> and <i>with</i> Menstrupedia,10.1145/3274443,113,0.536,1277.5,90,-0.05616605616605617,-0.06198347107438017,17
27,Women's Health & Menstrual Tracking,7372,2011,chi,Pleasure is your birthright,10.1145/1978942.1978979,157,0.744,1042.3,113,0.0028922631959508315,0.02403846153846154,28
27,Women's Health & Menstrual Tracking,10093,2014,chi,The lonely raccoon at the ball,10.1145/2556288.2557127,154,0.73,354.9,41,-0.017721518987341773,-0.03597122302158273,23
27,Women's Health & Menstrual Tracking,7181,2011,chi,How HCI talks about sexuality,10.1145/1978942.1979043,156,0.739,834.1,94,0.0188953488372093,-0.006896551724137931,27
27,Women's Health & Menstrual Tracking,13231,2016,chi,HCI and Intimate Care as an Agenda for Change in Women's Health,10.1145/2858036.2858187,153,0.725,1334.1,162,-0.06608478802992519,-0.08184143222506395,22
27,Women's Health & Menstrual Tracking,12016,2015,chi,FeedFinder,10.1145/2702123.2702328,157,0.744,1016.9,132,-0.01060070671378092,-0.03142857142857143,23
27,Women's Health & Menstrual Tracking,13405,2016,chi,On Looking at the Vagina through Labella,10.1145/2858036.2858119,151,0.716,1457.9,119,-0.0787746170678337,-0.13106796116504854,21
28,Blind Access to VR,5408,2008,assets,PowerUp,10.1145/1414471.1414504,68,0.602,326.4,57,0.8695652173913043,0.6666666666666666,28
28,Blind Access to VR,6948,2010,assets,Vi-bowling,10.1145/1878803.1878836,71,0.628,429.3,103,0.11290322580645161,0.21428571428571427,29
28,Blind Access to VR,4583,2007,assets,Finger dance,10.1145/1296843.1296898,82,0.726,88.7,66,1.0,1.0,31
28,Blind Access to VR,15978,2018,chi,Enabling People with Visual Impairments to Navigate Virtual Reality with a Haptic and Audi,10.1145/3173574.3173690,60,0.531,598.9,243,0.21951219512195122,0.1744186046511628,17
28,Blind Access to VR,5165,2008,assets,Blind hero,10.1145/1414471.1414503,80,0.708,537.3,150,0.25333333333333335,0.3333333333333333,30
28,Blind Access to VR,18414,2019,chi,Playing Blind,10.1145/3290605.3300346,39,0.345,600.5,78,-0.030927835051546393,-0.023972602739726026,16
28,Blind Access to VR,19701,2020,chi,Virtual Reality Without Vision: A Haptic and Auditory White Cane to Navigate Complex Virtu,10.1145/3313831.3376353,45,0.398,619.7,114,-0.13592233009708737,-0.15463917525773196,15
28,Blind Access to VR,4087,2006,assets,A demonstration of the iCARE portable reader,10.1145/1168987.1169054,82,0.726,53.3,11,1.0,1.0,31
28,Blind Access to VR,20766,2020,assets,“I just went into it assuming that I wouldn't be able to have the full experience”,10.1145/3373625.3416998,31,0.274,615.5,112,-0.03215434083601286,-0.03473491773308958,14
28,Blind Access to VR,22207,2021,chi,A Critical Examination of Virtual Reality Technology in the Context of the Minority Body,10.1145/3411764.3445196,30,0.265,609.2,107,-0.038834951456310676,-0.038834951456310676,13
29,AAC & Aphasia,4321,2006,chi,Participatory design with proxies,10.1145/1124772.1124797,80,0.678,446.0,105,-0.05,-0.14285714285714285,34
29,AAC & Aphasia,3234,2003,assets,The ethnographically informed participatory design of a PD application to support communic,10.1145/1028630.1028658,83,0.703,203.1,39,0.08163265306122448,0.08823529411764706,35
29,AAC & Aphasia,24934,2022,assets,State of the Art in AAC: A Systematic Review and Taxonomy,10.1145/3517428.3544810,21,0.178,600.2,41,-0.03488372093023256,-0.03488372093023256,4
29,AAC & Aphasia,3655,2004,chi,The participatory design of a sound and image enhanced daily planner for people with aphas,10.1145/985692.985744,86,0.729,269.8,145,0.84,0.8888888888888888,41
29,AAC & Aphasia,1739,1997,iui,Some interface issues in developing intelligent communication aids for people with disabil,10.1145/238218.238318,84,0.712,25.3,14,0.5,,36
29,AAC & Aphasia,1229,1994,assets,A communication tool for people with disabilities,10.1145/191028.191058,85,0.72,25.3,12,1.0,1.0,38
29,AAC & Aphasia,19570,2020,chi,CreaTable Content and Tangible Interaction in Aphasia,10.1145/3313831.3376490,35,0.297,614.9,39,-0.031496062992125984,-0.030303030303030304,12
29,AAC & Aphasia,8984,2012,assets,What we talk about,10.1145/2384916.2384926,58,0.492,742.1,87,0.009900990099009901,-0.013513513513513514,23
29,AAC & Aphasia,26523,2023,chi,"“The less I type, the better”: How AI Language Models can Enhance or Impede Communication ",10.1145/3544548.3581560,21,0.178,641.9,84,-0.023728813559322035,-0.023728813559322035,6
29,AAC & Aphasia,22142,2021,chi,Designing AACs for People with Aphasia Dining in Restaurants,10.1145/3411764.3445280,30,0.254,589.5,32,-0.05714285714285714,-0.05714285714285714,8
30,Low-vision Accessibility,4003,2006,assets,Accommodating color blind computer users,10.1145/1168987.1168996,65,0.607,291.6,99,-0.2222222222222222,-1.0,30
30,Low-vision Accessibility,22243,2021,chi,"Nuanced Perspectives Toward Disability Simulations from Digital Designers, Blind, Low Visi",10.1145/3411764.3445620,25,0.234,523.1,73,-0.06572769953051644,-0.06572769953051644,10
30,Low-vision Accessibility,15619,2017,assets,Epidemiology as a Framework for Large-Scale Mobile Application Accessibility Assessment,10.1145/3132525.3132547,44,0.411,331.4,72,0.02459016393442623,0.0,16
30,Low-vision Accessibility,17799,2019,chi,Developing Accessible Services,10.1145/3290605.3300446,41,0.383,380.7,59,-0.03636363636363636,-0.0425531914893617,12
30,Low-vision Accessibility,16876,2018,dis,Designing for Situational Visual Impairments,10.1145/3196709.3196760,44,0.411,335.1,35,0.06666666666666667,0.07142857142857142,13
30,Low-vision Accessibility,17232,2018,assets,Examining Image-Based Button Labeling for Accessibility in Android Apps through Large-Scal,10.1145/3234695.3236364,36,0.336,317.5,91,-0.031007751937984496,-0.08333333333333333,15
30,Low-vision Accessibility,3825,2005,assets,SmartColor,10.1145/1090785.1090815,66,0.617,286.8,80,0.5909090909090909,0.6,31
30,Low-vision Accessibility,4691,2007,chi,An interface to support color blind computer users,10.1145/1240624.1240855,63,0.589,236.1,87,-0.4,-1.0,29
30,Low-vision Accessibility,7736,2011,assets,Improving calibration time and accuracy for situation-specific models of color differentia,10.1145/2049536.2049572,58,0.542,137.3,23,0.0,0.0,25
30,Low-vision Accessibility,6809,2010,chi,Individual models of color differentiation to improve interpretability of information visu,10.1145/1753326.1753715,59,0.551,124.3,31,-0.045454545454545456,0.0,28
31,Assistive Technology & Dyslexia,13377,2016,chi,Helping Hands,10.1145/2858036.2858340,54,0.388,725.8,75,-0.08955223880597014,-0.125,22
31,Assistive Technology & Dyslexia,12162,2015,chi,Sharing is Caring,10.1145/2702123.2702525,61,0.439,1332.1,212,-0.0861344537815126,-0.05909090909090909,23
31,Assistive Technology & Dyslexia,7427,2011,assets,Empowering individuals with do-it-yourself assistive technology,10.1145/2049536.2049541,67,0.482,358.0,296,0.5962732919254659,0.17142857142857143,25
31,Assistive Technology & Dyslexia,18277,2019,chi,"""Occupational Therapy is Making""",10.1145/3290605.3300544,44,0.317,1045.7,90,-0.03927813163481953,-0.04447852760736196,16
31,Assistive Technology & Dyslexia,10314,2014,dis,A study of the challenges related to DIY assistive technology in the context of children w,10.1145/2598510.2598530,66,0.475,761.1,94,-0.1507537688442211,-0.18055555555555555,24
31,Assistive Technology & Dyslexia,9996,2013,chi,Analyzing user-generated youtube videos to understand touchscreen use by people with motor,10.1145/2470654.2466158,72,0.518,271.4,199,-0.0057306590257879654,0.007407407407407408,25
31,Assistive Technology & Dyslexia,5714,2009,chi,Critical methods and user generated content,10.1145/1518701.1518923,73,0.525,134.0,87,0.8461538461538461,0.7777777777777778,31
31,Assistive Technology & Dyslexia,4116,2006,chi,Desperately seeking simplicity,10.1145/1124772.1124943,82,0.59,186.2,240,1.0,1.0,39
31,Assistive Technology & Dyslexia,13977,2016,assets,Clinical and Maker Perspectives on the Design of Assistive Technology with Rapid Prototypi,10.1145/2982142.2982181,48,0.345,741.3,76,-0.11219512195121951,-0.10344827586206896,18
32,Location Sharing & Privacy,5827,2009,chi,Who's viewed you?,10.1145/1518701.1519005,70,0.569,622.1,165,-0.02821316614420063,-0.12087912087912088,30
32,Location Sharing & Privacy,3945,2005,chi,Location disclosure to social relations,10.1145/1054972.1054985,111,0.902,1879.1,551,0.10682492581602374,-0.04838709677419355,39
32,Location Sharing & Privacy,3659,2004,dis,Privacy risk models for designing privacy-sensitive ubiquitous computing systems,10.1145/1013115.1013129,112,0.911,128.8,248,-0.006872852233676976,-0.1346153846153846,41
32,Location Sharing & Privacy,3707,2005,ubicomp,Learning and Recognizing the Places We Go,10.1007/11551201_10,94,0.764,317.9,264,0.4318181818181818,0.42857142857142855,36
32,Location Sharing & Privacy,5485,2008,chi,From awareness to repartee: sharing location within social groups,10.1145/1357054.1357134,75,0.61,757.7,185,-0.022508038585209004,-0.07,31
32,Location Sharing & Privacy,5524,2008,chi,From awareness to repartee,10.1145/1357054.1357134,75,0.61,757.7,141,-0.022435897435897436,-0.07,31
32,Location Sharing & Privacy,3963,2005,ubicomp,"Control, Deception, and Communication: Evaluating the Deployment of a Location-Enhanced Me",10.1007/11551201_13,97,0.789,737.4,102,-0.029354207436399216,-0.09195402298850575,37
32,Location Sharing & Privacy,3966,2005,ubicomp,UbiComp 2005: Ubiquitous Computing,10.1007/11551201,96,0.78,225.6,142,0.09090909090909091,0.21621621621621623,36
33,Smart-home Privacy,17219,2018,pacmhci,User Perceptions of Smart Home IoT Privacy,10.1145/3274469,76,0.65,1357.9,417,-0.028846153846153848,-0.035,15
33,Smart-home Privacy,5191,2008,ubicomp,An empirical investigation of concerns of everyday tracking and recording technologies,10.1145/1409635.1409661,90,0.769,180.7,70,0.019736842105263157,-0.00980392156862745,30
33,Smart-home Privacy,7752,2011,ubicomp,Living in a glass house,10.1145/2030112.2030118,92,0.786,385.6,107,0.07207207207207207,0.05714285714285714,27
33,Smart-home Privacy,5097,2008,ubicomp,Protecting your daily in-home activity information from a wireless snooping attack,10.1145/1409635.1409663,94,0.803,37.4,142,1.0,1.0,28
33,Smart-home Privacy,18249,2019,chi,Who's In Control?,10.1145/3290605.3300498,71,0.607,1265.5,189,-0.03418803418803419,-0.04066985645933014,12
33,Smart-home Privacy,11755,2015,chi,Somebody's Watching Me?,10.1145/2702123.2702164,89,0.761,267.8,48,-0.012396694214876033,-0.040983606557377046,18
33,Smart-home Privacy,19378,2019,pacmhci,Privacy Perceptions and Designs of Bystanders in Smart Homes,10.1145/3359161,64,0.547,1427.6,151,-0.10416666666666667,-0.08372093023255814,13
33,Smart-home Privacy,17493,2018,pacmhci,"Alexa, Are You Listening?",10.1145/3274371,82,0.701,1693.5,561,-0.02666666666666667,-0.052995391705069124,16
33,Smart-home Privacy,18425,2019,chi,Defending My Castle,10.1145/3290605.3300428,74,0.632,1193.6,129,-0.085,-0.08280254777070063,14
33,Smart-home Privacy,8957,2012,ubicomp,Investigating receptiveness to sensing and inference in the home using sensor proxies,10.1145/2370216.2370226,89,0.761,551.9,67,0.004484304932735426,-0.008403361344537815,25
34,Dark Patterns,16360,2018,chi,The Dark (Patterns) Side of UX Design,10.1145/3173574.3174108,84,0.857,2018.3,803,0.06749156355455568,0.016494845360824743,16
34,Dark Patterns,12330,2015,ubicomp,Mining consumer impulsivity from offline and online behavior,10.1145/2750858.2805828,82,0.837,59.3,12,0.5,0.3333333333333333,16
34,Dark Patterns,17644,2018,pacmhci,Endorsements on Social Media,10.1145/3274388,79,0.806,144.0,72,0.18032786885245902,0.17777777777777778,15
34,Dark Patterns,18285,2019,chi,Impulse Buying,10.1145/3290605.3300472,81,0.827,523.0,80,-0.01891891891891892,-0.028455284552845527,15
34,Dark Patterns,20268,2020,chi,UI Dark Patterns and Where to Find Them,10.1145/3313831.3376600,69,0.704,1358.2,252,-0.12467532467532468,-0.14,11
34,Dark Patterns,19473,2019,pacmhci,Dark Patterns at Scale,10.1145/3359183,78,0.796,1810.2,647,-0.23129251700680273,-0.23300970873786409,14
34,Dark Patterns,19541,2020,chi,Dark Patterns after the GDPR: Scraping Consent Pop-ups and Demonstrating their Influence,10.1145/3313831.3376321,68,0.694,1195.9,476,-0.052132701421800945,-0.04678362573099415,13
34,Dark Patterns,21368,2021,chi,Dark Patterns and the Legal Requirements of Consent Banners: An Interaction Criticism Pers,10.1145/3411764.3445779,59,0.602,906.8,168,-0.0782608695652174,-0.0782608695652174,10
34,Dark Patterns,11293,2014,dis,Dark patterns in proxemic interactions,10.1145/2598510.2598541,85,0.867,659.1,168,0.16988416988416988,0.008333333333333333,21
35,Usable Security & Phishing,12453,2015,chi,"Your Location has been Shared 5,398 Times!",10.1145/2702123.2702210,136,0.243,711.7,318,-0.00425531914893617,-0.033707865168539325,19
35,Usable Security & Phishing,3756,2005,chi,How to make secure email easier to use,10.1145/1054972.1055069,239,0.428,29.5,87,1.0,1.0,33
35,Usable Security & Phishing,8856,2012,ubicomp,Expectation and purpose,10.1145/2370216.2370290,193,0.345,1031.5,453,0.12533333333333332,0.07142857142857142,25
35,Usable Security & Phishing,2702,2001,chi,What makes Web sites credible?,10.1145/365024.365037,237,0.424,189.6,682,0.32653061224489793,0.375,33
35,Usable Security & Phishing,4014,2006,chi,"Secrecy, flagging, and paranoia",10.1145/1124772.1124862,237,0.424,249.4,101,0.42857142857142855,0.375,32
35,Usable Security & Phishing,9294,2013,chi,Privacy as part of the app decision-making process,10.1145/2470654.2466466,188,0.336,705.4,310,0.022222222222222223,-0.27586206896551724,24
35,Usable Security & Phishing,15823,2017,pacmhci,Effectiveness and Users' Experience of Obfuscation as a Privacy-Enhancing Technology for S,10.1145/3134702,42,0.075,704.4,104,-0.04,-0.03048780487804878,16
35,Usable Security & Phishing,4120,2006,chi,Do security toolbars actually prevent phishing attacks?,10.1145/1124772.1124863,236,0.422,416.9,555,0.375,0.23076923076923078,32
35,Usable Security & Phishing,3097,2003,chi,Usability and privacy,10.1145/642611.642636,257,0.46,170.5,169,0.21052631578947367,0.28,41
35,Usable Security & Phishing,11035,2014,ubicomp,Privacy behaviors of lifeloggers using wearable cameras,10.1145/2632048.2632079,66,0.118,772.3,194,0.1645021645021645,0.09523809523809523,23
36,Design Research & Art,13472,2016,chi,From Research Prototype to Research Product,10.1145/2858036.2858447,225,0.439,2035.6,254,0.012087912087912088,0.020100502512562814,21
36,Design Research & Art,8873,2012,chi,What should we expect from research through design?,10.1145/2207676.2208538,318,0.62,3305.6,1094,-0.10873287671232877,-0.10714285714285714,26
36,Design Research & Art,682,1990,chi,Participatory design of computer systems (panel),10.1145/97243.97266,429,0.836,62.2,12,1.0,1.0,57
36,Design Research & Art,2224,1999,chi,Projected realities,10.1145/302979.303168,416,0.811,249.2,163,1.0,1.0,46
36,Design Research & Art,561,1989,chi,Artifact as theory-nexus: hermeneutics meets theory-based design,10.1145/67449.67452,431,0.84,193.6,185,0.575,0.625,60
36,Design Research & Art,2416,2000,chi,Alternatives,10.1145/332040.332433,415,0.809,452.7,279,0.5328467153284672,0.391304347826087,44
36,Design Research & Art,11316,2014,chi,Research through design fiction,10.1145/2556288.2557098,287,0.559,2588.3,414,0.07040229885057471,0.057971014492753624,24
36,Design Research & Art,4758,2007,chi,Research through design as a method for interaction design research in HCI,10.1145/1240624.1240704,373,0.727,2128.0,2246,0.7267525035765379,0.16071428571428573,32
36,Design Research & Art,3261,2003,chi,Ambiguity as a resource for design,10.1145/642611.642653,412,0.803,2104.8,1326,0.6984732824427481,0.24528301886792453,41
36,Design Research & Art,1055,1992,chi,Retrospective on a year of participatory design using the PICTIVE technique,10.1145/142750.142898,427,0.832,164.0,105,0.15625,0.14285714285714285,45
37,Bodily Play & Spectator Experience,3235,2003,chi,Where on-line meets on the streets,10.1145/642611.642710,292,0.7,416.2,263,0.22916666666666666,0.4642857142857143,39
37,Bodily Play & Spectator Experience,2851,2002,chi,Sotto voce,10.1145/503376.503454,317,0.76,662.0,211,0.26436781609195403,0.23333333333333334,43
37,Bodily Play & Spectator Experience,6983,2011,chi,Designing sports,10.1145/1978942.1979330,221,0.53,1536.2,280,0.005988023952095809,-0.01764705882352941,28
37,Bodily Play & Spectator Experience,3881,2005,chi,Designing the spectator experience,10.1145/1054972.1055074,281,0.674,1303.1,434,0.10832025117739404,0.06521739130434782,36
37,Bodily Play & Spectator Experience,2282,2000,iui,MIND-WARPING,10.1145/325737.325864,293,0.703,127.1,91,1.0,1.0,40
37,Bodily Play & Spectator Experience,10927,2014,chi,Movement-based game guidelines,10.1145/2556288.2557163,136,0.326,1238.1,169,-0.012517385257301807,-0.008771929824561403,23
37,Bodily Play & Spectator Experience,2677,2001,chi,Orchestrating a mixed reality performance,10.1145/365024.365033,307,0.736,637.0,106,0.6046511627906976,0.4166666666666667,42
37,Bodily Play & Spectator Experience,3321,2004,ubicomp,The Error of Our Ways: The Experience of Self-Reported Position in a Location-Based Game,10.1007/978-3-540-30119-6_5,284,0.681,371.8,105,0.03225806451612903,-0.05555555555555555,38
37,Bodily Play & Spectator Experience,9050,2012,chi,Uncomfortable interactions,10.1145/2207676.2208347,204,0.489,1492.8,293,0.02102496714848883,-0.035555555555555556,27
37,Bodily Play & Spectator Experience,6045,2009,chi,From interaction to trajectories,10.1145/1518701.1518812,239,0.573,1332.4,310,0.0371900826446281,0.009174311926605505,29
38,"Body, Movement & Soma Design",4898,2008,chi,Empathy and experience in HCI,10.1145/1357054.1357156,301,0.679,382.7,464,0.025416997617156472,0.015873015873015872,32
38,"Body, Movement & Soma Design",13477,2016,chi,Somaesthetic Appreciation Design,10.1145/2858036.2858583,263,0.594,2282.8,287,-0.062348178137651825,-0.08366533864541832,21
38,"Body, Movement & Soma Design",14917,2017,chi,Embodied Design Ideation Methods,10.1145/3025453.3025873,231,0.521,2032.6,188,-0.05263157894736842,-0.05244755244755245,20
38,"Body, Movement & Soma Design",4752,2007,tei,From hand-held to body-worn,10.1145/1226969.1227021,299,0.675,449.0,71,0.21311475409836064,0.26666666666666666,29
38,"Body, Movement & Soma Design",3378,2004,dis,Designing full body movement interaction using modern dance as a starting point,10.1145/1013115.1013178,300,0.677,43.4,26,1.0,1.0,30
38,"Body, Movement & Soma Design",19381,2019,tochi,Entanglement HCI The Next Wave?,10.1145/3364998,166,0.375,1629.5,530,-0.0037735849056603774,-0.03300970873786408,15
38,"Body, Movement & Soma Design",2326,2000,dis,Interaction relabelling and extreme characters,10.1145/347642.347664,297,0.67,111.8,266,1.0,1.0,39
38,"Body, Movement & Soma Design",3639,2004,dis,Aesthetic interaction,10.1145/1013115.1013153,307,0.693,573.3,336,0.03273322422258593,-0.08333333333333333,33
38,"Body, Movement & Soma Design",9463,2013,tochi,Moving and making strange,10.1145/2442106.2442113,278,0.628,1599.9,259,0.062135922330097085,0.024691358024691357,23
38,"Body, Movement & Soma Design",23613,2022,tei,Body Maps: A Generative Tool for Soma-based Design,10.1145/3490149.3502262,102,0.23,1653.2,89,-0.06481481481481481,-0.06481481481481481,11
39,Memory & Reminiscence,1475,1996,chi,Technomethodology,10.1145/238386.238394,324,0.796,187.5,220,0.02564102564102564,-0.08333333333333333,46
39,Memory & Reminiscence,2598,2001,chi,Casablanca,10.1145/365024.383749,341,0.838,527.0,287,0.6619718309859155,0.5,44
39,Memory & Reminiscence,3271,2003,chi,Technology probes,10.1145/642611.642616,317,0.779,1682.2,1425,0.5725308641975309,0.08235294117647059,41
39,Memory & Reminiscence,10728,2014,chi,"Designing for slowness, anticipation and re-visitation",10.1145/2556288.2557178,158,0.388,1593.0,208,-0.046357615894039736,-0.08737864077669903,24
39,Memory & Reminiscence,8971,2012,chi,Technology heirlooms?,10.1145/2207676.2207723,199,0.489,1945.2,156,-0.06373937677053824,-0.10204081632653061,27
39,Memory & Reminiscence,5260,2008,chi,AutoTopography,10.1145/1357054.1357065,277,0.681,1638.9,168,0.05019305019305019,0.08602150537634409,33
39,Memory & Reminiscence,1717,1997,dis,Interactive systems in domestic environments,10.1145/263552.263617,326,0.801,253.7,85,1.0,1.0,46
39,Memory & Reminiscence,1787,1997,dis,Designing with ethnography,10.1145/263552.263598,323,0.794,74.3,124,-0.02631578947368421,0.2,46
39,Memory & Reminiscence,2173,1999,tochi,At home with the technology,10.1145/329693.329698,322,0.791,766.9,258,0.08759124087591241,0.0,45
39,Memory & Reminiscence,6271,2010,tochi,On human remains,10.1145/1806923.1806924,242,0.595,2029.5,207,-0.03439153439153439,-0.15315315315315314,30
40,More-than-human Design,22242,2021,chi,Watching Myself Watching Birds,10.1145/3411764.3445329,134,0.407,1675.6,136,-0.08288043478260869,-0.08288043478260869,12
40,More-than-human Design,7523,2011,chi,Understanding people and animals,10.1145/1978942.1979328,228,0.693,356.4,62,0.010582010582010581,-0.03125,23
40,More-than-human Design,3850,2005,uist,Supporting interspecies social awareness,10.1145/1095034.1095076,230,0.699,257.8,43,0.025380710659898477,0.0,24
40,More-than-human Design,16429,2018,chi,Design for Collaborative Survival,10.1145/3173574.3173614,185,0.562,2480.7,236,-0.06741573033707865,-0.08333333333333333,16
40,More-than-human Design,5007,2008,cscw,Hunting for fun,10.1145/1460563.1460575,232,0.705,136.1,20,0.02666666666666667,0.04,25
40,More-than-human Design,1778,1997,uist,"A finger-mounted, direct pointing device for mobile computing",10.1145/263407.263506,231,0.702,20.7,8,1.0,,25
40,More-than-human Design,18836,2019,ubicomp,Myco-accessories,10.1145/3341163.3346938,134,0.407,1824.8,113,0.3916083916083916,0.28431372549019607,14
40,More-than-human Design,22522,2021,chi,"Unmaking: Enabling and Celebrating the Creative Material of Failure, Destruction, Decay, a",10.1145/3411764.3445529,114,0.347,1611.2,108,-0.12866817155756208,-0.12866817155756208,12
40,More-than-human Design,7229,2011,chi,Cat cat revolution,10.1145/1978942.1979331,229,0.696,281.7,56,0.2826086956521739,0.14285714285714285,23
40,More-than-human Design,14974,2017,chi,Designing for Cohabitation,10.1145/3025453.3025948,192,0.584,1836.4,186,0.0038412291933418692,-0.002583979328165375,21
41,Sustainable HCI,8704,2012,chi,Sustainably unpersuaded,10.1145/2207676.2208539,188,0.566,3034.1,474,-0.10601719197707736,-0.16139240506329114,28
41,Sustainable HCI,5506,2008,chi,A bright green perspective on sustainable choices,10.1145/1357054.1357109,279,0.84,1747.6,174,0.0035714285714285713,-0.11594202898550725,33
41,Sustainable HCI,5282,2008,ubicomp,Getting to green,10.1145/1409635.1409668,273,0.822,1289.3,220,-0.016666666666666666,-0.0873015873015873,33
41,Sustainable HCI,7544,2011,chi,Designing eco-feedback systems for everyday life,10.1145/1978942.1979252,219,0.66,2774.6,314,-0.15671641791044777,-0.3384615384615385,29
41,Sustainable HCI,6599,2010,chi,Mapping the landscape of sustainable HCI,10.1145/1753326.1753625,243,0.732,3726.5,775,-0.05196304849884527,-0.12903225806451613,30
41,Sustainable HCI,6727,2010,chi,The design of eco-feedback technology,10.1145/1753326.1753629,246,0.741,3680.3,786,-0.0032948929159802307,-0.03314917127071823,31
41,Sustainable HCI,5866,2009,chi,UbiGreen,10.1145/1518701.1518861,272,0.819,1242.4,558,0.09574468085106383,0.22772277227722773,32
41,Sustainable HCI,3736,2005,chi,Waterbot,10.1145/1054972.1055059,278,0.837,352.8,176,0.5,0.7272727272727273,35
41,Sustainable HCI,4829,2007,chi,Sustainable interaction design,10.1145/1240624.1240705,292,0.88,2563.7,755,0.43052837573385516,0.3466666666666667,35
42,Human-Food Interaction,4256,2006,chi,The sensual evaluation instrument,10.1145/1124772.1124946,101,0.737,125.7,137,0.04721030042918455,0.10869565217391304,34
42,Human-Food Interaction,8580,2012,chi,Laying the table for HCI,10.1145/2207676.2207694,91,0.664,399.6,43,-0.012850467289719626,-0.025,25
42,Human-Food Interaction,19108,2019,chiplay,Playful Human-Food Interaction Research,10.1145/3311350.3347155,55,0.401,700.2,50,-0.1092896174863388,-0.1276595744680851,14
42,Human-Food Interaction,18438,2019,chi,Making Sense of Human-Food Interaction,10.1145/3290605.3300908,62,0.453,1200.2,152,0.009009009009009009,-0.030120481927710843,15
42,Human-Food Interaction,15111,2017,chi,<i>EdiPulse</i>,10.1145/3025453.3025980,76,0.555,979.2,105,-0.017815646785437646,-0.028662420382165606,19
42,Human-Food Interaction,17359,2018,chiplay,Arm-A-Dine,10.1145/3242671.3242710,60,0.438,640.1,54,-0.02539298669891173,-0.03938730853391685,17
42,Human-Food Interaction,8914,2012,dis,Telematic dinner party,10.1145/2317956.2317964,87,0.635,558.7,97,0.023017902813299233,-0.034482758620689655,25
42,Human-Food Interaction,6168,2010,tei,The presence table,10.1145/1935701.1935800,88,0.642,55.1,4,0.012987012987012988,0.06666666666666667,25
42,Human-Food Interaction,5309,2008,chi,Celebratory technology,10.1145/1357054.1357130,100,0.73,1346.1,285,0.4,0.25,32
43,Materials & Craft in HCI,8483,2012,dis,The material move how materials matter in interaction design research,10.1145/2317956.2318029,44,0.4,448.8,79,-0.012437810945273632,-0.031007751937984496,26
43,Materials & Craft in HCI,7813,2011,chi,Inspirational bits,10.1145/1978942.1979170,56,0.509,570.8,102,0.016260162601626018,0.011363636363636364,27
43,Materials & Craft in HCI,2406,2000,dis,"Touch me, hit me and I know how you feel",10.1145/347642.347661,66,0.6,75.0,41,0.1,0.16666666666666666,38
43,Materials & Craft in HCI,8314,2012,cscw,The material practices of collaboration,10.1145/2145204.2145375,47,0.427,574.4,112,0.21862348178137653,0.2619047619047619,27
43,Materials & Craft in HCI,3402,2004,dis,Interaction frogger,10.1145/1013115.1013140,63,0.573,155.0,202,0.3,-0.1111111111111111,37
43,Materials & Craft in HCI,4843,2007,chi,Computational composites,10.1145/1240624.1240706,67,0.609,415.4,267,1.0,1.0,32
43,Materials & Craft in HCI,3210,2003,ubicomp,Activity Zones for Context-Aware Computing,10.1007/978-3-540-39653-6_7,59,0.536,36.9,86,0.6363636363636364,1.0,42
43,Materials & Craft in HCI,1910,1998,cscw,"Cooperative buildings—integrating information, organization and architecture",10.1145/289444.289519,60,0.545,58.7,136,0.010380622837370242,0.028169014084507043,48
43,Materials & Craft in HCI,6102,2010,tei,"Texturing the ""material turn"" in interaction design",10.1145/1709886.1709911,57,0.518,727.9,160,-0.011764705882352941,-0.01948051948051948,31
43,Materials & Craft in HCI,11738,2015,chi,Foundations of Materials Experience,10.1145/2702123.2702337,32,0.291,861.6,254,0.0,-0.03125,23
44,Data Physicalization,11585,2015,chi,Evaluating the Memorability of Physical Visualizations,10.1145/2702123.2702248,53,0.589,489.8,58,-0.03205128205128205,-0.03546099290780142,21
44,Data Physicalization,23940,2022,chi,Making Data Tangible: A Cross-disciplinary Design Space for Data Physicalization,10.1145/3491102.3501939,34,0.378,880.2,114,-0.05662805662805663,-0.05662805662805663,9
44,Data Physicalization,11205,2014,chi,Supporting the design and fabrication of physical visualizations,10.1145/2556288.2557310,65,0.722,451.7,61,0.008130081300813009,0.0,25
44,Data Physicalization,11368,2014,dis,Constructive visualization,10.1145/2598510.2598566,49,0.544,285.2,179,0.20100502512562815,0.12307692307692308,24
44,Data Physicalization,9551,2013,chi,Evaluating the efficiency of physical visualizations,10.1145/2470654.2481359,67,0.744,605.5,225,0.04449152542372881,0.026737967914438502,26
44,Data Physicalization,18607,2019,dis,ListeningCups,10.1145/3322276.3323694,39,0.433,653.6,104,-0.07936507936507936,-0.07518796992481203,16
44,Data Physicalization,27091,2023,tochi,A Design Vocabulary for Data Physicalization,10.1145/3617366,29,0.322,797.6,67,-0.11618257261410789,-0.11618257261410789,6
44,Data Physicalization,12382,2015,chi,Opportunities and Challenges for Data Physicalization,10.1145/2702123.2702180,61,0.678,1786.8,558,-0.00078064012490242,-0.0034782608695652175,23
45,Smart Home Automation,1815,1997,iui,The stick-e note architecture,10.1145/238218.238344,80,0.444,66.1,150,1.0,1.0,44
45,Smart Home Automation,7084,2011,chi,Home automation in the wild,10.1145/1978942.1979249,57,0.317,821.2,464,0.08727272727272728,0.0,27
45,Smart Home Automation,3980,2006,ubicomp,Principles of Smart Home Control,10.1007/11853565_2,75,0.417,650.5,362,0.0243161094224924,-0.11538461538461539,34
45,Smart Home Automation,3279,2003,ubicomp,“Playing with the Bits” User-Configuration of Ubiquitous Domestic Environments,10.1007/978-3-540-39653-6_20,83,0.461,457.9,157,0.049723756906077346,0.02127659574468085,38
45,Smart Home Automation,4908,2008,dis,More than meets the eye,10.1145/1394445.1394494,72,0.4,575.3,106,0.008875739644970414,-0.036585365853658534,32
45,Smart Home Automation,10422,2014,ubicomp,From today's augmented houses to tomorrow's smart homes,10.1145/2632048.2636076,48,0.267,581.8,188,-0.036988110964332896,-0.06115107913669065,24
45,Smart Home Automation,3319,2004,ubicomp,CAMP: A Magnetic Poetry Interface for End-User Programming of Capture Applications for the,10.1007/978-3-540-30119-6_9,80,0.444,435.9,170,0.02030456852791878,0.0392156862745098,36
45,Smart Home Automation,3640,2004,chi,a CAPpella,10.1145/985692.985697,79,0.439,248.6,236,0.05045871559633028,0.0,42
45,Smart Home Automation,2717,2001,ubicomp,At Home with Ubiquitous Computing: Seven Challenges,10.1007/3-540-45427-6_22,84,0.467,226.0,274,0.14960629921259844,0.24324324324324326,44
45,Smart Home Automation,10910,2014,chi,Practical trigger-action programming in the smart home,10.1145/2556288.2557420,51,0.283,881.5,385,0.07236842105263158,0.045454545454545456,24
46,Co-design with Children,4705,2007,chi,Comicboarding,10.1145/1240624.1240832,38,0.373,321.0,135,0.0,-0.16666666666666666,30
46,Co-design with Children,2251,1999,chi,Cooperative inquiry,10.1145/302979.303166,52,0.51,688.5,854,0.5652173913043478,0.18181818181818182,44
46,Co-design with Children,6636,2010,chi,Layered elaboration,10.1145/1753326.1753512,33,0.324,261.9,124,-0.0546875,0.041666666666666664,29
46,Co-design with Children,2062,1998,chi,The progress portfolio,10.1145/274644.274728,53,0.52,34.9,40,0.2,0.5,45
46,Co-design with Children,15150,2017,chi,Examining Adult-Child Interactions in Intergenerational Participatory Design,10.1145/3025453.3025787,16,0.157,319.8,167,-0.10897435897435898,-0.16666666666666666,16
46,Co-design with Children,1589,1996,chi,Interaction design and human factors support in the development of a personal communicator,10.1145/238386.238603,54,0.529,88.3,58,1.0,1.0,46
46,Co-design with Children,1494,1996,chi,Learning theory in practice: case studies of learner-centered design,10.1145/238386.238476,54,0.529,34.9,193,1.0,1.0,46
46,Co-design with Children,1464,1995,chi,KidSim,10.1145/223904.223908,58,0.569,121.2,39,0.24324324324324326,0.25,46
46,Co-design with Children,793,1991,chi,New graphical reasoning models for understanding graphical interfaces,10.1145/108844.108855,60,0.588,35.0,114,1.0,1.0,47
46,Co-design with Children,9434,2013,chi,FACIT PD,10.1145/2470654.2481400,27,0.265,324.7,170,-0.07344632768361582,-0.225,21
47,Youth & Online Media,12995,2016,cscw,Managing Expectations,10.1145/2818048.2819928,118,0.787,1082.9,141,0.01444043321299639,-0.0379746835443038,20
47,Youth & Online Media,16804,2018,chi,Safety vs. Surveillance,10.1145/3173574.3173698,104,0.693,1181.3,159,-0.0737913486005089,-0.0823045267489712,15
47,Youth & Online Media,10993,2014,chi,Involving children in content control,10.1145/2556288.2557128,124,0.827,670.9,69,0.2696629213483146,0.15789473684210525,25
47,Youth & Online Media,11187,2014,cscw,Adolescent online safety,10.1145/2531602.2531696,129,0.86,180.6,58,1.0,1.0,24
47,Youth & Online Media,12022,2015,chi,Managing Children's Online Identities,10.1145/2702123.2702325,123,0.82,460.1,166,-0.03,-0.0658682634730539,24
47,Youth & Online Media,14390,2017,cscw,Parental Control vs. Teen Self-Regulation,10.1145/2998181.2998352,108,0.72,1488.0,199,-0.13970588235294118,-0.13815789473684212,16
47,Youth & Online Media,12345,2015,chi,Texting while Parenting,10.1145/2702123.2702199,122,0.813,251.4,168,0.007142857142857143,-0.012987012987012988,24
47,Youth & Online Media,20377,2020,chi,Let's Talk about Sext,10.1145/3313831.3376400,62,0.413,1030.2,86,-0.04408352668213457,-0.04591836734693878,13
47,Youth & Online Media,13276,2016,chi,Dear Diary,10.1145/2858036.2858317,117,0.78,977.9,117,-0.07142857142857142,-0.14893617021276595,20
47,Youth & Online Media,7615,2011,chi,Social and technical challenges in parenting teens' social media use,10.1145/1978942.1979422,128,0.853,617.1,139,0.0427807486631016,0.023076923076923078,27
48,AI Literacy & K-12,23137,2021,pacmhci,Co-Designing AI Literacy Exhibits for Informal Learning Spaces,10.1145/3476034,13,0.255,328.3,118,-0.006857142857142857,-0.006857142857142857,10
48,AI Literacy & K-12,18242,2019,chi,A is for Artificial Intelligence,10.1145/3290605.3300677,41,0.804,396.5,222,0.39285714285714285,0.3170731707317073,13
48,AI Literacy & K-12,19976,2020,chi,What is AI Literacy? Competencies and Design Considerations,10.1145/3313831.3376727,39,0.765,1235.5,2454,0.18,0.12714776632302405,12
48,AI Literacy & K-12,24040,2022,chi,Family as a Third Space for AI Literacies: How do children and parents learn about AI toge,10.1145/3491102.3502031,17,0.333,411.0,107,-0.03953488372093023,-0.03953488372093023,5
48,AI Literacy & K-12,15082,2017,chi,Youth Perspectives on Critical Data Literacies,10.1145/3025453.3025823,40,0.784,102.9,73,0.15873015873015872,0.16666666666666666,13
48,AI Literacy & K-12,16464,2018,chi,Using Co-Design to Examine How Children Conceptualize Intelligent Interfaces,10.1145/3173574.3174149,42,0.824,149.0,77,0.07258064516129033,0.11864406779661017,15
48,AI Literacy & K-12,18399,2019,chi,Can Children Understand Machine Learning Concepts?,10.1145/3290605.3300645,41,0.804,319.0,136,0.08284023668639054,0.06779661016949153,14
49,Family & Intergenerational Communication,7136,2011,chi,Mediated parent-child contact in work-separated families,10.1145/1978942.1979120,69,0.704,584.9,87,-0.03088803088803089,-0.0449438202247191,27
49,Family & Intergenerational Communication,6274,2010,chi,Sharing conversation and sharing life,10.1145/1753326.1753422,80,0.816,509.5,131,0.04247104247104247,-0.02,29
49,Family & Intergenerational Communication,6819,2010,cscw,Making love in the network closet,10.1145/1718918.1718946,79,0.806,814.4,300,0.0035294117647058825,0.004975124378109453,29
49,Family & Intergenerational Communication,14863,2017,chi,It wasn't really about the Pokémon,10.1145/3025453.3025761,32,0.327,596.6,119,-0.009280742459396751,-0.03211009174311927,18
49,Family & Intergenerational Communication,6737,2010,chi,Video playdate,10.1145/1753326.1753514,71,0.724,341.0,88,0.2988505747126437,0.358974358974359,28
49,Family & Intergenerational Communication,6651,2010,chi,Family story play,10.1145/1753326.1753563,80,0.816,862.6,197,0.07916666666666666,0.08139534883720931,28
49,Family & Intergenerational Communication,5275,2008,cscw,SPARCS,10.1145/1460563.1460661,84,0.857,386.1,73,-0.0061823802163833074,-0.051470588235294115,30
49,Family & Intergenerational Communication,7551,2011,chi,"Hello, is grandma there? let's read! StoryVisit",10.1145/1978942.1979121,66,0.673,804.6,110,-0.030141843971631204,-0.08196721311475409,27
50,Children's Reading & Storytelling Agents,26178,2023,chi,MathKingdom: Teaching Children Mathematical Language Through Speaking at Home via a Voice-,10.1145/3544548.3581043,13,0.283,305.7,24,-0.03571428571428571,-0.03571428571428571,4
50,Children's Reading & Storytelling Agents,20035,2020,chi,What Are You Talking To?: Understanding Children's Perceptions of Conversational Agents,10.1145/3313831.3376416,24,0.522,291.7,70,0.013636363636363636,0.015306122448979591,10
50,Children's Reading & Storytelling Agents,11045,2014,chi,What did spot hide?,10.1145/2556288.2557205,25,0.543,85.5,17,0.30434782608695654,0.14285714285714285,11
50,Children's Reading & Storytelling Agents,22535,2021,chi,Are Current Voice Interfaces Designed to Support Children’s Language Development?,10.1145/3411764.3445271,24,0.522,348.7,24,-0.011111111111111112,-0.011111111111111112,8
50,Children's Reading & Storytelling Agents,20072,2020,chi,Parenting with Alexa: Exploring the Introduction of Smart Speakers on Family Dynamics,10.1145/3313831.3376344,25,0.543,295.3,131,-0.09686609686609686,-0.09615384615384616,14
50,Children's Reading & Storytelling Agents,27853,2024,chi,Mathemyths: Leveraging Large Language Models to Teach Mathematical Language through Child-,10.1145/3613904.3642647,9,0.196,360.9,86,-0.00906344410876133,-0.00906344410876133,3
50,Children's Reading & Storytelling Agents,22229,2021,chi,StoryCoder: Teaching Computational Thinking Concepts Through Storytelling in a Voice-Guide,10.1145/3411764.3445039,23,0.5,405.7,63,0.15625,0.15625,12
50,Children's Reading & Storytelling Agents,23734,2022,chi,StoryBuddy: A Human-AI Collaborative Chatbot for Parent-Child Interactive Storytelling wit,10.1145/3491102.3517479,17,0.37,430.4,160,0.016293279022403257,0.016293279022403257,7
50,Children's Reading & Storytelling Agents,20253,2020,chi,Conversational Technologies for In-home Learning: Using Co-Design to Understand Children's,10.1145/3313831.3376631,25,0.543,239.2,65,-0.02127659574468085,-0.021739130434782608,11
51,Personas & Child-centred Design,13575,2016,chi,Stereotypes and Politics,10.1145/2858036.2858151,23,0.25,398.2,128,0.003424657534246575,-0.012711864406779662,21
51,Personas & Child-centred Design,10636,2014,chi,Personas is applicable,10.1145/2556288.2557080,30,0.326,362.4,141,-0.28888888888888886,-0.4,23
51,Personas & Child-centred Design,16528,2018,chi,Digital Outdoor Play,10.1145/3173574.3173858,11,0.12,226.0,37,0.010309278350515464,0.013157894736842105,15
51,Personas & Child-centred Design,20477,2020,chi,A Literature Review of Quantitative Persona Creation,10.1145/3313831.3376502,14,0.152,352.7,114,-0.06164383561643835,-0.048,9
51,Personas & Child-centred Design,7699,2011,chi,Collaboration personas,10.1145/1978942.1979272,36,0.391,160.5,61,0.3103448275862069,0.3,27
51,Personas & Child-centred Design,7928,2012,chi,Comparing collaboration and individual personas for the design and evaluation of collabora,10.1145/2207676.2208344,35,0.38,146.8,33,0.09090909090909091,0.0,25
51,Personas & Child-centred Design,8793,2012,chi,How do designers and user experience professionals actually perceive and use personas?,10.1145/2207676.2208573,34,0.37,534.7,234,0.06329113924050633,-0.058823529411764705,24
51,Personas & Child-centred Design,5050,2008,chi,Data-driven persona development,10.1145/1357054.1357292,38,0.413,137.7,192,1.0,1.0,26
51,Personas & Child-centred Design,7549,2011,chi,Persona cases,10.1145/1978942.1979274,35,0.38,79.6,105,1.0,1.0,25
52,Child-Robot Interaction,24486,2022,chi,The Unboxing Experience: Exploration and Design of Initial Interactions Between Children a,10.1145/3491102.3501955,7,0.054,182.5,43,-0.004322766570605188,-0.004322766570605188,6
52,Child-Robot Interaction,3272,2003,chi,Hardware companions?,10.1145/642611.642660,27,0.208,81.1,270,0.01238390092879257,0.01904761904761905,32
52,Child-Robot Interaction,6218,2010,chi,Expressive robots in education,10.1145/1753326.1753567,24,0.185,100.4,319,0.36,-0.5,20
52,Child-Robot Interaction,20303,2020,chi,Exploring Human-Robot Interaction with the Elderly,10.1145/3313831.3376402,13,0.1,192.6,165,0.20454545454545456,0.21428571428571427,9
52,Child-Robot Interaction,12625,2015,chi,The Social Impact of a Robot Co-Worker in Industrial Settings,10.1145/2702123.2702181,24,0.185,315.7,218,0.2318840579710145,0.16,21
52,Child-Robot Interaction,20022,2020,chi,Collaborative or Simply Uncaged? Understanding Human-Cobot Interactions in Automation,10.1145/3313831.3376547,12,0.092,172.5,92,0.18518518518518517,0.18181818181818182,9
52,Child-Robot Interaction,8953,2012,cscw,Hospital robot at work,10.1145/2145204.2145233,31,0.238,187.5,78,0.16901408450704225,0.07692307692307693,22
52,Child-Robot Interaction,8795,2012,chi,Ripple effects of an embedded social agent,10.1145/2207676.2207776,25,0.192,81.4,94,0.046632124352331605,0.0625,25
53,Voice Assistants for Older Adults,1346,1995,chi,Designing SpeechActs,10.1145/223904.223952,223,0.802,170.1,250,1.0,1.0,52
53,Voice Assistants for Older Adults,18569,2019,tochi,"Music, Search, and IoT",10.1145/3311956,154,0.554,1618.3,350,-0.0618705035971223,-0.0710172744721689,15
53,Voice Assistants for Older Adults,2155,1998,chi,What can I say?,10.1145/274644.274722,204,0.734,31.0,73,0.12903225806451613,0.16666666666666666,48
53,Voice Assistants for Older Adults,13485,2016,chi,"""Like Having a Really Bad PA""",10.1145/2858036.2858288,226,0.813,3167.4,1108,0.7030716723549488,0.6814814814814815,22
53,Voice Assistants for Older Adults,12469,2015,chi,Repurposing Conversation,10.1145/2702123.2702532,202,0.727,176.5,17,0.03409090909090909,0.022222222222222223,22
53,Voice Assistants for Older Adults,15382,2017,mobilehci,"""What can i help you with?""",10.1145/3098279.3098539,191,0.687,1852.6,352,-0.18110236220472442,-0.23717948717948717,17
53,Voice Assistants for Older Adults,19477,2019,chi,What Makes a Good Conversation?,10.1145/3290605.3300705,130,0.468,1624.7,450,-0.06835443037974684,-0.10738255033557047,15
53,Voice Assistants for Older Adults,4440,2006,chi,Adaptive language behavior in HCI,10.1145/1124772.1124948,203,0.73,53.4,92,0.5833333333333334,1.0,23
53,Voice Assistants for Older Adults,15997,2018,chi,Voice Interfaces in Everyday Life,10.1145/3173574.3174214,197,0.709,3196.9,700,-0.032432432432432434,-0.06130268199233716,20
54,Robot Programming,6022,2009,chi,Magic cards,10.1145/1518701.1518730,20,0.333,128.1,47,0.016423357664233577,0.019867549668874173,28
54,Robot Programming,18695,2019,dis,V.Ra,10.1145/3322276.3322278,17,0.283,211.0,43,-0.023809523809523808,-0.05714285714285714,10
54,Robot Programming,5901,2009,chi,Sketch and run,10.1145/1518701.1518733,21,0.35,156.3,96,0.061855670103092786,0.0547945205479452,32
54,Robot Programming,18029,2019,chi,Trigger-Action Programming for Personalising Humanoid Robot Behaviour,10.1145/3290605.3300675,13,0.217,200.0,74,0.04597701149425287,0.07692307692307693,13
54,Robot Programming,10323,2014,chi,Design patterns for exploring and prototyping human-robot interactions,10.1145/2556288.2557057,23,0.383,230.8,61,1.0,1.0,19
54,Robot Programming,17748,2019,iui,PATI,10.1145/3301275.3302326,15,0.25,211.2,36,0.06493506493506493,0.07377049180327869,9
54,Robot Programming,6230,2010,chi,Cooking with robots,10.1145/1753326.1753693,19,0.317,36.3,72,0.25,0.1,26
54,Robot Programming,20409,2020,chi,Vipo,10.1145/3313831.3376670,13,0.217,178.1,31,0.03076923076923077,0.03571428571428571,8
54,Robot Programming,7514,2011,chi,Roboshop,10.1145/1978942.1979035,18,0.3,127.7,33,0.061224489795918366,0.0,20
55,Nonverbal & Public-speaking Analysis,11840,2015,iui,Rhema,10.1145/2678025.2701386,27,0.338,517.2,113,-0.028985507246376812,-0.125,17
55,Nonverbal & Public-speaking Analysis,4193,2006,uist,Comparing and managing multiple versions of slide presentations,10.1145/1166253.1166263,36,0.45,150.2,42,0.11702127659574468,0.06451612903225806,27
55,Nonverbal & Public-speaking Analysis,8744,2012,chi,Fly,10.1145/2207676.2208586,31,0.388,87.2,6,-0.025,-0.045454545454545456,25
55,Nonverbal & Public-speaking Analysis,12552,2015,ubicomp,ROC speak,10.1145/2750858.2804265,19,0.237,252.4,37,0.016853932584269662,0.0213903743315508,15
55,Nonverbal & Public-speaking Analysis,6027,2009,chi,Fly,10.1145/1518701.1518786,32,0.4,136.1,33,-0.1111111111111111,-0.08,26
55,Nonverbal & Public-speaking Analysis,15341,2017,imwut,RoboCOP,10.1145/3090092,12,0.15,242.9,70,-0.10588235294117647,-0.12244897959183673,13
55,Nonverbal & Public-speaking Analysis,9936,2013,ubicomp,MACH,10.1145/2493432.2493502,34,0.425,146.3,289,1.0,1.0,22
55,Nonverbal & Public-speaking Analysis,9715,2013,chi,HyperSlides,10.1145/2470654.2470749,30,0.375,211.1,27,-0.06349206349206349,-0.09375,24
55,Nonverbal & Public-speaking Analysis,11735,2015,ubicomp,Exploring feedback strategies to improve public speaking,10.1145/2750858.2806060,21,0.263,229.9,124,0.024390243902439025,-0.2,16
55,Nonverbal & Public-speaking Analysis,12604,2015,chi,Augmenting Social Interactions,10.1145/2702123.2702314,21,0.263,455.3,99,-0.005235602094240838,0.01098901098901099,21
56,Robot Programming (robot),20935,2020,pacmhci,Robots in Groups and Teams,10.1145/3415247,9,0.158,184.4,147,0.41025641025641024,0.40625,8
56,Robot Programming (robot),28585,2024,chi,Trash in Motion: Emergent Interactions with a Robotic Trashcan,10.1145/3613904.3642610,7,0.123,239.1,24,0.0625,0.0625,3
56,Robot Programming (robot),4779,2007,chi,Museum guide robot based on sociological interaction analysis,10.1145/1240624.1240804,14,0.246,129.2,136,0.6842105263157895,0.5,30
56,Robot Programming (robot),4973,2008,cscw,Effect of restarts and pauses on achieving a state of mutual orientation between a human a,10.1145/1460563.1460594,10,0.175,47.5,34,0.13043478260869565,-0.3333333333333333,26
56,Robot Programming (robot),18674,2019,dis,Re-Embodiment and Co-Embodiment,10.1145/3322276.3322340,4,0.07,128.2,115,0.04819277108433735,0.02040816326530612,15
56,Robot Programming (robot),15188,2017,chi,"Comparing Social Robot, Screen and Voice Interfaces for Smart-Home Control",10.1145/3025453.3025786,18,0.316,123.9,134,0.07692307692307693,0.07317073170731707,18
56,Robot Programming (robot),3452,2004,iui,Where to look,10.1145/964442.964458,14,0.246,59.7,325,1.0,1.0,27
56,Robot Programming (robot),27997,2024,chi,From Agent Autonomy to Casual Collaboration: A Design Investigation on Help-Seeking Urban ,10.1145/3613904.3642389,5,0.088,159.7,12,0.0036101083032490976,0.0036101083032490976,3
56,Robot Programming (robot),5182,2008,chi,Precision timing in human-robot interaction,10.1145/1357054.1357077,12,0.211,94.8,133,0.0,-0.09090909090909091,26
57,Chatbot Companions,2690,2001,chi,Relational agents,10.1145/365024.365304,173,0.7,258.1,458,0.13333333333333333,-0.14285714285714285,35
57,Chatbot Companions,8802,2012,chi,"""Oh dear stacy!""",10.1145/2207676.2207684,166,0.672,55.2,57,1.0,1.0,21
57,Chatbot Companions,16903,2018,dis,Evaluating and Informing the Design of Chatbots,10.1145/3196709.3196735,140,0.567,985.1,362,-0.05459770114942529,-0.07981220657276995,17
57,Chatbot Companions,20105,2020,chi,"""I Hear You, I Feel You"": Encouraging Deep Self-disclosure through a Chatbot",10.1145/3313831.3376175,98,0.397,1204.3,319,-0.023809523809523808,-0.03115264797507788,12
57,Chatbot Companions,3733,2005,tochi,Establishing and maintaining long-term human-computer relationships,10.1145/1067860.1067867,167,0.676,251.0,1324,0.20945945945945946,0.25,31
57,Chatbot Companions,17975,2019,chi,Comparing Data from Chatbot and Web Surveys,10.1145/3290605.3300316,140,0.567,1297.0,193,0.03759398496240601,0.007142857142857143,15
57,Chatbot Companions,1307,1994,chi,Computers are social actors,10.1145/191666.191703,174,0.704,194.8,1884,1.0,1.0,47
57,Chatbot Companions,6844,2010,cscw,Receptionist or information kiosk,10.1145/1718918.1718927,165,0.668,247.4,148,0.07857142857142857,0.034482758620689655,25
57,Chatbot Companions,21341,2020,tochi,Tell Me About Yourself,10.1145/3381804,76,0.308,1031.0,181,-0.07671957671957672,-0.08108108108108109,11
57,Chatbot Companions,18527,2019,chi,Resilient Chatbots,10.1145/3290605.3300484,103,0.417,1119.2,212,-0.030456852791878174,-0.036057692307692304,14
58,Human-Robot Interaction,11850,2015,ubicomp,Drone &amp; me,10.1145/2750858.2805823,40,0.471,777.6,295,0.026415094339622643,-0.008403361344537815,20
58,Human-Robot Interaction,9745,2013,iui,Exploring 3d gesture metaphors for interaction with unmanned aerial vehicles,10.1145/2449396.2449429,41,0.482,214.7,117,0.6428571428571429,0.5,21
58,Human-Robot Interaction,17971,2019,chi,The Design of Social Drones,10.1145/3290605.3300480,25,0.294,538.5,78,-0.018541409147095178,-0.019891500904159132,15
58,Human-Robot Interaction,15092,2017,chi,Drone &amp; Wo,10.1145/3025453.3025755,35,0.412,426.7,87,-0.145985401459854,-0.18604651162790697,19
58,Human-Robot Interaction,11962,2015,assets,DroneNavigator,10.1145/2700648.2811362,33,0.388,398.5,73,0.23943661971830985,0.13513513513513514,19
58,Human-Robot Interaction,18844,2019,imwut,Designing Drones,10.1145/3351269,23,0.271,403.6,50,-0.07692307692307693,-0.06542056074766354,13
58,Human-Robot Interaction,15485,2017,imwut,Drone Near Me,10.1145/3130899,32,0.376,355.2,97,-0.14432989690721648,-0.17647058823529413,18
59,Child-Robot Interaction (robot),26466,2023,chi,Creating Inclusive Voices for the 21st Century: A Non-Binary Text-to-Speech for Conversati,10.1145/3544548.3581281,2,0.059,74.7,33,0.05405405405405406,0.05405405405405406,4
59,Child-Robot Interaction (robot),21955,2021,pacmhci,Beyond the Command,10.1145/3449175,3,0.088,113.0,47,-0.001524390243902439,-0.001524390243902439,7
59,Child-Robot Interaction (robot),22667,2021,dis,Analysis of Gender Stereotypes for the Design of Service Robots,10.1145/3461778.3462087,3,0.088,45.6,22,1.0,1.0,7
59,Child-Robot Interaction (robot),30321,2024,pacmhci,Mitigating Gender Stereotypes Toward AI Agents Through an eXplainable AI (XAI) Approach,10.1145/3686969,2,0.059,78.5,14,-0.005420054200542005,-0.005420054200542005,6
59,Child-Robot Interaction (robot),24275,2022,chi,What Pronouns for Pepper? A Critical Review of Gender/ing in Research,10.1145/3491102.3501996,2,0.059,70.4,48,-0.008421052631578947,-0.008421052631578947,6
59,Child-Robot Interaction (robot),28247,2024,pacmhci,Gender Biases in Error Mitigation by Voice Assistants,10.1145/3637337,2,0.059,65.9,23,1.0,1.0,2
60,Virtual Agents & Social Effects,795,1991,chi,Guides 3.0,10.1145/108844.108996,21,0.21,104.1,11,0.42857142857142855,0.4,47
60,Virtual Agents & Social Effects,1185,1994,chi,Using a human face in an interface,10.1145/191666.191708,28,0.28,216.1,224,0.5357142857142857,0.3,46
60,Virtual Agents & Social Effects,2246,1999,chi,Embodiment in conversational interfaces,10.1145/302979.303150,16,0.16,156.8,563,0.9393939393939394,1.0,45
60,Virtual Agents & Social Effects,3258,2003,chi,Designing social presence of social actors in human computer interaction,10.1145/642611.642662,14,0.14,113.4,255,0.4716981132075472,0.2857142857142857,28
60,Virtual Agents & Social Effects,2330,2000,chi,"The effects of animated characters on anxiety, task performance, and evaluations of user i",10.1145/332040.332406,11,0.11,108.8,219,0.04790419161676647,0.2222222222222222,38
60,Virtual Agents & Social Effects,662,1990,chi,Issues in multimedia interface design: media integration and interface agents,10.1145/97243.97265,23,0.23,36.5,66,0.8333333333333334,1.0,48
60,Virtual Agents & Social Effects,1690,1997,chi,The persona effect,10.1145/258549.258797,15,0.15,168.7,800,0.8928571428571429,0.6666666666666666,45
60,Virtual Agents & Social Effects,1051,1992,chi,Anthropomorphism,10.1145/142750.142760,18,0.18,62.9,54,1.0,1.0,46
61,Multilingual & Multimodal Communication,705,1990,cscw,Collaborative technology and group process feedback: their impact on interactive sequences,10.1145/99332.99341,60,0.451,53.0,63,0.16,0.0,36
61,Multilingual & Multimodal Communication,290,1986,cscw,A group decision support system for idea generation and issue analysis in organization pla,10.1145/637069.637073,62,0.466,75.0,98,1.0,1.0,62
61,Multilingual & Multimodal Communication,3494,2004,cscw,Taking it out of context,10.1145/1031607.1031712,62,0.466,393.5,135,0.013029315960912053,-0.058823529411764705,36
61,Multilingual & Multimodal Communication,4134,2006,cscw,Effects of machine translation on collaborative work,10.1145/1180875.1180955,48,0.361,396.5,123,0.09090909090909091,-0.09523809523809523,29
61,Multilingual & Multimodal Communication,9287,2013,cscw,Machine translation vs. common language,10.1145/2441776.2441882,28,0.211,356.0,28,-0.16363636363636364,-0.30434782608695654,23
61,Multilingual & Multimodal Communication,5998,2009,chi,Difficulties in establishing common ground in multiparty groups using machine translation,10.1145/1518701.1518807,47,0.353,349.2,82,-0.04310344827586207,-0.12903225806451613,26
61,Multilingual & Multimodal Communication,4209,2006,cscw,Cultural differences in the use of instant messaging in Asia and North America,10.1145/1180875.1180956,61,0.459,247.1,142,0.005649717514124294,0.0,35
61,Multilingual & Multimodal Communication,3513,2004,iui,Second messenger,10.1145/964442.964489,61,0.459,35.2,17,1.0,1.0,36
61,Multilingual & Multimodal Communication,10267,2014,chi,Effects of public vs. private automated transcripts on multiparty communication between na,10.1145/2556288.2557303,27,0.203,456.4,43,-0.21212121212121213,-0.3333333333333333,22
62,"LLMs, Writing & Prompting",13091,2016,iui,Empirically Studying Participatory Sense-Making in Abstract Drawing with a Co-Creative Cog,10.1145/2856767.2856795,602,0.748,829.2,126,0.5087719298245614,0.23809523809523808,17
62,"LLMs, Writing & Prompting",23492,2022,chi,AI Chains: Transparent and Controllable Human-AI Interaction by Chaining Large Language Mo,10.1145/3491102.3517582,481,0.598,3587.5,449,0.052486187845303865,0.052486187845303865,9
62,"LLMs, Writing & Prompting",10919,2014,tochi,Quantifying the Creativity Support of Digital Tools through the Creativity Support Index,10.1145/2617588,613,0.761,2604.6,473,0.9885057471264368,0.9166666666666666,21
62,"LLMs, Writing & Prompting",23788,2022,iui,Wordcraft: Story Writing With Large Language Models,10.1145/3490099.3511105,431,0.535,3769.9,365,0.5723684210526315,0.5723684210526315,9
62,"LLMs, Writing & Prompting",6383,2010,chi,iCanDraw,10.1145/1753326.1753459,612,0.76,264.3,104,0.19402985074626866,0.1,24
62,"LLMs, Writing & Prompting",13071,2016,iui,Closing the Cognitive Gap between Humans and Interactive Narrative Agents Using Shared Men,10.1145/2856767.2856774,603,0.749,67.1,11,1.0,1.0,18
62,"LLMs, Writing & Prompting",16593,2018,chi,"I Lead, You Help but Only with Enough Details",10.1145/3173574.3174223,601,0.747,2445.1,297,0.10880829015544041,0.03626943005181347,16
62,"LLMs, Writing & Prompting",26223,2023,chi,Why Johnny Can’t Prompt: How Non-AI Experts Try (and Fail) to Design LLM Prompts,10.1145/3544548.3581388,367,0.456,4176.0,839,0.0761904761904762,0.0761904761904762,7
62,"LLMs, Writing & Prompting",23697,2022,chi,CoAuthor: Designing a Human-AI Collaborative Writing Dataset for Exploring Language Model ,10.1145/3491102.3502030,449,0.558,3503.5,329,-0.022779043280182234,-0.022779043280182234,9
62,"LLMs, Writing & Prompting",24115,2022,chi,TaleBrush: Sketching Stories with Generative Pretrained Language Models,10.1145/3491102.3501819,441,0.548,3387.4,205,0.031746031746031744,0.031746031746031744,9
63,Human-AI Trust & Explanation,2433,2000,iui,Representation of electronic mail filtering profiles,10.1145/325737.325843,572,0.871,50.7,47,1.0,,32
63,Human-AI Trust & Explanation,5031,2008,iui,Toward establishing trust in adaptive agents,10.1145/1378773.1378804,568,0.865,611.9,209,0.29411764705882354,0.2631578947368421,30
63,Human-AI Trust & Explanation,16361,2018,chi,"Trends and Trajectories for Explainable, Accountable and Intelligible Systems",10.1145/3173574.3174156,511,0.778,3564.1,732,-0.007867132867132868,-0.03194444444444444,17
63,Human-AI Trust & Explanation,19533,2020,chi,Questioning the AI: Informing Design Practices for Explainable AI User Experiences,10.1145/3313831.3376590,396,0.603,3815.3,697,-0.09582963620230701,-0.09609292502639916,14
63,Human-AI Trust & Explanation,4718,2007,iui,Toward harnessing user feedback for machine learning,10.1145/1216295.1216316,571,0.869,401.3,131,0.10326086956521739,-0.03225806451612903,31
63,Human-AI Trust & Explanation,18545,2019,chi,Designing Theory-Driven User-Centric Explainable AI,10.1145/3290605.3300831,466,0.709,4740.1,859,-0.007633587786259542,-0.04699738903394256,15
63,Human-AI Trust & Explanation,21973,2021,pacmhci,To Trust or to Think,10.1145/3449287,302,0.46,4829.0,821,0.10231023102310231,0.10231023102310231,10
63,Human-AI Trust & Explanation,3835,2005,iui,User interfaces with semi-formal representations,10.1145/1040830.1040864,573,0.872,26.2,36,1.0,1.0,32
63,Human-AI Trust & Explanation,18781,2019,pacmhci,"""Hello AI"": Uncovering the Onboarding Needs of Medical Practitioners for Human-AI Collabor",10.1145/3359206,422,0.642,4583.6,583,-0.03857566765578635,-0.05730659025787966,14
63,Human-AI Trust & Explanation,4383,2006,chi,Answering why and why not questions in user interfaces,10.1145/1124772.1124832,573,0.872,210.7,128,-0.004291845493562232,-0.023255813953488372,36
64,Crowdsourcing & Peer Feedback,9026,2012,cscw,Shepherding the crowd yields better work,10.1145/2145204.2145355,284,0.512,2159.0,337,-0.002758620689655172,-0.03308823529411765,27
64,Crowdsourcing & Peer Feedback,6725,2010,uist,Soylent,10.1145/1866029.1866078,378,0.681,2998.8,706,0.03747072599531616,-0.07758620689655173,35
64,Crowdsourcing & Peer Feedback,6671,2010,chi,Crowdsourcing graphical perception,10.1145/1753326.1753357,387,0.697,980.6,817,0.11784511784511785,0.039603960396039604,36
64,Crowdsourcing & Peer Feedback,6832,2010,uist,TurKit,10.1145/1866029.1866040,360,0.649,1349.0,313,-0.047524752475247525,-0.11042944785276074,34
64,Crowdsourcing & Peer Feedback,9816,2013,chi,Cascade,10.1145/2470654.2466265,268,0.483,1721.5,239,-0.0213903743315508,-0.056910569105691054,25
64,Crowdsourcing & Peer Feedback,7865,2011,uist,CrowdForge,10.1145/2047196.2047202,338,0.609,2199.5,307,0.0047169811320754715,-0.055900621118012424,33
64,Crowdsourcing & Peer Feedback,4060,2006,chi,Verbosity,10.1145/1124772.1124784,361,0.65,154.6,299,1.0,1.0,39
64,Crowdsourcing & Peer Feedback,5438,2008,chi,Crowdsourcing user studies with Mechanical Turk,10.1145/1357054.1357127,395,0.712,2110.8,1970,0.636963696369637,0.6075949367088608,37
65,Data Visualization,449,1988,chi,Multimodal response planning: an adaptive rule based approach,10.1145/57167.57206,270,0.548,49.2,21,1.0,1.0,56
65,Data Visualization,612,1990,chi,Data characterization for intelligent graphics presentation,10.1145/97243.97273,269,0.546,239.9,202,0.875,0.7142857142857143,53
65,Data Visualization,18757,2019,chi,Data is Personal,10.1145/3290605.3300474,93,0.189,815.3,161,-0.059602649006622516,-0.08771929824561403,11
65,Data Visualization,12715,2015,uist,DataTone,10.1145/2807442.2807478,163,0.331,996.6,246,0.5913978494623656,0.29411764705882354,21
65,Data Visualization,17903,2019,chi,Increasing the Transparency of Research Papers with Explorable Multiverse Analyses,10.1145/3290605.3300295,105,0.213,771.4,131,-0.008818342151675485,-0.015113350125944584,14
65,Data Visualization,4753,2007,chi,Voyagers and voyeurs,10.1145/1240624.1240781,293,0.594,533.1,265,0.3404255319148936,0.2857142857142857,38
65,Data Visualization,14039,2016,uist,Eviza,10.1145/2984511.2984588,138,0.28,910.8,228,-0.6,-0.6,18
65,Data Visualization,16412,2018,chi,Frames and Slants in Titles of Visualizations on Controversial Topics,10.1145/3173574.3174012,116,0.235,746.3,130,-0.02857142857142857,0.014492753623188406,12
65,Data Visualization,1181,1994,chi,Creating charts by demonstration,10.1145/191666.191715,264,0.535,145.4,43,0.08620689655172414,0.0,52
65,Data Visualization,1247,1994,chi,Interactive graphic design using automatic presentation knowledge,10.1145/191666.191719,263,0.533,314.4,197,0.27586206896551724,-0.125,51
66,Algorithmic Fairness & Auditing,5345,2008,chi,CueFlik,10.1145/1357054.1357061,301,0.608,800.7,182,-0.08496732026143791,-0.1875,32
66,Algorithmic Fairness & Auditing,2215,1999,chi,Principles of mixed-initiative user interfaces,10.1145/302979.303030,381,0.77,350.3,1432,0.9908536585365854,0.95,49
66,Algorithmic Fairness & Auditing,17735,2019,chi,Guidelines for Human-AI Interaction,10.1145/3290605.3300233,237,0.479,2409.8,2028,0.1511737089201878,0.10584958217270195,15
66,Algorithmic Fairness & Auditing,19852,2020,chi,Co-Designing Checklists to Understand Organizational Challenges and Opportunities around F,10.1145/3313831.3376445,183,0.37,2043.2,416,-0.06413612565445026,-0.0686427457098284,13
66,Algorithmic Fairness & Auditing,4307,2006,uist,CueTIP,10.1145/1166253.1166304,302,0.61,133.5,92,0.003125,0.0,35
66,Algorithmic Fairness & Auditing,11572,2015,chi,"""I always assumed that I wasn't really that close to [her]""",10.1145/2702123.2702556,304,0.614,1424.8,607,0.53125,0.45132743362831856,22
66,Algorithmic Fairness & Auditing,15127,2017,chi,UX Design Innovation,10.1145/3025453.3025739,254,0.513,1857.4,388,0.06923076923076923,0.04633204633204633,20
66,Algorithmic Fairness & Auditing,19480,2019,chi,Improving Fairness in Machine Learning Systems,10.1145/3290605.3300830,211,0.426,2648.6,715,-0.03354037267080745,-0.05490848585690516,15
66,Algorithmic Fairness & Auditing,3129,2003,iui,Interactive machine learning,10.1145/604045.604056,348,0.703,1491.2,609,0.5897435897435898,0.1111111111111111,34
66,Algorithmic Fairness & Auditing,20540,2020,chi,"Re-examining Whether, Why, and How Human-AI Interaction Is Uniquely Difficult to Design",10.1145/3313831.3376301,202,0.408,2259.7,589,-0.08675078864353312,-0.09125117591721543,13
67,Adaptive Help & Software Learnability,712,1990,cscw,Patterns of sharing customizable software,10.1145/99332.99356,266,0.603,338.5,243,0.5857142857142857,0.6363636363636364,51
67,Adaptive Help & Software Learnability,427,1988,chi,Planning for advising,10.1145/57167.57197,246,0.558,44.0,10,1.0,1.0,59
67,Adaptive Help & Software Learnability,6795,2010,chi,ToolClips,10.1145/1753326.1753552,131,0.297,1115.0,126,-0.07738095238095238,-0.25,30
67,Adaptive Help & Software Learnability,622,1990,chi,User-tailorable systems: pressing the issues with buttons,10.1145/97243.97271,266,0.603,365.0,399,0.8,0.5294117647058824,57
67,Adaptive Help & Software Learnability,6779,2010,uist,Chronicle,10.1145/1866029.1866054,130,0.295,1226.4,151,-0.03183023872679045,-0.1532258064516129,30
67,Adaptive Help & Software Learnability,247,1985,chi,Information sought and information provided,10.1145/317456.317486,248,0.562,78.5,20,1.0,1.0,60
67,Adaptive Help & Software Learnability,3802,2005,uist,Automation and customization of rendered web pages,10.1145/1095034.1095062,226,0.512,1206.4,224,0.27380952380952384,-0.030303030303030304,41
67,Adaptive Help & Software Learnability,251,1985,chi,Knowledge-based help systems,10.1145/317456.317487,269,0.61,80.0,68,1.0,1.0,60
67,Adaptive Help & Software Learnability,7037,2011,uist,Pause-and-play,10.1145/2047196.2047213,99,0.224,1192.7,145,-0.1308016877637131,-0.273972602739726,29
67,Adaptive Help & Software Learnability,5887,2009,uist,CommunityCommands,10.1145/1622176.1622214,134,0.304,1048.9,123,0.034482758620689655,0.0945945945945946,35
68,Programming & Notebooks,7362,2011,chi,Wrangler,10.1145/1978942.1979444,199,0.567,1555.9,581,0.15885416666666666,0.20454545454545456,25
68,Programming & Notebooks,2019,1998,iui,Demonstrational automation of text editing tasks involving multiple focus points and conve,10.1145/268389.268408,242,0.689,104.8,10,0.42857142857142855,1.0,44
68,Programming & Notebooks,16611,2018,chi,The Story in the Notebook,10.1145/3173574.3173748,177,0.504,1473.1,210,0.025210084033613446,0.04938271604938271,18
68,Programming & Notebooks,15973,2018,chi,Exploration and Explanation in Computational Notebooks,10.1145/3173574.3173606,162,0.462,1703.8,333,0.11347517730496454,0.13725490196078433,18
68,Programming & Notebooks,3657,2004,chi,Designing the whyline,10.1145/985692.985712,227,0.647,392.2,355,1.0,1.0,41
68,Programming & Notebooks,2698,2001,uist,Outlier finding,10.1145/502348.502361,241,0.687,245.6,56,0.2962962962962963,0.4,43
68,Programming & Notebooks,20044,2020,pacmhci,"How do Data Science Workers Collaborate? Roles, Workflows, and Tools",10.1145/3392826,117,0.333,1854.0,253,-0.07119741100323625,-0.08142493638676845,13
68,Programming & Notebooks,624,1990,chi,Smalltalk scaffolding: a case study of minimalist instruction,10.1145/97243.97319,226,0.644,123.0,77,1.0,1.0,47
68,Programming & Notebooks,1268,1994,chi,Repeat and predict—two keys to efficient text editing,10.1145/191666.191722,244,0.695,69.5,33,0.08571428571428572,0.15384615384615385,45
68,Programming & Notebooks,18362,2019,chi,How Data Science Workers Work with Data,10.1145/3290605.3300356,158,0.45,2366.8,261,-0.040776699029126215,-0.060209424083769635,17
69,GUI Optimization & Color,18535,2019,chi,Swire,10.1145/3290605.3300334,74,0.282,1035.7,112,-0.10407239819004525,-0.11392405063291139,14
69,GUI Optimization & Color,2856,2002,uist,Side views,10.1145/571985.571996,181,0.691,185.2,109,0.1761006289308176,0.046511627906976744,41
69,GUI Optimization & Color,9292,2013,chi,Webzeitgeist,10.1145/2470654.2466420,152,0.58,909.6,137,0.04430379746835443,0.0,23
69,GUI Optimization & Color,6863,2010,chi,Designing with interactive example galleries,10.1145/1753326.1753667,179,0.683,734.3,180,-0.061488673139158574,-0.0967741935483871,29
69,GUI Optimization & Color,22513,2021,chi,Screen Recognition: Creating Accessibility Metadata for Mobile Applications from Pixels,10.1145/3411764.3445186,51,0.195,852.1,140,-0.10247349823321555,-0.10247349823321555,12
69,GUI Optimization & Color,2386,2000,dis,"Sitemaps, storyboards, and specifications",10.1145/347642.347758,186,0.71,296.9,217,0.13978494623655913,0.05555555555555555,44
69,GUI Optimization & Color,26389,2023,chi,Enabling Conversational Interaction with Mobile UI using Large Language Models,10.1145/3544548.3580895,35,0.134,846.7,145,-0.03881278538812785,-0.03881278538812785,6
69,GUI Optimization & Color,3576,2004,iui,SUPPLE,10.1145/964442.964461,188,0.718,497.1,433,0.3106060606060606,-0.08823529411764706,40
69,GUI Optimization & Color,5917,2009,chi,Getting inspired!,10.1145/1518701.1518717,183,0.698,774.0,265,0.18781725888324874,0.15789473684210525,30
69,GUI Optimization & Color,15647,2017,uist,Rico,10.1145/3126594.3126651,115,0.439,2129.0,466,-0.0106951871657754,-0.2,18
70,Video Interfaces & Editing,13988,2016,uist,QuickCut,10.1145/2984511.2984569,51,0.217,628.8,80,-0.057692307692307696,-0.21212121212121213,19
70,Video Interfaces & Editing,9543,2013,uist,Content-based tools for editing audio stories,10.1145/2501988.2501993,77,0.328,721.0,77,-0.03636363636363636,-0.05263157894736842,23
70,Video Interfaces & Editing,11391,2015,uist,SceneSkim,10.1145/2807442.2807502,61,0.26,654.2,66,-0.12690355329949238,-0.12987012987012986,20
70,Video Interfaces & Editing,425,1988,chi,The design of auditory interfaces for visually disabled users,10.1145/57167.57180,169,0.719,38.8,38,1.0,1.0,58
70,Video Interfaces & Editing,778,1991,chi,Expressive richness,10.1145/108844.108848,168,0.715,300.9,118,0.09375,0.2,56
70,Video Interfaces & Editing,336,1986,chi,Comparison of elderly and younger users on keyboard and voice input computer-based composi,10.1145/22627.22372,169,0.719,66.8,16,1.0,1.0,58
70,Video Interfaces & Editing,5425,2008,chi,Video browsing by direct manipulation,10.1145/1357054.1357096,96,0.409,774.2,206,0.0502283105022831,-0.031746031746031744,32
70,Video Interfaces & Editing,20924,2020,uist,Crosscast: Adding Visuals to Audio Travel Podcasts,10.1145/3379337.3415882,37,0.157,684.3,46,-0.2631578947368421,-0.25757575757575757,10
70,Video Interfaces & Editing,317,1986,chi,Voice: technology searching for communication needs,10.1145/29933.30858,168,0.715,38.1,12,0.2222222222222222,1.0,60
70,Video Interfaces & Editing,223,1985,chi,Speech recognition and manner of speaking in noise and in quiet,10.1145/317456.317492,169,0.719,38.1,12,1.0,1.0,58
71,Scientific Search & Sensemaking,20960,2020,uist,Mesh,10.1145/3379337.3415865,50,0.338,682.5,32,-0.10982658959537572,-0.09554140127388536,15
71,Scientific Search & Sensemaking,5029,2008,chi,A survey of collaborative web search practices,10.1145/1357054.1357312,78,0.527,401.8,258,-0.1746031746031746,-0.2222222222222222,35
71,Scientific Search & Sensemaking,27079,2023,uist,Synergi: A Mixed-Initiative System for Scholarly Synthesis and Sensemaking,10.1145/3586183.3606759,26,0.176,910.7,44,-0.16363636363636364,-0.16363636363636364,5
71,Scientific Search & Sensemaking,1674,1996,chi,Scatter/gather browsing communicates the topic structure of a very large text collection,10.1145/238386.238489,78,0.527,44.7,196,0.19148936170212766,0.09090909090909091,47
71,Scientific Search & Sensemaking,4685,2007,uist,SearchTogether,10.1145/1294211.1294215,82,0.554,779.0,422,0.4342105263157895,0.30303030303030304,38
71,Scientific Search & Sensemaking,19024,2019,uist,Unakite: Scaffolding Developers' Decision-Making Using the Web,10.1145/3332165.3347908,54,0.365,721.3,58,-0.02413793103448276,-0.05454545454545454,16
71,Scientific Search & Sensemaking,1686,1997,chi,SenseMaker,10.1145/258549.258563,77,0.52,296.5,167,0.14102564102564102,-0.07142857142857142,45
71,Scientific Search & Sensemaking,24888,2022,uist,Threddy: An Interactive System for Personalized Thread-based Exploration and Organization ,10.1145/3526113.3545660,36,0.243,1012.7,47,-0.15432098765432098,-0.15432098765432098,8
71,Scientific Search & Sensemaking,1372,1995,chi,Information foraging in information access environments,10.1145/223904.223911,85,0.574,248.9,462,0.5373134328358209,0.4444444444444444,52
72,Mobile Sensing for Mental Health,13889,2016,ubicomp,CrossCheck,10.1145/2971648.2971740,76,0.717,728.6,273,-0.07112970711297072,-0.07575757575757576,17
72,Mobile Sensing for Mental Health,6946,2010,ubicomp,Social sensing for epidemiological behavior change,10.1145/1864349.1864394,93,0.877,90.5,227,1.0,1.0,25
72,Mobile Sensing for Mental Health,11792,2015,ubicomp,SmartGPA,10.1145/2750858.2804251,77,0.726,436.3,195,-0.06802721088435375,-0.08823529411764706,22
72,Mobile Sensing for Mental Health,7794,2011,ubicomp,Passive and In-Situ assessment of mental and physical well-being using mobile sensors,10.1145/2030112.2030164,90,0.849,420.6,246,0.125,0.0641025641025641,24
72,Mobile Sensing for Mental Health,25493,2022,imwut,GLOBEM,10.1145/3569485,22,0.208,649.2,87,-0.07428571428571429,-0.07428571428571429,7
72,Mobile Sensing for Mental Health,12119,2015,ubicomp,Trajectories of depression,10.1145/2750858.2805845,81,0.764,998.1,505,-0.14027149321266968,-0.11428571428571428,20
72,Mobile Sensing for Mental Health,11290,2014,ubicomp,StudentLife,10.1145/2632048.2632054,89,0.84,1429.5,1130,0.14222222222222222,0.010869565217391304,23
72,Mobile Sensing for Mental Health,16250,2018,imwut,Tracking Depression Dynamics in College Students Using Mobile Phone and Wearable Sensing,10.1145/3191775,65,0.613,949.6,353,-0.19135802469135801,-0.2631578947368421,15
73,Language Tools & Deployment,9187,2013,chi,The efficacy of human post-editing for language translation,10.1145/2470654.2470718,2,0.095,68.3,190,0.03389830508474576,0.08333333333333333,22
73,Language Tools & Deployment,8964,2012,chi,Deploying monotrans widgets in the wild,10.1145/2207676.2208700,4,0.19,34.4,8,-0.125,-0.14285714285714285,23
73,Language Tools & Deployment,590,1989,chi,Responding to :20HUH?”: answering vaguely articulated follow-up questions,10.1145/67449.67469,4,0.19,30.5,32,1.0,1.0,45
73,Language Tools & Deployment,2705,2001,iui,When policies are better than plans,10.1145/359784.359829,3,0.143,26.0,32,1.0,1.0,14
73,Language Tools & Deployment,7000,2011,chi,MonoTrans2,10.1145/1978942.1979111,8,0.381,45.7,37,1.0,1.0,30
73,Language Tools & Deployment,5945,2009,iui,Collaborative translation by monolinguals with machine translators,10.1145/1502650.1502701,5,0.238,72.7,25,0.038461538461538464,0.07692307692307693,24
73,Language Tools & Deployment,1180,1994,chi,An improved interface for tutorial dialogues,10.1145/191666.191679,2,0.095,39.8,15,0.018018018018018018,0.25,43
74,Recommender Evaluation & Music,9920,2013,iui,"Visualizing recommendations to support exploration, transparency and controllability",10.1145/2449396.2449442,38,0.388,634.8,162,0.009615384615384616,0.0,21
74,Recommender Evaluation & Music,3233,2003,chi,Faceted metadata for image search and browsing,10.1145/642611.642681,47,0.48,318.7,905,0.8666666666666667,0.6,41
74,Recommender Evaluation & Music,3868,2005,chi,Findex,10.1145/1054972.1054991,43,0.439,194.4,134,0.015625,-0.0625,31
74,Recommender Evaluation & Music,9962,2013,iui,Directing exploratory search,10.1145/2449396.2449413,29,0.296,300.4,101,0.028846153846153848,-0.06818181818181818,20
74,Recommender Evaluation & Music,2609,2001,chi,Does organisation by similarity assist image browsing?,10.1145/365024.365097,48,0.49,102.6,215,0.42857142857142855,0.3333333333333333,42
74,Recommender Evaluation & Music,5303,2008,chi,PeerChooser,10.1145/1357054.1357222,39,0.398,161.4,145,-0.008695652173913044,-0.03225806451612903,22
74,Recommender Evaluation & Music,12985,2016,iui,Rank As You Go,10.1145/2856767.2856797,16,0.163,244.1,55,-0.1206896551724138,-0.17647058823529413,18
74,Recommender Evaluation & Music,892,1992,chi,The art of search,10.1145/142750.142780,50,0.51,71.9,35,0.35714285714285715,0.2857142857142857,43
74,Recommender Evaluation & Music,11198,2014,iui,See what you want to see,10.1145/2557500.2557542,27,0.276,338.8,87,-0.20588235294117646,-0.22727272727272727,20
81,Collaborative Filtering & Trust,1568,1996,uist,Adding a collaborative agent to graphical user interfaces,10.1145/237091.237094,11,0.212,42.2,26,0.3333333333333333,0.6666666666666666,50
81,Collaborative Filtering & Trust,1446,1995,chi,Social information filtering,10.1145/223904.223931,31,0.596,254.2,2809,1.0,1.0,47
81,Collaborative Filtering & Trust,3230,2003,chi,Is seeing believing?,10.1145/642611.642713,7,0.135,104.1,465,0.18633540372670807,0.1,42
81,Collaborative Filtering & Trust,2325,2000,iui,Learning users' interests by unobtrusively observing their normal behavior,10.1145/325737.325806,7,0.135,67.5,184,1.0,1.0,37
81,Collaborative Filtering & Trust,2042,1998,iui,Collecting user access patterns for building user profiles and collaborative filtering,10.1145/291080.291091,8,0.154,50.2,108,0.08333333333333333,0.11764705882352941,42
81,Collaborative Filtering & Trust,1851,1997,chi,Autonomous interface agents,10.1145/258549.258592,10,0.192,79.3,366,0.09803921568627451,0.32,49
81,Collaborative Filtering & Trust,1374,1995,chi,Recommending and evaluating choices in a virtual community of use,10.1145/223904.223929,17,0.327,175.8,1134,0.0603448275862069,-0.045454545454545456,50
83,Recommender Explanations & Critiquing,1056,1992,uist,An explanatory and “argumentative” interface for a model-based diagnostic system,10.1145/142621.142627,22,0.489,32.5,16,1.0,,44
83,Recommender Explanations & Critiquing,2532,2000,cscw,Explaining collaborative filtering recommendations,10.1145/358916.358995,21,0.467,193.3,1705,0.6,-0.10526315789473684,43
83,Recommender Explanations & Critiquing,1158,1993,iui,Explanation facilities and interactive systems,10.1145/169891.169951,22,0.489,32.5,71,0.9,,44
83,Recommender Explanations & Critiquing,3725,2005,iui,Experiments in dynamic critiquing,10.1145/1040830.1040871,15,0.333,109.7,85,1.0,1.0,33
83,Recommender Explanations & Critiquing,17743,2019,iui,Personalized explanations for hybrid recommender systems,10.1145/3301275.3302306,2,0.044,66.6,165,-0.0196078431372549,-0.022222222222222223,11
83,Recommender Explanations & Critiquing,5878,2009,iui,Tagsplanations,10.1145/1502650.1502661,13,0.289,256.7,303,-0.05517241379310345,-0.05405405405405406,25
83,Recommender Explanations & Critiquing,4059,2006,iui,Trust building with explanation interfaces,10.1145/1111449.1111475,11,0.244,136.2,293,-0.007575757575757576,0.034482758620689655,32
84,Social Tagging & Group Recommendation,6435,2010,iui,Intelligent food planning,10.1145/1719970.1720021,5,0.125,48.0,227,1.0,1.0,13
84,Social Tagging & Group Recommendation,25255,2022,pacmhci,A Systematic Review of Interaction Design Strategies for Group Recommendation Systems,10.1145/3555161,2,0.05,73.4,21,0.001941747572815534,0.001941747572815534,4
84,Social Tagging & Group Recommendation,2858,2002,iui,Flytrap,10.1145/502716.502748,9,0.225,91.8,167,-0.1111111111111111,0.25,41
84,Social Tagging & Group Recommendation,21866,2021,pacmhci,Social Music Curation That Works,10.1145/3449191,4,0.1,106.1,20,-0.017777777777777778,-0.017777777777777778,7
84,Social Tagging & Group Recommendation,2618,2001,iui,XLibris,10.1145/359784.360100,12,0.3,58.8,12,0.0055248618784530384,0.047619047619047616,42
84,Social Tagging & Group Recommendation,1980,1998,cscw,MusicFX,10.1145/289444.289511,14,0.35,122.1,378,0.25925925925925924,0.1,44
84,Social Tagging & Group Recommendation,3517,2004,dis,Jukola,10.1145/1013115.1013136,8,0.2,91.4,88,0.06818181818181818,0.0,32
85,Visual Aesthetics & UX,6017,2009,chi,User experience over time,10.1145/1518701.1518814,32,0.239,412.7,549,0.1308016877637131,0.1780821917808219,31
85,Visual Aesthetics & UX,7205,2011,chi,Old wine in new bottles or novel challenges,10.1145/1978942.1979336,30,0.224,614.3,647,0.05429864253393665,-0.07692307692307693,30
85,Visual Aesthetics & UX,4296,2006,dis,"Interaction, usability and aesthetics",10.1145/1142405.1142446,55,0.41,147.2,247,1.0,1.0,33
85,Visual Aesthetics & UX,4777,2007,chi,Meta-analysis of correlations among usability measures,10.1145/1240624.1240722,31,0.231,286.5,275,0.07446808510638298,-0.10714285714285714,29
85,Visual Aesthetics & UX,10029,2013,chi,Predicting users' first impressions of website aesthetics with a quantification of perceiv,10.1145/2470654.2481281,13,0.097,342.9,305,0.09166666666666666,0.023255813953488372,25
85,Visual Aesthetics & UX,2479,2000,chi,Measuring usability,10.1145/332040.332455,58,0.433,270.0,650,0.46,0.3333333333333333,47
85,Visual Aesthetics & UX,4688,2007,chi,Investigating attractiveness in web user interfaces,10.1145/1240624.1240687,53,0.396,171.4,158,-0.017543859649122806,-0.06976744186046512,32
85,Visual Aesthetics & UX,1711,1997,chi,Aesthetics and apparent usability,10.1145/258549.258626,66,0.493,252.3,476,1.0,1.0,36
85,Visual Aesthetics & UX,2323,2000,chi,Hedonic and <i>ergonomic quality aspects determine a software's appeal</i>,10.1145/332040.332432,57,0.425,147.2,417,0.39473684210526316,,33
85,Visual Aesthetics & UX,3672,2004,dis,Understanding experience in interactive systems,10.1145/1013115.1013152,43,0.321,374.9,913,0.16725978647686832,0.05555555555555555,33
86,Player Experience & Immersion,11588,2015,chiplay,Higher Graphical Fidelity Decreases Players' Access to Aggressive Concepts in Violent Vide,10.1145/2793107.2793113,53,0.379,94.1,9,0.6666666666666666,1.0,21
86,Player Experience & Immersion,13961,2016,chiplay,The Motivational Push of Games,10.1145/2967934.2968091,40,0.286,362.3,65,-0.01904761904761905,-0.04477611940298507,17
86,Player Experience & Immersion,10605,2014,chiplay,Jelly polo,10.1145/2658537.2662981,53,0.379,16.0,2,1.0,1.0,21
86,Player Experience & Immersion,9265,2013,chi,Control your game-self,10.1145/2470654.2470752,77,0.55,513.9,108,0.3020833333333333,0.3269230769230769,24
86,Player Experience & Immersion,12052,2015,chiplay,How Self-Esteem Shapes our Interactions with Play Technologies,10.1145/2793107.2793111,62,0.443,303.5,47,-0.009615384615384616,-0.031746031746031744,22
86,Player Experience & Immersion,11414,2015,chiplay,Manipulating Leaderboards to Induce Player Experience,10.1145/2793107.2793138,60,0.429,318.0,58,0.009345794392523364,-0.007692307692307693,22
86,Player Experience & Immersion,13468,2016,chi,Fostering Intrinsic Motivation through Avatar Identification in Digital Games,10.1145/2858036.2858062,52,0.371,511.2,262,0.0,-0.0875,20
86,Player Experience & Immersion,20349,2020,chi,Self-Determination Theory in HCI Games Research: Current Uses and Open Questions,10.1145/3313831.3376723,32,0.229,712.0,257,-0.03103448275862069,-0.03875968992248062,10
87,Multiplayer & Location-based Games,4032,2006,cscw,Strangers and friends,10.1145/1180875.1180898,124,0.886,1061.4,416,0.21476510067114093,0.10344827586206896,35
87,Multiplayer & Location-based Games,4740,2007,chi,The life and death of online gaming communities,10.1145/1240624.1240750,109,0.779,459.5,290,-0.010810810810810811,0.0,31
87,Multiplayer & Location-based Games,19914,2020,chi,"See No Evil, Hear No Evil, Speak No Evil: How Collegiate Players Define, Experience and Co",10.1145/3313831.3376191,38,0.271,797.7,118,-0.0234375,-0.017543859649122806,11
87,Multiplayer & Location-based Games,3339,2004,cscw,CSCW at play,10.1145/1031607.1031666,129,0.921,402.0,154,0.045454545454545456,-0.019230769230769232,36
87,Multiplayer & Location-based Games,21163,2020,chiplay,Toxic Behaviors in Team-Based Competitive Gaming: The Case of League of Legends,10.1145/3410404.3414243,28,0.2,849.2,129,-0.07079646017699115,-0.05806451612903226,10
87,Multiplayer & Location-based Games,3503,2004,cscw,The social side of gaming,10.1145/1031607.1031667,128,0.914,404.9,353,0.06986899563318777,0.06,36
87,Multiplayer & Location-based Games,11255,2014,cscw,The identification of deviance and its impact on retention in a multiplayer game,10.1145/2531602.2531724,73,0.521,700.2,140,0.17391304347826086,-0.0196078431372549,23
87,Multiplayer & Location-based Games,4315,2006,chi,"""Alone together?""",10.1145/1124772.1124834,122,0.871,986.4,757,0.08771929824561403,-0.09523809523809523,35
88,Gamification Elements & User Types,18753,2019,chiplay,Factors to Consider for Tailored Gamification,10.1145/3311350.3347167,15,0.217,390.8,142,-0.11304347826086956,-0.14606741573033707,11
88,Gamification Elements & User Types,9577,2013,cscw,Personality-targeted design,10.1145/2441776.2441887,42,0.609,221.9,57,0.1643835616438356,0.20454545454545456,23
88,Gamification Elements & User Types,15562,2017,chiplay,Elements of Gameful Design Emerging from User Preferences,10.1145/3116595.3116627,25,0.362,330.6,183,0.015151515151515152,-0.1,16
88,Gamification Elements & User Types,16526,2018,chi,Personalizing Persuasive Strategies in Gameful Systems to Gamification User Types,10.1145/3173574.3174009,22,0.319,407.8,225,-0.12962962962962962,-0.16666666666666666,15
88,Gamification Elements & User Types,5361,2008,iui,Intelligent debugging and repair of utility constraint sets in knowledge-based recommender,10.1145/1378773.1378802,44,0.638,19.0,25,1.0,1.0,25
88,Gamification Elements & User Types,4019,2006,iui,Debugging user interface descriptions of knowledge-based recommender applications,10.1145/1111449.1111499,45,0.652,19.0,33,1.0,1.0,26
88,Gamification Elements & User Types,13235,2016,chi,Personality-targeted Gamification,10.1145/2858036.2858515,37,0.536,488.6,232,0.23636363636363636,0.21621621621621623,19
88,Gamification Elements & User Types,14711,2017,chi,Towards Personality-driven Persuasive Health Games and Gamified Systems,10.1145/3025453.3025577,32,0.464,369.1,278,-0.01092896174863388,-0.02586206896551724,17
88,Gamification Elements & User Types,6296,2010,iui,Personalized user interfaces for product configuration,10.1145/1719970.1720020,43,0.623,19.0,27,1.0,1.0,24
88,Gamification Elements & User Types,8377,2012,chi,Online gaming motivations scale,10.1145/2207676.2208681,39,0.565,162.5,220,0.23809523809523808,0.19047619047619047,24
89,Video Game Players & Communities,7648,2011,chi,Target assistance for subtly balancing competitive play,10.1145/1978942.1979287,193,0.393,715.3,82,0.1962025316455696,0.1509433962264151,26
89,Video Game Players & Communities,7458,2011,chi,Data cracker,10.1145/1978942.1979288,215,0.438,377.3,75,0.030456852791878174,0.043478260869565216,27
89,Video Game Players & Communities,13218,2016,chi,"Negative Emotion, Positive Experience?",10.1145/2858036.2858227,117,0.238,1157.8,179,0.004132231404958678,0.0,18
89,Video Game Players & Communities,5412,2008,chi,Tracking real-time user experience (TRUE),10.1145/1357054.1357126,234,0.477,267.5,249,0.5757575757575758,0.45454545454545453,31
89,Video Game Players & Communities,6862,2010,chi,Understanding and evaluating cooperative games,10.1145/1753326.1753363,245,0.499,256.9,165,0.17777777777777778,0.22857142857142856,26
89,Video Game Players & Communities,10547,2014,chi,A systematic review of quantitative studies on the enjoyment of digital entertainment game,10.1145/2556288.2557078,205,0.418,728.1,210,0.16911764705882354,0.11764705882352941,23
89,Video Game Players & Communities,8150,2012,chi,A spatiotemporal visualization approach for the analysis of gameplay data,10.1145/2207676.2208558,214,0.436,283.1,66,0.031746031746031744,0.038461538461538464,26
89,Video Game Players & Communities,7767,2011,chi,Placing a value on aesthetics in online casual games,10.1145/1978942.1979131,224,0.456,152.3,69,0.7391304347826086,0.7692307692307693,28
89,Video Game Players & Communities,16475,2018,chi,“An Odd Kind of Pleasure”,10.1145/3173574.3173615,82,0.167,886.5,99,-0.08243727598566308,-0.0759493670886076,15
89,Video Game Players & Communities,17340,2018,chiplay,"""A Game that Makes You Question...""",10.1145/3242671.3242691,73,0.149,786.2,89,-0.04672897196261682,-0.047619047619047616,14
90,Automated Driving,6529,2010,chi,Studying driver attention and behaviour for three configurations of GPS navigation in real,10.1145/1753326.1753517,106,0.477,160.6,85,-0.07407407407407407,-0.07692307692307693,27
90,Automated Driving,22342,2021,chi,"Effects of Semantic Segmentation Visualization on Trust, Situation Awareness, and Cognitiv",10.1145/3411764.3445351,39,0.176,756.6,95,0.40540540540540543,0.40540540540540543,10
90,Automated Driving,14759,2017,chi,CarVR,10.1145/3025453.3025665,46,0.207,599.9,140,0.04868913857677903,0.00684931506849315,18
90,Automated Driving,5099,2008,chi,In-car gps navigation,10.1145/1357054.1357316,112,0.505,343.0,162,0.01639344262295082,0.03937007874015748,31
90,Automated Driving,4523,2007,chi,iPod distraction,10.1145/1240624.1240665,80,0.36,144.3,80,0.10714285714285714,0.15384615384615385,33
90,Automated Driving,14445,2017,iui,SupportingTrust in Autonomous Driving,10.1145/3025171.3025198,52,0.234,610.8,168,0.9642857142857143,0.9444444444444444,18
90,Automated Driving,24723,2022,imwut,"Effects of Scene Detection, Scene Prediction, and Maneuver Planning Visualizations on Trus",10.1145/3534609,24,0.108,558.6,62,-0.0625,-0.0625,8
90,Automated Driving,4436,2006,uist,Personalizing routes,10.1145/1166253.1166282,114,0.514,162.9,53,0.2222222222222222,0.3,32
90,Automated Driving,23415,2021,imwut,SwiVR-Car-Seat,10.1145/3494968,34,0.153,665.6,49,0.0,0.0,9
90,Automated Driving,8799,2012,chi,The normal natural troubles of driving with GPS,10.1145/2207676.2208285,105,0.473,302.6,110,0.01775147928994083,0.038461538461538464,26
91,Email & Web Revisitation,1095,1992,chi,A “pile” metaphor for supporting casual organization of information,10.1145/142750.143055,216,0.771,486.1,218,0.43243243243243246,0.5555555555555556,56
91,Email & Web Revisitation,3250,2003,chi,UMEA,10.1145/642611.642673,119,0.425,917.4,212,0.03937007874015748,0.0,41
91,Email & Web Revisitation,1523,1996,chi,The WebBook and the Web Forager,10.1145/238386.238446,166,0.593,552.8,342,0.15789473684210525,0.21052631578947367,51
91,Email & Web Revisitation,3927,2005,iui,TaskTracer,10.1145/1040830.1040855,84,0.3,849.8,239,-0.056105610561056105,-0.14942528735632185,40
91,Email & Web Revisitation,3480,2004,chi,"""Stuff goes into the computer and doesn't come out""",10.1145/985692.985766,84,0.3,700.0,409,0.011695906432748537,-0.06153846153846154,39
91,Email & Web Revisitation,1209,1994,chi,The marks are on the knowledge worker,10.1145/191666.191740,184,0.657,291.5,324,0.45454545454545453,0.15384615384615385,55
91,Email & Web Revisitation,3292,2003,chi,Taking email to task,10.1145/642611.642672,153,0.546,1446.0,367,-0.05343511450381679,-0.018867924528301886,43
91,Email & Web Revisitation,1438,1995,chi,Articulating a metaphor through user-centered design,10.1145/223904.223981,167,0.596,41.2,17,0.03125,0.1,52
91,Email & Web Revisitation,1663,1996,chi,Email overload,10.1145/238386.238530,178,0.636,1359.2,973,0.6040268456375839,0.36363636363636365,49
92,Instant Messaging,2496,2000,cscw,Interaction and outeraction,10.1145/358916.358975,156,0.582,1678.9,1076,0.25301204819277107,0.125,47
92,Instant Messaging,2241,1999,chi,Socially translucent systems,10.1145/302979.302997,167,0.623,922.4,334,0.12658227848101267,0.16129032258064516,47
92,Instant Messaging,2946,2002,cscw,"The character, functions, and styles of instant messaging in the workplace",10.1145/587078.587081,112,0.418,770.4,369,-0.085,-0.12698412698412698,41
92,Instant Messaging,11299,2014,cscw,Everyday dwelling with WhatsApp,10.1145/2531602.2531679,53,0.198,876.9,299,0.02564102564102564,-0.1016949152542373,23
92,Instant Messaging,293,1986,cscw,Supporting collaboration in notecards,10.1145/637069.637089,194,0.724,149.3,133,0.5454545454545454,0.6666666666666666,61
92,Instant Messaging,296,1986,cscw,Semi-structured messages are surprisingly useful for computer-supported coordination,10.1145/637069.637081,190,0.709,125.6,92,0.2608695652173913,0.14285714285714285,60
92,Instant Messaging,303,1986,cscw,Contexts,10.1145/637069.637088,187,0.698,106.7,25,1.0,1.0,59
92,Instant Messaging,305,1986,cscw,Intermedia,10.1145/637069.637090,186,0.694,71.3,110,1.0,1.0,59
92,Instant Messaging,2676,2001,chi,ConNexus to awarenex,10.1145/365024.365105,148,0.552,801.5,268,-0.07924528301886792,-0.2631578947368421,45
92,Instant Messaging,279,1986,cscw,A framework for studying research collaboration,10.1145/637069.637097,198,0.739,125.7,33,1.0,1.0,62
93,Notifications & Interruptibility,10309,2014,chi,Large-scale assessment of mobile notifications,10.1145/2556288.2557189,159,0.585,1842.0,342,0.020477815699658702,-0.03731343283582089,25
93,Notifications & Interruptibility,3913,2005,chi,Using context-aware computing to reduce the perceived burden of interruptions from mobile ,10.1145/1054972.1055100,194,0.713,1676.0,363,0.14685314685314685,-0.05555555555555555,34
93,Notifications & Interruptibility,2993,2002,chi,"""I'd be overwhelmed, but it's just one more thing to do""",10.1145/503376.503394,237,0.871,760.1,236,0.11740890688259109,0.21428571428571427,44
93,Notifications & Interruptibility,3217,2003,chi,Predicting human interruptibility with sensors,10.1145/642611.642657,224,0.824,1189.1,295,0.3829787234042553,0.05405405405405406,43
93,Notifications & Interruptibility,11090,2014,ubicomp,InterruptMe,10.1145/2632048.2632062,145,0.533,1939.5,283,-0.15151515151515152,-0.15625,24
93,Notifications & Interruptibility,2518,2000,cscw,Providing presence cues to telephone users,10.1145/358916.358978,239,0.879,374.5,147,0.004405286343612335,0.0,46
93,Notifications & Interruptibility,13527,2016,chi,My Phone and Me,10.1145/2858036.2858566,126,0.463,1847.4,258,-0.19029850746268656,-0.22695035460992907,20
93,Notifications & Interruptibility,10650,2014,mobilehci,An in-situ study of mobile phone notifications,10.1145/2628363.2628364,144,0.529,1690.1,346,-0.09156626506024096,-0.12698412698412698,23
93,Notifications & Interruptibility,2812,2002,dis,Mediator and medium,10.1145/778712.778767,216,0.794,71.6,20,1.0,1.0,43
93,Notifications & Interruptibility,3676,2004,chi,Examining the robustness of sensor-based statistical models of human interruptibility,10.1145/985692.985719,215,0.79,832.6,134,-0.026706231454005934,-0.05405405405405406,42
94,Urban Mobility Prediction,3936,2005,ubicomp,Place-Its: A Study of Location-Based Reminders on Mobile Phones,10.1007/11551201_14,131,0.492,163.8,204,0.65625,0.5714285714285714,36
94,Urban Mobility Prediction,5314,2008,ubicomp,Navigate like a cabbie,10.1145/1409635.1409678,120,0.451,337.2,274,-0.01680672268907563,-0.029411764705882353,25
94,Urban Mobility Prediction,3075,2003,ubicomp,Inferring High-Level Behavior from Low-Level Sensors,10.1007/978-3-540-39653-6_6,159,0.598,88.8,518,1.0,1.0,41
94,Urban Mobility Prediction,5381,2008,ubicomp,Understanding mobility based on GPS data,10.1145/1409635.1409677,150,0.564,409.5,1110,0.22413793103448276,0.10344827586206896,32
94,Urban Mobility Prediction,8108,2012,ubicomp,Understanding and prediction of mobile application usage for smart phones,10.1145/2370216.2370243,72,0.271,677.0,274,0.55,0.5625,28
94,Urban Mobility Prediction,10998,2014,mobilehci,Contextual experience sampling of mobile application micro-usage,10.1145/2628363.2628367,55,0.207,656.5,161,0.10658307210031348,0.18309859154929578,24
94,Urban Mobility Prediction,4375,2006,ubicomp,Predestination: Inferring Destinations from Partial Trajectories,10.1007/11853565_15,161,0.605,463.4,455,0.8333333333333334,0.7,33
94,Urban Mobility Prediction,12152,2015,ubicomp,Revisitation analysis of smartphone app use,10.1145/2750858.2807542,43,0.162,449.6,93,-0.04838709677419355,-0.08379888268156424,20
95,Pupillometry & Cognitive Load,8897,2012,ubicomp,StressSense,10.1145/2370216.2370270,55,0.407,168.2,517,0.3333333333333333,0.24242424242424243,25
95,Pupillometry & Cognitive Load,13923,2016,ubicomp,An affect detection technique using mobile commodity sensors in the wild,10.1145/2971648.2971654,31,0.23,264.9,40,-0.031007751937984496,0.0,16
95,Pupillometry & Cognitive Load,18852,2019,imwut,EduSense,10.1145/3351229,15,0.111,268.9,137,0.13761467889908258,0.16304347826086957,12
95,Pupillometry & Cognitive Load,11333,2014,chi,Under pressure,10.1145/2556288.2557165,42,0.311,142.8,170,0.1891891891891892,0.21052631578947367,23
95,Pupillometry & Cognitive Load,15465,2017,imwut,Building Cognition-Aware Systems,10.1145/3132025,17,0.126,239.7,35,0.0684931506849315,0.02127659574468085,15
95,Pupillometry & Cognitive Load,7951,2012,tochi,What Does Touch Tell Us about Emotions in Touchscreen-Based Gameplay?,10.1145/2395131.2395138,59,0.437,347.2,174,0.14201183431952663,0.11428571428571428,24
95,Pupillometry & Cognitive Load,7030,2011,chi,Identifying emotional states using keystroke dynamics,10.1145/1978942.1979046,60,0.444,181.0,363,1.0,1.0,24
95,Pupillometry & Cognitive Load,9724,2013,ubicomp,Predicting audience responses to movie content from electro-dermal activity signals,10.1145/2493432.2493508,42,0.311,181.1,53,0.0,0.016129032258064516,21
95,Pupillometry & Cognitive Load,17053,2018,imwut,Unobtrusive Assessment of Students' Emotional Engagement during Lectures Using Electroderm,10.1145/3264913,21,0.156,353.5,179,-0.05952380952380952,-0.10569105691056911,13
96,Enterprise Social Networks,4930,2008,cscw,Motivations for social networking at work,10.1145/1460563.1460674,48,0.343,716.1,751,0.13548387096774195,0.08695652173913043,35
96,Enterprise Social Networks,4131,2006,chi,Dogear,10.1145/1124772.1124792,57,0.407,389.9,297,0.2727272727272727,0.42424242424242425,39
96,Enterprise Social Networks,2471,2000,cscw,Expertise recommender,10.1145/358916.358994,46,0.329,363.9,428,0.23469387755102042,0.0,40
96,Enterprise Social Networks,3794,2005,tochi,Social matching,10.1145/1096737.1096740,39,0.279,357.8,321,0.005780346820809248,-0.012345679012345678,36
96,Enterprise Social Networks,1491,1996,cscw,Answer Garden 2,10.1145/240080.240203,55,0.393,341.6,293,0.1875,-0.09090909090909091,46
96,Enterprise Social Networks,1300,1994,cscw,Augmenting the organizational memory,10.1145/192844.193019,57,0.407,261.5,231,0.39473684210526316,0.25,49
96,Enterprise Social Networks,2105,1998,cscw,Just talk to me,10.1145/289444.289506,47,0.336,365.2,271,0.1,-0.25,45
96,Enterprise Social Networks,4828,2007,uist,Socially augmenting employee profiles with people-tagging,10.1145/1294211.1294228,52,0.371,280.0,88,0.009523809523809525,0.019230769230769232,37
96,Enterprise Social Networks,4927,2008,cscw,It's all 'about you',10.1145/1460563.1460672,49,0.35,44.2,27,0.0,0.0,36
97,Physiological & Brain Sensing,4327,2006,uist,Using a low-cost electroencephalograph for task classification in HCI research,10.1145/1166253.1166268,54,0.545,470.8,167,0.22950819672131148,0.375,35
97,Physiological & Brain Sensing,3185,2003,chi,Things happening in the brain while humans learn to use new tools,10.1145/642611.642684,55,0.556,69.8,16,0.375,1.0,36
97,Physiological & Brain Sensing,9649,2013,chi,Using fNIRS brain sensing to evaluate information visualization interfaces,10.1145/2470654.2470723,31,0.313,534.4,112,-0.046511627906976744,-0.136986301369863,22
97,Physiological & Brain Sensing,5268,2008,chi,Feasibility and pragmatics of classifying working memory load with an electroencephalograp,10.1145/1357054.1357187,49,0.495,467.4,191,0.05263157894736842,-0.21428571428571427,34
97,Physiological & Brain Sensing,5621,2009,chi,Brain measurement for usability testing and adaptive interfaces,10.1145/1518701.1519035,45,0.455,527.7,105,0.0975609756097561,-0.05263157894736842,33
97,Physiological & Brain Sensing,5658,2009,chi,A performance model of selection techniques for p300-based brain-computer interfaces,10.1145/1518701.1519037,44,0.444,24.4,7,1.0,1.0,29
97,Physiological & Brain Sensing,5979,2009,uist,Using fNIRS brain sensing in realistic HCI settings,10.1145/1622176.1622207,43,0.434,523.2,114,-0.14893617021276595,-0.42105263157894735,28
98,Interruptions & Multitasking,3588,2004,chi,"""Constant, constant, multi-tasking craziness""",10.1145/985692.985707,121,0.846,1416.0,705,0.3553299492385787,-0.11475409836065574,42
98,Interruptions & Multitasking,5221,2008,chi,The cost of interrupted work,10.1145/1357054.1357072,89,0.622,879.9,650,-0.07570977917981073,0.01818181818181818,29
98,Interruptions & Multitasking,3911,2005,chi,No task left behind?,10.1145/1054972.1055017,112,0.783,953.3,489,-0.134185303514377,-0.22988505747126436,39
98,Interruptions & Multitasking,3439,2004,chi,A diary study of task switching and interruptions,10.1145/985692.985715,119,0.832,1518.9,817,0.4474885844748858,0.034482758620689655,42
98,Interruptions & Multitasking,4662,2007,chi,Disruption and recovery of computing tasks,10.1145/1240624.1240730,108,0.755,1130.6,294,-0.13194444444444445,-0.16666666666666666,38
98,Interruptions & Multitasking,954,1992,chi,The utility of various windowing capabilities for single-task and multi-task environments,10.1145/1125021.1125070,120,0.839,31.7,2,1.0,,43
99,Vehicle-Pedestrian Communication,19844,2020,chi,Color and Animation Preferences for a Light Band eHMI in Interactions Between Automated Ve,10.1145/3313831.3376325,38,0.427,687.8,140,0.34615384615384615,0.2916666666666667,11
99,Vehicle-Pedestrian Communication,20039,2020,chi,Towards Inclusive External Communication of Autonomous Vehicles for Pedestrians with Visio,10.1145/3313831.3376472,34,0.382,647.5,91,-0.03836930455635491,-0.04054054054054054,11
99,Vehicle-Pedestrian Communication,11081,2014,chi,Smart flashlight,10.1145/2556288.2557289,59,0.663,158.2,35,0.35294117647058826,0.17391304347826086,22
99,Vehicle-Pedestrian Communication,810,1991,chi,PICTIVE---an exploration in participatory design,10.1145/108844.108896,62,0.697,39.6,234,0.0375,0.024390243902439025,56
99,Vehicle-Pedestrian Communication,11756,2015,mobilehci,LEaD,10.1145/2785830.2785831,57,0.64,178.2,29,0.03571428571428571,0.0,15
99,Vehicle-Pedestrian Communication,16364,2018,chi,Communicating Awareness and Intent in Autonomous Vehicle-Pedestrian Interaction,10.1145/3173574.3174003,59,0.663,1009.5,356,0.8958333333333334,0.896551724137931,14
99,Vehicle-Pedestrian Communication,20332,2020,chi,A Longitudinal Video Study on Communicating Status and Intent for Self-Driving Vehicle Ped,10.1145/3313831.3376484,46,0.517,600.9,78,-0.09166666666666666,-0.09900990099009901,10
99,Vehicle-Pedestrian Communication,22384,2021,chi,A Taxonomy of Vulnerable Road Users for HCI Based On A Systematic Literature Review,10.1145/3411764.3445480,30,0.337,665.5,93,-0.17857142857142858,-0.17857142857142858,10
99,Vehicle-Pedestrian Communication,9621,2013,iui,Vibrobelt,10.1145/2449396.2449450,57,0.64,280.2,61,0.22727272727272727,0.09523809523809523,21
100,Smartphone Use & Wellbeing,9793,2013,chi,"Limiting, leaving, and (re)lapsing",10.1145/2470654.2466446,110,0.84,1256.3,316,0.2,0.2184873949579832,26
100,Smartphone Use & Wellbeing,13345,2016,chi,MyTime,10.1145/2858036.2858403,89,0.679,1572.6,141,-0.06003159557661927,-0.05865102639296188,19
100,Smartphone Use & Wellbeing,16226,2018,imwut,What Makes Smartphone Use Meaningful or Meaningless?,10.1145/3191754,74,0.565,1551.6,207,-0.07876712328767123,-0.08791208791208792,16
100,Smartphone Use & Wellbeing,19483,2019,chi,Self-Control in Cyberspace,10.1145/3290605.3300361,67,0.511,1447.9,211,-0.057291666666666664,-0.06763285024154589,14
100,Smartphone Use & Wellbeing,4745,2007,chi,Project massive,10.1145/1240624.1240749,101,0.771,25.6,122,1.0,,26
100,Smartphone Use & Wellbeing,9172,2013,chi,Stories of the Smartphone in everyday discourse,10.1145/2470654.2466134,108,0.824,842.0,144,0.013879250520471894,0.005405405405405406,26
100,Smartphone Use & Wellbeing,13271,2016,chi,Lock n' LoL,10.1145/2858036.2858568,91,0.695,1519.5,109,-0.08902691511387163,-0.09274193548387097,19
100,Smartphone Use & Wellbeing,10971,2014,chi,Hooked on smartphones,10.1145/2556288.2557366,100,0.763,918.1,195,0.12903225806451613,0.125,25
100,Smartphone Use & Wellbeing,9916,2013,cscw,Managing mobile multitasking,10.1145/2441776.2441945,109,0.832,793.7,115,0.1274131274131274,0.12380952380952381,26
100,Smartphone Use & Wellbeing,11743,2015,cscw,NUGU,10.1145/2675133.2675244,96,0.733,1666.0,176,-0.03929273084479371,-0.06074766355140187,21
101,Mobile Language Learning,8576,2012,chi,Evaluating the implicit acquisition of second language vocabulary using a live wallpaper,10.1145/2207676.2208598,29,0.257,328.9,53,-0.23809523809523808,-0.35294117647058826,24
101,Mobile Language Learning,7777,2011,chi,MicroMandarin,10.1145/1978942.1979413,30,0.265,425.4,140,0.7272727272727273,0.7,25
101,Mobile Language Learning,2405,2000,chi,Developing a context-aware electronic tourist guide,10.1145/332040.332047,43,0.381,391.9,962,0.95,0.9545454545454546,44
101,Mobile Language Learning,5509,2008,chi,A diary study of mobile information needs,10.1145/1357054.1357125,14,0.124,257.9,331,0.06349206349206349,0.02857142857142857,38
101,Mobile Language Learning,4241,2006,chi,A large scale study of wireless search behavior,10.1145/1124772.1124877,48,0.425,117.1,284,1.0,1.0,39
101,Mobile Language Learning,15409,2017,mobilehci,Language learning on-the-go,10.1145/3098279.3098565,21,0.186,259.8,76,-0.04477611940298507,-0.06097560975609756,12
101,Mobile Language Learning,6548,2010,ubicomp,Identifying the activities supported by locations with community-authored content,10.1145/1864349.1864354,32,0.283,73.4,25,0.04,0.05263157894736842,25
101,Mobile Language Learning,7063,2011,chi,Augmenting the web for second language vocabulary learning,10.1145/1978942.1979414,30,0.265,91.6,36,1.0,1.0,25
102,Eye Movements & Cognition,195,1983,chi,An experimental evaluation of on-line HELP for non-programmers,10.1145/800045.801626,7,0.179,89.5,30,1.0,1.0,62
102,Eye Movements & Cognition,5415,2008,tochi,Investigating the Roles of Knowledge and Cognitive Abilities in Older Adult Information Se,10.1145/1352782.1352785,7,0.179,91.0,218,1.0,1.0,26
102,Eye Movements & Cognition,1194,1994,chi,Raison d'Etre,10.1145/191666.191741,10,0.256,98.9,53,1.0,1.0,53
102,Eye Movements & Cognition,1069,1992,chi,Evaluating two aspects of direct manipulation in advanced cockpits,10.1145/142750.142770,5,0.128,82.7,59,1.0,1.0,37
102,Eye Movements & Cognition,5657,2009,chi,Adaptive information search,10.1145/1518701.1518961,6,0.154,75.8,61,-0.25,-0.5714285714285714,25
102,Eye Movements & Cognition,5215,2008,assets,How older and younger adults differ in their approach to problem solving on a complex webs,10.1145/1414471.1414485,7,0.179,71.0,56,1.0,1.0,27
103,Affect Recognition,2688,2001,iui,An integrated environment for knowledge acquisition,10.1145/359784.359819,1,0.014,9.7,101,1.0,1.0,33
103,Affect Recognition,2789,2002,iui,New paradigms in problem solving environments for scientific computing,10.1145/502716.502726,2,0.027,0.0,30,1.0,1.0,2
103,Affect Recognition,10665,2014,chi,Design insights for the next wave ontology authoring tools,10.1145/2556288.2557284,2,0.027,36.6,21,1.0,1.0,19
103,Affect Recognition,3983,2006,ubicomp,Automated Application-Specific Tuning of Parameterized Sensor-Based Embedded System Buildi,10.1007/11853565_30,1,0.014,0.0,10,,,1
103,Affect Recognition,23572,2022,tei,Empty Mind: an exploration towards an autonomous digital experience and aesthetics within ,10.1145/3490149.3507785,1,0.014,0.0,1,1.0,1.0,1
103,Affect Recognition,3636,2004,iui,An intelligent assistant for interactive workflow composition,10.1145/964442.964466,1,0.014,0.7,91,1.0,1.0,1
103,Affect Recognition,214,1985,chi,Documentation of Concurrent Programs,10.1177/001872088502700406,1,0.014,0.0,15,1.0,1.0,1
103,Affect Recognition,2519,2000,iui,User studies of an interdependency-based interface for acquiring problem-solving knowledge,10.1145/325737.325817,3,0.041,0.0,15,1.0,1.0,2
103,Affect Recognition,3193,2003,iui,Personal choice point,10.1145/604045.604057,2,0.027,0.0,25,1.0,1.0,22
104,RF & Wi-Fi Sensing,18754,2019,imwut,FarSense,10.1145/3351279,81,0.413,1605.1,424,-0.20833333333333334,-0.25,12
104,RF & Wi-Fi Sensing,17092,2018,imwut,FullBreathe,10.1145/3264958,102,0.52,923.9,204,-0.20754716981132076,-0.19736842105263158,14
104,RF & Wi-Fi Sensing,12040,2015,ubicomp,DoppleSleep,10.1145/2750858.2804280,144,0.735,380.3,178,0.17525773195876287,0.2653061224489796,19
104,RF & Wi-Fi Sensing,12107,2015,chi,Smart Homes that Monitor Breathing and Heart Rate,10.1145/2702123.2702200,157,0.801,1238.5,895,0.35555555555555557,0.32727272727272727,21
104,RF & Wi-Fi Sensing,10220,2014,ubicomp,Intelligent sleep stage mining service with smartphones,10.1145/2632048.2632084,145,0.74,72.9,80,0.030303030303030304,0.04878048780487805,20
104,RF & Wi-Fi Sensing,13771,2016,ubicomp,Human respiration detection with commodity wifi devices,10.1145/2971648.2971744,147,0.75,1498.1,481,0.09900990099009901,-0.03571428571428571,19
104,RF & Wi-Fi Sensing,13905,2016,ubicomp,Gait recognition using wifi signals,10.1145/2971648.2971670,152,0.776,860.3,561,1.0,1.0,16
104,RF & Wi-Fi Sensing,20791,2020,imwut,MultiSense,10.1145/3411816,52,0.265,896.9,210,-0.12195121951219512,-0.11764705882352941,10
105,Wearable Activity Recognition,19457,2019,imwut,Multi-task Self-Supervised Learning for Human Activity Detection,10.1145/3328932,54,0.4,819.6,340,0.4307692307692308,0.39285714285714285,10
105,Wearable Activity Recognition,14631,2017,imwut,Ensembles of Deep LSTM Learners for Activity Recognition using Wearables,10.1145/3090076,103,0.763,1168.5,508,0.13259668508287292,0.13953488372093023,13
105,Wearable Activity Recognition,9067,2013,ubicomp,ClimbAX,10.1145/2493432.2493492,114,0.844,78.9,121,0.40625,0.3333333333333333,23
105,Wearable Activity Recognition,19790,2020,imwut,A Systematic Study of Unsupervised Domain Adaptation for Robust Human-Activity Recognition,10.1145/3380985,70,0.519,659.9,128,0.5909090909090909,0.5952380952380952,12
105,Wearable Activity Recognition,24785,2022,imwut,Assessing the State of Self-Supervised Human Activity Recognition Using Wearables,10.1145/3550299,27,0.2,586.2,100,-0.15254237288135594,-0.15254237288135594,7
105,Wearable Activity Recognition,8822,2012,ubicomp,Automatic assessment of problem behavior in individuals with developmental disabilities,10.1145/2370216.2370276,111,0.822,217.4,131,0.4,0.375,25
105,Wearable Activity Recognition,12567,2015,ubicomp,Beyond activity recognition,10.1145/2750858.2807534,107,0.793,201.9,68,0.03870967741935484,0.012048192771084338,15
105,Wearable Activity Recognition,12574,2015,ubicomp,Let's (not) stick together,10.1145/2750858.2807551,107,0.793,140.3,93,0.19298245614035087,0.14705882352941177,18
105,Wearable Activity Recognition,23679,2022,imwut,ColloSSL,10.1145/3517246,40,0.296,674.4,104,-0.1232876712328767,-0.1232876712328767,9
106,Activity & Ambient Sensing,8800,2012,ubicomp,SpiroSmart,10.1145/2370216.2370261,92,0.191,547.3,249,0.43103448275862066,0.3157894736842105,24
106,Activity & Ambient Sensing,3907,2005,ubicomp,Accurate GSM Indoor Localization,10.1007/11551201_9,131,0.272,104.6,447,0.5172413793103449,0.5384615384615384,35
106,Activity & Ambient Sensing,8899,2012,ubicomp,BodyScope,10.1145/2370216.2370269,108,0.224,641.1,309,0.09433962264150944,-0.015873015873015872,25
106,Activity & Ambient Sensing,11596,2015,ubicomp,A practical approach for recognizing eating moments with wrist-mounted inertial sensing,10.1145/2750858.2807545,72,0.149,704.3,304,0.11818181818181818,0.07352941176470588,19
106,Activity & Ambient Sensing,3951,2005,ubicomp,Analysis of Chewing Sounds for Dietary Monitoring,10.1007/11551201_4,173,0.359,150.6,215,1.0,1.0,37
106,Activity & Ambient Sensing,3218,2003,ubicomp,RightSPOT: A Novel Sense of Location for a Smart Personal Object,10.1007/978-3-540-39653-6_3,143,0.297,169.2,134,1.0,1.0,41
106,Activity & Ambient Sensing,3314,2004,ubicomp,Particle Filters for Location Estimation in Ubiquitous Computing: A Case Study,10.1007/978-3-540-30119-6_6,129,0.268,36.5,208,0.35,0.375,37
106,Activity & Ambient Sensing,17303,2018,uist,Ubicoustics,10.1145/3242587.3242609,34,0.071,642.8,134,0.0728476821192053,0.0625,15
106,Activity & Ambient Sensing,7224,2011,ubicomp,Accurate and privacy preserving cough sensing using a low-cost microphone,10.1145/2030112.2030163,171,0.355,512.4,227,0.08333333333333333,0.13580246913580246,27
109,Sketch-based Modelling,15072,2017,chi,Experimental Evaluation of Sketching on Surfaces in VR,10.1145/3025453.3025474,27,0.519,740.0,197,0.17293233082706766,0.15384615384615385,17
109,Sketch-based Modelling,17632,2018,chi,Agile 3D Sketching with Air Scaffolding,10.1145/3173574.3173812,20,0.385,351.9,44,-0.11392405063291139,-0.17391304347826086,16
109,Sketch-based Modelling,1378,1995,tochi,HoloSketch,10.1145/210079.210087,40,0.769,214.6,162,1.0,1.0,45
109,Sketch-based Modelling,16335,2018,chi,SymbiosisSketch,10.1145/3173574.3173759,20,0.385,577.6,185,-0.14634146341463414,-0.17475728155339806,16
109,Sketch-based Modelling,5424,2008,uist,ILoveSketch,10.1145/1449715.1449740,35,0.673,505.2,292,0.04696132596685083,0.03225806451612903,32
109,Sketch-based Modelling,19960,2020,chi,VRSketchIn,10.1145/3313831.3376628,16,0.308,456.1,154,-0.11351351351351352,-0.10650887573964497,14
109,Sketch-based Modelling,3002,2002,chi,Creating principal 3D curves with digital tape drawing,10.1145/503376.503398,37,0.712,330.1,122,-0.019867549668874173,-0.11764705882352941,42
109,Sketch-based Modelling,3547,2004,chi,A suggestive interface for image guided 3D sketching,10.1145/985692.985767,36,0.692,170.9,96,-0.02197802197802198,-0.06976744186046512,35
109,Sketch-based Modelling,1182,1994,uist,A mark-based interaction paradigm for free-hand drawing,10.1145/192426.192496,36,0.692,34.3,82,1.0,1.0,50
109,Sketch-based Modelling,2591,2001,chi,Surface drawing,10.1145/365024.365114,39,0.75,347.8,263,0.06498194945848375,0.03125,43
111,Near-eye & Foveated Displays,17056,2018,imwut,FocusVR,10.1145/3264952,1,0.05,18.8,10,0.2222222222222222,0.0,1
111,Near-eye & Foveated Displays,9795,2013,ubicomp,FOCUS,10.1145/2493432.2493445,3,0.15,30.9,59,0.0,-0.5,2
111,Near-eye & Foveated Displays,13187,2016,chi,Gaze-Contingent Manipulation of Color Perception,10.1145/2858036.2858320,1,0.05,17.1,11,0.0,0.5,16
111,Near-eye & Foveated Displays,28523,2024,chi,MOSion: Gaze Guidance with Motion-triggered Visual Cues by Mosaic Patterns,10.1145/3613904.3642577,1,0.05,30.2,8,0.1111111111111111,0.1111111111111111,1
111,Near-eye & Foveated Displays,3574,2004,chi,Sharp or smooth?,10.1145/985692.985760,2,0.1,1.9,173,1.0,,20
111,Near-eye & Foveated Displays,10874,2014,chi,Depth perception with gaze-contingent depth of field,10.1145/2556288.2557089,3,0.15,67.7,63,1.0,1.0,19
111,Near-eye & Foveated Displays,26557,2023,chi,The Effects of Frame Rate Variation on Game Player Quality of Experience,10.1145/3544548.3580665,1,0.05,0.0,22,1.0,1.0,4
112,Texture & Image Synthesis,8129,2012,uist,Cliplets,10.1145/2380116.2380149,2,0.083,30.1,57,0.4,0.35714285714285715,28
112,Texture & Image Synthesis,14084,2016,uist,Interactive Volume Segmentation with Threshold Field Painting,10.1145/2984511.2984537,1,0.042,19.5,15,1.0,1.0,7
112,Texture & Image Synthesis,17831,2019,tei,Kyne,10.1145/3294109.3301270,1,0.042,0.0,1,1.0,1.0,3
112,Texture & Image Synthesis,1484,1996,chi,Assessing the effect of non-photorealistic rendered images in CAD,10.1145/238386.238398,1,0.042,28.9,112,0.26666666666666666,0.2,44
112,Texture & Image Synthesis,6870,2010,uist,MAI painting brush,10.1145/1866029.1866045,2,0.083,44.7,29,0.09302325581395349,0.14285714285714285,31
112,Texture & Image Synthesis,18423,2019,chi,Painting with CATS,10.1145/3290605.3300287,2,0.083,48.7,17,0.25,0.4,13
116,3D Reconstruction & Motion Capture,29954,2024,uist,MobilePoser: Real-Time Full-Body Pose Estimation and 3D Human Translation from IMUs in Mob,10.1145/3654777.3676461,6,0.24,252.1,30,-0.06666666666666667,-0.06666666666666667,3
116,3D Reconstruction & Motion Capture,30499,2024,imwut,PressInPose: Integrating Pressure and Inertial Sensors for Full-Body Pose Estimation in Ac,10.1145/3699773,3,0.12,119.7,5,-0.06451612903225806,-0.06451612903225806,3
116,3D Reconstruction & Motion Capture,26532,2023,chi,"IMUPoser: Full-Body Pose Estimation using IMUs in Phones, Watches, and Earbuds",10.1145/3544548.3581392,13,0.52,526.0,96,0.1415929203539823,0.1415929203539823,7
116,3D Reconstruction & Motion Capture,27208,2023,imwut,MI-Poser,10.1145/3610891,7,0.28,161.1,13,-0.015723270440251572,-0.015723270440251572,4
116,3D Reconstruction & Motion Capture,27538,2023,uist,SmartPoser: Arm Pose Estimation with a Smartphone and Smartwatch Using UWB and IMU Data,10.1145/3586183.3606821,8,0.32,201.6,29,-0.11702127659574468,-0.11702127659574468,4
117,Gesture Generation & Simulation,3170,2003,uist,Automatic thumbnail cropping and its effectiveness,10.1145/964696.964707,5,0.227,91.3,425,0.20833333333333334,0.15384615384615385,40
117,Gesture Generation & Simulation,32102,2025,chi,AEGIS: Human Attention-based Explainable Guidance for Intelligent Vehicle Systems,10.1145/3706598.3713779,0,0.0,0.0,0,,,0
117,Gesture Generation & Simulation,21685,2021,iui,"A Large, Crowdsourced Evaluation of Gesture Generation Systems on Common Data: The GENEA C",10.1145/3397481.3450692,1,0.045,39.0,69,,,10
117,Gesture Generation & Simulation,4278,2006,chi,Gaze-based interaction for semi-automatic photo cropping,10.1145/1124772.1124886,2,0.091,49.7,353,0.14285714285714285,0.16666666666666666,29
117,Gesture Generation & Simulation,3831,2005,uist,Automatic image retargeting with fisheye-view warping,10.1145/1095034.1095061,1,0.045,26.7,180,-0.02857142857142857,-0.06666666666666667,1
118,Public & Ambient Displays,3397,2004,cscw,Territoriality in collaborative tabletop workspaces,10.1145/1031607.1031655,310,0.534,2424.3,616,0.18159806295399517,-0.09574468085106383,41
118,Public & Ambient Displays,3558,2004,uist,Interactive public ambient displays,10.1145/1029632.1029656,298,0.513,1950.9,651,0.07765830346475508,-0.022900763358778626,40
118,Public & Ambient Displays,1519,1996,uist,Local tools,10.1145/237091.237116,430,0.74,328.5,70,0.16842105263157894,0.09090909090909091,48
118,Public & Ambient Displays,1650,1996,chi,Dual device user interface design,10.1145/238386.238408,481,0.828,252.4,119,0.1276595744680851,0.18181818181818182,50
118,Public & Ambient Displays,1843,1997,uist,Pick-and-drop,10.1145/263407.263505,479,0.824,1439.9,607,0.16,0.05128205128205128,49
118,Public & Ambient Displays,791,1991,chi,Documents as user interfaces,10.1145/108844.108994,430,0.74,44.4,34,1.0,1.0,57
118,Public & Ambient Displays,2233,1999,chi,i-LAND,10.1145/302979.303010,444,0.764,1469.1,572,0.024630541871921183,-0.01818181818181818,47
118,Public & Ambient Displays,8123,2012,chi,Looking glass,10.1145/2207676.2207718,130,0.224,1785.4,286,-0.042704626334519574,-0.09154929577464789,27
118,Public & Ambient Displays,5277,2008,chi,"It's Mine, Don't Touch!",10.1145/1357054.1357255,248,0.427,2022.9,455,0.025157232704402517,0.00847457627118644,32
119,Telepresence & Remote Collaboration,1025,1992,chi,ClearBoard,10.1145/142750.142977,380,0.87,834.6,530,0.1511627906976744,0.08695652173913043,53
119,Telepresence & Remote Collaboration,707,1990,chi,VideoDraw: a video interface for collaborative drawing,10.1145/97243.97302,370,0.847,270.9,195,0.313953488372093,0.0,57
119,Telepresence & Remote Collaboration,836,1991,chi,Disembodied Conduct,10.1145/108844.108859,382,0.874,687.0,304,1.0,1.0,55
119,Telepresence & Remote Collaboration,12964,2016,cscw,Room2Room,10.1145/2818048.2819965,156,0.357,1519.6,215,-0.05714285714285714,-0.03508771929824561,20
119,Telepresence & Remote Collaboration,16739,2018,chi,Mini-Me,10.1145/3173574.3173620,126,0.288,1508.1,351,-0.08928571428571429,-0.11235955056179775,16
119,Telepresence & Remote Collaboration,743,1991,chi,VideoWhiteboard,10.1145/108844.108932,382,0.874,601.6,241,0.7285714285714285,0.47058823529411764,56
119,Telepresence & Remote Collaboration,11077,2014,uist,World-stabilized annotations and virtual scene navigation for remote collaboration,10.1145/2642918.2647372,217,0.497,1339.6,192,0.021505376344086023,0.05,23
119,Telepresence & Remote Collaboration,1041,1992,chi,Using spatial cues to improve videoconferencing,10.1145/142750.143070,372,0.851,510.4,190,1.0,1.0,51
119,Telepresence & Remote Collaboration,19028,2019,uist,Loki,10.1145/3332165.3347872,93,0.213,1662.0,161,-0.075,-0.08843537414965986,13
119,Telepresence & Remote Collaboration,13983,2016,uist,Holoportation,10.1145/2984511.2984517,149,0.341,2131.3,651,-0.039473684210526314,0.0,18
120,Real-time Groupware,962,1992,cscw,Awareness and coordination in shared workspaces,10.1145/143457.143468,249,0.519,1129.0,2508,0.5094339622641509,0.1111111111111111,51
120,Real-time Groupware,709,1990,cscw,Rendezvous: an architecture for synchronous multi-user applications,10.1145/99332.99364,267,0.556,1059.3,194,0.5227272727272727,0.40625,56
120,Real-time Groupware,1478,1996,tochi,"Building real-time groupware with GroupKit, a groupware toolkit",10.1145/226159.226162,166,0.346,1044.9,511,-0.004484304932735426,-0.12280701754385964,50
120,Real-time Groupware,266,1986,cscw,A performing medium for working group graphics,10.1145/637069.637105,347,0.723,91.1,19,1.0,1.0,61
120,Real-time Groupware,267,1986,cscw,Cognoter,10.1145/637069.637072,358,0.746,294.5,82,1.0,1.0,61
120,Real-time Groupware,304,1986,cscw,An experiment in integrated multimedia conferencing,10.1145/637069.637106,342,0.713,739.1,136,1.0,1.0,59
120,Real-time Groupware,468,1988,cscw,Patterns of contact and communication in scientific research collaboration,10.1145/62266.62267,345,0.719,725.1,586,0.782051282051282,0.5,60
120,Real-time Groupware,1079,1992,chi,Portholes,10.1145/142750.142982,255,0.531,1114.7,908,0.09583333333333334,-0.175,53
120,Real-time Groupware,471,1988,cscw,Design of a multi-media vehicle for social browsing,10.1145/62266.62269,344,0.717,1153.6,274,0.25,0.4444444444444444,59
121,VR Locomotion,1376,1995,tochi,Taking steps,10.1145/210079.210084,96,0.701,256.6,708,1.0,1.0,45
121,VR Locomotion,1145,1993,uist,A toolset for navigation in virtual environments,10.1145/168642.168658,66,0.482,180.1,287,0.4782608695652174,0.375,51
121,VR Locomotion,13958,2016,chiplay,Point &amp; Teleport Locomotion Technique for Virtual Reality,10.1145/2967934.2968105,70,0.511,740.1,448,0.5846153846153846,0.3939393939393939,18
121,VR Locomotion,16751,2018,chi,Object Manipulation in Virtual Reality Under Increasing Levels of Translational Gain,10.1145/3173574.3173673,44,0.321,456.5,66,-0.024074074074074074,-0.030303030303030304,17
121,VR Locomotion,13588,2016,chi,VR-STEP,10.1145/2858036.2858084,65,0.474,578.4,141,0.05263157894736842,0.0,20
121,VR Locomotion,1881,1997,uist,The omni-directional treadmill,10.1145/263407.263550,92,0.672,281.2,369,1.0,1.0,43
121,VR Locomotion,18298,2019,chi,Assessing the Accuracy of Point &amp; Teleport Locomotion with Orientation Indication for ,10.1145/3290605.3300377,30,0.219,393.9,81,-0.04979253112033195,-0.053763440860215055,11
121,VR Locomotion,17948,2019,chi,I'm a Giant,10.1145/3290605.3300752,37,0.27,381.9,83,-0.0196078431372549,-0.06578947368421052,16
122,AR Authoring & Prototyping,2560,2000,chi,Alice,10.1145/332040.332481,151,0.503,119.7,214,0.3902439024390244,0.4166666666666667,45
122,AR Authoring & Prototyping,16737,2018,chi,ProtoAR,10.1145/3173574.3173927,125,0.417,1411.1,95,0.0,-0.040625,18
122,AR Authoring & Prototyping,18179,2019,chi,360proto,10.1145/3290605.3300826,123,0.41,1398.8,91,-0.21666666666666667,-0.29545454545454547,14
122,AR Authoring & Prototyping,8772,2012,chi,LightGuide,10.1145/2207676.2207702,161,0.537,477.6,142,-0.014373716632443531,-0.03398058252427184,27
122,AR Authoring & Prototyping,3237,2003,chi,Comparative effectiveness of augmented reality in object assembly,10.1145/642611.642626,154,0.513,184.0,590,1.0,,29
122,AR Authoring & Prototyping,19973,2020,chi,Pronto: Rapid Augmented Reality Video Prototyping Using Sketches and Enaction,10.1145/3313831.3376160,107,0.357,1646.3,97,-0.10362694300518134,-0.12209302325581395,13
122,AR Authoring & Prototyping,8491,2012,uist,3D puppetry,10.1145/2380116.2380170,150,0.5,797.5,124,0.033632286995515695,0.007407407407407408,26
122,AR Authoring & Prototyping,23371,2021,uist,Rapido: Prototyping Interactive AR Experiences through Programming by Demonstration,10.1145/3472749.3474774,84,0.28,1064.9,57,-0.13186813186813187,-0.13186813186813187,10
122,AR Authoring & Prototyping,9914,2013,uist,YouMove,10.1145/2501988.2502045,160,0.533,1104.3,314,0.07900677200902935,0.021052631578947368,21
123,VR Presence & Avatars,17345,2018,chiplay,Up to the Finger Tip,10.1145/3242671.3242675,47,0.379,278.3,50,-0.055248618784530384,-0.07377049180327869,14
123,VR Presence & Avatars,15044,2017,chi,"""These are not my hands!""",10.1145/3025453.3025602,73,0.589,722.6,209,-0.001876172607879925,-0.004273504273504274,20
123,VR Presence & Avatars,11435,2015,chiplay,Integrated Questionnaires,10.1145/2793107.2793130,74,0.597,59.1,50,1.0,1.0,21
123,VR Presence & Avatars,7632,2011,chi,The aligned rank transform for nonparametric factorial analyses using only anova procedure,10.1145/1978942.1978963,79,0.637,560.0,2777,0.6185410334346505,0.22727272727272727,31
123,VR Presence & Avatars,18323,2019,chi,Using Presence Questionnaires in Virtual Reality,10.1145/3290605.3300590,44,0.355,488.0,416,0.02295918367346939,0.026217228464419477,11
123,VR Presence & Avatars,18007,2019,chi,Virtual Performance Augmentation in an Immersive Jump &amp; Run Exergame,10.1145/3290605.3300388,35,0.282,397.3,81,-0.14084507042253522,-0.17117117117117117,12
123,VR Presence & Avatars,15582,2017,chiplay,"""Where's Pinky?""",10.1145/3116595.3116596,66,0.532,392.4,75,-0.004694835680751174,-0.005649717514124294,17
124,Avatars & Social VR,18536,2019,chi,Shaping Pro-Social Interaction in VR,10.1145/3290605.3300794,125,0.622,1887.9,213,0.1409090909090909,0.08053691275167785,13
124,Avatars & Social VR,19368,2019,pacmhci,Harassment in Social Virtual Reality,10.1145/3359202,108,0.537,1632.7,211,0.07219251336898395,0.06439393939393939,15
124,Avatars & Social VR,21006,2020,pacmhci,"""Talking without a Voice""",10.1145/3415246,108,0.537,1517.3,233,0.009416195856873822,-0.0022471910112359553,11
124,Avatars & Social VR,5936,2009,chi,Body and mind,10.1145/1518701.1518877,142,0.706,808.9,442,0.20297029702970298,0.11904761904761904,28
124,Avatars & Social VR,21076,2020,chiplay,Falling Asleep Together: What Makes Activities in Social Virtual Reality Meaningful to Use,10.1145/3410404.3414266,108,0.537,1757.7,161,-0.04013377926421405,-0.04743083003952569,11
124,Avatars & Social VR,2294,2000,tochi,An experimental study on the role of touch in shared virtual environments,10.1145/365058.365082,127,0.632,35.1,444,0.3469387755102041,0.3333333333333333,28
124,Avatars & Social VR,1434,1995,chi,User embodiment in collaborative virtual environments,10.1145/223904.223935,142,0.706,208.3,377,0.7846153846153846,0.5833333333333334,50
124,Avatars & Social VR,21403,2021,pacmhci,"Body, Avatar, and Me",10.1145/3432938,97,0.483,2323.4,312,-0.051047120418848166,-0.051047120418848166,10
124,Avatars & Social VR,16861,2018,dis,Your Place and Mine,10.1145/3196709.3196788,126,0.627,520.6,80,0.03111111111111111,0.021739130434782608,15
125,Immersive Mixed Reality,23969,2022,chi,Where Should We Put It? Layout and Placement Strategies of Documents in Augmented Reality ,10.1145/3491102.3501946,42,0.288,840.7,83,-0.09722222222222222,-0.09722222222222222,8
125,Immersive Mixed Reality,15716,2017,uist,ImAxes,10.1145/3126594.3126613,79,0.541,693.8,217,0.10837438423645321,0.12,12
125,Immersive Mixed Reality,16518,2018,chi,OptiSpace,10.1145/3173574.3173843,81,0.555,412.0,38,-0.02857142857142857,-0.041666666666666664,14
125,Immersive Mixed Reality,21520,2021,chi,Grand Challenges in Immersive Analytics,10.1145/3411764.3446866,61,0.418,756.8,209,-0.027210884353741496,-0.027210884353741496,9
125,Immersive Mixed Reality,1173,1993,uist,Windows on the world,10.1145/168642.168657,100,0.685,241.8,287,0.4,-0.14285714285714285,52
125,Immersive Mixed Reality,19033,2019,uist,Context-Aware Online Adaptation of Mixed Reality Interfaces,10.1145/3332165.3347945,76,0.521,913.4,239,0.01509433962264151,-0.024509803921568627,13
125,Immersive Mixed Reality,15642,2017,uist,HeatSpace,10.1145/3126594.3126621,84,0.575,474.1,41,-0.007692307692307693,-0.010752688172043012,15
125,Immersive Mixed Reality,2620,2001,uist,View management for virtual and augmented reality,10.1145/502348.502363,97,0.664,451.5,326,0.09202453987730061,0.11764705882352941,38
125,Immersive Mixed Reality,23133,2021,uist,SemanticAdapt: Optimization-based Adaptation of Mixed Reality Layouts Leveraging Virtual-P,10.1145/3472749.3474750,53,0.363,1029.7,134,-0.132013201320132,-0.132013201320132,9
125,Immersive Mixed Reality,831,1991,uist,Hybrid user interfaces,10.1145/120782.120783,104,0.712,159.6,132,0.2872340425531915,0.05714285714285714,53
126,Asymmetric Mixed Reality,8805,2012,uist,Steerable augmented reality with the beamatron,10.1145/2380116.2380169,93,0.762,281.6,99,-0.04310344827586207,-0.06766917293233082,26
126,Asymmetric Mixed Reality,15079,2017,chi,ShareVR,10.1145/3025453.3025683,67,0.549,1063.1,300,0.016793893129770993,-0.009230769230769232,18
126,Asymmetric Mixed Reality,18440,2019,chi,What is Mixed Reality?,10.1145/3290605.3300767,36,0.295,552.8,641,0.04408817635270541,0.026954177897574125,15
126,Asymmetric Mixed Reality,10889,2014,uist,RoomAlive,10.1145/2642918.2647383,90,0.738,451.6,305,0.03322259136212625,-0.02666666666666667,25
126,Asymmetric Mixed Reality,11274,2014,uist,Dyadic projected spatial augmented reality,10.1145/2642918.2647402,72,0.59,122.3,103,-0.037037037037037035,-0.0547945205479452,24
126,Asymmetric Mixed Reality,8618,2012,chi,Shake'n'sense,10.1145/2207676.2208335,92,0.754,110.1,114,0.06153846153846154,0.10344827586206896,26
126,Asymmetric Mixed Reality,16647,2018,chi,The Dream is Collapsing,10.1145/3173574.3174057,48,0.393,550.9,107,0.03214285714285714,-0.005494505494505495,16
126,Asymmetric Mixed Reality,16815,2018,chi,FaceDisplay,10.1145/3173574.3173628,54,0.443,713.2,104,-0.11570247933884298,-0.1242603550295858,11
126,Asymmetric Mixed Reality,8729,2012,chi,MirageTable,10.1145/2207676.2207704,95,0.779,256.0,220,-0.019083969465648856,-0.09174311926605505,28
126,Asymmetric Mixed Reality,15450,2017,mobilehci,FrontFace,10.1145/3098279.3098548,59,0.484,605.5,65,-0.05,-0.11594202898550725,16
127,AR Depth Perception,3201,2003,iui,Presenting route instructions on mobile devices,10.1145/604045.604066,12,0.176,127.9,180,0.22727272727272727,-0.09090909090909091,42
127,AR Depth Perception,6851,2010,chi,pCubee,10.1145/1753326.1753535,4,0.059,112.1,74,0.04430379746835443,0.0,30
127,AR Depth Perception,2888,2002,iui,A resource-adaptive mobile navigation system,10.1145/502716.502723,17,0.25,190.9,250,0.018867924528301886,0.09090909090909091,43
127,AR Depth Perception,2667,2001,iui,A hybrid indoor navigation system,10.1145/359784.359832,18,0.265,62.4,96,0.04819277108433735,0.18181818181818182,44
127,AR Depth Perception,2737,2001,ubicomp,Low Cost Indoor Positioning System,10.1007/3-540-45427-6_5,5,0.074,105.1,97,1.0,1.0,40
127,AR Depth Perception,2196,1999,tochi,"The relative contributions of stereo, lighting, and background scenes in promoting 3D dept",10.1145/329693.329695,12,0.176,159.4,153,0.3888888888888889,0.0,26
127,AR Depth Perception,2973,2002,iui,Device-dependant modality selection for user-interfaces,10.1145/502716.502728,13,0.191,32.1,34,1.0,1.0,43
127,AR Depth Perception,3231,2003,chi,Mobile computing in the retail arena,10.1145/642611.642670,12,0.176,95.1,85,1.0,1.0,37
128,In-car & Video AR,15048,2017,chi,Vremiere,10.1145/3025453.3025675,28,0.452,326.2,54,0.07894736842105263,0.058823529411764705,20
128,In-car & Video AR,13321,2016,chi,SwiVRChair,10.1145/2858036.2858040,31,0.5,299.8,72,0.2876712328767123,0.3333333333333333,22
128,In-car & Video AR,14987,2017,chi,Watching 360° Videos Together,10.1145/3025453.3025519,21,0.339,185.6,34,0.0,0.0,17
128,In-car & Video AR,8881,2012,chi,360° panoramic overviews for location-based services,10.1145/2207676.2208645,31,0.5,28.1,15,1.0,1.0,24
128,In-car & Video AR,15667,2017,uist,Shot Orientation Controls for Interactive Cinematography with 360 Video,10.1145/3126594.3126636,18,0.29,313.1,57,0.0,0.0,19
128,In-car & Video AR,15157,2017,chi,Tell Me Where to Look,10.1145/3025453.3025757,29,0.468,458.4,138,0.045454545454545456,0.0,19
128,In-car & Video AR,15612,2017,uist,CollaVR,10.1145/3126594.3126659,20,0.323,326.4,65,-0.05263157894736842,-0.06372549019607843,16
130,Haptics & Touch Feedback (haptic),5185,2008,chi,Investigating the effectiveness of tactile feedback for mobile touchscreens,10.1145/1357054.1357300,37,0.398,440.5,432,0.08016877637130802,0.1,32
130,Haptics & Touch Feedback (haptic),2051,1998,uist,An insidious Haptic invasion,10.1145/288392.288573,66,0.71,30.9,44,1.0,1.0,43
130,Haptics & Touch Feedback (haptic),3142,2003,uist,Tactile interfaces for small touch screens,10.1145/964696.964721,68,0.731,563.7,209,0.2714285714285714,0.3333333333333333,43
130,Haptics & Touch Feedback (haptic),7431,2011,chi,Enhancing physicality in touch interaction with programmable friction,10.1145/1978942.1979306,37,0.398,464.1,144,-0.043076923076923075,0.0,29
130,Haptics & Touch Feedback (haptic),6187,2010,uist,TeslaTouch,10.1145/1866029.1866074,47,0.505,787.1,643,0.025210084033613446,-0.03007518796992481,30
130,Haptics & Touch Feedback (haptic),2892,2002,uist,Ambient touch,10.1145/571985.571993,70,0.753,378.9,329,0.024906600249066,-0.017699115044247787,44
130,Haptics & Touch Feedback (haptic),2316,2000,chi,Putting the feel in ’look and feel‘,10.1145/332040.332467,65,0.699,107.1,225,0.6111111111111112,0.75,42
130,Haptics & Touch Feedback (haptic),14892,2017,chi,Generating Haptic Textures with a Vibrotactile Actuator,10.1145/3025453.3025812,20,0.215,411.7,100,0.04184100418410042,0.013422818791946308,19
130,Haptics & Touch Feedback (haptic),4314,2006,chi,A role for haptics in mobile interaction,10.1145/1124772.1124800,63,0.677,268.2,200,0.00823045267489712,-0.07042253521126761,40
131,Force Feedback Devices,14884,2017,chi,Fingertip Tactile Devices for Virtual Object Manipulation and Exploration,10.1145/3025453.3025744,113,0.837,1160.4,154,0.05421686746987952,-0.03125,21
131,Force Feedback Devices,11268,2014,tei,Weight and volume changing device with liquid metal transfer,10.1145/2540930.2540953,111,0.822,301.5,58,0.03857566765578635,0.029411764705882353,26
131,Force Feedback Devices,13257,2016,chi,Dexmo,10.1145/2858036.2858487,117,0.867,249.7,320,1.0,1.0,22
131,Force Feedback Devices,14090,2016,uist,NormalTouch and TextureTouch,10.1145/2984511.2984526,116,0.859,1557.7,286,-0.04833333333333333,-0.08150470219435736,21
131,Force Feedback Devices,15694,2017,uist,Grabity,10.1145/3126594.3126599,104,0.77,1747.8,258,-0.22272727272727272,-0.22377622377622378,20
131,Force Feedback Devices,16180,2018,chi,Haptic Revolver,10.1145/3173574.3173660,95,0.704,1260.1,255,-0.13815789473684212,-0.19289340101522842,18
131,Force Feedback Devices,17626,2018,chi,Thor's Hammer,10.1145/3173574.3174099,87,0.644,1696.4,119,-0.16030534351145037,-0.1774193548387097,17
131,Force Feedback Devices,16092,2018,chi,CLAW,10.1145/3173574.3174228,99,0.733,1775.3,248,-0.16326530612244897,-0.2153846153846154,19
131,Force Feedback Devices,14749,2017,chi,WAVES,10.1145/3025453.3025741,107,0.793,268.3,72,0.6666666666666666,0.5,21
132,Vibrotactile Feedback,6916,2010,chi,BuzzWear,10.1145/1753326.1753392,70,0.47,849.2,138,0.2356687898089172,0.043478260869565216,24
132,Vibrotactile Feedback,7590,2011,chi,Tactile brush,10.1145/1978942.1979235,80,0.537,842.0,347,0.11737089201877934,0.0,25
132,Vibrotactile Feedback,3624,2004,ubicomp,ActiveBelt: Belt-Type Wearable Tactile Display for Directional Navigation,10.1007/978-3-540-30119-6_23,108,0.725,478.6,311,0.3611111111111111,0.25,32
132,Vibrotactile Feedback,5996,2009,chi,Tactile motion instructions for physical activities,10.1145/1518701.1519044,81,0.544,150.7,142,0.11464968152866242,0.04838709677419355,29
132,Vibrotactile Feedback,5708,2009,uist,SemFeel,10.1145/1622176.1622198,81,0.544,417.1,162,0.0064516129032258064,-0.047619047619047616,31
132,Vibrotactile Feedback,14158,2016,uist,EdgeVib,10.1145/2984511.2984522,40,0.268,564.6,65,-0.08383233532934131,-0.12149532710280374,20
132,Vibrotactile Feedback,7727,2011,chi,A haptic wristwatch for eyes-free interactions,10.1145/1978942.1979425,67,0.45,607.2,105,0.04904632152588556,0.0625,28
132,Vibrotactile Feedback,4528,2007,chi,Shoogle,10.1145/1240624.1240642,83,0.557,193.8,162,0.19469026548672566,0.2391304347826087,35
132,Vibrotactile Feedback,12339,2015,chi,Skin Drag Displays,10.1145/2702123.2702459,55,0.369,648.5,88,-0.005025125628140704,-0.07377049180327869,22
133,Affective & Social Touch,20348,2020,chi,"PneuSleeve: In-fabric Multimodal Actuation and Sensing in a Soft, Compact, and Expressive ",10.1145/3313831.3376333,24,0.264,342.9,107,-0.034782608695652174,-0.04265402843601896,12
133,Affective & Social Touch,16285,2018,chi,Force Jacket,10.1145/3173574.3173894,33,0.363,379.9,187,-0.060759493670886074,-0.06201550387596899,17
133,Affective & Social Touch,14867,2017,chi,Squeezeback,10.1145/3025453.3025526,39,0.429,397.9,127,0.012269938650306749,0.02127659574468085,18
133,Affective & Social Touch,15732,2017,uist,HapticClench,10.1145/3126594.3126598,34,0.374,364.5,66,-0.04597701149425287,-0.06557377049180328,17
133,Affective & Social Touch,6556,2010,tei,Touch &amp; talk,10.1145/1709886.1709891,54,0.593,245.7,73,0.018957345971563982,-0.061224489795918366,26
133,Affective & Social Touch,1978,1998,chi,HandJive,10.1145/274644.274653,63,0.692,157.4,87,0.005722460658082976,-0.036585365853658534,45
133,Affective & Social Touch,3003,2002,dis,ComTouch,10.1145/778712.778755,62,0.681,449.8,274,-0.006535947712418301,-0.0375,42
133,Affective & Social Touch,8092,2012,chi,Keep in touch,10.1145/2207676.2207697,47,0.516,295.5,69,0.08163265306122448,-0.21052631578947367,25
133,Affective & Social Touch,5978,2009,chi,Design of haptic interfaces for therapy,10.1145/1518701.1518776,41,0.451,35.0,98,1.0,1.0,26
134,Haptic Redirection in VR,20899,2020,uist,REACH+,10.1145/3379337.3415870,31,0.431,830.2,72,-0.11952191235059761,-0.12719298245614036,8
134,Haptic Redirection in VR,3620,2004,chi,Feeling bumps and holes without a haptic interface,10.1145/985692.985723,53,0.736,72.7,190,0.09090909090909091,0.16666666666666666,40
134,Haptic Redirection in VR,16549,2018,chi,Breaking the Tracking,10.1145/3173574.3173702,52,0.722,543.9,134,-0.10457516339869281,-0.12244897959183673,14
134,Haptic Redirection in VR,14854,2017,chi,Sparse Haptic Proxy,10.1145/3025453.3025753,56,0.778,1302.5,233,-0.18559556786703602,-0.13930348258706468,19
134,Haptic Redirection in VR,16422,2018,chi,Visuo-Haptic Illusions for Improving the Perceived Performance of Shape Displays,10.1145/3173574.3173724,40,0.556,801.9,123,-0.09210526315789473,-0.0942622950819672,18
134,Haptic Redirection in VR,12874,2016,tei,Snake Charmer,10.1145/2839462.2839484,51,0.708,788.2,168,0.09090909090909091,0.11398963730569948,22
134,Haptic Redirection in VR,12668,2015,uist,TurkDeck,10.1145/2807442.2807463,60,0.833,396.2,163,0.45121951219512196,0.4339622641509434,22
134,Haptic Redirection in VR,13501,2016,chi,Haptic Retargeting,10.1145/2858036.2858226,63,0.875,1516.7,478,0.27058823529411763,0.16,22
135,Mid-air Ultrasound Haptics,9832,2013,uist,UltraHaptics,10.1145/2501988.2502018,63,0.787,1429.0,494,0.2074688796680498,0.11428571428571428,24
135,Mid-air Ultrasound Haptics,10059,2013,chi,Talking about tactile experiences,10.1145/2470654.2466220,45,0.562,400.8,1612,0.627906976744186,0.6774193548387096,25
135,Mid-air Ultrasound Haptics,11499,2015,chi,Emotions Mediated Through Mid-Air Haptics,10.1145/2702123.2702361,38,0.475,718.0,148,-0.06007067137809187,-0.022556390977443608,22
135,Mid-air Ultrasound Haptics,8813,2012,chi,Ultra-tangibles,10.1145/2207676.2208370,64,0.8,228.7,49,0.03787878787878788,0.08450704225352113,28
135,Mid-air Ultrasound Haptics,6989,2011,uist,FingerFlux,10.1145/2047196.2047277,66,0.825,233.3,120,-0.03133903133903134,-0.0379746835443038,29
135,Mid-air Ultrasound Haptics,9519,2013,ubicomp,AirWave,10.1145/2493432.2493463,48,0.6,530.8,97,0.13076923076923078,0.022727272727272728,24
135,Mid-air Ultrasound Haptics,10513,2014,chi,Perception of ultrasonic haptic feedback on the hand,10.1145/2556288.2557033,43,0.537,518.5,87,-0.028199566160520606,-0.02262443438914027,23
136,Electrical Muscle Stimulation,12673,2015,uist,Impacto,10.1145/2807442.2807443,76,0.704,1255.7,237,0.2846153846153846,0.15492957746478872,21
136,Electrical Muscle Stimulation,11459,2015,chi,Affordance++,10.1145/2702123.2702128,76,0.704,1174.9,135,-0.04771784232365145,-0.044444444444444446,22
136,Electrical Muscle Stimulation,9863,2013,chi,Muscle-propelled force feedback,10.1145/2470654.2481355,83,0.769,1120.5,104,-0.14201183431952663,-0.22077922077922077,23
136,Electrical Muscle Stimulation,12039,2015,chi,Cruise Control for Pedestrians,10.1145/2702123.2702190,69,0.639,1297.9,160,0.3597122302158273,0.2857142857142857,22
136,Electrical Muscle Stimulation,6349,2010,chi,Mobile music touch,10.1145/1753326.1753443,94,0.87,75.8,84,0.9047619047619048,0.75,28
136,Electrical Muscle Stimulation,7214,2011,chi,PossessedHand,10.1145/1978942.1979018,84,0.778,1268.4,227,0.7215189873417721,0.9,24
136,Electrical Muscle Stimulation,6196,2010,tei,Feeling the beat where it counts,10.1145/1709886.1709892,86,0.796,126.7,67,0.125,0.0,28
137,Thermal & Olfactory Displays,14949,2017,chi,ThermoVR,10.1145/3025453.3025824,43,0.589,761.4,185,0.25675675675675674,0.02631578947368421,19
137,Thermal & Olfactory Displays,10539,2014,mobilehci,ambiPad,10.1145/2628363.2628395,50,0.685,315.8,22,-0.09090909090909091,-0.15,21
137,Thermal & Olfactory Displays,18412,2019,chi,ThermalBracelet,10.1145/3290605.3300400,40,0.548,698.9,96,-0.10434782608695652,-0.13559322033898305,13
137,Thermal & Olfactory Displays,11920,2015,chi,In the Heat of the Moment,10.1145/2702123.2702219,51,0.699,541.3,47,-0.17647058823529413,-0.32,23
137,Thermal & Olfactory Displays,12272,2015,chi,Towards Multimodal Affective Feedback,10.1145/2702123.2702288,50,0.685,89.8,46,0.013544018058690745,0.031746031746031744,22
137,Thermal & Olfactory Displays,13214,2016,chi,Hot Under the Collar,10.1145/2858036.2858205,49,0.671,591.8,91,-0.13131313131313133,-0.044444444444444446,21
137,Thermal & Olfactory Displays,20308,2020,chi,Therminator: Understanding the Interdependency of Visual and On-Body Thermal Feedback in V,10.1145/3313831.3376195,28,0.384,709.9,80,-0.053830227743271224,-0.05693069306930693,10
137,Thermal & Olfactory Displays,20472,2020,chi,ThermalWear: Exploring Wearable On-chest Thermal Displays to Augment Voice Messages with A,10.1145/3313831.3376682,33,0.452,675.9,60,-0.01762114537444934,-0.012987012987012988,12
137,Thermal & Olfactory Displays,8541,2012,chi,"""Baby it's cold outside""",10.1145/2207676.2207779,55,0.753,167.1,55,-0.14583333333333334,-0.23529411764705882,24
137,Thermal & Olfactory Displays,7006,2011,chi,Some like it hot,10.1145/1978942.1979316,58,0.795,260.3,138,1.0,1.0,26
138,Tactile Texture Rendering,6597,2010,tei,Designing through making,10.1145/1935701.1935763,31,0.564,196.8,35,0.03873239436619718,0.08771929824561403,24
138,Tactile Texture Rendering,25993,2023,chi,"Generating Real-Time, Selective, and Multimodal Haptic Effects from Sound for Gaming Exper",10.1145/3544548.3580787,9,0.164,238.4,28,-0.054945054945054944,-0.054945054945054944,4
138,Tactile Texture Rendering,12555,2015,tei,WoodenHaptics,10.1145/2677199.2680595,22,0.4,143.4,37,0.02145922746781116,0.03389830508474576,21
138,Tactile Texture Rendering,13259,2016,chi,HapTurk,10.1145/2858036.2858279,18,0.327,239.4,48,0.0049504950495049506,0.0041841004184100415,20
138,Tactile Texture Rendering,22128,2021,chi,Improving Viewing Experiences of First-Person Shooter Gameplays with Automatically-Generat,10.1145/3411764.3445358,12,0.218,316.8,33,-0.039603960396039604,-0.039603960396039604,8
138,Tactile Texture Rendering,14803,2017,chi,Sketching CuddleBits,10.1145/3025453.3025774,16,0.291,77.9,39,0.05102040816326531,0.05263157894736842,17
138,Tactile Texture Rendering,9332,2013,chi,Real-time perception-level translation from audio signals to vibrotactile effects,10.1145/2470654.2481354,16,0.291,103.8,55,1.0,1.0,19
138,Tactile Texture Rendering,19861,2020,chi,"Defining Haptic Experience: Foundations for Understanding, Communicating, and Evaluating H",10.1145/3313831.3376280,13,0.236,202.5,86,0.008733624454148471,0.005,10
138,Tactile Texture Rendering,23323,2021,uist,Weirding Haptics: In-Situ Prototyping of Vibrotactile Feedback in Virtual Reality through ,10.1145/3472749.3474797,8,0.145,282.7,41,-0.13725490196078433,-0.13725490196078433,9
139,Haptic Rendering & Olfaction,10417,2014,chi,SensaBubble,10.1145/2556288.2557087,20,0.27,245.8,126,0.010526315789473684,-0.007462686567164179,24
139,Haptic Rendering & Olfaction,16722,2018,chi,Season Traveller,10.1145/3173574.3174151,27,0.365,535.8,182,0.08333333333333333,-0.015151515151515152,15
139,Haptic Rendering & Olfaction,10611,2014,chi,Opportunities for odor,10.1145/2556288.2557008,27,0.365,367.5,154,0.14285714285714285,0.1111111111111111,23
139,Haptic Rendering & Olfaction,20756,2020,tochi,SMELL SPACE,10.1145/3402449,13,0.176,382.7,112,-0.019704433497536946,-0.012345679012345678,10
139,Haptic Rendering & Olfaction,4181,2006,chi,Olfoto,10.1145/1124772.1124869,34,0.459,319.5,123,0.4,0.05555555555555555,25
139,Haptic Rendering & Olfaction,15327,2017,chi,Essence,10.1145/3025453.3026004,25,0.338,593.5,150,0.2127659574468085,0.10526315789473684,16
140,Tangibles for Learning,1312,1994,chi,Passive real-world interface props for neurosurgical visualization,10.1145/191666.191821,615,0.834,701.1,519,0.4472049689440994,0.2727272727272727,53
140,Tangibles for Learning,4964,2008,chi,Reality-based interaction,10.1145/1357054.1357089,216,0.293,1260.2,825,0.0064516129032258064,0.005154639175257732,34
140,Tangibles for Learning,4838,2007,tei,Do tangible interfaces enhance learning?,10.1145/1226969.1227004,208,0.282,1527.7,530,-0.00641025641025641,-0.055,35
140,Tangibles for Learning,4299,2006,chi,Getting a grip on tangible interaction,10.1145/1124772.1124838,327,0.444,2399.3,1077,0.3025210084033613,0.1595744680851064,36
140,Tangibles for Learning,1900,1998,chi,Illuminating light,10.1145/274644.274717,508,0.689,917.6,167,-0.016717325227963525,-0.12658227848101267,48
140,Tangibles for Learning,1872,1997,chi,Tangible bits,10.1145/258549.258715,609,0.826,5008.6,3809,0.5035360678925035,0.18181818181818182,49
140,Tangibles for Learning,1462,1995,chi,Bricks,10.1145/223904.223964,613,0.832,2310.8,972,0.3855072463768116,0.14583333333333334,51
140,Tangibles for Learning,1880,1997,dis,Triangles,10.1145/263552.263592,506,0.687,82.5,12,0.0,-0.013513513513513514,48
141,Shape-changing Interfaces,9958,2013,uist,PneUI,10.1145/2501988.2502037,356,0.697,4698.3,337,-0.06883365200764818,-0.16748768472906403,27
141,Shape-changing Interfaces,5479,2008,chi,Inflatable mouse,10.1145/1357054.1357090,426,0.834,1165.2,110,0.34558823529411764,0.125,34
141,Shape-changing Interfaces,2124,1998,cscw,Tangible interfaces for remote collaboration and communication,10.1145/289444.289491,449,0.879,395.6,349,0.019151846785225718,0.022727272727272728,43
141,Shape-changing Interfaces,16430,2018,chi,Grand Challenges in Shape-Changing Interface Research,10.1145/3173574.3173873,192,0.376,2794.1,233,-0.08882235528942116,-0.1045016077170418,18
141,Shape-changing Interfaces,2962,2002,uist,The actuated workbench,10.1145/571985.572011,448,0.877,1014.8,200,0.03773584905660377,-0.10256410256410256,38
141,Shape-changing Interfaces,8019,2012,chi,Shape-changing interfaces,10.1145/2207676.2207781,408,0.798,3997.1,435,-0.02964569775849602,-0.04748603351955307,29
141,Shape-changing Interfaces,9331,2013,chi,Morphees,10.1145/2470654.2470738,380,0.744,2831.9,226,-0.10941828254847645,-0.13793103448275862,28
141,Shape-changing Interfaces,4663,2007,tei,Actuation and tangible user interfaces,10.1145/1226969.1227012,445,0.871,1741.1,179,0.012195121951219513,-0.00980392156862745,34
141,Shape-changing Interfaces,5276,2008,tei,Sprout I/O,10.1145/1347390.1347440,434,0.849,452.6,55,0.14772727272727273,0.16,33
141,Shape-changing Interfaces,9918,2013,uist,inFORM,10.1145/2501988.2502032,351,0.687,4761.6,625,-0.07729468599033816,-0.11609498680738786,25
142,Textiles & Cloth Simulation,15717,2017,uist,SmartSleeve,10.1145/3126594.3126652,220,0.491,2315.6,127,-0.06631989596879063,-0.08172043010752689,18
142,Textiles & Cloth Simulation,4423,2006,chi,Prototyping retractable string-based interaction techniques for dual-display mobile device,10.1145/1124772.1124827,316,0.705,246.2,22,0.09565217391304348,0.06451612903225806,33
142,Textiles & Cloth Simulation,17289,2018,uist,RESi,10.1145/3242587.3242664,192,0.429,2189.3,90,-0.15562913907284767,-0.19402985074626866,17
142,Textiles & Cloth Simulation,6320,2010,tei,ChainMail,10.1145/1709886.1709899,311,0.694,158.3,10,-0.025806451612903226,-0.045454545454545456,30
142,Textiles & Cloth Simulation,5746,2009,chi,The TeeBoard,10.1145/1518701.1518742,331,0.739,655.6,57,-0.025078369905956112,-0.058823529411764705,32
142,Textiles & Cloth Simulation,12597,2015,chi,iSkin,10.1145/2702123.2702391,302,0.674,2311.1,363,-0.059027777777777776,-0.12244897959183673,25
142,Textiles & Cloth Simulation,13495,2016,chi,Project Jacquard,10.1145/2858036.2858176,292,0.652,4070.4,324,-0.0066844919786096255,-0.02506265664160401,23
142,Textiles & Cloth Simulation,13144,2016,chi,"""I don't Want to Wear a Screen""",10.1145/2858036.2858192,260,0.58,2803.8,230,-0.014084507042253521,-0.04560260586319218,20
142,Textiles & Cloth Simulation,5467,2008,chi,The LilyPad Arduino,10.1145/1357054.1357123,346,0.772,2012.1,598,0.5695652173913044,0.23255813953488372,33
142,Textiles & Cloth Simulation,6814,2010,chi,Cord input,10.1145/1753326.1753573,311,0.694,385.5,43,0.25,0.2,32
143,Tangible & Tabletop Sensing,2817,2002,chi,SmartSkin,10.1145/503376.503397,208,0.819,1576.3,633,-0.009009009009009009,-0.06569343065693431,44
143,Tangible & Tabletop Sensing,1410,1995,chi,Applying electric field sensing to human-computer interfaces,10.1145/223904.223940,213,0.839,346.1,250,0.13937282229965156,0.03333333333333333,52
143,Tangible & Tabletop Sensing,1731,1997,uist,HoloWall,10.1145/263407.263549,209,0.823,563.9,190,0.35766423357664234,0.2222222222222222,50
143,Tangible & Tabletop Sensing,3933,2005,uist,PlayAnywhere,10.1145/1095034.1095047,188,0.74,1212.7,372,-0.027586206896551724,-0.12096774193548387,39
143,Tangible & Tabletop Sensing,237,1985,chi,A multi-touch three dimensional touch-sensitive tablet,10.1145/317456.317461,209,0.823,188.8,84,1.0,1.0,56
143,Tangible & Tabletop Sensing,8111,2012,chi,CapStones and ZebraWidgets,10.1145/2207676.2208371,64,0.252,1247.8,122,-0.2155688622754491,-0.21739130434782608,29
143,Tangible & Tabletop Sensing,3922,2005,uist,Low-cost multi-touch sensing through frustrated total internal reflection,10.1145/1095034.1095054,191,0.752,1545.8,1046,-0.007246376811594203,-0.10465116279069768,39
143,Tangible & Tabletop Sensing,1021,1992,chi,One dimensional motion tailoring for the disabled,10.1145/142750.142876,214,0.843,45.4,11,0.11764705882352941,0.3333333333333333,54
143,Tangible & Tabletop Sensing,5854,2009,chi,SLAP widgets,10.1145/1518701.1518779,107,0.421,1227.0,191,-0.015180265654648957,-0.06422018348623854,34
144,Digital Fabrication,16704,2018,chi,RoMA,10.1145/3173574.3174153,113,0.396,1622.0,171,-0.1625,-0.1643835616438356,18
144,Digital Fabrication,8385,2012,uist,Interactive construction,10.1145/2380116.2380191,236,0.828,1732.3,166,-0.073558648111332,-0.14201183431952663,29
144,Digital Fabrication,4035,2006,uist,ModelCraft,10.1145/1166253.1166258,237,0.832,711.6,77,0.014945652173913044,-0.02857142857142857,34
144,Digital Fabrication,9833,2013,chi,FreeD,10.1145/2470654.2481361,218,0.765,1866.1,202,-0.011299435028248588,0.014925373134328358,29
144,Digital Fabrication,6605,2010,tei,SketchChair,10.1145/1935701.1935717,248,0.87,1329.3,186,0.33653846153846156,0.0,30
144,Digital Fabrication,10448,2014,uist,WirePrint,10.1145/2642918.2647359,191,0.67,1842.7,218,-0.08266666666666667,-0.12269938650306748,26
144,Digital Fabrication,6326,2010,tei,Interactive fabrication,10.1145/1935701.1935716,246,0.863,772.3,216,1.0,1.0,30
144,Digital Fabrication,11644,2015,chi,Being the Machine,10.1145/2702123.2702547,174,0.611,1784.4,148,0.010723860589812333,-0.017142857142857144,22
144,Digital Fabrication,6428,2010,tei,Spatial sketch,10.1145/1709886.1709890,252,0.884,731.8,63,0.051643192488262914,0.12121212121212122,32
145,"Knitting, Cloth & Printed Objects",11334,2014,uist,A series of tubes,10.1145/2642918.2647374,143,0.786,1316.4,109,-0.059147180192572216,-0.09061488673139159,25
145,"Knitting, Cloth & Printed Objects",6503,2010,tei,FlyEye,10.1145/1709886.1709935,160,0.879,207.4,48,-0.022727272727272728,-0.016129032258064516,31
145,"Knitting, Cloth & Printed Objects",8916,2012,uist,Printed optics,10.1145/2380116.2380190,156,0.857,1900.4,307,0.182370820668693,0.17543859649122806,29
145,"Knitting, Cloth & Printed Objects",10132,2014,chi,Printing teddy bears,10.1145/2556288.2557338,147,0.808,1393.7,159,0.04849884526558892,0.0,27
145,"Knitting, Cloth & Printed Objects",8663,2012,tei,Fabricating electronics with rapid prototyping tools,10.1145/2148131.2148212,144,0.791,21.7,3,1.0,1.0,26
145,"Knitting, Cloth & Printed Objects",12664,2015,uist,Capricate,10.1145/2807442.2807503,119,0.654,1432.0,165,-0.12646370023419204,-0.1308411214953271,24
145,"Knitting, Cloth & Printed Objects",9177,2013,uist,Sauron,10.1145/2501988.2501992,149,0.819,1309.0,111,-0.08493589743589744,-0.11191335740072202,27
146,Computational Fabrication,12674,2015,uist,RevoMaker,10.1145/2807442.2807476,22,0.688,86.3,108,0.02608695652173913,0.017543859649122806,22
146,Computational Fabrication,18979,2019,uist,Robiot: A Design Tool for Actuating Everyday Objects with Automatically Generated 3D Print,10.1145/3332165.3347894,12,0.375,286.2,44,-0.023809523809523808,-0.05078125,13
146,Computational Fabrication,18116,2019,chi,Shape Structuralizer,10.1145/3290605.3300893,7,0.219,148.2,18,-0.037383177570093455,-0.04597701149425287,11
146,Computational Fabrication,17196,2018,uist,TrussFormer,10.1145/3242587.3242607,14,0.438,203.0,39,-0.061224489795918366,-0.058823529411764705,14
146,Computational Fabrication,14033,2016,uist,M.Sketch,10.1145/2984751.2985709,16,0.5,70.6,9,0.0,0.0,16
146,Computational Fabrication,13529,2016,chi,CardBoardiZer,10.1145/2858036.2858362,21,0.656,230.5,17,0.06172839506172839,0.03636363636363636,19
146,Computational Fabrication,16478,2018,chi,Mechanism Perfboard,10.1145/3173574.3173985,15,0.469,166.0,28,-0.028901734104046242,-0.009259259259259259,15
147,Paper Circuits & Electronics Prototyping,4185,2006,uist,"Reflective physical prototyping through integrated design, test, and analysis",10.1145/1166253.1166300,127,0.734,1538.0,301,-0.047038327526132406,-0.13793103448275862,40
147,Paper Circuits & Electronics Prototyping,3430,2004,dis,The calder toolkit,10.1145/1013115.1013139,132,0.763,936.9,101,-0.07954545454545454,-0.11267605633802817,41
147,Paper Circuits & Electronics Prototyping,2984,2002,dis,Forming interactivity,10.1145/778712.778735,134,0.775,407.6,101,-0.05533596837944664,-0.07317073170731707,42
147,Paper Circuits & Electronics Prototyping,3242,2003,chi,A design tool for camera-based interaction,10.1145/642611.642690,133,0.769,277.7,80,0.02181208053691275,0.020618556701030927,43
147,Paper Circuits & Electronics Prototyping,2603,2001,uist,Phidgets,10.1145/502348.502388,143,0.827,1769.4,649,0.16883116883116883,0.10126582278481013,43
147,Paper Circuits & Electronics Prototyping,9518,2013,ubicomp,Instant inkjet circuits,10.1145/2493432.2493486,82,0.474,1014.7,333,0.01272264631043257,-0.0273972602739726,28
147,Paper Circuits & Electronics Prototyping,14073,2016,uist,The Toastboard,10.1145/2984511.2984566,50,0.289,1152.8,66,-0.1206896551724138,-0.18181818181818182,18
147,Paper Circuits & Electronics Prototyping,3289,2003,chi,iStuff,10.1145/642611.642705,136,0.786,691.0,212,-0.03672985781990521,-0.09929078014184398,42
148,Deformable Surfaces & Projection Mapping,876,1992,chi,A window system with leafing through mode,10.1145/142750.150711,57,0.713,27.7,4,1.0,,34
148,Deformable Surfaces & Projection Mapping,10014,2013,chi,Flexpad,10.1145/2470654.2470688,35,0.438,592.2,121,-0.061611374407582936,-0.09134615384615384,27
148,Deformable Surfaces & Projection Mapping,3925,2005,chi,Paper windows,10.1145/1054972.1055054,61,0.762,791.6,214,-0.02011173184357542,-0.028985507246376812,36
148,Deformable Surfaces & Projection Mapping,7157,2011,chi,PaperPhone,10.1145/1978942.1979136,52,0.65,1129.1,212,-0.0880503144654088,-0.16463414634146342,30
148,Deformable Surfaces & Projection Mapping,5048,2008,uist,Towards more paper-like input,10.1145/1449715.1449762,56,0.7,537.8,88,0.0,-0.028169014084507043,33
148,Deformable Surfaces & Projection Mapping,6810,2010,chi,How users manipulate deformable displays as input devices,10.1145/1753326.1753572,55,0.688,924.7,137,-0.06419753086419754,-0.14285714285714285,32
148,Deformable Surfaces & Projection Mapping,5150,2008,ubicomp,Bookisheet,10.1145/1409635.1409684,56,0.7,501.3,63,-0.06844106463878327,-0.09900990099009901,33
148,Deformable Surfaces & Projection Mapping,3359,2004,chi,Gummi,10.1145/985692.985726,62,0.775,982.3,187,0.15141955835962145,0.024390243902439025,37
149,Battery-free & Wireless Devices,10053,2013,uist,Paper generators,10.1145/2501988.2502054,41,0.461,272.0,104,0.08547008547008547,-0.02040816326530612,27
149,Battery-free & Wireless Devices,18982,2019,uist,Sozu,10.1145/3332165.3347952,31,0.348,537.1,69,-0.0871559633027523,-0.07344632768361582,16
149,Battery-free & Wireless Devices,20807,2020,imwut,Battery-Free Game Boy,10.1145/3411839,24,0.27,794.8,87,-0.0599250936329588,-0.06198347107438017,13
149,Battery-free & Wireless Devices,17323,2018,uist,Self-Powered Gesture Recognition with Ambient Light,10.1145/3242587.3242635,33,0.371,450.3,69,-0.0029940119760479044,-0.012396694214876033,15
149,Battery-free & Wireless Devices,15340,2017,imwut,Battery-Free Cellphone,10.1145/3090090,49,0.551,123.3,194,1.0,1.0,18
149,Battery-free & Wireless Devices,7661,2011,chi,Interactive generator,10.1145/1978942.1979240,42,0.472,44.0,28,0.35,-0.2222222222222222,30
149,Battery-free & Wireless Devices,14097,2016,uist,Exploring the Design Space for Energy-Harvesting Situated Displays,10.1145/2984511.2984513,46,0.517,325.6,47,0.21153846153846154,0.22580645161290322,17
149,Battery-free & Wireless Devices,19002,2019,uist,Photo-Chromeleon,10.1145/3332165.3347905,16,0.18,423.7,49,-0.08064516129032258,-0.0784313725490196,14
149,Battery-free & Wireless Devices,16989,2018,imwut,SATURN,10.1145/3214263,38,0.427,424.8,95,-0.02027027027027027,-0.08737864077669903,17
150,Gaze-based Interaction,2176,1999,chi,Manual and gaze input cascaded (MAGIC) pointing,10.1145/302979.303053,341,0.696,1431.4,672,0.06097560975609756,0.16666666666666666,47
150,Gaze-based Interaction,16703,2018,chi,Pinpointing,10.1145/3173574.3173655,115,0.235,2020.9,286,-0.1556420233463035,-0.18902439024390244,16
150,Gaze-based Interaction,12646,2015,uist,Orbits,10.1145/2807442.2807499,213,0.435,1759.4,261,-0.09390862944162437,-0.15086206896551724,24
150,Gaze-based Interaction,9226,2013,ubicomp,Pursuits,10.1145/2493432.2493477,233,0.476,1596.0,275,-0.08902077151335312,-0.11724137931034483,26
150,Gaze-based Interaction,139,1982,chi,Eyes at the interface,10.1145/800049.801811,347,0.708,349.6,94,1.0,,56
150,Gaze-based Interaction,270,1986,chi,An evaluation of an eye tracker as a device for computer input2,10.1145/29933.275627,353,0.72,646.1,381,1.0,1.0,56
150,Gaze-based Interaction,719,1990,chi,What you look at is what you get: eye movement-based interaction techniques,10.1145/97243.97246,344,0.702,1181.6,702,0.46938775510204084,0.0,48
150,Gaze-based Interaction,18775,2019,uist,Eye&amp;Head,10.1145/3332165.3347921,90,0.184,1295.0,122,-0.15789473684210525,-0.184,14
150,Gaze-based Interaction,703,1990,chi,A gaze-responsive self-disclosing display,10.1145/97243.97245,328,0.669,282.1,207,0.1509433962264151,0.0,55
151,Hand Sensing & Input,4192,2006,chi,An examination of the effects of a wearable display on informal face-to-face communication,10.1145/1124772.1124780,661,0.822,193.9,55,0.46511627906976744,0.14285714285714285,36
151,Hand Sensing & Input,7649,2011,uist,OmniTouch,10.1145/2047196.2047255,608,0.756,3037.4,556,-0.08631921824104234,-0.128,30
151,Hand Sensing & Input,8643,2012,uist,Digits,10.1145/2380116.2380139,572,0.711,3855.2,426,-0.06041666666666667,-0.13157894736842105,29
151,Hand Sensing & Input,5987,2009,uist,Enabling always-available input with muscle-computer interfaces,10.1145/1622176.1622208,628,0.781,2777.2,323,0.16012084592145015,0.18446601941747573,31
151,Hand Sensing & Input,3559,2004,uist,Augmenting conversations using dual-purpose speech,10.1145/1029632.1029674,662,0.823,167.0,43,0.1643835616438356,0.1,37
151,Hand Sensing & Input,14156,2016,uist,ViBand,10.1145/2984511.2984582,351,0.437,3216.9,263,-0.14545454545454545,-0.16733067729083664,20
151,Hand Sensing & Input,4909,2008,uist,Scratch input,10.1145/1449715.1449747,647,0.805,911.3,166,0.22580645161290322,0.09,34
151,Hand Sensing & Input,3891,2005,chi,Toward subtle intimate interfaces for mobile devices using an EMG controller,10.1145/1054972.1055039,657,0.817,454.0,97,0.025,0.0058823529411764705,36
151,Hand Sensing & Input,4504,2007,chi,Intimate interfaces in action,10.1145/1240624.1240747,656,0.816,615.9,90,0.018633540372670808,0.06818181818181818,35
151,Hand Sensing & Input,6939,2010,chi,Skinput,10.1145/1753326.1753394,634,0.789,4156.6,686,0.3052109181141439,0.24161073825503357,32
152,Task Models & UI Engineering,513,1989,uist,Creating graphical interactive application objects by demonstration,10.1145/73660.73672,160,0.409,902.0,124,-0.07575757575757576,-0.12903225806451613,58
152,Task Models & UI Engineering,546,1989,uist,Graphical specification of flexible user interface displays,10.1145/73660.73673,146,0.373,665.2,32,-0.10204081632653061,-0.17857142857142858,58
152,Task Models & UI Engineering,421,1988,uist,Using active data in a UIMS,10.1145/62402.62429,167,0.427,603.3,40,0.5652173913043478,0.3333333333333333,59
152,Task Models & UI Engineering,137,1982,chi,Using formal specifications in the design of a human-computer interface,10.1145/800049.801802,193,0.494,49.0,33,1.0,1.0,62
152,Task Models & UI Engineering,143,1982,chi,Further developments toward using formal grammar as a design tool,10.1145/800049.801800,193,0.494,49.0,25,1.0,1.0,62
152,Task Models & UI Engineering,176,1983,chi,A generalized transition network representation for interactive systems,10.1145/800045.801590,191,0.488,154.6,41,0.8333333333333334,1.0,61
152,Task Models & UI Engineering,464,1988,chi,A knowledge-based user interface management system,10.1145/57167.57178,158,0.404,558.7,103,1.0,1.0,60
152,Task Models & UI Engineering,504,1988,uist,Building user interfaces by direct manipulation,10.1145/62402.62428,175,0.448,1024.4,172,0.7941176470588235,0.7391304347826086,59
152,Task Models & UI Engineering,25,1981,chi,Automatic construction of explanation networks for a cooperative user interface,10.1145/800276.810954,188,0.481,48.8,1,1.0,1.0,62
152,Task Models & UI Engineering,319,1986,chi,Creating dynamic interaction techniques by demonstration,10.1145/29933.275642,189,0.483,414.4,59,1.0,1.0,60
153,Information Navigation,740,1991,chi,The perspective wall,10.1145/108844.108870,261,0.671,1600.0,702,0.7567567567567568,0.6206896551724138,56
153,Information Navigation,1297,1994,uist,Pad++,10.1145/192426.192435,199,0.512,1426.4,637,0.21926910299003322,0.4230769230769231,52
153,Information Navigation,370,1986,chi,A hand gesture interface device,10.1145/29933.275628,248,0.638,155.3,218,0.13043478260869565,1.0,57
153,Information Navigation,499,1988,chi,Grasping reality through illusion---interactive graphics serving science,10.1145/57167.57168,252,0.648,246.8,231,1.0,1.0,57
153,Information Navigation,564,1989,uist,The cognitive coprocessor architecture for interactive user interfaces,10.1145/73660.73662,294,0.756,483.9,120,1.0,1.0,57
153,Information Navigation,342,1986,chi,Generalized fisheye views,10.1145/22627.22342,247,0.635,1550.6,887,1.0,1.0,56
153,Information Navigation,2459,2000,uist,Speed-dependent automatic zooming for browsing large documents,10.1145/354401.354435,138,0.355,1085.2,302,-0.012244897959183673,-0.0273972602739726,46
153,Information Navigation,1149,1993,uist,The document lens,10.1145/168642.168652,206,0.53,1128.8,296,-0.046511627906976744,0.0,53
154,Pointing & Target Selection,844,1991,chi,A comparison of input devices in element pointing and dragging tasks,10.1145/108844.108868,358,0.875,607.2,367,0.49056603773584906,0.45454545454545453,54
154,Pointing & Target Selection,3884,2005,chi,The bubble cursor,10.1145/1054972.1055012,286,0.699,1813.2,591,-0.07777777777777778,-0.3188405797101449,40
154,Pointing & Target Selection,655,1990,chi,How does Fitts' law fit pointing and dragging?,10.1145/97243.97278,361,0.883,200.7,110,1.0,1.0,55
154,Pointing & Target Selection,2195,1999,chi,Performance evaluation of input devices in trajectory-based tasks,10.1145/302979.303133,333,0.814,264.9,244,0.25,0.18181818181818182,46
154,Pointing & Target Selection,1076,1992,chi,Extending Fitts' law to two-dimensional tasks,10.1145/142750.142794,335,0.819,876.5,612,0.32085561497326204,0.18181818181818182,47
154,Pointing & Target Selection,3572,2004,chi,Semantic pointing,10.1145/985692.985758,303,0.741,1521.6,294,-0.09293680297397769,-0.12,42
154,Pointing & Target Selection,6837,2010,chi,The generalized perceived input point model and how to double touch accuracy by extracting,10.1145/1753326.1753413,181,0.443,1472.6,256,-0.11059907834101383,-0.1301775147928994,31
154,Pointing & Target Selection,9721,2013,chi,FFitts law,10.1145/2470654.2466180,139,0.34,1822.0,233,-0.12830188679245283,-0.08823529411764706,26
154,Pointing & Target Selection,4700,2007,chi,Shift,10.1145/1240624.1240727,218,0.533,1804.4,471,0.027944111776447105,-0.13815789473684212,37
154,Pointing & Target Selection,670,1990,chi,Powermice and user performance,10.1145/97243.97276,336,0.822,206.3,91,1.0,1.0,48
155,Gesture Elicitation & Recognition,7781,2011,chi,User-defined motion gestures for mobile interaction,10.1145/1978942.1978971,110,0.444,1749.0,423,-0.12563667232597622,-0.11428571428571428,31
155,Gesture Elicitation & Recognition,1351,1995,chi,Recognition accuracy and user acceptance of pen interfaces,10.1145/223904.223972,192,0.774,71.5,91,1.0,1.0,52
155,Gesture Elicitation & Recognition,12524,2015,chi,Formalizing Agreement Analysis for Elicitation Studies,10.1145/2702123.2702223,76,0.306,1359.5,233,-0.07072135785007072,-0.08627450980392157,22
155,Gesture Elicitation & Recognition,529,1989,chi,Synergistic use of direct manipulation and natural language,10.1145/67449.67494,175,0.706,97.9,145,0.9,0.6666666666666666,55
155,Gesture Elicitation & Recognition,2198,1999,chi,Implications for a gesture design tool,10.1145/302979.302985,191,0.77,401.1,122,0.08421052631578947,-0.25,49
155,Gesture Elicitation & Recognition,6041,2009,chi,User-defined gestures for surface computing,10.1145/1518701.1518866,156,0.629,3128.3,1293,0.3352059925093633,0.0989010989010989,33
155,Gesture Elicitation & Recognition,2010,1998,iui,Intelligent user interfaces,10.1145/291080.291081,171,0.69,79.9,106,0.22857142857142856,0.4444444444444444,46
155,Gesture Elicitation & Recognition,4667,2007,uist,"Gestures without libraries, toolkits or training: a $1 recognizer for user interface proto",10.1145/1294211.1294238,164,0.661,2378.8,815,0.11735941320293398,0.07339449541284404,38
155,Gesture Elicitation & Recognition,10012,2013,chi,Memorability of pre-designed and user-defined gesture sets,10.1145/2470654.2466142,80,0.323,1132.8,279,-0.10746812386156648,-0.09170305676855896,24
155,Gesture Elicitation & Recognition,2686,2001,iui,Towards a computational model of sketching,10.1145/359784.360278,170,0.685,145.6,104,0.2727272727272727,0.36363636363636365,45
156,Text Entry,1409,1995,dis,Technology-driven design of speech recognition systems,10.1145/225434.225437,323,0.878,78.3,20,0.02564102564102564,0.0,51
156,Text Entry,2530,2000,uist,The metropolis keyboard - an exploration of quantitative techniques for virtual keyboard d,10.1145/354401.354424,314,0.853,578.2,288,-0.059880239520958084,-0.1724137931034483,45
156,Text Entry,13411,2016,chi,WatchWriter,10.1145/2858036.2858242,139,0.378,1341.1,148,-0.14130434782608695,-0.16666666666666666,20
156,Text Entry,3396,2004,uist,SHARK <sup>2</sup>,10.1145/1029632.1029640,265,0.72,1963.2,414,-0.09115281501340483,-0.09836065573770492,40
156,Text Entry,1735,1997,chi,MedSpeak,10.1145/258549.258829,322,0.875,67.3,61,0.10810810810810811,0.09090909090909091,50
156,Text Entry,2256,1999,chi,The design and evaluation of a high-performance soft keyboard,10.1145/302979.302983,328,0.891,1234.7,416,0.5327868852459017,0.20833333333333334,47
156,Text Entry,2192,1999,chi,Patterns of entry and correction in large vocabulary continuous speech recognition systems,10.1145/302979.303160,321,0.872,407.4,276,0.28695652173913044,0.15,46
156,Text Entry,3252,2003,chi,Shorthand writing on stylus keyboard,10.1145/642611.642630,278,0.755,1422.9,363,0.026515151515151516,-0.14634146341463414,43
156,Text Entry,11030,2014,chi,Vulture,10.1145/2556288.2556964,150,0.408,1648.6,156,-0.06779661016949153,-0.0784313725490196,24
156,Text Entry,12223,2015,chi,VelociTap,10.1145/2702123.2702135,153,0.416,2174.8,127,-0.1815068493150685,-0.17218543046357615,22
157,Pen & Bimanual Input,1344,1995,chi,Implicit structure for pen-based systems within a freeform interaction paradigm,10.1145/223904.223970,200,0.727,638.6,79,-0.07086614173228346,-0.25,53
157,Pen & Bimanual Input,1891,1997,chi,Dynomite,10.1145/258549.258700,178,0.647,949.0,157,-0.08256880733944955,-0.34210526315789475,50
157,Pen & Bimanual Input,3908,2005,chi,Experimental analysis of mode switching techniques in pen-based user interfaces,10.1145/1054972.1055036,92,0.335,999.8,175,-0.06153846153846154,-0.11363636363636363,39
157,Pen & Bimanual Input,313,1986,chi,Behavioral experiments on handmarkings,10.1145/29933.275626,185,0.673,41.6,4,1.0,,54
157,Pen & Bimanual Input,6667,2010,uist,Pen + touch = new tools,10.1145/1866029.1866036,66,0.24,1036.8,235,0.0,-0.013888888888888888,32
157,Pen & Bimanual Input,1324,1995,chi,Finding and using implicit structure in human-organized spatial layouts of information,10.1145/223904.223949,202,0.735,276.7,149,0.041666666666666664,0.11538461538461539,54
157,Pen & Bimanual Input,1842,1997,chi,"The design of a GUI paradigm based on tablets, two-hands, and transparency",10.1145/258549.258574,129,0.469,762.4,157,-0.007220216606498195,-0.11864406779661017,49
157,Pen & Bimanual Input,2103,1998,chi,Beyond paper,10.1145/274644.274680,131,0.476,943.7,322,0.028985507246376812,0.027777777777777776,49
157,Pen & Bimanual Input,1208,1994,chi,FILOCHAT,10.1145/191666.191763,186,0.676,675.6,172,0.08163265306122448,-0.058823529411764705,53
157,Pen & Bimanual Input,1305,1994,uist,A perceptually-supported sketch editor,10.1145/192426.192494,203,0.738,526.6,97,1.0,1.0,55
158,Touch & Multi-touch Input,8257,2012,uist,GripSense,10.1145/2380116.2380184,104,0.4,1252.4,174,0.0027472527472527475,0.012422360248447204,27
158,Touch & Multi-touch Input,4737,2007,uist,Lucid touch,10.1145/1294211.1294259,138,0.531,1003.4,280,-0.007204610951008645,-0.07009345794392523,36
158,Touch & Multi-touch Input,3683,2004,chi,Pressure widgets,10.1145/985692.985754,160,0.615,1078.5,312,0.23381294964028776,0.06756756756756757,42
158,Touch & Multi-touch Input,2565,2000,uist,Sensing techniques for mobile interaction,10.1145/354401.354417,168,0.646,834.8,531,-0.02485207100591716,-0.056,45
158,Touch & Multi-touch Input,7304,2011,uist,TapSense,10.1145/2047196.2047279,106,0.408,1170.0,210,-0.01911764705882353,-0.038461538461538464,30
158,Touch & Multi-touch Input,2128,1998,chi,"Squeeze me, hold me, tilt me! An exploration of manipulative user interfaces",10.1145/274644.274647,218,0.838,1047.2,319,-0.004790419161676647,-0.07476635514018691,47
158,Touch & Multi-touch Input,2646,2001,uist,Pop through mouse button interactions,10.1145/502348.502384,164,0.631,112.4,31,1.0,1.0,43
158,Touch & Multi-touch Input,1591,1996,uist,Tilting operations for small screen interfaces,10.1145/237091.237115,220,0.846,482.3,380,0.5575221238938053,0.6363636363636364,48
158,Touch & Multi-touch Input,2271,1999,chi,Touch-sensing input devices,10.1145/302979.303045,186,0.715,315.5,152,0.017699115044247787,-0.09523809523809523,46
159,Scanpaths & Visual Search,29282,2024,pacmhci,VisRecall++: Analysing and Predicting Visualisation Recallability from Gaze Behaviour,10.1145/3655613,2,0.083,73.0,10,0.07142857142857142,0.07142857142857142,3
159,Scanpaths & Visual Search,20869,2020,mobilehci,Understanding Visual Saliency in Mobile User Interfaces,10.1145/3379503.3403557,3,0.125,62.5,79,0.11290322580645161,0.08771929824561403,5
159,Scanpaths & Visual Search,28359,2024,chi,SalChartQA: Question-driven Saliency on Information Visualisations,10.1145/3613904.3642942,1,0.042,34.9,14,0.0,0.0,2
159,Scanpaths & Visual Search,19915,2020,chi,DoughNets: Visualising Networks Using Torus Wrapping,10.1145/3313831.3376180,2,0.083,8.2,14,1.0,1.0,4
159,Scanpaths & Visual Search,29901,2024,uist,EyeFormer: Predicting Personalized Scanpaths with Transformer-Guided Reinforcement Learnin,10.1145/3654777.3676436,1,0.042,38.9,13,-0.034482758620689655,-0.034482758620689655,2
159,Scanpaths & Visual Search,29270,2024,pacmhci,Impact of Design Decisions in Scanpath Modeling,10.1145/3655602,2,0.083,34.3,7,-0.05263157894736842,-0.05263157894736842,3
159,Scanpaths & Visual Search,32315,2025,pacmhci,Event-Driven Predictive Gaze Analytics to Enhance Aviation Safety,10.1145/3725836,1,0.042,27.3,3,1.0,1.0,1
160,Menus & Command Selection,10627,2014,chi,Faster command selection on tablets with FastTap,10.1145/2556288.2557136,33,0.229,909.1,76,-0.1366120218579235,-0.14563106796116504,25
160,Menus & Command Selection,231,1985,chi,Selection from alphabetic and numeric menu trees using a touch screen,10.1145/317456.317470,108,0.75,127.8,58,0.27586206896551724,0.0,52
160,Menus & Command Selection,488,1988,chi,An empirical comparison of pie vs. linear menus,10.1145/57167.57182,116,0.806,509.5,461,0.7536231884057971,0.75,55
160,Menus & Command Selection,4714,2007,chi,A predictive model of menu performance,10.1145/1240624.1240723,72,0.5,859.1,303,0.015625,-0.17543859649122806,38
160,Menus & Command Selection,5488,2008,uist,OctoPocus,10.1145/1449715.1449724,70,0.486,918.5,262,0.02,-0.06140350877192982,34
160,Menus & Command Selection,1265,1994,chi,User learning and performance with marking menus,10.1145/191666.191759,100,0.694,721.1,335,0.3741935483870968,0.08333333333333333,51
160,Menus & Command Selection,8401,2012,chi,Improving command selection with CommandMaps,10.1145/2207676.2207713,52,0.361,641.7,119,-0.0892018779342723,-0.11764705882352941,28
160,Menus & Command Selection,120,1982,chi,User perceptual mechanisms in the search of computer command menus,10.1145/800049.801779,128,0.889,490.5,177,1.0,1.0,58
160,Menus & Command Selection,665,1990,chi,A comparison of selection time from walking and pull-down menus,10.1145/97243.97277,108,0.75,35.7,45,1.0,1.0,47
160,Menus & Command Selection,347,1986,chi,A comparison of rule-based and positionally constant arrangements of computer menu items,10.1145/29933.275639,109,0.757,160.8,75,-0.047619047619047616,0.0,47
161,Authentication & Biometrics,10048,2013,chi,Back-of-device authentication on smartphones,10.1145/2470654.2481330,62,0.59,521.8,128,-0.08839779005524862,-0.17142857142857143,26
161,Authentication & Biometrics,4929,2008,chi,Undercover,10.1145/1357054.1357085,88,0.838,185.2,115,0.16981132075471697,0.25,30
161,Authentication & Biometrics,3175,2003,chi,Usability and biometric verification at the ATM interface,10.1145/642611.642639,89,0.848,87.2,119,1.0,1.0,32
161,Authentication & Biometrics,5579,2009,chi,Vibrapass,10.1145/1518701.1518840,87,0.829,374.4,104,0.02702702702702703,-0.0625,29
161,Authentication & Biometrics,6701,2010,chi,Multi-touch authentication on tabletops,10.1145/1753326.1753489,83,0.79,260.7,123,0.0,0.02631578947368421,28
161,Authentication & Biometrics,9198,2013,mobilehci,Patterns in the wild,10.1145/2493190.2493231,65,0.619,554.2,142,0.08695652173913043,0.057692307692307696,23
161,Authentication & Biometrics,10381,2014,chi,"Now you see me, now you don't",10.1145/2556288.2557097,56,0.533,527.3,117,-0.13,-0.16666666666666666,22
161,Authentication & Biometrics,19696,2020,chi,The Role of Eye Gaze in Security and Privacy Applications: Survey and Future HCI Research ,10.1145/3313831.3376840,17,0.162,463.1,166,-0.028409090909090908,-0.03164556962025317,13
161,Authentication & Biometrics,7930,2012,chi,Touch me once and i know it's you!,10.1145/2207676.2208544,79,0.752,698.7,489,0.2602739726027397,0.2777777777777778,27
162,Multimodal Fusion Architectures,1730,1997,chi,Integration and synchronization of input modes during multimodal human-computer interactio,10.1145/258549.258821,17,0.405,202.0,365,0.35135135135135137,0.0,44
162,Multimodal Fusion Architectures,1480,1996,chi,Multimodal interfaces for dynamic interactive maps,10.1145/238386.238438,20,0.476,139.1,179,0.34782608695652173,0.25,47
162,Multimodal Fusion Architectures,2376,2000,uist,Multimodal system processing in mobile environments,10.1145/354401.354408,7,0.167,108.0,92,-0.12903225806451613,-0.23076923076923078,29
162,Multimodal Fusion Architectures,3629,2004,chi,A study of digital ink in lecture presentation,10.1145/985692.985764,4,0.095,125.0,98,0.040268456375838924,0.05263157894736842,41
162,Multimodal Fusion Architectures,2171,1999,chi,Mutual disambiguation of recognition errors in a multimodel architecture,10.1145/302979.303163,14,0.333,207.8,315,0.3392857142857143,0.0,43
163,Latency & Input Quality,742,1991,uist,On temporal-spatial realism in the virtual reality environment,10.1145/120782.120784,41,0.423,187.9,174,1.0,1.0,55
163,Latency & Input Quality,8841,2012,uist,Designing for low-latency direct-touch input,10.1145/2380116.2380174,38,0.392,781.7,194,0.11570247933884298,0.11428571428571428,28
163,Latency & Input Quality,10830,2014,chi,In the blink of an eye,10.1145/2556288.2557037,28,0.289,478.9,60,-0.07142857142857142,-0.15384615384615385,20
163,Latency & Input Quality,13847,2016,mobilehci,Software-reduced touchscreen latency,10.1145/2935334.2935381,20,0.206,434.7,36,-0.2028985507246377,-0.15151515151515152,16
163,Latency & Input Quality,1304,1994,tochi,Reaching for objects in VR displays,10.1145/198425.198426,37,0.381,138.6,227,0.09482758620689655,0.1,46
163,Latency & Input Quality,12187,2015,chi,How Much Faster is Fast Enough?,10.1145/2702123.2702300,25,0.258,467.6,87,-0.17647058823529413,-0.16666666666666666,19
163,Latency & Input Quality,9118,2013,chi,How fast is fast enough?,10.1145/2470654.2481317,36,0.371,881.1,157,-0.08771929824561403,-0.16666666666666666,27
163,Latency & Input Quality,863,1992,uist,A testbed for characterizing dynamic response of virtual environment spatial sensors,10.1145/142621.142624,40,0.412,62.6,25,-0.21428571428571427,-0.75,52
