sub,name,band,year,papers,cites_received
0,Participatory & Community Design,Social Media & Online Communities,1983,1,0
0,Participatory & Community Design,Social Media & Online Communities,1988,1,0
0,Participatory & Community Design,Social Media & Online Communities,1990,2,0
0,Participatory & Community Design,Social Media & Online Communities,1991,1,2
0,Participatory & Community Design,Social Media & Online Communities,1992,1,2
0,Participatory & Community Design,Social Media & Online Communities,1994,1,1
0,Participatory & Community Design,Social Media & Online Communities,1995,1,0
0,Participatory & Community Design,Social Media & Online Communities,1996,1,0
0,Participatory & Community Design,Social Media & Online Communities,1997,0,1
0,Participatory & Community Design,Social Media & Online Communities,1998,0,1
0,Participatory & Community Design,Social Media & Online Communities,2000,2,2
0,Participatory & Community Design,Social Media & Online Communities,2001,1,0
0,Participatory & Community Design,Social Media & Online Communities,2002,1,3
0,Participatory & Community Design,Social Media & Online Communities,2004,1,1
0,Participatory & Community Design,Social Media & Online Communities,2005,2,2
0,Participatory & Community Design,Social Media & Online Communities,2006,1,5
0,Participatory & Community Design,Social Media & Online Communities,2007,2,10
0,Participatory & Community Design,Social Media & Online Communities,2008,5,13
0,Participatory & Community Design,Social Media & Online Communities,2009,4,12
0,Participatory & Community Design,Social Media & Online Communities,2010,9,20
0,Participatory & Community Design,Social Media & Online Communities,2011,14,44
0,Participatory & Community Design,Social Media & Online Communities,2012,16,94
0,Participatory & Community Design,Social Media & Online Communities,2013,13,93
0,Participatory & Community Design,Social Media & Online Communities,2014,22,136
0,Participatory & Community Design,Social Media & Online Communities,2015,19,160
0,Participatory & Community Design,Social Media & Online Communities,2016,21,271
0,Participatory & Community Design,Social Media & Online Communities,2017,30,433
0,Participatory & Community Design,Social Media & Online Communities,2018,36,487
0,Participatory & Community Design,Social Media & Online Communities,2019,55,755
0,Participatory & Community Design,Social Media & Online Communities,2020,44,658
0,Participatory & Community Design,Social Media & Online Communities,2021,64,1283
0,Participatory & Community Design,Social Media & Online Communities,2022,60,1270
0,Participatory & Community Design,Social Media & Online Communities,2023,58,1314
0,Participatory & Community Design,Social Media & Online Communities,2024,86,1787
0,Participatory & Community Design,Social Media & Online Communities,2025,100,2358
0,Participatory & Community Design,Social Media & Online Communities,2026,77,1928
1,Social Media & Privacy,Social Media & Online Communities,1989,1,0
1,Social Media & Privacy,Social Media & Online Communities,2000,2,0
1,Social Media & Privacy,Social Media & Online Communities,2001,0,1
1,Social Media & Privacy,Social Media & Online Communities,2003,1,1
1,Social Media & Privacy,Social Media & Online Communities,2004,0,7
1,Social Media & Privacy,Social Media & Online Communities,2005,1,8
1,Social Media & Privacy,Social Media & Online Communities,2006,2,14
1,Social Media & Privacy,Social Media & Online Communities,2007,1,7
1,Social Media & Privacy,Social Media & Online Communities,2008,7,28
1,Social Media & Privacy,Social Media & Online Communities,2009,3,15
1,Social Media & Privacy,Social Media & Online Communities,2010,11,44
1,Social Media & Privacy,Social Media & Online Communities,2011,14,77
1,Social Media & Privacy,Social Media & Online Communities,2012,18,108
1,Social Media & Privacy,Social Media & Online Communities,2013,25,155
1,Social Media & Privacy,Social Media & Online Communities,2014,32,210
1,Social Media & Privacy,Social Media & Online Communities,2015,20,232
1,Social Media & Privacy,Social Media & Online Communities,2016,30,315
1,Social Media & Privacy,Social Media & Online Communities,2017,35,438
1,Social Media & Privacy,Social Media & Online Communities,2018,36,464
1,Social Media & Privacy,Social Media & Online Communities,2019,27,593
1,Social Media & Privacy,Social Media & Online Communities,2020,35,563
1,Social Media & Privacy,Social Media & Online Communities,2021,47,935
1,Social Media & Privacy,Social Media & Online Communities,2022,40,915
1,Social Media & Privacy,Social Media & Online Communities,2023,32,796
1,Social Media & Privacy,Social Media & Online Communities,2024,51,1144
1,Social Media & Privacy,Social Media & Online Communities,2025,62,1326
1,Social Media & Privacy,Social Media & Online Communities,2026,33,840
2,Wikipedia & Open Source,Social Media & Online Communities,1986,1,0
2,Wikipedia & Open Source,Social Media & Online Communities,1994,0,1
2,Wikipedia & Open Source,Social Media & Online Communities,1998,3,0
2,Wikipedia & Open Source,Social Media & Online Communities,1999,0,1
2,Wikipedia & Open Source,Social Media & Online Communities,2000,2,4
2,Wikipedia & Open Source,Social Media & Online Communities,2001,1,0
2,Wikipedia & Open Source,Social Media & Online Communities,2002,3,10
2,Wikipedia & Open Source,Social Media & Online Communities,2003,0,3
2,Wikipedia & Open Source,Social Media & Online Communities,2004,5,17
2,Wikipedia & Open Source,Social Media & Online Communities,2005,3,11
2,Wikipedia & Open Source,Social Media & Online Communities,2006,7,23
2,Wikipedia & Open Source,Social Media & Online Communities,2007,6,18
2,Wikipedia & Open Source,Social Media & Online Communities,2008,10,42
2,Wikipedia & Open Source,Social Media & Online Communities,2009,13,38
2,Wikipedia & Open Source,Social Media & Online Communities,2010,29,109
2,Wikipedia & Open Source,Social Media & Online Communities,2011,17,82
2,Wikipedia & Open Source,Social Media & Online Communities,2012,42,165
2,Wikipedia & Open Source,Social Media & Online Communities,2013,33,204
2,Wikipedia & Open Source,Social Media & Online Communities,2014,32,212
2,Wikipedia & Open Source,Social Media & Online Communities,2015,34,235
2,Wikipedia & Open Source,Social Media & Online Communities,2016,28,274
2,Wikipedia & Open Source,Social Media & Online Communities,2017,41,405
2,Wikipedia & Open Source,Social Media & Online Communities,2018,28,348
2,Wikipedia & Open Source,Social Media & Online Communities,2019,15,270
2,Wikipedia & Open Source,Social Media & Online Communities,2020,11,191
2,Wikipedia & Open Source,Social Media & Online Communities,2021,26,296
2,Wikipedia & Open Source,Social Media & Online Communities,2022,22,310
2,Wikipedia & Open Source,Social Media & Online Communities,2023,13,299
2,Wikipedia & Open Source,Social Media & Online Communities,2024,18,331
2,Wikipedia & Open Source,Social Media & Online Communities,2025,20,338
2,Wikipedia & Open Source,Social Media & Online Communities,2026,9,138
3,Misinformation & News,Social Media & Online Communities,1994,1,0
3,Misinformation & News,Social Media & Online Communities,1998,0,1
3,Misinformation & News,Social Media & Online Communities,1999,0,1
3,Misinformation & News,Social Media & Online Communities,2002,0,1
3,Misinformation & News,Social Media & Online Communities,2003,0,1
3,Misinformation & News,Social Media & Online Communities,2004,0,4
3,Misinformation & News,Social Media & Online Communities,2006,0,2
3,Misinformation & News,Social Media & Online Communities,2007,2,0
3,Misinformation & News,Social Media & Online Communities,2008,3,3
3,Misinformation & News,Social Media & Online Communities,2009,2,4
3,Misinformation & News,Social Media & Online Communities,2010,4,10
3,Misinformation & News,Social Media & Online Communities,2011,12,25
3,Misinformation & News,Social Media & Online Communities,2012,14,44
3,Misinformation & News,Social Media & Online Communities,2013,13,67
3,Misinformation & News,Social Media & Online Communities,2014,13,79
3,Misinformation & News,Social Media & Online Communities,2015,13,117
3,Misinformation & News,Social Media & Online Communities,2016,12,143
3,Misinformation & News,Social Media & Online Communities,2017,23,209
3,Misinformation & News,Social Media & Online Communities,2018,25,211
3,Misinformation & News,Social Media & Online Communities,2019,18,150
3,Misinformation & News,Social Media & Online Communities,2020,20,149
3,Misinformation & News,Social Media & Online Communities,2021,41,408
3,Misinformation & News,Social Media & Online Communities,2022,45,404
3,Misinformation & News,Social Media & Online Communities,2023,40,422
3,Misinformation & News,Social Media & Online Communities,2024,38,618
3,Misinformation & News,Social Media & Online Communities,2025,54,794
3,Misinformation & News,Social Media & Online Communities,2026,29,414
4,Content Moderation,Social Media & Online Communities,2004,1,1
4,Content Moderation,Social Media & Online Communities,2005,0,2
4,Content Moderation,Social Media & Online Communities,2006,1,1
4,Content Moderation,Social Media & Online Communities,2007,1,3
4,Content Moderation,Social Media & Online Communities,2008,2,3
4,Content Moderation,Social Media & Online Communities,2009,2,4
4,Content Moderation,Social Media & Online Communities,2010,0,6
4,Content Moderation,Social Media & Online Communities,2011,7,13
4,Content Moderation,Social Media & Online Communities,2012,6,17
4,Content Moderation,Social Media & Online Communities,2013,3,12
4,Content Moderation,Social Media & Online Communities,2014,7,27
4,Content Moderation,Social Media & Online Communities,2015,10,29
4,Content Moderation,Social Media & Online Communities,2016,11,56
4,Content Moderation,Social Media & Online Communities,2017,20,135
4,Content Moderation,Social Media & Online Communities,2018,17,181
4,Content Moderation,Social Media & Online Communities,2019,30,301
4,Content Moderation,Social Media & Online Communities,2020,26,305
4,Content Moderation,Social Media & Online Communities,2021,39,567
4,Content Moderation,Social Media & Online Communities,2022,49,678
4,Content Moderation,Social Media & Online Communities,2023,44,889
4,Content Moderation,Social Media & Online Communities,2024,54,1073
4,Content Moderation,Social Media & Online Communities,2025,72,1325
4,Content Moderation,Social Media & Online Communities,2026,30,700
5,Gig Work & Labour,Social Media & Online Communities,1986,1,0
5,Gig Work & Labour,Social Media & Online Communities,1988,1,0
5,Gig Work & Labour,Social Media & Online Communities,1996,1,0
5,Gig Work & Labour,Social Media & Online Communities,1997,1,1
5,Gig Work & Labour,Social Media & Online Communities,1998,0,1
5,Gig Work & Labour,Social Media & Online Communities,2000,0,1
5,Gig Work & Labour,Social Media & Online Communities,2010,3,0
5,Gig Work & Labour,Social Media & Online Communities,2011,2,5
5,Gig Work & Labour,Social Media & Online Communities,2012,1,5
5,Gig Work & Labour,Social Media & Online Communities,2013,6,4
5,Gig Work & Labour,Social Media & Online Communities,2014,11,23
5,Gig Work & Labour,Social Media & Online Communities,2015,16,49
5,Gig Work & Labour,Social Media & Online Communities,2016,21,111
5,Gig Work & Labour,Social Media & Online Communities,2017,32,298
5,Gig Work & Labour,Social Media & Online Communities,2018,27,364
5,Gig Work & Labour,Social Media & Online Communities,2019,28,354
5,Gig Work & Labour,Social Media & Online Communities,2020,16,247
5,Gig Work & Labour,Social Media & Online Communities,2021,33,509
5,Gig Work & Labour,Social Media & Online Communities,2022,36,516
5,Gig Work & Labour,Social Media & Online Communities,2023,20,397
5,Gig Work & Labour,Social Media & Online Communities,2024,38,670
5,Gig Work & Labour,Social Media & Online Communities,2025,44,886
5,Gig Work & Labour,Social Media & Online Communities,2026,18,402
6,Civic Data & Communities,Social Media & Online Communities,1982,1,0
6,Civic Data & Communities,Social Media & Online Communities,1983,1,1
6,Civic Data & Communities,Social Media & Online Communities,1996,1,0
6,Civic Data & Communities,Social Media & Online Communities,1997,0,2
6,Civic Data & Communities,Social Media & Online Communities,1998,0,4
6,Civic Data & Communities,Social Media & Online Communities,1999,0,1
6,Civic Data & Communities,Social Media & Online Communities,2000,0,2
6,Civic Data & Communities,Social Media & Online Communities,2001,0,3
6,Civic Data & Communities,Social Media & Online Communities,2002,1,2
6,Civic Data & Communities,Social Media & Online Communities,2004,3,9
6,Civic Data & Communities,Social Media & Online Communities,2005,3,6
6,Civic Data & Communities,Social Media & Online Communities,2006,2,15
6,Civic Data & Communities,Social Media & Online Communities,2007,2,7
6,Civic Data & Communities,Social Media & Online Communities,2008,7,24
6,Civic Data & Communities,Social Media & Online Communities,2009,2,14
6,Civic Data & Communities,Social Media & Online Communities,2010,8,19
6,Civic Data & Communities,Social Media & Online Communities,2011,8,30
6,Civic Data & Communities,Social Media & Online Communities,2012,12,40
6,Civic Data & Communities,Social Media & Online Communities,2013,10,50
6,Civic Data & Communities,Social Media & Online Communities,2014,15,92
6,Civic Data & Communities,Social Media & Online Communities,2015,19,113
6,Civic Data & Communities,Social Media & Online Communities,2016,18,186
6,Civic Data & Communities,Social Media & Online Communities,2017,26,346
6,Civic Data & Communities,Social Media & Online Communities,2018,27,378
6,Civic Data & Communities,Social Media & Online Communities,2019,26,384
6,Civic Data & Communities,Social Media & Online Communities,2020,17,314
6,Civic Data & Communities,Social Media & Online Communities,2021,23,408
6,Civic Data & Communities,Social Media & Online Communities,2022,15,406
6,Civic Data & Communities,Social Media & Online Communities,2023,26,411
6,Civic Data & Communities,Social Media & Online Communities,2024,23,455
6,Civic Data & Communities,Social Media & Online Communities,2025,23,616
6,Civic Data & Communities,Social Media & Online Communities,2026,22,436
7,"Infrastructure, Hackathons & Crypto",Social Media & Online Communities,1982,3,0
7,"Infrastructure, Hackathons & Crypto",Social Media & Online Communities,1985,1,1
7,"Infrastructure, Hackathons & Crypto",Social Media & Online Communities,1986,7,4
7,"Infrastructure, Hackathons & Crypto",Social Media & Online Communities,1988,3,8
7,"Infrastructure, Hackathons & Crypto",Social Media & Online Communities,1989,0,1
7,"Infrastructure, Hackathons & Crypto",Social Media & Online Communities,1990,6,16
7,"Infrastructure, Hackathons & Crypto",Social Media & Online Communities,1991,2,8
7,"Infrastructure, Hackathons & Crypto",Social Media & Online Communities,1992,4,17
7,"Infrastructure, Hackathons & Crypto",Social Media & Online Communities,1993,0,3
7,"Infrastructure, Hackathons & Crypto",Social Media & Online Communities,1994,5,22
7,"Infrastructure, Hackathons & Crypto",Social Media & Online Communities,1995,2,8
7,"Infrastructure, Hackathons & Crypto",Social Media & Online Communities,1996,3,23
7,"Infrastructure, Hackathons & Crypto",Social Media & Online Communities,1997,4,17
7,"Infrastructure, Hackathons & Crypto",Social Media & Online Communities,1998,4,6
7,"Infrastructure, Hackathons & Crypto",Social Media & Online Communities,1999,0,6
7,"Infrastructure, Hackathons & Crypto",Social Media & Online Communities,2000,1,8
7,"Infrastructure, Hackathons & Crypto",Social Media & Online Communities,2001,2,6
7,"Infrastructure, Hackathons & Crypto",Social Media & Online Communities,2002,5,21
7,"Infrastructure, Hackathons & Crypto",Social Media & Online Communities,2003,0,6
7,"Infrastructure, Hackathons & Crypto",Social Media & Online Communities,2004,3,30
7,"Infrastructure, Hackathons & Crypto",Social Media & Online Communities,2005,0,3
7,"Infrastructure, Hackathons & Crypto",Social Media & Online Communities,2006,4,17
7,"Infrastructure, Hackathons & Crypto",Social Media & Online Communities,2007,0,3
7,"Infrastructure, Hackathons & Crypto",Social Media & Online Communities,2008,3,20
7,"Infrastructure, Hackathons & Crypto",Social Media & Online Communities,2009,0,9
7,"Infrastructure, Hackathons & Crypto",Social Media & Online Communities,2010,2,17
7,"Infrastructure, Hackathons & Crypto",Social Media & Online Communities,2011,4,17
7,"Infrastructure, Hackathons & Crypto",Social Media & Online Communities,2012,6,24
7,"Infrastructure, Hackathons & Crypto",Social Media & Online Communities,2013,8,46
7,"Infrastructure, Hackathons & Crypto",Social Media & Online Communities,2014,6,40
7,"Infrastructure, Hackathons & Crypto",Social Media & Online Communities,2015,8,59
7,"Infrastructure, Hackathons & Crypto",Social Media & Online Communities,2016,10,54
7,"Infrastructure, Hackathons & Crypto",Social Media & Online Communities,2017,7,79
7,"Infrastructure, Hackathons & Crypto",Social Media & Online Communities,2018,11,82
7,"Infrastructure, Hackathons & Crypto",Social Media & Online Communities,2019,10,92
7,"Infrastructure, Hackathons & Crypto",Social Media & Online Communities,2020,13,86
7,"Infrastructure, Hackathons & Crypto",Social Media & Online Communities,2021,14,164
7,"Infrastructure, Hackathons & Crypto",Social Media & Online Communities,2022,8,143
7,"Infrastructure, Hackathons & Crypto",Social Media & Online Communities,2023,5,123
7,"Infrastructure, Hackathons & Crypto",Social Media & Online Communities,2024,9,130
7,"Infrastructure, Hackathons & Crypto",Social Media & Online Communities,2025,11,223
7,"Infrastructure, Hackathons & Crypto",Social Media & Online Communities,2026,6,100
8,Refugees & Migration,Social Media & Online Communities,2002,1,0
8,Refugees & Migration,Social Media & Online Communities,2004,1,0
8,Refugees & Migration,Social Media & Online Communities,2006,1,1
8,Refugees & Migration,Social Media & Online Communities,2007,0,2
8,Refugees & Migration,Social Media & Online Communities,2008,2,1
8,Refugees & Migration,Social Media & Online Communities,2009,1,6
8,Refugees & Migration,Social Media & Online Communities,2010,0,5
8,Refugees & Migration,Social Media & Online Communities,2011,2,6
8,Refugees & Migration,Social Media & Online Communities,2012,1,7
8,Refugees & Migration,Social Media & Online Communities,2013,1,4
8,Refugees & Migration,Social Media & Online Communities,2014,4,9
8,Refugees & Migration,Social Media & Online Communities,2015,3,7
8,Refugees & Migration,Social Media & Online Communities,2016,4,13
8,Refugees & Migration,Social Media & Online Communities,2017,3,20
8,Refugees & Migration,Social Media & Online Communities,2018,5,27
8,Refugees & Migration,Social Media & Online Communities,2019,9,46
8,Refugees & Migration,Social Media & Online Communities,2020,10,86
8,Refugees & Migration,Social Media & Online Communities,2021,8,142
8,Refugees & Migration,Social Media & Online Communities,2022,14,153
8,Refugees & Migration,Social Media & Online Communities,2023,11,114
8,Refugees & Migration,Social Media & Online Communities,2024,16,191
8,Refugees & Migration,Social Media & Online Communities,2025,14,235
8,Refugees & Migration,Social Media & Online Communities,2026,15,228
9,Political Talk & Team Formation,Social Media & Online Communities,1994,1,0
9,Political Talk & Team Formation,Social Media & Online Communities,2004,4,0
9,Political Talk & Team Formation,Social Media & Online Communities,2006,0,4
9,Political Talk & Team Formation,Social Media & Online Communities,2008,0,1
9,Political Talk & Team Formation,Social Media & Online Communities,2009,2,0
9,Political Talk & Team Formation,Social Media & Online Communities,2010,5,5
9,Political Talk & Team Formation,Social Media & Online Communities,2011,2,6
9,Political Talk & Team Formation,Social Media & Online Communities,2012,3,8
9,Political Talk & Team Formation,Social Media & Online Communities,2013,3,10
9,Political Talk & Team Formation,Social Media & Online Communities,2014,6,28
9,Political Talk & Team Formation,Social Media & Online Communities,2015,4,42
9,Political Talk & Team Formation,Social Media & Online Communities,2016,9,27
9,Political Talk & Team Formation,Social Media & Online Communities,2017,14,78
9,Political Talk & Team Formation,Social Media & Online Communities,2018,8,101
9,Political Talk & Team Formation,Social Media & Online Communities,2019,7,98
9,Political Talk & Team Formation,Social Media & Online Communities,2020,8,80
9,Political Talk & Team Formation,Social Media & Online Communities,2021,10,104
9,Political Talk & Team Formation,Social Media & Online Communities,2022,10,94
9,Political Talk & Team Formation,Social Media & Online Communities,2023,7,96
9,Political Talk & Team Formation,Social Media & Online Communities,2024,5,123
9,Political Talk & Team Formation,Social Media & Online Communities,2025,5,150
9,Political Talk & Team Formation,Social Media & Online Communities,2026,1,40
10,Crowdfunding & Social Tagging,Social Media & Online Communities,1982,1,0
10,Crowdfunding & Social Tagging,Social Media & Online Communities,1999,1,0
10,Crowdfunding & Social Tagging,Social Media & Online Communities,2000,2,4
10,Crowdfunding & Social Tagging,Social Media & Online Communities,2001,2,1
10,Crowdfunding & Social Tagging,Social Media & Online Communities,2002,4,6
10,Crowdfunding & Social Tagging,Social Media & Online Communities,2003,1,7
10,Crowdfunding & Social Tagging,Social Media & Online Communities,2004,2,12
10,Crowdfunding & Social Tagging,Social Media & Online Communities,2005,3,11
10,Crowdfunding & Social Tagging,Social Media & Online Communities,2006,6,29
10,Crowdfunding & Social Tagging,Social Media & Online Communities,2007,5,15
10,Crowdfunding & Social Tagging,Social Media & Online Communities,2008,10,42
10,Crowdfunding & Social Tagging,Social Media & Online Communities,2009,7,41
10,Crowdfunding & Social Tagging,Social Media & Online Communities,2010,12,65
10,Crowdfunding & Social Tagging,Social Media & Online Communities,2011,4,36
10,Crowdfunding & Social Tagging,Social Media & Online Communities,2012,2,27
10,Crowdfunding & Social Tagging,Social Media & Online Communities,2013,3,24
10,Crowdfunding & Social Tagging,Social Media & Online Communities,2014,8,43
10,Crowdfunding & Social Tagging,Social Media & Online Communities,2015,5,38
10,Crowdfunding & Social Tagging,Social Media & Online Communities,2016,8,57
10,Crowdfunding & Social Tagging,Social Media & Online Communities,2017,12,82
10,Crowdfunding & Social Tagging,Social Media & Online Communities,2018,3,73
10,Crowdfunding & Social Tagging,Social Media & Online Communities,2019,2,57
10,Crowdfunding & Social Tagging,Social Media & Online Communities,2020,3,47
10,Crowdfunding & Social Tagging,Social Media & Online Communities,2021,2,43
10,Crowdfunding & Social Tagging,Social Media & Online Communities,2022,4,54
10,Crowdfunding & Social Tagging,Social Media & Online Communities,2023,1,31
10,Crowdfunding & Social Tagging,Social Media & Online Communities,2024,1,30
10,Crowdfunding & Social Tagging,Social Media & Online Communities,2025,2,48
10,Crowdfunding & Social Tagging,Social Media & Online Communities,2026,0,16
11,Health & Wellbeing,"Health, Care & Ageing",1996,1,0
11,Health & Wellbeing,"Health, Care & Ageing",2005,1,1
11,Health & Wellbeing,"Health, Care & Ageing",2008,1,2
11,Health & Wellbeing,"Health, Care & Ageing",2009,1,0
11,Health & Wellbeing,"Health, Care & Ageing",2010,2,0
11,Health & Wellbeing,"Health, Care & Ageing",2011,8,6
11,Health & Wellbeing,"Health, Care & Ageing",2012,9,17
11,Health & Wellbeing,"Health, Care & Ageing",2013,6,31
11,Health & Wellbeing,"Health, Care & Ageing",2014,16,45
11,Health & Wellbeing,"Health, Care & Ageing",2015,15,81
11,Health & Wellbeing,"Health, Care & Ageing",2016,16,100
11,Health & Wellbeing,"Health, Care & Ageing",2017,25,242
11,Health & Wellbeing,"Health, Care & Ageing",2018,20,225
11,Health & Wellbeing,"Health, Care & Ageing",2019,25,338
11,Health & Wellbeing,"Health, Care & Ageing",2020,29,368
11,Health & Wellbeing,"Health, Care & Ageing",2021,38,542
11,Health & Wellbeing,"Health, Care & Ageing",2022,38,607
11,Health & Wellbeing,"Health, Care & Ageing",2023,36,606
11,Health & Wellbeing,"Health, Care & Ageing",2024,42,728
11,Health & Wellbeing,"Health, Care & Ageing",2025,59,1181
11,Health & Wellbeing,"Health, Care & Ageing",2026,26,593
12,Personal Informatics,"Health, Care & Ageing",2005,1,0
12,Personal Informatics,"Health, Care & Ageing",2006,0,2
12,Personal Informatics,"Health, Care & Ageing",2007,0,2
12,Personal Informatics,"Health, Care & Ageing",2008,3,3
12,Personal Informatics,"Health, Care & Ageing",2009,3,8
12,Personal Informatics,"Health, Care & Ageing",2010,3,20
12,Personal Informatics,"Health, Care & Ageing",2011,4,21
12,Personal Informatics,"Health, Care & Ageing",2012,6,25
12,Personal Informatics,"Health, Care & Ageing",2013,9,34
12,Personal Informatics,"Health, Care & Ageing",2014,11,59
12,Personal Informatics,"Health, Care & Ageing",2015,20,159
12,Personal Informatics,"Health, Care & Ageing",2016,17,225
12,Personal Informatics,"Health, Care & Ageing",2017,32,364
12,Personal Informatics,"Health, Care & Ageing",2018,32,492
12,Personal Informatics,"Health, Care & Ageing",2019,22,427
12,Personal Informatics,"Health, Care & Ageing",2020,25,569
12,Personal Informatics,"Health, Care & Ageing",2021,40,801
12,Personal Informatics,"Health, Care & Ageing",2022,34,743
12,Personal Informatics,"Health, Care & Ageing",2023,31,874
12,Personal Informatics,"Health, Care & Ageing",2024,46,1094
12,Personal Informatics,"Health, Care & Ageing",2025,48,1460
12,Personal Informatics,"Health, Care & Ageing",2026,38,854
13,Older Adults & Dementia Care,"Health, Care & Ageing",2001,1,1
13,Older Adults & Dementia Care,"Health, Care & Ageing",2002,2,2
13,Older Adults & Dementia Care,"Health, Care & Ageing",2003,1,4
13,Older Adults & Dementia Care,"Health, Care & Ageing",2004,2,7
13,Older Adults & Dementia Care,"Health, Care & Ageing",2005,3,4
13,Older Adults & Dementia Care,"Health, Care & Ageing",2006,5,23
13,Older Adults & Dementia Care,"Health, Care & Ageing",2007,2,12
13,Older Adults & Dementia Care,"Health, Care & Ageing",2008,5,31
13,Older Adults & Dementia Care,"Health, Care & Ageing",2009,4,16
13,Older Adults & Dementia Care,"Health, Care & Ageing",2010,8,36
13,Older Adults & Dementia Care,"Health, Care & Ageing",2011,4,18
13,Older Adults & Dementia Care,"Health, Care & Ageing",2012,14,32
13,Older Adults & Dementia Care,"Health, Care & Ageing",2013,7,42
13,Older Adults & Dementia Care,"Health, Care & Ageing",2014,12,54
13,Older Adults & Dementia Care,"Health, Care & Ageing",2015,7,62
13,Older Adults & Dementia Care,"Health, Care & Ageing",2016,15,107
13,Older Adults & Dementia Care,"Health, Care & Ageing",2017,16,144
13,Older Adults & Dementia Care,"Health, Care & Ageing",2018,13,150
13,Older Adults & Dementia Care,"Health, Care & Ageing",2019,25,239
13,Older Adults & Dementia Care,"Health, Care & Ageing",2020,17,282
13,Older Adults & Dementia Care,"Health, Care & Ageing",2021,26,361
13,Older Adults & Dementia Care,"Health, Care & Ageing",2022,27,438
13,Older Adults & Dementia Care,"Health, Care & Ageing",2023,23,341
13,Older Adults & Dementia Care,"Health, Care & Ageing",2024,33,514
13,Older Adults & Dementia Care,"Health, Care & Ageing",2025,39,718
13,Older Adults & Dementia Care,"Health, Care & Ageing",2026,23,473
14,Persuasive Health & Activity,"Health, Care & Ageing",1992,1,0
14,Persuasive Health & Activity,"Health, Care & Ageing",1998,1,0
14,Persuasive Health & Activity,"Health, Care & Ageing",1999,0,1
14,Persuasive Health & Activity,"Health, Care & Ageing",2002,0,1
14,Persuasive Health & Activity,"Health, Care & Ageing",2003,1,0
14,Persuasive Health & Activity,"Health, Care & Ageing",2005,0,1
14,Persuasive Health & Activity,"Health, Care & Ageing",2006,3,0
14,Persuasive Health & Activity,"Health, Care & Ageing",2007,2,8
14,Persuasive Health & Activity,"Health, Care & Ageing",2008,6,20
14,Persuasive Health & Activity,"Health, Care & Ageing",2009,3,15
14,Persuasive Health & Activity,"Health, Care & Ageing",2010,10,33
14,Persuasive Health & Activity,"Health, Care & Ageing",2011,12,36
14,Persuasive Health & Activity,"Health, Care & Ageing",2012,13,91
14,Persuasive Health & Activity,"Health, Care & Ageing",2013,10,53
14,Persuasive Health & Activity,"Health, Care & Ageing",2014,12,110
14,Persuasive Health & Activity,"Health, Care & Ageing",2015,18,171
14,Persuasive Health & Activity,"Health, Care & Ageing",2016,17,158
14,Persuasive Health & Activity,"Health, Care & Ageing",2017,15,231
14,Persuasive Health & Activity,"Health, Care & Ageing",2018,9,186
14,Persuasive Health & Activity,"Health, Care & Ageing",2019,5,178
14,Persuasive Health & Activity,"Health, Care & Ageing",2020,11,191
14,Persuasive Health & Activity,"Health, Care & Ageing",2021,9,225
14,Persuasive Health & Activity,"Health, Care & Ageing",2022,11,170
14,Persuasive Health & Activity,"Health, Care & Ageing",2023,4,188
14,Persuasive Health & Activity,"Health, Care & Ageing",2024,11,244
14,Persuasive Health & Activity,"Health, Care & Ageing",2025,9,257
14,Persuasive Health & Activity,"Health, Care & Ageing",2026,7,160
15,Chronic Care & Caregiving,"Health, Care & Ageing",1998,1,0
15,Chronic Care & Caregiving,"Health, Care & Ageing",2001,1,1
15,Chronic Care & Caregiving,"Health, Care & Ageing",2002,1,1
15,Chronic Care & Caregiving,"Health, Care & Ageing",2003,0,1
15,Chronic Care & Caregiving,"Health, Care & Ageing",2004,0,1
15,Chronic Care & Caregiving,"Health, Care & Ageing",2005,0,1
15,Chronic Care & Caregiving,"Health, Care & Ageing",2006,4,0
15,Chronic Care & Caregiving,"Health, Care & Ageing",2007,2,2
15,Chronic Care & Caregiving,"Health, Care & Ageing",2008,2,6
15,Chronic Care & Caregiving,"Health, Care & Ageing",2009,1,5
15,Chronic Care & Caregiving,"Health, Care & Ageing",2010,11,22
15,Chronic Care & Caregiving,"Health, Care & Ageing",2011,9,33
15,Chronic Care & Caregiving,"Health, Care & Ageing",2012,7,25
15,Chronic Care & Caregiving,"Health, Care & Ageing",2013,9,35
15,Chronic Care & Caregiving,"Health, Care & Ageing",2014,5,47
15,Chronic Care & Caregiving,"Health, Care & Ageing",2015,18,110
15,Chronic Care & Caregiving,"Health, Care & Ageing",2016,10,125
15,Chronic Care & Caregiving,"Health, Care & Ageing",2017,21,240
15,Chronic Care & Caregiving,"Health, Care & Ageing",2018,13,159
15,Chronic Care & Caregiving,"Health, Care & Ageing",2019,16,271
15,Chronic Care & Caregiving,"Health, Care & Ageing",2020,14,217
15,Chronic Care & Caregiving,"Health, Care & Ageing",2021,15,368
15,Chronic Care & Caregiving,"Health, Care & Ageing",2022,15,385
15,Chronic Care & Caregiving,"Health, Care & Ageing",2023,22,431
15,Chronic Care & Caregiving,"Health, Care & Ageing",2024,19,518
15,Chronic Care & Caregiving,"Health, Care & Ageing",2025,25,652
15,Chronic Care & Caregiving,"Health, Care & Ageing",2026,11,327
16,Mindfulness & Biofeedback,"Health, Care & Ageing",2002,1,0
16,Mindfulness & Biofeedback,"Health, Care & Ageing",2004,0,1
16,Mindfulness & Biofeedback,"Health, Care & Ageing",2006,1,0
16,Mindfulness & Biofeedback,"Health, Care & Ageing",2007,0,3
16,Mindfulness & Biofeedback,"Health, Care & Ageing",2008,1,6
16,Mindfulness & Biofeedback,"Health, Care & Ageing",2009,1,2
16,Mindfulness & Biofeedback,"Health, Care & Ageing",2010,5,7
16,Mindfulness & Biofeedback,"Health, Care & Ageing",2011,3,4
16,Mindfulness & Biofeedback,"Health, Care & Ageing",2012,6,14
16,Mindfulness & Biofeedback,"Health, Care & Ageing",2013,2,11
16,Mindfulness & Biofeedback,"Health, Care & Ageing",2014,5,12
16,Mindfulness & Biofeedback,"Health, Care & Ageing",2015,8,40
16,Mindfulness & Biofeedback,"Health, Care & Ageing",2016,7,34
16,Mindfulness & Biofeedback,"Health, Care & Ageing",2017,12,84
16,Mindfulness & Biofeedback,"Health, Care & Ageing",2018,13,113
16,Mindfulness & Biofeedback,"Health, Care & Ageing",2019,9,140
16,Mindfulness & Biofeedback,"Health, Care & Ageing",2020,11,186
16,Mindfulness & Biofeedback,"Health, Care & Ageing",2021,11,207
16,Mindfulness & Biofeedback,"Health, Care & Ageing",2022,12,263
16,Mindfulness & Biofeedback,"Health, Care & Ageing",2023,19,342
16,Mindfulness & Biofeedback,"Health, Care & Ageing",2024,23,398
16,Mindfulness & Biofeedback,"Health, Care & Ageing",2025,26,578
16,Mindfulness & Biofeedback,"Health, Care & Ageing",2026,28,459
17,Family Health Informatics,"Health, Care & Ageing",1998,2,0
17,Family Health Informatics,"Health, Care & Ageing",2003,2,1
17,Family Health Informatics,"Health, Care & Ageing",2004,1,0
17,Family Health Informatics,"Health, Care & Ageing",2005,1,2
17,Family Health Informatics,"Health, Care & Ageing",2006,3,5
17,Family Health Informatics,"Health, Care & Ageing",2007,2,3
17,Family Health Informatics,"Health, Care & Ageing",2008,3,11
17,Family Health Informatics,"Health, Care & Ageing",2009,2,9
17,Family Health Informatics,"Health, Care & Ageing",2010,6,23
17,Family Health Informatics,"Health, Care & Ageing",2011,2,12
17,Family Health Informatics,"Health, Care & Ageing",2012,5,24
17,Family Health Informatics,"Health, Care & Ageing",2013,3,17
17,Family Health Informatics,"Health, Care & Ageing",2014,5,21
17,Family Health Informatics,"Health, Care & Ageing",2015,6,25
17,Family Health Informatics,"Health, Care & Ageing",2016,8,45
17,Family Health Informatics,"Health, Care & Ageing",2017,12,63
17,Family Health Informatics,"Health, Care & Ageing",2018,9,94
17,Family Health Informatics,"Health, Care & Ageing",2019,7,80
17,Family Health Informatics,"Health, Care & Ageing",2020,12,119
17,Family Health Informatics,"Health, Care & Ageing",2021,9,178
17,Family Health Informatics,"Health, Care & Ageing",2022,10,211
17,Family Health Informatics,"Health, Care & Ageing",2023,14,200
17,Family Health Informatics,"Health, Care & Ageing",2024,19,376
17,Family Health Informatics,"Health, Care & Ageing",2025,19,392
17,Family Health Informatics,"Health, Care & Ageing",2026,9,277
18,Hospital Work & Records,"Health, Care & Ageing",1988,1,0
18,Hospital Work & Records,"Health, Care & Ageing",1992,3,1
18,Hospital Work & Records,"Health, Care & Ageing",1994,1,10
18,Hospital Work & Records,"Health, Care & Ageing",1995,1,2
18,Hospital Work & Records,"Health, Care & Ageing",1996,4,12
18,Hospital Work & Records,"Health, Care & Ageing",1997,4,9
18,Hospital Work & Records,"Health, Care & Ageing",1998,3,10
18,Hospital Work & Records,"Health, Care & Ageing",1999,2,12
18,Hospital Work & Records,"Health, Care & Ageing",2000,1,10
18,Hospital Work & Records,"Health, Care & Ageing",2001,0,2
18,Hospital Work & Records,"Health, Care & Ageing",2002,4,8
18,Hospital Work & Records,"Health, Care & Ageing",2003,0,5
18,Hospital Work & Records,"Health, Care & Ageing",2004,3,13
18,Hospital Work & Records,"Health, Care & Ageing",2005,0,4
18,Hospital Work & Records,"Health, Care & Ageing",2006,5,27
18,Hospital Work & Records,"Health, Care & Ageing",2007,1,6
18,Hospital Work & Records,"Health, Care & Ageing",2008,10,27
18,Hospital Work & Records,"Health, Care & Ageing",2009,2,9
18,Hospital Work & Records,"Health, Care & Ageing",2010,8,43
18,Hospital Work & Records,"Health, Care & Ageing",2011,6,30
18,Hospital Work & Records,"Health, Care & Ageing",2012,8,54
18,Hospital Work & Records,"Health, Care & Ageing",2013,5,38
18,Hospital Work & Records,"Health, Care & Ageing",2014,7,32
18,Hospital Work & Records,"Health, Care & Ageing",2015,7,63
18,Hospital Work & Records,"Health, Care & Ageing",2016,3,44
18,Hospital Work & Records,"Health, Care & Ageing",2017,8,51
18,Hospital Work & Records,"Health, Care & Ageing",2018,5,67
18,Hospital Work & Records,"Health, Care & Ageing",2019,6,58
18,Hospital Work & Records,"Health, Care & Ageing",2020,6,79
18,Hospital Work & Records,"Health, Care & Ageing",2021,8,134
18,Hospital Work & Records,"Health, Care & Ageing",2022,8,101
18,Hospital Work & Records,"Health, Care & Ageing",2023,7,111
18,Hospital Work & Records,"Health, Care & Ageing",2024,5,124
18,Hospital Work & Records,"Health, Care & Ageing",2025,8,127
18,Hospital Work & Records,"Health, Care & Ageing",2026,3,72
19,Rehabilitation & Mobility Support,"Health, Care & Ageing",2005,1,0
19,Rehabilitation & Mobility Support,"Health, Care & Ageing",2006,0,2
19,Rehabilitation & Mobility Support,"Health, Care & Ageing",2008,0,1
19,Rehabilitation & Mobility Support,"Health, Care & Ageing",2010,2,1
19,Rehabilitation & Mobility Support,"Health, Care & Ageing",2011,2,4
19,Rehabilitation & Mobility Support,"Health, Care & Ageing",2012,4,7
19,Rehabilitation & Mobility Support,"Health, Care & Ageing",2013,6,12
19,Rehabilitation & Mobility Support,"Health, Care & Ageing",2014,8,25
19,Rehabilitation & Mobility Support,"Health, Care & Ageing",2015,8,40
19,Rehabilitation & Mobility Support,"Health, Care & Ageing",2016,7,32
19,Rehabilitation & Mobility Support,"Health, Care & Ageing",2017,7,32
19,Rehabilitation & Mobility Support,"Health, Care & Ageing",2018,7,43
19,Rehabilitation & Mobility Support,"Health, Care & Ageing",2019,8,58
19,Rehabilitation & Mobility Support,"Health, Care & Ageing",2020,7,46
19,Rehabilitation & Mobility Support,"Health, Care & Ageing",2021,6,55
19,Rehabilitation & Mobility Support,"Health, Care & Ageing",2022,12,70
19,Rehabilitation & Mobility Support,"Health, Care & Ageing",2023,6,48
19,Rehabilitation & Mobility Support,"Health, Care & Ageing",2024,5,68
19,Rehabilitation & Mobility Support,"Health, Care & Ageing",2025,9,104
19,Rehabilitation & Mobility Support,"Health, Care & Ageing",2026,6,45
20,Autism & Neurodiversity,Accessibility & Assistive Tech,1988,1,0
20,Autism & Neurodiversity,Accessibility & Assistive Tech,1992,0,1
20,Autism & Neurodiversity,Accessibility & Assistive Tech,1996,1,0
20,Autism & Neurodiversity,Accessibility & Assistive Tech,1998,1,0
20,Autism & Neurodiversity,Accessibility & Assistive Tech,2000,2,0
20,Autism & Neurodiversity,Accessibility & Assistive Tech,2002,2,0
20,Autism & Neurodiversity,Accessibility & Assistive Tech,2003,0,1
20,Autism & Neurodiversity,Accessibility & Assistive Tech,2005,2,3
20,Autism & Neurodiversity,Accessibility & Assistive Tech,2006,2,4
20,Autism & Neurodiversity,Accessibility & Assistive Tech,2007,1,2
20,Autism & Neurodiversity,Accessibility & Assistive Tech,2008,3,8
20,Autism & Neurodiversity,Accessibility & Assistive Tech,2009,5,13
20,Autism & Neurodiversity,Accessibility & Assistive Tech,2010,9,12
20,Autism & Neurodiversity,Accessibility & Assistive Tech,2011,6,15
20,Autism & Neurodiversity,Accessibility & Assistive Tech,2012,6,18
20,Autism & Neurodiversity,Accessibility & Assistive Tech,2013,4,22
20,Autism & Neurodiversity,Accessibility & Assistive Tech,2014,12,26
20,Autism & Neurodiversity,Accessibility & Assistive Tech,2015,18,27
20,Autism & Neurodiversity,Accessibility & Assistive Tech,2016,19,52
20,Autism & Neurodiversity,Accessibility & Assistive Tech,2017,20,92
20,Autism & Neurodiversity,Accessibility & Assistive Tech,2018,15,97
20,Autism & Neurodiversity,Accessibility & Assistive Tech,2019,24,120
20,Autism & Neurodiversity,Accessibility & Assistive Tech,2020,15,135
20,Autism & Neurodiversity,Accessibility & Assistive Tech,2021,16,345
20,Autism & Neurodiversity,Accessibility & Assistive Tech,2022,26,299
20,Autism & Neurodiversity,Accessibility & Assistive Tech,2023,26,352
20,Autism & Neurodiversity,Accessibility & Assistive Tech,2024,39,552
20,Autism & Neurodiversity,Accessibility & Assistive Tech,2025,53,928
20,Autism & Neurodiversity,Accessibility & Assistive Tech,2026,24,418
21,Web Accessibility,Accessibility & Assistive Tech,1992,1,0
21,Web Accessibility,Accessibility & Assistive Tech,1994,7,5
21,Web Accessibility,Accessibility & Assistive Tech,1995,1,2
21,Web Accessibility,Accessibility & Assistive Tech,1996,6,17
21,Web Accessibility,Accessibility & Assistive Tech,1997,1,4
21,Web Accessibility,Accessibility & Assistive Tech,1998,9,12
21,Web Accessibility,Accessibility & Assistive Tech,1999,0,1
21,Web Accessibility,Accessibility & Assistive Tech,2000,7,12
21,Web Accessibility,Accessibility & Assistive Tech,2001,0,1
21,Web Accessibility,Accessibility & Assistive Tech,2002,7,23
21,Web Accessibility,Accessibility & Assistive Tech,2003,8,29
21,Web Accessibility,Accessibility & Assistive Tech,2004,1,4
21,Web Accessibility,Accessibility & Assistive Tech,2005,3,7
21,Web Accessibility,Accessibility & Assistive Tech,2006,9,16
21,Web Accessibility,Accessibility & Assistive Tech,2007,14,39
21,Web Accessibility,Accessibility & Assistive Tech,2008,12,42
21,Web Accessibility,Accessibility & Assistive Tech,2009,8,48
21,Web Accessibility,Accessibility & Assistive Tech,2010,10,43
21,Web Accessibility,Accessibility & Assistive Tech,2011,10,39
21,Web Accessibility,Accessibility & Assistive Tech,2012,5,33
21,Web Accessibility,Accessibility & Assistive Tech,2013,6,20
21,Web Accessibility,Accessibility & Assistive Tech,2014,4,26
21,Web Accessibility,Accessibility & Assistive Tech,2015,9,39
21,Web Accessibility,Accessibility & Assistive Tech,2016,8,32
21,Web Accessibility,Accessibility & Assistive Tech,2017,13,98
21,Web Accessibility,Accessibility & Assistive Tech,2018,17,107
21,Web Accessibility,Accessibility & Assistive Tech,2019,15,162
21,Web Accessibility,Accessibility & Assistive Tech,2020,23,256
21,Web Accessibility,Accessibility & Assistive Tech,2021,20,313
21,Web Accessibility,Accessibility & Assistive Tech,2022,21,353
21,Web Accessibility,Accessibility & Assistive Tech,2023,22,385
21,Web Accessibility,Accessibility & Assistive Tech,2024,31,472
21,Web Accessibility,Accessibility & Assistive Tech,2025,34,641
21,Web Accessibility,Accessibility & Assistive Tech,2026,15,312
22,Deaf & Sign Language,Accessibility & Assistive Tech,1994,1,0
22,Deaf & Sign Language,Accessibility & Assistive Tech,1996,1,0
22,Deaf & Sign Language,Accessibility & Assistive Tech,1999,1,1
22,Deaf & Sign Language,Accessibility & Assistive Tech,2000,1,0
22,Deaf & Sign Language,Accessibility & Assistive Tech,2002,3,2
22,Deaf & Sign Language,Accessibility & Assistive Tech,2003,2,4
22,Deaf & Sign Language,Accessibility & Assistive Tech,2004,0,3
22,Deaf & Sign Language,Accessibility & Assistive Tech,2005,1,2
22,Deaf & Sign Language,Accessibility & Assistive Tech,2006,8,5
22,Deaf & Sign Language,Accessibility & Assistive Tech,2007,2,4
22,Deaf & Sign Language,Accessibility & Assistive Tech,2008,4,7
22,Deaf & Sign Language,Accessibility & Assistive Tech,2009,5,6
22,Deaf & Sign Language,Accessibility & Assistive Tech,2010,5,11
22,Deaf & Sign Language,Accessibility & Assistive Tech,2011,8,18
22,Deaf & Sign Language,Accessibility & Assistive Tech,2012,5,10
22,Deaf & Sign Language,Accessibility & Assistive Tech,2013,6,14
22,Deaf & Sign Language,Accessibility & Assistive Tech,2014,5,6
22,Deaf & Sign Language,Accessibility & Assistive Tech,2015,12,26
22,Deaf & Sign Language,Accessibility & Assistive Tech,2016,10,23
22,Deaf & Sign Language,Accessibility & Assistive Tech,2017,16,65
22,Deaf & Sign Language,Accessibility & Assistive Tech,2018,16,87
22,Deaf & Sign Language,Accessibility & Assistive Tech,2019,14,85
22,Deaf & Sign Language,Accessibility & Assistive Tech,2020,21,134
22,Deaf & Sign Language,Accessibility & Assistive Tech,2021,18,173
22,Deaf & Sign Language,Accessibility & Assistive Tech,2022,23,207
22,Deaf & Sign Language,Accessibility & Assistive Tech,2023,26,323
22,Deaf & Sign Language,Accessibility & Assistive Tech,2024,30,357
22,Deaf & Sign Language,Accessibility & Assistive Tech,2025,41,549
22,Deaf & Sign Language,Accessibility & Assistive Tech,2026,17,331
23,Non-visual Navigation,Accessibility & Assistive Tech,1994,3,0
23,Non-visual Navigation,Accessibility & Assistive Tech,1995,1,1
23,Non-visual Navigation,Accessibility & Assistive Tech,1996,1,1
23,Non-visual Navigation,Accessibility & Assistive Tech,1998,2,4
23,Non-visual Navigation,Accessibility & Assistive Tech,1999,1,2
23,Non-visual Navigation,Accessibility & Assistive Tech,2000,3,6
23,Non-visual Navigation,Accessibility & Assistive Tech,2002,1,3
23,Non-visual Navigation,Accessibility & Assistive Tech,2003,4,8
23,Non-visual Navigation,Accessibility & Assistive Tech,2004,1,7
23,Non-visual Navigation,Accessibility & Assistive Tech,2005,3,3
23,Non-visual Navigation,Accessibility & Assistive Tech,2006,2,7
23,Non-visual Navigation,Accessibility & Assistive Tech,2007,2,2
23,Non-visual Navigation,Accessibility & Assistive Tech,2008,8,8
23,Non-visual Navigation,Accessibility & Assistive Tech,2009,4,9
23,Non-visual Navigation,Accessibility & Assistive Tech,2010,7,11
23,Non-visual Navigation,Accessibility & Assistive Tech,2011,11,19
23,Non-visual Navigation,Accessibility & Assistive Tech,2012,5,25
23,Non-visual Navigation,Accessibility & Assistive Tech,2013,10,49
23,Non-visual Navigation,Accessibility & Assistive Tech,2014,14,50
23,Non-visual Navigation,Accessibility & Assistive Tech,2015,9,48
23,Non-visual Navigation,Accessibility & Assistive Tech,2016,14,74
23,Non-visual Navigation,Accessibility & Assistive Tech,2017,20,119
23,Non-visual Navigation,Accessibility & Assistive Tech,2018,21,198
23,Non-visual Navigation,Accessibility & Assistive Tech,2019,23,205
23,Non-visual Navigation,Accessibility & Assistive Tech,2020,21,260
23,Non-visual Navigation,Accessibility & Assistive Tech,2021,17,272
23,Non-visual Navigation,Accessibility & Assistive Tech,2022,14,258
23,Non-visual Navigation,Accessibility & Assistive Tech,2023,16,230
23,Non-visual Navigation,Accessibility & Assistive Tech,2024,31,414
23,Non-visual Navigation,Accessibility & Assistive Tech,2025,25,457
23,Non-visual Navigation,Accessibility & Assistive Tech,2026,5,155
24,"ICTD, Mobile Money & Women",Accessibility & Assistive Tech,1997,1,0
24,"ICTD, Mobile Money & Women",Accessibility & Assistive Tech,1998,1,0
24,"ICTD, Mobile Money & Women",Accessibility & Assistive Tech,2005,1,0
24,"ICTD, Mobile Money & Women",Accessibility & Assistive Tech,2006,1,2
24,"ICTD, Mobile Money & Women",Accessibility & Assistive Tech,2007,4,3
24,"ICTD, Mobile Money & Women",Accessibility & Assistive Tech,2008,6,8
24,"ICTD, Mobile Money & Women",Accessibility & Assistive Tech,2009,5,13
24,"ICTD, Mobile Money & Women",Accessibility & Assistive Tech,2010,9,18
24,"ICTD, Mobile Money & Women",Accessibility & Assistive Tech,2011,8,50
24,"ICTD, Mobile Money & Women",Accessibility & Assistive Tech,2012,8,39
24,"ICTD, Mobile Money & Women",Accessibility & Assistive Tech,2013,13,59
24,"ICTD, Mobile Money & Women",Accessibility & Assistive Tech,2014,10,40
24,"ICTD, Mobile Money & Women",Accessibility & Assistive Tech,2015,10,72
24,"ICTD, Mobile Money & Women",Accessibility & Assistive Tech,2016,7,84
24,"ICTD, Mobile Money & Women",Accessibility & Assistive Tech,2017,17,140
24,"ICTD, Mobile Money & Women",Accessibility & Assistive Tech,2018,18,192
24,"ICTD, Mobile Money & Women",Accessibility & Assistive Tech,2019,22,291
24,"ICTD, Mobile Money & Women",Accessibility & Assistive Tech,2020,11,190
24,"ICTD, Mobile Money & Women",Accessibility & Assistive Tech,2021,19,396
24,"ICTD, Mobile Money & Women",Accessibility & Assistive Tech,2022,10,315
24,"ICTD, Mobile Money & Women",Accessibility & Assistive Tech,2023,6,183
24,"ICTD, Mobile Money & Women",Accessibility & Assistive Tech,2024,17,343
24,"ICTD, Mobile Money & Women",Accessibility & Assistive Tech,2025,13,335
24,"ICTD, Mobile Money & Women",Accessibility & Assistive Tech,2026,10,223
25,Visual Accessibility,Accessibility & Assistive Tech,2003,1,0
25,Visual Accessibility,Accessibility & Assistive Tech,2005,1,0
25,Visual Accessibility,Accessibility & Assistive Tech,2006,4,1
25,Visual Accessibility,Accessibility & Assistive Tech,2007,1,4
25,Visual Accessibility,Accessibility & Assistive Tech,2008,3,5
25,Visual Accessibility,Accessibility & Assistive Tech,2009,2,5
25,Visual Accessibility,Accessibility & Assistive Tech,2010,3,10
25,Visual Accessibility,Accessibility & Assistive Tech,2011,6,14
25,Visual Accessibility,Accessibility & Assistive Tech,2012,4,20
25,Visual Accessibility,Accessibility & Assistive Tech,2013,10,60
25,Visual Accessibility,Accessibility & Assistive Tech,2014,6,47
25,Visual Accessibility,Accessibility & Assistive Tech,2015,5,57
25,Visual Accessibility,Accessibility & Assistive Tech,2016,6,61
25,Visual Accessibility,Accessibility & Assistive Tech,2017,14,115
25,Visual Accessibility,Accessibility & Assistive Tech,2018,12,192
25,Visual Accessibility,Accessibility & Assistive Tech,2019,15,153
25,Visual Accessibility,Accessibility & Assistive Tech,2020,23,222
25,Visual Accessibility,Accessibility & Assistive Tech,2021,33,343
25,Visual Accessibility,Accessibility & Assistive Tech,2022,24,400
25,Visual Accessibility,Accessibility & Assistive Tech,2023,23,464
25,Visual Accessibility,Accessibility & Assistive Tech,2024,39,728
25,Visual Accessibility,Accessibility & Assistive Tech,2025,41,900
25,Visual Accessibility,Accessibility & Assistive Tech,2026,10,309
26,Non-visual Touch Interfaces,Accessibility & Assistive Tech,1996,2,0
26,Non-visual Touch Interfaces,Accessibility & Assistive Tech,1997,0,1
26,Non-visual Touch Interfaces,Accessibility & Assistive Tech,1998,1,3
26,Non-visual Touch Interfaces,Accessibility & Assistive Tech,2000,3,3
26,Non-visual Touch Interfaces,Accessibility & Assistive Tech,2002,0,4
26,Non-visual Touch Interfaces,Accessibility & Assistive Tech,2003,1,1
26,Non-visual Touch Interfaces,Accessibility & Assistive Tech,2005,3,4
26,Non-visual Touch Interfaces,Accessibility & Assistive Tech,2006,4,8
26,Non-visual Touch Interfaces,Accessibility & Assistive Tech,2007,3,2
26,Non-visual Touch Interfaces,Accessibility & Assistive Tech,2008,6,8
26,Non-visual Touch Interfaces,Accessibility & Assistive Tech,2009,2,4
26,Non-visual Touch Interfaces,Accessibility & Assistive Tech,2010,9,12
26,Non-visual Touch Interfaces,Accessibility & Assistive Tech,2011,9,18
26,Non-visual Touch Interfaces,Accessibility & Assistive Tech,2012,4,12
26,Non-visual Touch Interfaces,Accessibility & Assistive Tech,2013,10,23
26,Non-visual Touch Interfaces,Accessibility & Assistive Tech,2014,10,29
26,Non-visual Touch Interfaces,Accessibility & Assistive Tech,2015,11,38
26,Non-visual Touch Interfaces,Accessibility & Assistive Tech,2016,12,53
26,Non-visual Touch Interfaces,Accessibility & Assistive Tech,2017,8,90
26,Non-visual Touch Interfaces,Accessibility & Assistive Tech,2018,12,85
26,Non-visual Touch Interfaces,Accessibility & Assistive Tech,2019,18,143
26,Non-visual Touch Interfaces,Accessibility & Assistive Tech,2020,18,176
26,Non-visual Touch Interfaces,Accessibility & Assistive Tech,2021,10,159
26,Non-visual Touch Interfaces,Accessibility & Assistive Tech,2022,17,209
26,Non-visual Touch Interfaces,Accessibility & Assistive Tech,2023,26,414
26,Non-visual Touch Interfaces,Accessibility & Assistive Tech,2024,22,345
26,Non-visual Touch Interfaces,Accessibility & Assistive Tech,2025,21,427
26,Non-visual Touch Interfaces,Accessibility & Assistive Tech,2026,5,123
27,Women's Health & Menstrual Tracking,Accessibility & Assistive Tech,2007,1,0
27,Women's Health & Menstrual Tracking,Accessibility & Assistive Tech,2008,1,2
27,Women's Health & Menstrual Tracking,Accessibility & Assistive Tech,2009,0,4
27,Women's Health & Menstrual Tracking,Accessibility & Assistive Tech,2010,3,1
27,Women's Health & Menstrual Tracking,Accessibility & Assistive Tech,2011,2,4
27,Women's Health & Menstrual Tracking,Accessibility & Assistive Tech,2012,2,11
27,Women's Health & Menstrual Tracking,Accessibility & Assistive Tech,2013,1,3
27,Women's Health & Menstrual Tracking,Accessibility & Assistive Tech,2014,1,6
27,Women's Health & Menstrual Tracking,Accessibility & Assistive Tech,2015,4,12
27,Women's Health & Menstrual Tracking,Accessibility & Assistive Tech,2016,3,18
27,Women's Health & Menstrual Tracking,Accessibility & Assistive Tech,2017,5,31
27,Women's Health & Menstrual Tracking,Accessibility & Assistive Tech,2018,6,46
27,Women's Health & Menstrual Tracking,Accessibility & Assistive Tech,2019,12,97
27,Women's Health & Menstrual Tracking,Accessibility & Assistive Tech,2020,17,193
27,Women's Health & Menstrual Tracking,Accessibility & Assistive Tech,2021,15,252
27,Women's Health & Menstrual Tracking,Accessibility & Assistive Tech,2022,17,218
27,Women's Health & Menstrual Tracking,Accessibility & Assistive Tech,2023,20,295
27,Women's Health & Menstrual Tracking,Accessibility & Assistive Tech,2024,36,519
27,Women's Health & Menstrual Tracking,Accessibility & Assistive Tech,2025,33,654
27,Women's Health & Menstrual Tracking,Accessibility & Assistive Tech,2026,32,546
28,Blind Access to VR,Accessibility & Assistive Tech,1998,1,0
28,Blind Access to VR,Accessibility & Assistive Tech,2002,1,3
28,Blind Access to VR,Accessibility & Assistive Tech,2005,0,1
28,Blind Access to VR,Accessibility & Assistive Tech,2006,1,0
28,Blind Access to VR,Accessibility & Assistive Tech,2007,1,1
28,Blind Access to VR,Accessibility & Assistive Tech,2008,5,2
28,Blind Access to VR,Accessibility & Assistive Tech,2009,3,7
28,Blind Access to VR,Accessibility & Assistive Tech,2010,2,5
28,Blind Access to VR,Accessibility & Assistive Tech,2011,2,2
28,Blind Access to VR,Accessibility & Assistive Tech,2012,1,2
28,Blind Access to VR,Accessibility & Assistive Tech,2013,4,7
28,Blind Access to VR,Accessibility & Assistive Tech,2014,1,8
28,Blind Access to VR,Accessibility & Assistive Tech,2015,1,7
28,Blind Access to VR,Accessibility & Assistive Tech,2016,2,2
28,Blind Access to VR,Accessibility & Assistive Tech,2017,4,23
28,Blind Access to VR,Accessibility & Assistive Tech,2018,6,29
28,Blind Access to VR,Accessibility & Assistive Tech,2019,7,25
28,Blind Access to VR,Accessibility & Assistive Tech,2020,8,62
28,Blind Access to VR,Accessibility & Assistive Tech,2021,10,86
28,Blind Access to VR,Accessibility & Assistive Tech,2022,4,69
28,Blind Access to VR,Accessibility & Assistive Tech,2023,8,79
28,Blind Access to VR,Accessibility & Assistive Tech,2024,13,156
28,Blind Access to VR,Accessibility & Assistive Tech,2025,23,246
28,Blind Access to VR,Accessibility & Assistive Tech,2026,5,72
29,AAC & Aphasia,Accessibility & Assistive Tech,1994,1,0
29,AAC & Aphasia,Accessibility & Assistive Tech,1997,1,1
29,AAC & Aphasia,Accessibility & Assistive Tech,2000,1,0
29,AAC & Aphasia,Accessibility & Assistive Tech,2002,1,1
29,AAC & Aphasia,Accessibility & Assistive Tech,2003,1,2
29,AAC & Aphasia,Accessibility & Assistive Tech,2004,1,0
29,AAC & Aphasia,Accessibility & Assistive Tech,2005,2,3
29,AAC & Aphasia,Accessibility & Assistive Tech,2006,1,4
29,AAC & Aphasia,Accessibility & Assistive Tech,2007,1,5
29,AAC & Aphasia,Accessibility & Assistive Tech,2008,0,5
29,AAC & Aphasia,Accessibility & Assistive Tech,2009,3,9
29,AAC & Aphasia,Accessibility & Assistive Tech,2010,4,9
29,AAC & Aphasia,Accessibility & Assistive Tech,2011,7,9
29,AAC & Aphasia,Accessibility & Assistive Tech,2012,4,12
29,AAC & Aphasia,Accessibility & Assistive Tech,2013,5,12
29,AAC & Aphasia,Accessibility & Assistive Tech,2014,3,2
29,AAC & Aphasia,Accessibility & Assistive Tech,2015,2,12
29,AAC & Aphasia,Accessibility & Assistive Tech,2016,2,16
29,AAC & Aphasia,Accessibility & Assistive Tech,2017,8,26
29,AAC & Aphasia,Accessibility & Assistive Tech,2018,8,24
29,AAC & Aphasia,Accessibility & Assistive Tech,2019,3,15
29,AAC & Aphasia,Accessibility & Assistive Tech,2020,12,67
29,AAC & Aphasia,Accessibility & Assistive Tech,2021,8,65
29,AAC & Aphasia,Accessibility & Assistive Tech,2022,6,85
29,AAC & Aphasia,Accessibility & Assistive Tech,2023,4,73
29,AAC & Aphasia,Accessibility & Assistive Tech,2024,12,140
29,AAC & Aphasia,Accessibility & Assistive Tech,2025,13,225
29,AAC & Aphasia,Accessibility & Assistive Tech,2026,4,74
30,Low-vision Accessibility,Accessibility & Assistive Tech,1981,1,0
30,Low-vision Accessibility,Accessibility & Assistive Tech,2005,2,0
30,Low-vision Accessibility,Accessibility & Assistive Tech,2006,1,1
30,Low-vision Accessibility,Accessibility & Assistive Tech,2007,3,2
30,Low-vision Accessibility,Accessibility & Assistive Tech,2009,3,1
30,Low-vision Accessibility,Accessibility & Assistive Tech,2010,3,5
30,Low-vision Accessibility,Accessibility & Assistive Tech,2011,1,5
30,Low-vision Accessibility,Accessibility & Assistive Tech,2012,5,8
30,Low-vision Accessibility,Accessibility & Assistive Tech,2013,1,1
30,Low-vision Accessibility,Accessibility & Assistive Tech,2014,3,9
30,Low-vision Accessibility,Accessibility & Assistive Tech,2015,4,16
30,Low-vision Accessibility,Accessibility & Assistive Tech,2016,3,18
30,Low-vision Accessibility,Accessibility & Assistive Tech,2017,3,12
30,Low-vision Accessibility,Accessibility & Assistive Tech,2018,5,21
30,Low-vision Accessibility,Accessibility & Assistive Tech,2019,10,43
30,Low-vision Accessibility,Accessibility & Assistive Tech,2020,1,19
30,Low-vision Accessibility,Accessibility & Assistive Tech,2021,8,77
30,Low-vision Accessibility,Accessibility & Assistive Tech,2022,13,109
30,Low-vision Accessibility,Accessibility & Assistive Tech,2023,10,88
30,Low-vision Accessibility,Accessibility & Assistive Tech,2024,8,106
30,Low-vision Accessibility,Accessibility & Assistive Tech,2025,15,142
30,Low-vision Accessibility,Accessibility & Assistive Tech,2026,4,45
31,Assistive Technology & Dyslexia,Accessibility & Assistive Tech,1998,1,0
31,Assistive Technology & Dyslexia,Accessibility & Assistive Tech,2002,1,0
31,Assistive Technology & Dyslexia,Accessibility & Assistive Tech,2005,3,0
31,Assistive Technology & Dyslexia,Accessibility & Assistive Tech,2006,1,2
31,Assistive Technology & Dyslexia,Accessibility & Assistive Tech,2007,4,8
31,Assistive Technology & Dyslexia,Accessibility & Assistive Tech,2008,2,8
31,Assistive Technology & Dyslexia,Accessibility & Assistive Tech,2009,2,7
31,Assistive Technology & Dyslexia,Accessibility & Assistive Tech,2010,0,7
31,Assistive Technology & Dyslexia,Accessibility & Assistive Tech,2011,4,7
31,Assistive Technology & Dyslexia,Accessibility & Assistive Tech,2012,2,8
31,Assistive Technology & Dyslexia,Accessibility & Assistive Tech,2013,6,10
31,Assistive Technology & Dyslexia,Accessibility & Assistive Tech,2014,7,17
31,Assistive Technology & Dyslexia,Accessibility & Assistive Tech,2015,8,26
31,Assistive Technology & Dyslexia,Accessibility & Assistive Tech,2016,9,63
31,Assistive Technology & Dyslexia,Accessibility & Assistive Tech,2017,7,55
31,Assistive Technology & Dyslexia,Accessibility & Assistive Tech,2018,4,45
31,Assistive Technology & Dyslexia,Accessibility & Assistive Tech,2019,8,98
31,Assistive Technology & Dyslexia,Accessibility & Assistive Tech,2020,10,71
31,Assistive Technology & Dyslexia,Accessibility & Assistive Tech,2021,9,121
31,Assistive Technology & Dyslexia,Accessibility & Assistive Tech,2022,14,170
31,Assistive Technology & Dyslexia,Accessibility & Assistive Tech,2023,12,169
31,Assistive Technology & Dyslexia,Accessibility & Assistive Tech,2024,6,157
31,Assistive Technology & Dyslexia,Accessibility & Assistive Tech,2025,15,257
31,Assistive Technology & Dyslexia,Accessibility & Assistive Tech,2026,4,134
32,Location Sharing & Privacy,Privacy & Security,2002,1,0
32,Location Sharing & Privacy,Privacy & Security,2004,2,0
32,Location Sharing & Privacy,Privacy & Security,2005,6,5
32,Location Sharing & Privacy,Privacy & Security,2006,9,32
32,Location Sharing & Privacy,Privacy & Security,2007,2,19
32,Location Sharing & Privacy,Privacy & Security,2008,3,25
32,Location Sharing & Privacy,Privacy & Security,2009,3,21
32,Location Sharing & Privacy,Privacy & Security,2010,8,45
32,Location Sharing & Privacy,Privacy & Security,2011,12,61
32,Location Sharing & Privacy,Privacy & Security,2012,15,63
32,Location Sharing & Privacy,Privacy & Security,2013,10,85
32,Location Sharing & Privacy,Privacy & Security,2014,10,72
32,Location Sharing & Privacy,Privacy & Security,2015,8,76
32,Location Sharing & Privacy,Privacy & Security,2016,11,55
32,Location Sharing & Privacy,Privacy & Security,2017,7,68
32,Location Sharing & Privacy,Privacy & Security,2018,2,63
32,Location Sharing & Privacy,Privacy & Security,2019,4,60
32,Location Sharing & Privacy,Privacy & Security,2020,3,52
32,Location Sharing & Privacy,Privacy & Security,2021,3,65
32,Location Sharing & Privacy,Privacy & Security,2022,0,49
32,Location Sharing & Privacy,Privacy & Security,2023,0,31
32,Location Sharing & Privacy,Privacy & Security,2024,3,45
32,Location Sharing & Privacy,Privacy & Security,2025,0,32
32,Location Sharing & Privacy,Privacy & Security,2026,1,21
33,Smart-home Privacy,Privacy & Security,2002,1,0
33,Smart-home Privacy,Privacy & Security,2005,1,0
33,Smart-home Privacy,Privacy & Security,2006,0,1
33,Smart-home Privacy,Privacy & Security,2007,1,1
33,Smart-home Privacy,Privacy & Security,2008,2,0
33,Smart-home Privacy,Privacy & Security,2009,0,3
33,Smart-home Privacy,Privacy & Security,2010,0,1
33,Smart-home Privacy,Privacy & Security,2011,1,2
33,Smart-home Privacy,Privacy & Security,2012,2,6
33,Smart-home Privacy,Privacy & Security,2013,0,5
33,Smart-home Privacy,Privacy & Security,2014,1,3
33,Smart-home Privacy,Privacy & Security,2015,1,10
33,Smart-home Privacy,Privacy & Security,2016,1,5
33,Smart-home Privacy,Privacy & Security,2017,2,9
33,Smart-home Privacy,Privacy & Security,2018,5,30
33,Smart-home Privacy,Privacy & Security,2019,8,38
33,Smart-home Privacy,Privacy & Security,2020,11,90
33,Smart-home Privacy,Privacy & Security,2021,15,156
33,Smart-home Privacy,Privacy & Security,2022,14,169
33,Smart-home Privacy,Privacy & Security,2023,9,208
33,Smart-home Privacy,Privacy & Security,2024,17,264
33,Smart-home Privacy,Privacy & Security,2025,15,320
33,Smart-home Privacy,Privacy & Security,2026,10,252
34,Dark Patterns,Privacy & Security,2012,2,0
34,Dark Patterns,Privacy & Security,2014,2,0
34,Dark Patterns,Privacy & Security,2015,1,0
34,Dark Patterns,Privacy & Security,2016,0,2
34,Dark Patterns,Privacy & Security,2017,1,5
34,Dark Patterns,Privacy & Security,2018,3,8
34,Dark Patterns,Privacy & Security,2019,3,16
34,Dark Patterns,Privacy & Security,2020,6,35
34,Dark Patterns,Privacy & Security,2021,9,85
34,Dark Patterns,Privacy & Security,2022,6,87
34,Dark Patterns,Privacy & Security,2023,15,135
34,Dark Patterns,Privacy & Security,2024,19,250
34,Dark Patterns,Privacy & Security,2025,17,299
34,Dark Patterns,Privacy & Security,2026,14,210
35,Usable Security & Phishing,Privacy & Security,1982,1,0
35,Usable Security & Phishing,Privacy & Security,1983,4,0
35,Usable Security & Phishing,Privacy & Security,1985,1,0
35,Usable Security & Phishing,Privacy & Security,1986,2,4
35,Usable Security & Phishing,Privacy & Security,1988,4,6
35,Usable Security & Phishing,Privacy & Security,1989,2,6
35,Usable Security & Phishing,Privacy & Security,1990,3,2
35,Usable Security & Phishing,Privacy & Security,1991,4,6
35,Usable Security & Phishing,Privacy & Security,1992,7,26
35,Usable Security & Phishing,Privacy & Security,1993,1,5
35,Usable Security & Phishing,Privacy & Security,1994,4,12
35,Usable Security & Phishing,Privacy & Security,1995,1,12
35,Usable Security & Phishing,Privacy & Security,1996,4,8
35,Usable Security & Phishing,Privacy & Security,1997,3,8
35,Usable Security & Phishing,Privacy & Security,1998,1,2
35,Usable Security & Phishing,Privacy & Security,1999,0,3
35,Usable Security & Phishing,Privacy & Security,2000,3,6
35,Usable Security & Phishing,Privacy & Security,2001,2,0
35,Usable Security & Phishing,Privacy & Security,2002,1,5
35,Usable Security & Phishing,Privacy & Security,2003,3,4
35,Usable Security & Phishing,Privacy & Security,2004,5,7
35,Usable Security & Phishing,Privacy & Security,2005,2,11
35,Usable Security & Phishing,Privacy & Security,2006,13,25
35,Usable Security & Phishing,Privacy & Security,2007,9,18
35,Usable Security & Phishing,Privacy & Security,2008,12,39
35,Usable Security & Phishing,Privacy & Security,2009,9,27
35,Usable Security & Phishing,Privacy & Security,2010,12,35
35,Usable Security & Phishing,Privacy & Security,2011,20,66
35,Usable Security & Phishing,Privacy & Security,2012,13,55
35,Usable Security & Phishing,Privacy & Security,2013,17,49
35,Usable Security & Phishing,Privacy & Security,2014,19,70
35,Usable Security & Phishing,Privacy & Security,2015,24,99
35,Usable Security & Phishing,Privacy & Security,2016,24,112
35,Usable Security & Phishing,Privacy & Security,2017,23,151
35,Usable Security & Phishing,Privacy & Security,2018,32,205
35,Usable Security & Phishing,Privacy & Security,2019,22,217
35,Usable Security & Phishing,Privacy & Security,2020,25,247
35,Usable Security & Phishing,Privacy & Security,2021,35,389
35,Usable Security & Phishing,Privacy & Security,2022,26,288
35,Usable Security & Phishing,Privacy & Security,2023,43,378
35,Usable Security & Phishing,Privacy & Security,2024,38,457
35,Usable Security & Phishing,Privacy & Security,2025,43,523
35,Usable Security & Phishing,Privacy & Security,2026,42,427
36,Design Research & Art,Design Research & Practice,1986,1,0
36,Design Research & Art,Design Research & Practice,1988,1,1
36,Design Research & Art,Design Research & Practice,1989,4,2
36,Design Research & Art,Design Research & Practice,1990,2,8
36,Design Research & Art,Design Research & Practice,1991,0,2
36,Design Research & Art,Design Research & Practice,1992,2,5
36,Design Research & Art,Design Research & Practice,1994,3,1
36,Design Research & Art,Design Research & Practice,1995,2,6
36,Design Research & Art,Design Research & Practice,1996,0,3
36,Design Research & Art,Design Research & Practice,1997,2,2
36,Design Research & Art,Design Research & Practice,1999,1,0
36,Design Research & Art,Design Research & Practice,2000,7,10
36,Design Research & Art,Design Research & Practice,2001,0,3
36,Design Research & Art,Design Research & Practice,2002,4,9
36,Design Research & Art,Design Research & Practice,2003,2,7
36,Design Research & Art,Design Research & Practice,2004,5,19
36,Design Research & Art,Design Research & Practice,2005,2,11
36,Design Research & Art,Design Research & Practice,2006,8,47
36,Design Research & Art,Design Research & Practice,2007,6,34
36,Design Research & Art,Design Research & Practice,2008,9,81
36,Design Research & Art,Design Research & Practice,2009,5,52
36,Design Research & Art,Design Research & Practice,2010,8,86
36,Design Research & Art,Design Research & Practice,2011,5,57
36,Design Research & Art,Design Research & Practice,2012,26,156
36,Design Research & Art,Design Research & Practice,2013,12,110
36,Design Research & Art,Design Research & Practice,2014,23,216
36,Design Research & Art,Design Research & Practice,2015,9,150
36,Design Research & Art,Design Research & Practice,2016,31,301
36,Design Research & Art,Design Research & Practice,2017,32,421
36,Design Research & Art,Design Research & Practice,2018,28,461
36,Design Research & Art,Design Research & Practice,2019,35,621
36,Design Research & Art,Design Research & Practice,2020,38,710
36,Design Research & Art,Design Research & Practice,2021,27,789
36,Design Research & Art,Design Research & Practice,2022,28,811
36,Design Research & Art,Design Research & Practice,2023,31,920
36,Design Research & Art,Design Research & Practice,2024,42,1105
36,Design Research & Art,Design Research & Practice,2025,37,1264
36,Design Research & Art,Design Research & Practice,2026,35,1206
37,Bodily Play & Spectator Experience,Design Research & Practice,1994,1,0
37,Bodily Play & Spectator Experience,Design Research & Practice,1996,1,0
37,Bodily Play & Spectator Experience,Design Research & Practice,2000,1,0
37,Bodily Play & Spectator Experience,Design Research & Practice,2001,1,0
37,Bodily Play & Spectator Experience,Design Research & Practice,2002,5,5
37,Bodily Play & Spectator Experience,Design Research & Practice,2003,3,6
37,Bodily Play & Spectator Experience,Design Research & Practice,2004,5,19
37,Bodily Play & Spectator Experience,Design Research & Practice,2005,6,21
37,Bodily Play & Spectator Experience,Design Research & Practice,2006,9,54
37,Bodily Play & Spectator Experience,Design Research & Practice,2007,9,28
37,Bodily Play & Spectator Experience,Design Research & Practice,2008,13,57
37,Bodily Play & Spectator Experience,Design Research & Practice,2009,11,56
37,Bodily Play & Spectator Experience,Design Research & Practice,2010,14,48
37,Bodily Play & Spectator Experience,Design Research & Practice,2011,10,68
37,Bodily Play & Spectator Experience,Design Research & Practice,2012,24,97
37,Bodily Play & Spectator Experience,Design Research & Practice,2013,16,98
37,Bodily Play & Spectator Experience,Design Research & Practice,2014,32,167
37,Bodily Play & Spectator Experience,Design Research & Practice,2015,29,195
37,Bodily Play & Spectator Experience,Design Research & Practice,2016,24,233
37,Bodily Play & Spectator Experience,Design Research & Practice,2017,31,339
37,Bodily Play & Spectator Experience,Design Research & Practice,2018,21,238
37,Bodily Play & Spectator Experience,Design Research & Practice,2019,24,314
37,Bodily Play & Spectator Experience,Design Research & Practice,2020,30,333
37,Bodily Play & Spectator Experience,Design Research & Practice,2021,19,404
37,Bodily Play & Spectator Experience,Design Research & Practice,2022,14,356
37,Bodily Play & Spectator Experience,Design Research & Practice,2023,14,369
37,Bodily Play & Spectator Experience,Design Research & Practice,2024,20,414
37,Bodily Play & Spectator Experience,Design Research & Practice,2025,19,347
37,Bodily Play & Spectator Experience,Design Research & Practice,2026,11,288
38,"Body, Movement & Soma Design",Design Research & Practice,1983,1,0
38,"Body, Movement & Soma Design",Design Research & Practice,1986,1,1
38,"Body, Movement & Soma Design",Design Research & Practice,1990,1,0
38,"Body, Movement & Soma Design",Design Research & Practice,1994,1,0
38,"Body, Movement & Soma Design",Design Research & Practice,1996,1,2
38,"Body, Movement & Soma Design",Design Research & Practice,1997,0,2
38,"Body, Movement & Soma Design",Design Research & Practice,1998,0,2
38,"Body, Movement & Soma Design",Design Research & Practice,2000,2,1
38,"Body, Movement & Soma Design",Design Research & Practice,2002,2,5
38,"Body, Movement & Soma Design",Design Research & Practice,2003,1,2
38,"Body, Movement & Soma Design",Design Research & Practice,2004,5,3
38,"Body, Movement & Soma Design",Design Research & Practice,2005,0,4
38,"Body, Movement & Soma Design",Design Research & Practice,2006,0,8
38,"Body, Movement & Soma Design",Design Research & Practice,2007,4,8
38,"Body, Movement & Soma Design",Design Research & Practice,2008,8,21
38,"Body, Movement & Soma Design",Design Research & Practice,2009,3,8
38,"Body, Movement & Soma Design",Design Research & Practice,2010,7,22
38,"Body, Movement & Soma Design",Design Research & Practice,2011,3,23
38,"Body, Movement & Soma Design",Design Research & Practice,2012,6,41
38,"Body, Movement & Soma Design",Design Research & Practice,2013,13,33
38,"Body, Movement & Soma Design",Design Research & Practice,2014,14,66
38,"Body, Movement & Soma Design",Design Research & Practice,2015,6,42
38,"Body, Movement & Soma Design",Design Research & Practice,2016,15,90
38,"Body, Movement & Soma Design",Design Research & Practice,2017,15,138
38,"Body, Movement & Soma Design",Design Research & Practice,2018,19,115
38,"Body, Movement & Soma Design",Design Research & Practice,2019,28,245
38,"Body, Movement & Soma Design",Design Research & Practice,2020,31,269
38,"Body, Movement & Soma Design",Design Research & Practice,2021,45,519
38,"Body, Movement & Soma Design",Design Research & Practice,2022,27,513
38,"Body, Movement & Soma Design",Design Research & Practice,2023,42,742
38,"Body, Movement & Soma Design",Design Research & Practice,2024,61,1077
38,"Body, Movement & Soma Design",Design Research & Practice,2025,42,1041
38,"Body, Movement & Soma Design",Design Research & Practice,2026,39,948
39,Memory & Reminiscence,Design Research & Practice,1996,1,0
39,Memory & Reminiscence,Design Research & Practice,1997,2,1
39,Memory & Reminiscence,Design Research & Practice,1999,1,3
39,Memory & Reminiscence,Design Research & Practice,2000,2,2
39,Memory & Reminiscence,Design Research & Practice,2001,2,0
39,Memory & Reminiscence,Design Research & Practice,2002,4,13
39,Memory & Reminiscence,Design Research & Practice,2003,4,16
39,Memory & Reminiscence,Design Research & Practice,2004,9,33
39,Memory & Reminiscence,Design Research & Practice,2005,5,26
39,Memory & Reminiscence,Design Research & Practice,2006,11,66
39,Memory & Reminiscence,Design Research & Practice,2007,10,54
39,Memory & Reminiscence,Design Research & Practice,2008,15,110
39,Memory & Reminiscence,Design Research & Practice,2009,17,100
39,Memory & Reminiscence,Design Research & Practice,2010,22,150
39,Memory & Reminiscence,Design Research & Practice,2011,14,120
39,Memory & Reminiscence,Design Research & Practice,2012,19,198
39,Memory & Reminiscence,Design Research & Practice,2013,14,167
39,Memory & Reminiscence,Design Research & Practice,2014,24,249
39,Memory & Reminiscence,Design Research & Practice,2015,12,216
39,Memory & Reminiscence,Design Research & Practice,2016,25,410
39,Memory & Reminiscence,Design Research & Practice,2017,15,274
39,Memory & Reminiscence,Design Research & Practice,2018,23,442
39,Memory & Reminiscence,Design Research & Practice,2019,23,440
39,Memory & Reminiscence,Design Research & Practice,2020,16,362
39,Memory & Reminiscence,Design Research & Practice,2021,12,433
39,Memory & Reminiscence,Design Research & Practice,2022,8,338
39,Memory & Reminiscence,Design Research & Practice,2023,21,602
39,Memory & Reminiscence,Design Research & Practice,2024,21,572
39,Memory & Reminiscence,Design Research & Practice,2025,29,709
39,Memory & Reminiscence,Design Research & Practice,2026,26,702
40,More-than-human Design,Design Research & Practice,1997,3,1
40,More-than-human Design,Design Research & Practice,1998,1,0
40,More-than-human Design,Design Research & Practice,2000,0,1
40,More-than-human Design,Design Research & Practice,2004,2,0
40,More-than-human Design,Design Research & Practice,2005,1,1
40,More-than-human Design,Design Research & Practice,2006,0,1
40,More-than-human Design,Design Research & Practice,2008,3,0
40,More-than-human Design,Design Research & Practice,2010,2,2
40,More-than-human Design,Design Research & Practice,2011,5,6
40,More-than-human Design,Design Research & Practice,2012,4,11
40,More-than-human Design,Design Research & Practice,2013,6,11
40,More-than-human Design,Design Research & Practice,2014,9,24
40,More-than-human Design,Design Research & Practice,2015,16,34
40,More-than-human Design,Design Research & Practice,2016,6,23
40,More-than-human Design,Design Research & Practice,2017,9,58
40,More-than-human Design,Design Research & Practice,2018,11,43
40,More-than-human Design,Design Research & Practice,2019,14,66
40,More-than-human Design,Design Research & Practice,2020,19,99
40,More-than-human Design,Design Research & Practice,2021,16,144
40,More-than-human Design,Design Research & Practice,2022,21,249
40,More-than-human Design,Design Research & Practice,2023,41,468
40,More-than-human Design,Design Research & Practice,2024,45,627
40,More-than-human Design,Design Research & Practice,2025,52,928
40,More-than-human Design,Design Research & Practice,2026,43,734
41,Sustainable HCI,Design Research & Practice,2004,1,0
41,Sustainable HCI,Design Research & Practice,2005,1,0
41,Sustainable HCI,Design Research & Practice,2006,1,1
41,Sustainable HCI,Design Research & Practice,2007,2,4
41,Sustainable HCI,Design Research & Practice,2008,8,13
41,Sustainable HCI,Design Research & Practice,2009,10,36
41,Sustainable HCI,Design Research & Practice,2010,25,84
41,Sustainable HCI,Design Research & Practice,2011,13,92
41,Sustainable HCI,Design Research & Practice,2012,21,187
41,Sustainable HCI,Design Research & Practice,2013,30,290
41,Sustainable HCI,Design Research & Practice,2014,25,250
41,Sustainable HCI,Design Research & Practice,2015,19,211
41,Sustainable HCI,Design Research & Practice,2016,23,295
41,Sustainable HCI,Design Research & Practice,2017,15,270
41,Sustainable HCI,Design Research & Practice,2018,22,454
41,Sustainable HCI,Design Research & Practice,2019,12,298
41,Sustainable HCI,Design Research & Practice,2020,16,253
41,Sustainable HCI,Design Research & Practice,2021,8,273
41,Sustainable HCI,Design Research & Practice,2022,13,290
41,Sustainable HCI,Design Research & Practice,2023,17,473
41,Sustainable HCI,Design Research & Practice,2024,14,344
41,Sustainable HCI,Design Research & Practice,2025,23,443
41,Sustainable HCI,Design Research & Practice,2026,13,298
42,Human-Food Interaction,Design Research & Practice,2002,1,0
42,Human-Food Interaction,Design Research & Practice,2005,1,0
42,Human-Food Interaction,Design Research & Practice,2006,1,0
42,Human-Food Interaction,Design Research & Practice,2007,0,1
42,Human-Food Interaction,Design Research & Practice,2008,1,1
42,Human-Food Interaction,Design Research & Practice,2009,0,3
42,Human-Food Interaction,Design Research & Practice,2010,3,3
42,Human-Food Interaction,Design Research & Practice,2011,6,6
42,Human-Food Interaction,Design Research & Practice,2012,6,10
42,Human-Food Interaction,Design Research & Practice,2013,4,15
42,Human-Food Interaction,Design Research & Practice,2014,5,23
42,Human-Food Interaction,Design Research & Practice,2015,4,22
42,Human-Food Interaction,Design Research & Practice,2016,7,38
42,Human-Food Interaction,Design Research & Practice,2017,6,36
42,Human-Food Interaction,Design Research & Practice,2018,6,65
42,Human-Food Interaction,Design Research & Practice,2019,8,72
42,Human-Food Interaction,Design Research & Practice,2020,13,125
42,Human-Food Interaction,Design Research & Practice,2021,9,134
42,Human-Food Interaction,Design Research & Practice,2022,11,189
42,Human-Food Interaction,Design Research & Practice,2023,11,187
42,Human-Food Interaction,Design Research & Practice,2024,12,199
42,Human-Food Interaction,Design Research & Practice,2025,9,175
42,Human-Food Interaction,Design Research & Practice,2026,13,218
43,Materials & Craft in HCI,Design Research & Practice,1998,1,0
43,Materials & Craft in HCI,Design Research & Practice,1999,0,1
43,Materials & Craft in HCI,Design Research & Practice,2000,1,0
43,Materials & Craft in HCI,Design Research & Practice,2001,0,1
43,Materials & Craft in HCI,Design Research & Practice,2002,2,1
43,Materials & Craft in HCI,Design Research & Practice,2003,1,2
43,Materials & Craft in HCI,Design Research & Practice,2004,2,4
43,Materials & Craft in HCI,Design Research & Practice,2005,0,1
43,Materials & Craft in HCI,Design Research & Practice,2006,1,3
43,Materials & Craft in HCI,Design Research & Practice,2007,3,5
43,Materials & Craft in HCI,Design Research & Practice,2008,1,10
43,Materials & Craft in HCI,Design Research & Practice,2009,2,5
43,Materials & Craft in HCI,Design Research & Practice,2010,4,13
43,Materials & Craft in HCI,Design Research & Practice,2011,4,14
43,Materials & Craft in HCI,Design Research & Practice,2012,11,33
43,Materials & Craft in HCI,Design Research & Practice,2013,8,53
43,Materials & Craft in HCI,Design Research & Practice,2014,9,72
43,Materials & Craft in HCI,Design Research & Practice,2015,6,64
43,Materials & Craft in HCI,Design Research & Practice,2016,9,86
43,Materials & Craft in HCI,Design Research & Practice,2017,7,97
43,Materials & Craft in HCI,Design Research & Practice,2018,5,90
43,Materials & Craft in HCI,Design Research & Practice,2019,8,100
43,Materials & Craft in HCI,Design Research & Practice,2020,3,113
43,Materials & Craft in HCI,Design Research & Practice,2021,3,114
43,Materials & Craft in HCI,Design Research & Practice,2022,4,141
43,Materials & Craft in HCI,Design Research & Practice,2023,2,166
43,Materials & Craft in HCI,Design Research & Practice,2024,3,145
43,Materials & Craft in HCI,Design Research & Practice,2025,5,120
43,Materials & Craft in HCI,Design Research & Practice,2026,5,101
44,Data Physicalization,Design Research & Practice,2010,1,0
44,Data Physicalization,Design Research & Practice,2013,3,0
44,Data Physicalization,Design Research & Practice,2014,2,4
44,Data Physicalization,Design Research & Practice,2015,7,21
44,Data Physicalization,Design Research & Practice,2016,6,34
44,Data Physicalization,Design Research & Practice,2017,7,41
44,Data Physicalization,Design Research & Practice,2018,2,50
44,Data Physicalization,Design Research & Practice,2019,3,46
44,Data Physicalization,Design Research & Practice,2020,2,65
44,Data Physicalization,Design Research & Practice,2021,4,65
44,Data Physicalization,Design Research & Practice,2022,8,82
44,Data Physicalization,Design Research & Practice,2023,6,113
44,Data Physicalization,Design Research & Practice,2024,13,197
44,Data Physicalization,Design Research & Practice,2025,12,205
44,Data Physicalization,Design Research & Practice,2026,14,163
45,Smart Home Automation,Design Research & Practice,1985,1,0
45,Smart Home Automation,Design Research & Practice,1986,1,1
45,Smart Home Automation,Design Research & Practice,1997,1,0
45,Smart Home Automation,Design Research & Practice,1999,1,0
45,Smart Home Automation,Design Research & Practice,2000,2,1
45,Smart Home Automation,Design Research & Practice,2001,1,1
45,Smart Home Automation,Design Research & Practice,2002,0,1
45,Smart Home Automation,Design Research & Practice,2003,2,4
45,Smart Home Automation,Design Research & Practice,2004,3,12
45,Smart Home Automation,Design Research & Practice,2005,1,3
45,Smart Home Automation,Design Research & Practice,2006,6,12
45,Smart Home Automation,Design Research & Practice,2007,3,13
45,Smart Home Automation,Design Research & Practice,2008,3,17
45,Smart Home Automation,Design Research & Practice,2009,1,20
45,Smart Home Automation,Design Research & Practice,2010,5,23
45,Smart Home Automation,Design Research & Practice,2011,7,19
45,Smart Home Automation,Design Research & Practice,2012,12,36
45,Smart Home Automation,Design Research & Practice,2013,5,24
45,Smart Home Automation,Design Research & Practice,2014,8,31
45,Smart Home Automation,Design Research & Practice,2015,7,53
45,Smart Home Automation,Design Research & Practice,2016,7,66
45,Smart Home Automation,Design Research & Practice,2017,15,105
45,Smart Home Automation,Design Research & Practice,2018,8,102
45,Smart Home Automation,Design Research & Practice,2019,12,169
45,Smart Home Automation,Design Research & Practice,2020,17,196
45,Smart Home Automation,Design Research & Practice,2021,9,207
45,Smart Home Automation,Design Research & Practice,2022,8,163
45,Smart Home Automation,Design Research & Practice,2023,14,215
45,Smart Home Automation,Design Research & Practice,2024,3,221
45,Smart Home Automation,Design Research & Practice,2025,10,217
45,Smart Home Automation,Design Research & Practice,2026,7,133
46,Co-design with Children,"Children, Learning & Youth",1989,1,0
46,Co-design with Children,"Children, Learning & Youth",1991,1,0
46,Co-design with Children,"Children, Learning & Youth",1992,1,0
46,Co-design with Children,"Children, Learning & Youth",1995,2,1
46,Co-design with Children,"Children, Learning & Youth",1996,3,0
46,Co-design with Children,"Children, Learning & Youth",1997,3,3
46,Co-design with Children,"Children, Learning & Youth",1998,2,4
46,Co-design with Children,"Children, Learning & Youth",1999,5,5
46,Co-design with Children,"Children, Learning & Youth",2000,3,4
46,Co-design with Children,"Children, Learning & Youth",2001,1,3
46,Co-design with Children,"Children, Learning & Youth",2002,3,9
46,Co-design with Children,"Children, Learning & Youth",2003,3,4
46,Co-design with Children,"Children, Learning & Youth",2004,1,6
46,Co-design with Children,"Children, Learning & Youth",2005,2,7
46,Co-design with Children,"Children, Learning & Youth",2006,2,4
46,Co-design with Children,"Children, Learning & Youth",2007,1,5
46,Co-design with Children,"Children, Learning & Youth",2008,0,4
46,Co-design with Children,"Children, Learning & Youth",2009,1,5
46,Co-design with Children,"Children, Learning & Youth",2010,3,12
46,Co-design with Children,"Children, Learning & Youth",2011,0,2
46,Co-design with Children,"Children, Learning & Youth",2012,4,14
46,Co-design with Children,"Children, Learning & Youth",2013,5,17
46,Co-design with Children,"Children, Learning & Youth",2014,7,16
46,Co-design with Children,"Children, Learning & Youth",2015,4,9
46,Co-design with Children,"Children, Learning & Youth",2016,3,20
46,Co-design with Children,"Children, Learning & Youth",2017,4,33
46,Co-design with Children,"Children, Learning & Youth",2018,2,39
46,Co-design with Children,"Children, Learning & Youth",2019,6,37
46,Co-design with Children,"Children, Learning & Youth",2020,3,39
46,Co-design with Children,"Children, Learning & Youth",2021,6,65
46,Co-design with Children,"Children, Learning & Youth",2022,2,42
46,Co-design with Children,"Children, Learning & Youth",2023,4,34
46,Co-design with Children,"Children, Learning & Youth",2024,5,54
46,Co-design with Children,"Children, Learning & Youth",2025,4,73
46,Co-design with Children,"Children, Learning & Youth",2026,5,76
47,Youth & Online Media,"Children, Learning & Youth",1988,1,0
47,Youth & Online Media,"Children, Learning & Youth",1992,1,2
47,Youth & Online Media,"Children, Learning & Youth",1998,0,1
47,Youth & Online Media,"Children, Learning & Youth",2004,0,1
47,Youth & Online Media,"Children, Learning & Youth",2011,1,0
47,Youth & Online Media,"Children, Learning & Youth",2012,0,2
47,Youth & Online Media,"Children, Learning & Youth",2013,0,1
47,Youth & Online Media,"Children, Learning & Youth",2014,3,2
47,Youth & Online Media,"Children, Learning & Youth",2015,9,8
47,Youth & Online Media,"Children, Learning & Youth",2016,6,40
47,Youth & Online Media,"Children, Learning & Youth",2017,8,68
47,Youth & Online Media,"Children, Learning & Youth",2018,4,76
47,Youth & Online Media,"Children, Learning & Youth",2019,9,102
47,Youth & Online Media,"Children, Learning & Youth",2020,5,73
47,Youth & Online Media,"Children, Learning & Youth",2021,13,182
47,Youth & Online Media,"Children, Learning & Youth",2022,11,149
47,Youth & Online Media,"Children, Learning & Youth",2023,15,154
47,Youth & Online Media,"Children, Learning & Youth",2024,23,320
47,Youth & Online Media,"Children, Learning & Youth",2025,25,373
47,Youth & Online Media,"Children, Learning & Youth",2026,16,291
48,AI Literacy & K-12,"Children, Learning & Youth",2017,2,0
48,AI Literacy & K-12,"Children, Learning & Youth",2018,1,1
48,AI Literacy & K-12,"Children, Learning & Youth",2019,2,7
48,AI Literacy & K-12,"Children, Learning & Youth",2020,2,7
48,AI Literacy & K-12,"Children, Learning & Youth",2021,5,25
48,AI Literacy & K-12,"Children, Learning & Youth",2022,6,40
48,AI Literacy & K-12,"Children, Learning & Youth",2023,3,46
48,AI Literacy & K-12,"Children, Learning & Youth",2024,6,91
48,AI Literacy & K-12,"Children, Learning & Youth",2025,10,156
48,AI Literacy & K-12,"Children, Learning & Youth",2026,14,126
49,Family & Intergenerational Communication,"Children, Learning & Youth",1998,1,0
49,Family & Intergenerational Communication,"Children, Learning & Youth",2000,1,2
49,Family & Intergenerational Communication,"Children, Learning & Youth",2001,0,1
49,Family & Intergenerational Communication,"Children, Learning & Youth",2003,0,3
49,Family & Intergenerational Communication,"Children, Learning & Youth",2006,0,1
49,Family & Intergenerational Communication,"Children, Learning & Youth",2008,1,0
49,Family & Intergenerational Communication,"Children, Learning & Youth",2010,8,5
49,Family & Intergenerational Communication,"Children, Learning & Youth",2011,4,24
49,Family & Intergenerational Communication,"Children, Learning & Youth",2012,5,40
49,Family & Intergenerational Communication,"Children, Learning & Youth",2013,7,53
49,Family & Intergenerational Communication,"Children, Learning & Youth",2014,4,60
49,Family & Intergenerational Communication,"Children, Learning & Youth",2015,5,47
49,Family & Intergenerational Communication,"Children, Learning & Youth",2016,2,41
49,Family & Intergenerational Communication,"Children, Learning & Youth",2017,5,66
49,Family & Intergenerational Communication,"Children, Learning & Youth",2018,9,94
49,Family & Intergenerational Communication,"Children, Learning & Youth",2019,2,79
49,Family & Intergenerational Communication,"Children, Learning & Youth",2020,5,57
49,Family & Intergenerational Communication,"Children, Learning & Youth",2021,8,157
49,Family & Intergenerational Communication,"Children, Learning & Youth",2022,4,78
49,Family & Intergenerational Communication,"Children, Learning & Youth",2023,5,108
49,Family & Intergenerational Communication,"Children, Learning & Youth",2024,9,183
49,Family & Intergenerational Communication,"Children, Learning & Youth",2025,8,162
49,Family & Intergenerational Communication,"Children, Learning & Youth",2026,5,132
50,Children's Reading & Storytelling Agents,"Children, Learning & Youth",1992,1,0
50,Children's Reading & Storytelling Agents,"Children, Learning & Youth",1995,1,0
50,Children's Reading & Storytelling Agents,"Children, Learning & Youth",2005,1,1
50,Children's Reading & Storytelling Agents,"Children, Learning & Youth",2008,1,1
50,Children's Reading & Storytelling Agents,"Children, Learning & Youth",2010,1,0
50,Children's Reading & Storytelling Agents,"Children, Learning & Youth",2011,0,1
50,Children's Reading & Storytelling Agents,"Children, Learning & Youth",2012,0,1
50,Children's Reading & Storytelling Agents,"Children, Learning & Youth",2013,2,3
50,Children's Reading & Storytelling Agents,"Children, Learning & Youth",2014,1,1
50,Children's Reading & Storytelling Agents,"Children, Learning & Youth",2017,1,1
50,Children's Reading & Storytelling Agents,"Children, Learning & Youth",2018,0,4
50,Children's Reading & Storytelling Agents,"Children, Learning & Youth",2019,0,1
50,Children's Reading & Storytelling Agents,"Children, Learning & Youth",2020,3,2
50,Children's Reading & Storytelling Agents,"Children, Learning & Youth",2021,3,23
50,Children's Reading & Storytelling Agents,"Children, Learning & Youth",2022,4,30
50,Children's Reading & Storytelling Agents,"Children, Learning & Youth",2023,3,29
50,Children's Reading & Storytelling Agents,"Children, Learning & Youth",2024,8,76
50,Children's Reading & Storytelling Agents,"Children, Learning & Youth",2025,9,122
50,Children's Reading & Storytelling Agents,"Children, Learning & Youth",2026,7,79
51,Personas & Child-centred Design,"Children, Learning & Youth",1997,1,0
51,Personas & Child-centred Design,"Children, Learning & Youth",1998,1,1
51,Personas & Child-centred Design,"Children, Learning & Youth",2000,1,0
51,Personas & Child-centred Design,"Children, Learning & Youth",2001,0,1
51,Personas & Child-centred Design,"Children, Learning & Youth",2005,1,0
51,Personas & Child-centred Design,"Children, Learning & Youth",2006,1,0
51,Personas & Child-centred Design,"Children, Learning & Youth",2007,0,1
51,Personas & Child-centred Design,"Children, Learning & Youth",2008,2,0
51,Personas & Child-centred Design,"Children, Learning & Youth",2009,2,0
51,Personas & Child-centred Design,"Children, Learning & Youth",2010,1,1
51,Personas & Child-centred Design,"Children, Learning & Youth",2011,3,0
51,Personas & Child-centred Design,"Children, Learning & Youth",2012,6,12
51,Personas & Child-centred Design,"Children, Learning & Youth",2013,2,8
51,Personas & Child-centred Design,"Children, Learning & Youth",2014,3,8
51,Personas & Child-centred Design,"Children, Learning & Youth",2015,3,10
51,Personas & Child-centred Design,"Children, Learning & Youth",2016,6,15
51,Personas & Child-centred Design,"Children, Learning & Youth",2017,4,16
51,Personas & Child-centred Design,"Children, Learning & Youth",2018,3,20
51,Personas & Child-centred Design,"Children, Learning & Youth",2019,6,32
51,Personas & Child-centred Design,"Children, Learning & Youth",2020,7,37
51,Personas & Child-centred Design,"Children, Learning & Youth",2021,6,33
51,Personas & Child-centred Design,"Children, Learning & Youth",2022,7,54
51,Personas & Child-centred Design,"Children, Learning & Youth",2023,4,25
51,Personas & Child-centred Design,"Children, Learning & Youth",2024,6,53
51,Personas & Child-centred Design,"Children, Learning & Youth",2025,10,93
51,Personas & Child-centred Design,"Children, Learning & Youth",2026,6,87
52,Child-Robot Interaction,Robots & Conversational Agents,1992,1,0
52,Child-Robot Interaction,Robots & Conversational Agents,1996,1,0
52,Child-Robot Interaction,Robots & Conversational Agents,2001,0,1
52,Child-Robot Interaction,Robots & Conversational Agents,2003,1,0
52,Child-Robot Interaction,Robots & Conversational Agents,2004,1,0
52,Child-Robot Interaction,Robots & Conversational Agents,2005,0,1
52,Child-Robot Interaction,Robots & Conversational Agents,2006,3,0
52,Child-Robot Interaction,Robots & Conversational Agents,2007,1,0
52,Child-Robot Interaction,Robots & Conversational Agents,2008,0,1
52,Child-Robot Interaction,Robots & Conversational Agents,2009,2,1
52,Child-Robot Interaction,Robots & Conversational Agents,2010,3,2
52,Child-Robot Interaction,Robots & Conversational Agents,2011,0,1
52,Child-Robot Interaction,Robots & Conversational Agents,2012,5,3
52,Child-Robot Interaction,Robots & Conversational Agents,2013,2,6
52,Child-Robot Interaction,Robots & Conversational Agents,2014,4,3
52,Child-Robot Interaction,Robots & Conversational Agents,2015,3,7
52,Child-Robot Interaction,Robots & Conversational Agents,2016,2,8
52,Child-Robot Interaction,Robots & Conversational Agents,2017,6,22
52,Child-Robot Interaction,Robots & Conversational Agents,2018,1,10
52,Child-Robot Interaction,Robots & Conversational Agents,2019,6,32
52,Child-Robot Interaction,Robots & Conversational Agents,2020,9,15
52,Child-Robot Interaction,Robots & Conversational Agents,2021,11,44
52,Child-Robot Interaction,Robots & Conversational Agents,2022,16,72
52,Child-Robot Interaction,Robots & Conversational Agents,2023,7,58
52,Child-Robot Interaction,Robots & Conversational Agents,2024,11,68
52,Child-Robot Interaction,Robots & Conversational Agents,2025,20,125
52,Child-Robot Interaction,Robots & Conversational Agents,2026,14,134
53,Voice Assistants for Older Adults,Robots & Conversational Agents,1995,1,2
53,Voice Assistants for Older Adults,Robots & Conversational Agents,1996,0,4
53,Voice Assistants for Older Adults,Robots & Conversational Agents,1997,0,2
53,Voice Assistants for Older Adults,Robots & Conversational Agents,1998,2,4
53,Voice Assistants for Older Adults,Robots & Conversational Agents,1999,0,1
53,Voice Assistants for Older Adults,Robots & Conversational Agents,2000,2,4
53,Voice Assistants for Older Adults,Robots & Conversational Agents,2001,0,2
53,Voice Assistants for Older Adults,Robots & Conversational Agents,2002,1,0
53,Voice Assistants for Older Adults,Robots & Conversational Agents,2003,0,2
53,Voice Assistants for Older Adults,Robots & Conversational Agents,2004,1,3
53,Voice Assistants for Older Adults,Robots & Conversational Agents,2005,1,2
53,Voice Assistants for Older Adults,Robots & Conversational Agents,2006,5,2
53,Voice Assistants for Older Adults,Robots & Conversational Agents,2007,1,3
53,Voice Assistants for Older Adults,Robots & Conversational Agents,2008,0,2
53,Voice Assistants for Older Adults,Robots & Conversational Agents,2010,1,2
53,Voice Assistants for Older Adults,Robots & Conversational Agents,2011,1,3
53,Voice Assistants for Older Adults,Robots & Conversational Agents,2013,3,0
53,Voice Assistants for Older Adults,Robots & Conversational Agents,2014,4,4
53,Voice Assistants for Older Adults,Robots & Conversational Agents,2015,2,3
53,Voice Assistants for Older Adults,Robots & Conversational Agents,2016,4,5
53,Voice Assistants for Older Adults,Robots & Conversational Agents,2017,5,21
53,Voice Assistants for Older Adults,Robots & Conversational Agents,2018,12,45
53,Voice Assistants for Older Adults,Robots & Conversational Agents,2019,28,189
53,Voice Assistants for Older Adults,Robots & Conversational Agents,2020,33,314
53,Voice Assistants for Older Adults,Robots & Conversational Agents,2021,24,358
53,Voice Assistants for Older Adults,Robots & Conversational Agents,2022,30,417
53,Voice Assistants for Older Adults,Robots & Conversational Agents,2023,24,416
53,Voice Assistants for Older Adults,Robots & Conversational Agents,2024,32,458
53,Voice Assistants for Older Adults,Robots & Conversational Agents,2025,38,650
53,Voice Assistants for Older Adults,Robots & Conversational Agents,2026,23,400
54,Robot Programming,Robots & Conversational Agents,2002,1,0
54,Robot Programming,Robots & Conversational Agents,2003,1,0
54,Robot Programming,Robots & Conversational Agents,2004,2,0
54,Robot Programming,Robots & Conversational Agents,2005,1,0
54,Robot Programming,Robots & Conversational Agents,2006,1,1
54,Robot Programming,Robots & Conversational Agents,2007,1,1
54,Robot Programming,Robots & Conversational Agents,2008,1,0
54,Robot Programming,Robots & Conversational Agents,2009,4,1
54,Robot Programming,Robots & Conversational Agents,2010,1,5
54,Robot Programming,Robots & Conversational Agents,2011,2,6
54,Robot Programming,Robots & Conversational Agents,2012,1,5
54,Robot Programming,Robots & Conversational Agents,2013,0,1
54,Robot Programming,Robots & Conversational Agents,2014,3,0
54,Robot Programming,Robots & Conversational Agents,2015,2,3
54,Robot Programming,Robots & Conversational Agents,2016,0,4
54,Robot Programming,Robots & Conversational Agents,2017,0,3
54,Robot Programming,Robots & Conversational Agents,2018,2,5
54,Robot Programming,Robots & Conversational Agents,2019,6,13
54,Robot Programming,Robots & Conversational Agents,2020,3,12
54,Robot Programming,Robots & Conversational Agents,2021,5,25
54,Robot Programming,Robots & Conversational Agents,2022,5,22
54,Robot Programming,Robots & Conversational Agents,2023,1,24
54,Robot Programming,Robots & Conversational Agents,2024,8,45
54,Robot Programming,Robots & Conversational Agents,2025,4,43
54,Robot Programming,Robots & Conversational Agents,2026,5,44
55,Nonverbal & Public-speaking Analysis,Robots & Conversational Agents,2001,1,0
55,Nonverbal & Public-speaking Analysis,Robots & Conversational Agents,2003,1,2
55,Nonverbal & Public-speaking Analysis,Robots & Conversational Agents,2004,0,1
55,Nonverbal & Public-speaking Analysis,Robots & Conversational Agents,2005,0,1
55,Nonverbal & Public-speaking Analysis,Robots & Conversational Agents,2006,1,1
55,Nonverbal & Public-speaking Analysis,Robots & Conversational Agents,2009,2,1
55,Nonverbal & Public-speaking Analysis,Robots & Conversational Agents,2010,1,3
55,Nonverbal & Public-speaking Analysis,Robots & Conversational Agents,2011,3,1
55,Nonverbal & Public-speaking Analysis,Robots & Conversational Agents,2012,3,5
55,Nonverbal & Public-speaking Analysis,Robots & Conversational Agents,2013,4,3
55,Nonverbal & Public-speaking Analysis,Robots & Conversational Agents,2014,5,15
55,Nonverbal & Public-speaking Analysis,Robots & Conversational Agents,2015,7,21
55,Nonverbal & Public-speaking Analysis,Robots & Conversational Agents,2016,4,25
55,Nonverbal & Public-speaking Analysis,Robots & Conversational Agents,2017,4,22
55,Nonverbal & Public-speaking Analysis,Robots & Conversational Agents,2018,8,24
55,Nonverbal & Public-speaking Analysis,Robots & Conversational Agents,2019,5,20
55,Nonverbal & Public-speaking Analysis,Robots & Conversational Agents,2020,5,26
55,Nonverbal & Public-speaking Analysis,Robots & Conversational Agents,2021,6,40
55,Nonverbal & Public-speaking Analysis,Robots & Conversational Agents,2022,1,34
55,Nonverbal & Public-speaking Analysis,Robots & Conversational Agents,2023,5,40
55,Nonverbal & Public-speaking Analysis,Robots & Conversational Agents,2024,4,28
55,Nonverbal & Public-speaking Analysis,Robots & Conversational Agents,2025,6,60
55,Nonverbal & Public-speaking Analysis,Robots & Conversational Agents,2026,4,34
56,Robot Programming (robot),Robots & Conversational Agents,2004,1,0
56,Robot Programming (robot),Robots & Conversational Agents,2006,0,1
56,Robot Programming (robot),Robots & Conversational Agents,2007,1,0
56,Robot Programming (robot),Robots & Conversational Agents,2008,2,5
56,Robot Programming (robot),Robots & Conversational Agents,2009,2,4
56,Robot Programming (robot),Robots & Conversational Agents,2010,2,4
56,Robot Programming (robot),Robots & Conversational Agents,2012,0,2
56,Robot Programming (robot),Robots & Conversational Agents,2013,2,7
56,Robot Programming (robot),Robots & Conversational Agents,2014,0,2
56,Robot Programming (robot),Robots & Conversational Agents,2015,1,1
56,Robot Programming (robot),Robots & Conversational Agents,2016,2,5
56,Robot Programming (robot),Robots & Conversational Agents,2017,1,6
56,Robot Programming (robot),Robots & Conversational Agents,2018,1,7
56,Robot Programming (robot),Robots & Conversational Agents,2019,5,7
56,Robot Programming (robot),Robots & Conversational Agents,2020,3,22
56,Robot Programming (robot),Robots & Conversational Agents,2021,4,23
56,Robot Programming (robot),Robots & Conversational Agents,2022,2,27
56,Robot Programming (robot),Robots & Conversational Agents,2023,4,21
56,Robot Programming (robot),Robots & Conversational Agents,2024,6,33
56,Robot Programming (robot),Robots & Conversational Agents,2025,10,59
56,Robot Programming (robot),Robots & Conversational Agents,2026,8,69
57,Chatbot Companions,Robots & Conversational Agents,1993,1,0
57,Chatbot Companions,Robots & Conversational Agents,1994,1,0
57,Chatbot Companions,Robots & Conversational Agents,1995,0,1
57,Chatbot Companions,Robots & Conversational Agents,1996,2,3
57,Chatbot Companions,Robots & Conversational Agents,1997,0,1
57,Chatbot Companions,Robots & Conversational Agents,1998,1,1
57,Chatbot Companions,Robots & Conversational Agents,1999,0,1
57,Chatbot Companions,Robots & Conversational Agents,2000,2,3
57,Chatbot Companions,Robots & Conversational Agents,2001,1,0
57,Chatbot Companions,Robots & Conversational Agents,2002,0,3
57,Chatbot Companions,Robots & Conversational Agents,2003,0,3
57,Chatbot Companions,Robots & Conversational Agents,2004,1,4
57,Chatbot Companions,Robots & Conversational Agents,2005,2,3
57,Chatbot Companions,Robots & Conversational Agents,2006,1,5
57,Chatbot Companions,Robots & Conversational Agents,2007,2,3
57,Chatbot Companions,Robots & Conversational Agents,2008,1,2
57,Chatbot Companions,Robots & Conversational Agents,2009,0,2
57,Chatbot Companions,Robots & Conversational Agents,2010,2,2
57,Chatbot Companions,Robots & Conversational Agents,2011,1,2
57,Chatbot Companions,Robots & Conversational Agents,2012,2,7
57,Chatbot Companions,Robots & Conversational Agents,2013,0,3
57,Chatbot Companions,Robots & Conversational Agents,2014,1,3
57,Chatbot Companions,Robots & Conversational Agents,2015,2,1
57,Chatbot Companions,Robots & Conversational Agents,2016,1,17
57,Chatbot Companions,Robots & Conversational Agents,2017,5,8
57,Chatbot Companions,Robots & Conversational Agents,2018,15,59
57,Chatbot Companions,Robots & Conversational Agents,2019,12,97
57,Chatbot Companions,Robots & Conversational Agents,2020,20,126
57,Chatbot Companions,Robots & Conversational Agents,2021,19,255
57,Chatbot Companions,Robots & Conversational Agents,2022,20,238
57,Chatbot Companions,Robots & Conversational Agents,2023,17,292
57,Chatbot Companions,Robots & Conversational Agents,2024,29,352
57,Chatbot Companions,Robots & Conversational Agents,2025,48,640
57,Chatbot Companions,Robots & Conversational Agents,2026,38,484
58,Human-Robot Interaction,Robots & Conversational Agents,2002,1,0
58,Human-Robot Interaction,Robots & Conversational Agents,2006,1,0
58,Human-Robot Interaction,Robots & Conversational Agents,2008,1,0
58,Human-Robot Interaction,Robots & Conversational Agents,2009,0,2
58,Human-Robot Interaction,Robots & Conversational Agents,2010,0,1
58,Human-Robot Interaction,Robots & Conversational Agents,2011,0,1
58,Human-Robot Interaction,Robots & Conversational Agents,2012,2,0
58,Human-Robot Interaction,Robots & Conversational Agents,2013,1,1
58,Human-Robot Interaction,Robots & Conversational Agents,2014,1,1
58,Human-Robot Interaction,Robots & Conversational Agents,2015,3,1
58,Human-Robot Interaction,Robots & Conversational Agents,2016,4,6
58,Human-Robot Interaction,Robots & Conversational Agents,2017,5,14
58,Human-Robot Interaction,Robots & Conversational Agents,2018,8,26
58,Human-Robot Interaction,Robots & Conversational Agents,2019,4,42
58,Human-Robot Interaction,Robots & Conversational Agents,2020,3,28
58,Human-Robot Interaction,Robots & Conversational Agents,2021,12,82
58,Human-Robot Interaction,Robots & Conversational Agents,2022,7,68
58,Human-Robot Interaction,Robots & Conversational Agents,2023,8,57
58,Human-Robot Interaction,Robots & Conversational Agents,2024,11,86
58,Human-Robot Interaction,Robots & Conversational Agents,2025,8,74
58,Human-Robot Interaction,Robots & Conversational Agents,2026,5,49
59,Child-Robot Interaction (robot),Robots & Conversational Agents,1983,1,0
59,Child-Robot Interaction (robot),Robots & Conversational Agents,1988,1,1
59,Child-Robot Interaction (robot),Robots & Conversational Agents,1999,1,0
59,Child-Robot Interaction (robot),Robots & Conversational Agents,2000,0,1
59,Child-Robot Interaction (robot),Robots & Conversational Agents,2001,0,2
59,Child-Robot Interaction (robot),Robots & Conversational Agents,2002,2,0
59,Child-Robot Interaction (robot),Robots & Conversational Agents,2003,0,3
59,Child-Robot Interaction (robot),Robots & Conversational Agents,2004,1,2
59,Child-Robot Interaction (robot),Robots & Conversational Agents,2005,0,4
59,Child-Robot Interaction (robot),Robots & Conversational Agents,2006,0,1
59,Child-Robot Interaction (robot),Robots & Conversational Agents,2007,1,0
59,Child-Robot Interaction (robot),Robots & Conversational Agents,2008,0,1
59,Child-Robot Interaction (robot),Robots & Conversational Agents,2009,0,1
59,Child-Robot Interaction (robot),Robots & Conversational Agents,2010,0,1
59,Child-Robot Interaction (robot),Robots & Conversational Agents,2011,1,6
59,Child-Robot Interaction (robot),Robots & Conversational Agents,2012,0,4
59,Child-Robot Interaction (robot),Robots & Conversational Agents,2013,0,1
59,Child-Robot Interaction (robot),Robots & Conversational Agents,2015,0,2
59,Child-Robot Interaction (robot),Robots & Conversational Agents,2016,0,1
59,Child-Robot Interaction (robot),Robots & Conversational Agents,2017,0,4
59,Child-Robot Interaction (robot),Robots & Conversational Agents,2018,0,3
59,Child-Robot Interaction (robot),Robots & Conversational Agents,2019,1,4
59,Child-Robot Interaction (robot),Robots & Conversational Agents,2020,0,4
59,Child-Robot Interaction (robot),Robots & Conversational Agents,2021,5,2
59,Child-Robot Interaction (robot),Robots & Conversational Agents,2022,1,5
59,Child-Robot Interaction (robot),Robots & Conversational Agents,2023,1,8
59,Child-Robot Interaction (robot),Robots & Conversational Agents,2024,6,8
59,Child-Robot Interaction (robot),Robots & Conversational Agents,2025,6,33
59,Child-Robot Interaction (robot),Robots & Conversational Agents,2026,6,23
60,Virtual Agents & Social Effects,Robots & Conversational Agents,1990,1,0
60,Virtual Agents & Social Effects,Robots & Conversational Agents,1991,1,1
60,Virtual Agents & Social Effects,Robots & Conversational Agents,1992,2,1
60,Virtual Agents & Social Effects,Robots & Conversational Agents,1993,1,3
60,Virtual Agents & Social Effects,Robots & Conversational Agents,1994,2,2
60,Virtual Agents & Social Effects,Robots & Conversational Agents,1995,1,3
60,Virtual Agents & Social Effects,Robots & Conversational Agents,1996,2,1
60,Virtual Agents & Social Effects,Robots & Conversational Agents,1997,5,3
60,Virtual Agents & Social Effects,Robots & Conversational Agents,1998,5,6
60,Virtual Agents & Social Effects,Robots & Conversational Agents,1999,4,10
60,Virtual Agents & Social Effects,Robots & Conversational Agents,2000,5,8
60,Virtual Agents & Social Effects,Robots & Conversational Agents,2001,7,13
60,Virtual Agents & Social Effects,Robots & Conversational Agents,2002,3,11
60,Virtual Agents & Social Effects,Robots & Conversational Agents,2003,9,8
60,Virtual Agents & Social Effects,Robots & Conversational Agents,2004,4,7
60,Virtual Agents & Social Effects,Robots & Conversational Agents,2005,4,14
60,Virtual Agents & Social Effects,Robots & Conversational Agents,2006,3,5
60,Virtual Agents & Social Effects,Robots & Conversational Agents,2007,3,12
60,Virtual Agents & Social Effects,Robots & Conversational Agents,2008,2,5
60,Virtual Agents & Social Effects,Robots & Conversational Agents,2009,3,9
60,Virtual Agents & Social Effects,Robots & Conversational Agents,2010,2,12
60,Virtual Agents & Social Effects,Robots & Conversational Agents,2011,2,7
60,Virtual Agents & Social Effects,Robots & Conversational Agents,2012,3,9
60,Virtual Agents & Social Effects,Robots & Conversational Agents,2013,0,3
60,Virtual Agents & Social Effects,Robots & Conversational Agents,2014,0,8
60,Virtual Agents & Social Effects,Robots & Conversational Agents,2015,2,6
60,Virtual Agents & Social Effects,Robots & Conversational Agents,2016,3,12
60,Virtual Agents & Social Effects,Robots & Conversational Agents,2017,1,13
60,Virtual Agents & Social Effects,Robots & Conversational Agents,2018,0,17
60,Virtual Agents & Social Effects,Robots & Conversational Agents,2019,1,18
60,Virtual Agents & Social Effects,Robots & Conversational Agents,2020,1,14
60,Virtual Agents & Social Effects,Robots & Conversational Agents,2021,4,34
60,Virtual Agents & Social Effects,Robots & Conversational Agents,2022,3,36
60,Virtual Agents & Social Effects,Robots & Conversational Agents,2023,1,18
60,Virtual Agents & Social Effects,Robots & Conversational Agents,2024,3,27
60,Virtual Agents & Social Effects,Robots & Conversational Agents,2025,3,32
60,Virtual Agents & Social Effects,Robots & Conversational Agents,2026,4,23
61,Multilingual & Multimodal Communication,Robots & Conversational Agents,1982,2,2
61,Multilingual & Multimodal Communication,Robots & Conversational Agents,1983,3,3
61,Multilingual & Multimodal Communication,Robots & Conversational Agents,1985,1,1
61,Multilingual & Multimodal Communication,Robots & Conversational Agents,1986,3,3
61,Multilingual & Multimodal Communication,Robots & Conversational Agents,1988,0,3
61,Multilingual & Multimodal Communication,Robots & Conversational Agents,1989,0,1
61,Multilingual & Multimodal Communication,Robots & Conversational Agents,1990,2,1
61,Multilingual & Multimodal Communication,Robots & Conversational Agents,1991,2,1
61,Multilingual & Multimodal Communication,Robots & Conversational Agents,1992,1,2
61,Multilingual & Multimodal Communication,Robots & Conversational Agents,1993,1,0
61,Multilingual & Multimodal Communication,Robots & Conversational Agents,1994,0,1
61,Multilingual & Multimodal Communication,Robots & Conversational Agents,1995,0,1
61,Multilingual & Multimodal Communication,Robots & Conversational Agents,1997,1,1
61,Multilingual & Multimodal Communication,Robots & Conversational Agents,1998,2,1
61,Multilingual & Multimodal Communication,Robots & Conversational Agents,1999,0,1
61,Multilingual & Multimodal Communication,Robots & Conversational Agents,2000,2,2
61,Multilingual & Multimodal Communication,Robots & Conversational Agents,2001,1,0
61,Multilingual & Multimodal Communication,Robots & Conversational Agents,2002,1,2
61,Multilingual & Multimodal Communication,Robots & Conversational Agents,2003,1,3
61,Multilingual & Multimodal Communication,Robots & Conversational Agents,2004,4,7
61,Multilingual & Multimodal Communication,Robots & Conversational Agents,2005,5,8
61,Multilingual & Multimodal Communication,Robots & Conversational Agents,2006,7,17
61,Multilingual & Multimodal Communication,Robots & Conversational Agents,2007,3,11
61,Multilingual & Multimodal Communication,Robots & Conversational Agents,2008,1,7
61,Multilingual & Multimodal Communication,Robots & Conversational Agents,2009,5,17
61,Multilingual & Multimodal Communication,Robots & Conversational Agents,2010,6,26
61,Multilingual & Multimodal Communication,Robots & Conversational Agents,2011,2,23
61,Multilingual & Multimodal Communication,Robots & Conversational Agents,2012,4,18
61,Multilingual & Multimodal Communication,Robots & Conversational Agents,2013,10,42
61,Multilingual & Multimodal Communication,Robots & Conversational Agents,2014,7,30
61,Multilingual & Multimodal Communication,Robots & Conversational Agents,2015,6,40
61,Multilingual & Multimodal Communication,Robots & Conversational Agents,2016,1,20
61,Multilingual & Multimodal Communication,Robots & Conversational Agents,2017,8,83
61,Multilingual & Multimodal Communication,Robots & Conversational Agents,2018,4,52
61,Multilingual & Multimodal Communication,Robots & Conversational Agents,2019,4,35
61,Multilingual & Multimodal Communication,Robots & Conversational Agents,2020,2,30
61,Multilingual & Multimodal Communication,Robots & Conversational Agents,2021,2,51
61,Multilingual & Multimodal Communication,Robots & Conversational Agents,2022,6,109
61,Multilingual & Multimodal Communication,Robots & Conversational Agents,2023,4,58
61,Multilingual & Multimodal Communication,Robots & Conversational Agents,2024,6,67
61,Multilingual & Multimodal Communication,Robots & Conversational Agents,2025,6,117
61,Multilingual & Multimodal Communication,Robots & Conversational Agents,2026,7,76
62,"LLMs, Writing & Prompting",Human-AI Interaction & Data,1982,1,0
62,"LLMs, Writing & Prompting",Human-AI Interaction & Data,1983,1,0
62,"LLMs, Writing & Prompting",Human-AI Interaction & Data,1985,1,0
62,"LLMs, Writing & Prompting",Human-AI Interaction & Data,1997,1,0
62,"LLMs, Writing & Prompting",Human-AI Interaction & Data,1998,0,2
62,"LLMs, Writing & Prompting",Human-AI Interaction & Data,2000,2,1
62,"LLMs, Writing & Prompting",Human-AI Interaction & Data,2001,1,0
62,"LLMs, Writing & Prompting",Human-AI Interaction & Data,2002,1,1
62,"LLMs, Writing & Prompting",Human-AI Interaction & Data,2003,0,1
62,"LLMs, Writing & Prompting",Human-AI Interaction & Data,2004,1,4
62,"LLMs, Writing & Prompting",Human-AI Interaction & Data,2005,1,3
62,"LLMs, Writing & Prompting",Human-AI Interaction & Data,2006,0,1
62,"LLMs, Writing & Prompting",Human-AI Interaction & Data,2007,3,0
62,"LLMs, Writing & Prompting",Human-AI Interaction & Data,2008,4,6
62,"LLMs, Writing & Prompting",Human-AI Interaction & Data,2009,1,12
62,"LLMs, Writing & Prompting",Human-AI Interaction & Data,2010,5,17
62,"LLMs, Writing & Prompting",Human-AI Interaction & Data,2011,2,16
62,"LLMs, Writing & Prompting",Human-AI Interaction & Data,2012,4,15
62,"LLMs, Writing & Prompting",Human-AI Interaction & Data,2013,3,12
62,"LLMs, Writing & Prompting",Human-AI Interaction & Data,2014,5,17
62,"LLMs, Writing & Prompting",Human-AI Interaction & Data,2015,4,18
62,"LLMs, Writing & Prompting",Human-AI Interaction & Data,2016,8,31
62,"LLMs, Writing & Prompting",Human-AI Interaction & Data,2017,5,29
62,"LLMs, Writing & Prompting",Human-AI Interaction & Data,2018,7,43
62,"LLMs, Writing & Prompting",Human-AI Interaction & Data,2019,15,85
62,"LLMs, Writing & Prompting",Human-AI Interaction & Data,2020,27,126
62,"LLMs, Writing & Prompting",Human-AI Interaction & Data,2021,24,236
62,"LLMs, Writing & Prompting",Human-AI Interaction & Data,2022,36,266
62,"LLMs, Writing & Prompting",Human-AI Interaction & Data,2023,67,604
62,"LLMs, Writing & Prompting",Human-AI Interaction & Data,2024,170,1685
62,"LLMs, Writing & Prompting",Human-AI Interaction & Data,2025,220,3526
62,"LLMs, Writing & Prompting",Human-AI Interaction & Data,2026,185,2903
63,Human-AI Trust & Explanation,Human-AI Interaction & Data,1983,1,0
63,Human-AI Trust & Explanation,Human-AI Interaction & Data,1986,0,3
63,Human-AI Trust & Explanation,Human-AI Interaction & Data,1988,1,0
63,Human-AI Trust & Explanation,Human-AI Interaction & Data,1994,1,0
63,Human-AI Trust & Explanation,Human-AI Interaction & Data,1996,2,1
63,Human-AI Trust & Explanation,Human-AI Interaction & Data,1997,0,1
63,Human-AI Trust & Explanation,Human-AI Interaction & Data,1998,0,1
63,Human-AI Trust & Explanation,Human-AI Interaction & Data,2000,1,1
63,Human-AI Trust & Explanation,Human-AI Interaction & Data,2002,2,0
63,Human-AI Trust & Explanation,Human-AI Interaction & Data,2003,0,1
63,Human-AI Trust & Explanation,Human-AI Interaction & Data,2004,1,0
63,Human-AI Trust & Explanation,Human-AI Interaction & Data,2005,2,2
63,Human-AI Trust & Explanation,Human-AI Interaction & Data,2006,2,4
63,Human-AI Trust & Explanation,Human-AI Interaction & Data,2007,3,7
63,Human-AI Trust & Explanation,Human-AI Interaction & Data,2008,2,6
63,Human-AI Trust & Explanation,Human-AI Interaction & Data,2009,6,12
63,Human-AI Trust & Explanation,Human-AI Interaction & Data,2010,6,14
63,Human-AI Trust & Explanation,Human-AI Interaction & Data,2011,4,18
63,Human-AI Trust & Explanation,Human-AI Interaction & Data,2012,10,35
63,Human-AI Trust & Explanation,Human-AI Interaction & Data,2013,1,11
63,Human-AI Trust & Explanation,Human-AI Interaction & Data,2014,1,6
63,Human-AI Trust & Explanation,Human-AI Interaction & Data,2015,5,21
63,Human-AI Trust & Explanation,Human-AI Interaction & Data,2016,4,19
63,Human-AI Trust & Explanation,Human-AI Interaction & Data,2017,5,30
63,Human-AI Trust & Explanation,Human-AI Interaction & Data,2018,19,89
63,Human-AI Trust & Explanation,Human-AI Interaction & Data,2019,32,182
63,Human-AI Trust & Explanation,Human-AI Interaction & Data,2020,39,296
63,Human-AI Trust & Explanation,Human-AI Interaction & Data,2021,57,638
63,Human-AI Trust & Explanation,Human-AI Interaction & Data,2022,67,745
63,Human-AI Trust & Explanation,Human-AI Interaction & Data,2023,85,1187
63,Human-AI Trust & Explanation,Human-AI Interaction & Data,2024,80,1547
63,Human-AI Trust & Explanation,Human-AI Interaction & Data,2025,118,2147
63,Human-AI Trust & Explanation,Human-AI Interaction & Data,2026,100,1453
64,Crowdsourcing & Peer Feedback,Human-AI Interaction & Data,1982,1,0
64,Crowdsourcing & Peer Feedback,Human-AI Interaction & Data,1983,1,0
64,Crowdsourcing & Peer Feedback,Human-AI Interaction & Data,1988,1,0
64,Crowdsourcing & Peer Feedback,Human-AI Interaction & Data,1990,1,1
64,Crowdsourcing & Peer Feedback,Human-AI Interaction & Data,1991,1,0
64,Crowdsourcing & Peer Feedback,Human-AI Interaction & Data,1992,5,10
64,Crowdsourcing & Peer Feedback,Human-AI Interaction & Data,1993,0,1
64,Crowdsourcing & Peer Feedback,Human-AI Interaction & Data,1994,2,12
64,Crowdsourcing & Peer Feedback,Human-AI Interaction & Data,1995,4,8
64,Crowdsourcing & Peer Feedback,Human-AI Interaction & Data,1996,1,5
64,Crowdsourcing & Peer Feedback,Human-AI Interaction & Data,1997,4,6
64,Crowdsourcing & Peer Feedback,Human-AI Interaction & Data,1998,2,13
64,Crowdsourcing & Peer Feedback,Human-AI Interaction & Data,1999,2,1
64,Crowdsourcing & Peer Feedback,Human-AI Interaction & Data,2000,7,10
64,Crowdsourcing & Peer Feedback,Human-AI Interaction & Data,2001,0,3
64,Crowdsourcing & Peer Feedback,Human-AI Interaction & Data,2002,2,12
64,Crowdsourcing & Peer Feedback,Human-AI Interaction & Data,2003,1,4
64,Crowdsourcing & Peer Feedback,Human-AI Interaction & Data,2004,5,8
64,Crowdsourcing & Peer Feedback,Human-AI Interaction & Data,2005,1,5
64,Crowdsourcing & Peer Feedback,Human-AI Interaction & Data,2006,7,14
64,Crowdsourcing & Peer Feedback,Human-AI Interaction & Data,2007,2,11
64,Crowdsourcing & Peer Feedback,Human-AI Interaction & Data,2008,6,17
64,Crowdsourcing & Peer Feedback,Human-AI Interaction & Data,2009,8,23
64,Crowdsourcing & Peer Feedback,Human-AI Interaction & Data,2010,11,36
64,Crowdsourcing & Peer Feedback,Human-AI Interaction & Data,2011,25,67
64,Crowdsourcing & Peer Feedback,Human-AI Interaction & Data,2012,30,126
64,Crowdsourcing & Peer Feedback,Human-AI Interaction & Data,2013,29,185
64,Crowdsourcing & Peer Feedback,Human-AI Interaction & Data,2014,40,247
64,Crowdsourcing & Peer Feedback,Human-AI Interaction & Data,2015,38,241
64,Crowdsourcing & Peer Feedback,Human-AI Interaction & Data,2016,44,423
64,Crowdsourcing & Peer Feedback,Human-AI Interaction & Data,2017,50,669
64,Crowdsourcing & Peer Feedback,Human-AI Interaction & Data,2018,39,577
64,Crowdsourcing & Peer Feedback,Human-AI Interaction & Data,2019,24,508
64,Crowdsourcing & Peer Feedback,Human-AI Interaction & Data,2020,17,393
64,Crowdsourcing & Peer Feedback,Human-AI Interaction & Data,2021,47,801
64,Crowdsourcing & Peer Feedback,Human-AI Interaction & Data,2022,19,528
64,Crowdsourcing & Peer Feedback,Human-AI Interaction & Data,2023,29,527
64,Crowdsourcing & Peer Feedback,Human-AI Interaction & Data,2024,18,574
64,Crowdsourcing & Peer Feedback,Human-AI Interaction & Data,2025,20,580
64,Crowdsourcing & Peer Feedback,Human-AI Interaction & Data,2026,11,313
65,Data Visualization,Human-AI Interaction & Data,1985,1,0
65,Data Visualization,Human-AI Interaction & Data,1986,4,5
65,Data Visualization,Human-AI Interaction & Data,1988,2,0
65,Data Visualization,Human-AI Interaction & Data,1989,3,2
65,Data Visualization,Human-AI Interaction & Data,1990,2,2
65,Data Visualization,Human-AI Interaction & Data,1991,2,1
65,Data Visualization,Human-AI Interaction & Data,1992,2,1
65,Data Visualization,Human-AI Interaction & Data,1993,5,4
65,Data Visualization,Human-AI Interaction & Data,1994,5,5
65,Data Visualization,Human-AI Interaction & Data,1995,2,10
65,Data Visualization,Human-AI Interaction & Data,1996,4,2
65,Data Visualization,Human-AI Interaction & Data,1997,8,17
65,Data Visualization,Human-AI Interaction & Data,1998,3,7
65,Data Visualization,Human-AI Interaction & Data,1999,2,2
65,Data Visualization,Human-AI Interaction & Data,2000,5,7
65,Data Visualization,Human-AI Interaction & Data,2001,2,7
65,Data Visualization,Human-AI Interaction & Data,2002,4,3
65,Data Visualization,Human-AI Interaction & Data,2003,4,9
65,Data Visualization,Human-AI Interaction & Data,2004,1,12
65,Data Visualization,Human-AI Interaction & Data,2005,1,6
65,Data Visualization,Human-AI Interaction & Data,2006,5,7
65,Data Visualization,Human-AI Interaction & Data,2007,2,5
65,Data Visualization,Human-AI Interaction & Data,2008,8,18
65,Data Visualization,Human-AI Interaction & Data,2009,3,26
65,Data Visualization,Human-AI Interaction & Data,2010,6,10
65,Data Visualization,Human-AI Interaction & Data,2011,8,22
65,Data Visualization,Human-AI Interaction & Data,2012,10,26
65,Data Visualization,Human-AI Interaction & Data,2013,9,30
65,Data Visualization,Human-AI Interaction & Data,2014,15,58
65,Data Visualization,Human-AI Interaction & Data,2015,15,41
65,Data Visualization,Human-AI Interaction & Data,2016,19,59
65,Data Visualization,Human-AI Interaction & Data,2017,21,97
65,Data Visualization,Human-AI Interaction & Data,2018,24,142
65,Data Visualization,Human-AI Interaction & Data,2019,29,203
65,Data Visualization,Human-AI Interaction & Data,2020,30,257
65,Data Visualization,Human-AI Interaction & Data,2021,32,304
65,Data Visualization,Human-AI Interaction & Data,2022,28,319
65,Data Visualization,Human-AI Interaction & Data,2023,40,507
65,Data Visualization,Human-AI Interaction & Data,2024,41,481
65,Data Visualization,Human-AI Interaction & Data,2025,53,629
65,Data Visualization,Human-AI Interaction & Data,2026,33,501
66,Algorithmic Fairness & Auditing,Human-AI Interaction & Data,1997,1,0
66,Algorithmic Fairness & Auditing,Human-AI Interaction & Data,1999,1,0
66,Algorithmic Fairness & Auditing,Human-AI Interaction & Data,2000,1,5
66,Algorithmic Fairness & Auditing,Human-AI Interaction & Data,2001,1,1
66,Algorithmic Fairness & Auditing,Human-AI Interaction & Data,2002,2,4
66,Algorithmic Fairness & Auditing,Human-AI Interaction & Data,2003,1,2
66,Algorithmic Fairness & Auditing,Human-AI Interaction & Data,2004,1,8
66,Algorithmic Fairness & Auditing,Human-AI Interaction & Data,2005,1,7
66,Algorithmic Fairness & Auditing,Human-AI Interaction & Data,2006,1,1
66,Algorithmic Fairness & Auditing,Human-AI Interaction & Data,2007,2,7
66,Algorithmic Fairness & Auditing,Human-AI Interaction & Data,2008,3,8
66,Algorithmic Fairness & Auditing,Human-AI Interaction & Data,2009,5,20
66,Algorithmic Fairness & Auditing,Human-AI Interaction & Data,2010,3,19
66,Algorithmic Fairness & Auditing,Human-AI Interaction & Data,2011,3,17
66,Algorithmic Fairness & Auditing,Human-AI Interaction & Data,2012,3,23
66,Algorithmic Fairness & Auditing,Human-AI Interaction & Data,2013,1,12
66,Algorithmic Fairness & Auditing,Human-AI Interaction & Data,2014,4,21
66,Algorithmic Fairness & Auditing,Human-AI Interaction & Data,2015,11,41
66,Algorithmic Fairness & Auditing,Human-AI Interaction & Data,2016,7,52
66,Algorithmic Fairness & Auditing,Human-AI Interaction & Data,2017,13,77
66,Algorithmic Fairness & Auditing,Human-AI Interaction & Data,2018,23,135
66,Algorithmic Fairness & Auditing,Human-AI Interaction & Data,2019,31,260
66,Algorithmic Fairness & Auditing,Human-AI Interaction & Data,2020,31,294
66,Algorithmic Fairness & Auditing,Human-AI Interaction & Data,2021,49,674
66,Algorithmic Fairness & Auditing,Human-AI Interaction & Data,2022,54,720
66,Algorithmic Fairness & Auditing,Human-AI Interaction & Data,2023,58,976
66,Algorithmic Fairness & Auditing,Human-AI Interaction & Data,2024,69,1295
66,Algorithmic Fairness & Auditing,Human-AI Interaction & Data,2025,77,1652
66,Algorithmic Fairness & Auditing,Human-AI Interaction & Data,2026,38,1000
67,Adaptive Help & Software Learnability,Human-AI Interaction & Data,1981,1,0
67,Adaptive Help & Software Learnability,Human-AI Interaction & Data,1982,1,0
67,Adaptive Help & Software Learnability,Human-AI Interaction & Data,1985,3,0
67,Adaptive Help & Software Learnability,Human-AI Interaction & Data,1986,9,8
67,Adaptive Help & Software Learnability,Human-AI Interaction & Data,1988,6,6
67,Adaptive Help & Software Learnability,Human-AI Interaction & Data,1989,5,3
67,Adaptive Help & Software Learnability,Human-AI Interaction & Data,1990,8,14
67,Adaptive Help & Software Learnability,Human-AI Interaction & Data,1991,6,19
67,Adaptive Help & Software Learnability,Human-AI Interaction & Data,1992,10,18
67,Adaptive Help & Software Learnability,Human-AI Interaction & Data,1993,7,19
67,Adaptive Help & Software Learnability,Human-AI Interaction & Data,1994,3,8
67,Adaptive Help & Software Learnability,Human-AI Interaction & Data,1995,7,30
67,Adaptive Help & Software Learnability,Human-AI Interaction & Data,1996,5,18
67,Adaptive Help & Software Learnability,Human-AI Interaction & Data,1997,11,17
67,Adaptive Help & Software Learnability,Human-AI Interaction & Data,1998,14,32
67,Adaptive Help & Software Learnability,Human-AI Interaction & Data,1999,3,22
67,Adaptive Help & Software Learnability,Human-AI Interaction & Data,2000,6,22
67,Adaptive Help & Software Learnability,Human-AI Interaction & Data,2001,3,18
67,Adaptive Help & Software Learnability,Human-AI Interaction & Data,2002,7,26
67,Adaptive Help & Software Learnability,Human-AI Interaction & Data,2003,2,8
67,Adaptive Help & Software Learnability,Human-AI Interaction & Data,2004,11,27
67,Adaptive Help & Software Learnability,Human-AI Interaction & Data,2005,8,35
67,Adaptive Help & Software Learnability,Human-AI Interaction & Data,2006,15,65
67,Adaptive Help & Software Learnability,Human-AI Interaction & Data,2007,13,93
67,Adaptive Help & Software Learnability,Human-AI Interaction & Data,2008,20,106
67,Adaptive Help & Software Learnability,Human-AI Interaction & Data,2009,13,99
67,Adaptive Help & Software Learnability,Human-AI Interaction & Data,2010,15,101
67,Adaptive Help & Software Learnability,Human-AI Interaction & Data,2011,27,196
67,Adaptive Help & Software Learnability,Human-AI Interaction & Data,2012,17,178
67,Adaptive Help & Software Learnability,Human-AI Interaction & Data,2013,10,111
67,Adaptive Help & Software Learnability,Human-AI Interaction & Data,2014,21,229
67,Adaptive Help & Software Learnability,Human-AI Interaction & Data,2015,15,120
67,Adaptive Help & Software Learnability,Human-AI Interaction & Data,2016,12,167
67,Adaptive Help & Software Learnability,Human-AI Interaction & Data,2017,13,192
67,Adaptive Help & Software Learnability,Human-AI Interaction & Data,2018,13,235
67,Adaptive Help & Software Learnability,Human-AI Interaction & Data,2019,16,259
67,Adaptive Help & Software Learnability,Human-AI Interaction & Data,2020,17,231
67,Adaptive Help & Software Learnability,Human-AI Interaction & Data,2021,6,262
67,Adaptive Help & Software Learnability,Human-AI Interaction & Data,2022,8,257
67,Adaptive Help & Software Learnability,Human-AI Interaction & Data,2023,12,299
67,Adaptive Help & Software Learnability,Human-AI Interaction & Data,2024,16,347
67,Adaptive Help & Software Learnability,Human-AI Interaction & Data,2025,15,334
67,Adaptive Help & Software Learnability,Human-AI Interaction & Data,2026,11,207
68,Programming & Notebooks,Human-AI Interaction & Data,1982,3,0
68,Programming & Notebooks,Human-AI Interaction & Data,1983,4,3
68,Programming & Notebooks,Human-AI Interaction & Data,1985,1,0
68,Programming & Notebooks,Human-AI Interaction & Data,1986,4,5
68,Programming & Notebooks,Human-AI Interaction & Data,1988,1,1
68,Programming & Notebooks,Human-AI Interaction & Data,1989,2,4
68,Programming & Notebooks,Human-AI Interaction & Data,1990,2,2
68,Programming & Notebooks,Human-AI Interaction & Data,1991,2,6
68,Programming & Notebooks,Human-AI Interaction & Data,1992,1,1
68,Programming & Notebooks,Human-AI Interaction & Data,1993,0,1
68,Programming & Notebooks,Human-AI Interaction & Data,1994,1,2
68,Programming & Notebooks,Human-AI Interaction & Data,1995,1,4
68,Programming & Notebooks,Human-AI Interaction & Data,1996,2,7
68,Programming & Notebooks,Human-AI Interaction & Data,1997,3,2
68,Programming & Notebooks,Human-AI Interaction & Data,1998,1,4
68,Programming & Notebooks,Human-AI Interaction & Data,1999,0,1
68,Programming & Notebooks,Human-AI Interaction & Data,2000,0,1
68,Programming & Notebooks,Human-AI Interaction & Data,2001,5,7
68,Programming & Notebooks,Human-AI Interaction & Data,2002,3,9
68,Programming & Notebooks,Human-AI Interaction & Data,2003,3,12
68,Programming & Notebooks,Human-AI Interaction & Data,2004,4,13
68,Programming & Notebooks,Human-AI Interaction & Data,2005,2,5
68,Programming & Notebooks,Human-AI Interaction & Data,2006,4,14
68,Programming & Notebooks,Human-AI Interaction & Data,2007,1,10
68,Programming & Notebooks,Human-AI Interaction & Data,2008,6,21
68,Programming & Notebooks,Human-AI Interaction & Data,2009,5,23
68,Programming & Notebooks,Human-AI Interaction & Data,2010,7,34
68,Programming & Notebooks,Human-AI Interaction & Data,2011,5,24
68,Programming & Notebooks,Human-AI Interaction & Data,2012,5,41
68,Programming & Notebooks,Human-AI Interaction & Data,2013,6,29
68,Programming & Notebooks,Human-AI Interaction & Data,2014,5,31
68,Programming & Notebooks,Human-AI Interaction & Data,2015,3,31
68,Programming & Notebooks,Human-AI Interaction & Data,2016,10,64
68,Programming & Notebooks,Human-AI Interaction & Data,2017,13,67
68,Programming & Notebooks,Human-AI Interaction & Data,2018,12,78
68,Programming & Notebooks,Human-AI Interaction & Data,2019,15,124
68,Programming & Notebooks,Human-AI Interaction & Data,2020,21,215
68,Programming & Notebooks,Human-AI Interaction & Data,2021,37,349
68,Programming & Notebooks,Human-AI Interaction & Data,2022,26,397
68,Programming & Notebooks,Human-AI Interaction & Data,2023,36,524
68,Programming & Notebooks,Human-AI Interaction & Data,2024,33,569
68,Programming & Notebooks,Human-AI Interaction & Data,2025,31,701
68,Programming & Notebooks,Human-AI Interaction & Data,2026,25,395
69,GUI Optimization & Color,Human-AI Interaction & Data,1988,2,0
69,GUI Optimization & Color,Human-AI Interaction & Data,1989,1,0
69,GUI Optimization & Color,Human-AI Interaction & Data,1990,1,0
69,GUI Optimization & Color,Human-AI Interaction & Data,1991,2,0
69,GUI Optimization & Color,Human-AI Interaction & Data,1992,4,7
69,GUI Optimization & Color,Human-AI Interaction & Data,1994,0,2
69,GUI Optimization & Color,Human-AI Interaction & Data,1995,0,2
69,GUI Optimization & Color,Human-AI Interaction & Data,1997,2,3
69,GUI Optimization & Color,Human-AI Interaction & Data,2000,1,0
69,GUI Optimization & Color,Human-AI Interaction & Data,2001,1,1
69,GUI Optimization & Color,Human-AI Interaction & Data,2002,1,7
69,GUI Optimization & Color,Human-AI Interaction & Data,2003,0,5
69,GUI Optimization & Color,Human-AI Interaction & Data,2004,4,5
69,GUI Optimization & Color,Human-AI Interaction & Data,2005,2,6
69,GUI Optimization & Color,Human-AI Interaction & Data,2006,1,14
69,GUI Optimization & Color,Human-AI Interaction & Data,2007,2,8
69,GUI Optimization & Color,Human-AI Interaction & Data,2008,5,22
69,GUI Optimization & Color,Human-AI Interaction & Data,2009,1,13
69,GUI Optimization & Color,Human-AI Interaction & Data,2010,5,24
69,GUI Optimization & Color,Human-AI Interaction & Data,2011,9,22
69,GUI Optimization & Color,Human-AI Interaction & Data,2012,5,17
69,GUI Optimization & Color,Human-AI Interaction & Data,2013,6,25
69,GUI Optimization & Color,Human-AI Interaction & Data,2014,5,29
69,GUI Optimization & Color,Human-AI Interaction & Data,2015,10,34
69,GUI Optimization & Color,Human-AI Interaction & Data,2016,8,58
69,GUI Optimization & Color,Human-AI Interaction & Data,2017,11,71
69,GUI Optimization & Color,Human-AI Interaction & Data,2018,8,86
69,GUI Optimization & Color,Human-AI Interaction & Data,2019,14,103
69,GUI Optimization & Color,Human-AI Interaction & Data,2020,19,147
69,GUI Optimization & Color,Human-AI Interaction & Data,2021,25,247
69,GUI Optimization & Color,Human-AI Interaction & Data,2022,16,194
69,GUI Optimization & Color,Human-AI Interaction & Data,2023,20,268
69,GUI Optimization & Color,Human-AI Interaction & Data,2024,28,422
69,GUI Optimization & Color,Human-AI Interaction & Data,2025,26,422
69,GUI Optimization & Color,Human-AI Interaction & Data,2026,17,242
70,Video Interfaces & Editing,Human-AI Interaction & Data,1983,1,0
70,Video Interfaces & Editing,Human-AI Interaction & Data,1985,2,0
70,Video Interfaces & Editing,Human-AI Interaction & Data,1986,4,1
70,Video Interfaces & Editing,Human-AI Interaction & Data,1988,1,1
70,Video Interfaces & Editing,Human-AI Interaction & Data,1989,2,6
70,Video Interfaces & Editing,Human-AI Interaction & Data,1990,1,0
70,Video Interfaces & Editing,Human-AI Interaction & Data,1991,2,0
70,Video Interfaces & Editing,Human-AI Interaction & Data,1992,8,10
70,Video Interfaces & Editing,Human-AI Interaction & Data,1993,1,5
70,Video Interfaces & Editing,Human-AI Interaction & Data,1994,1,8
70,Video Interfaces & Editing,Human-AI Interaction & Data,1995,3,8
70,Video Interfaces & Editing,Human-AI Interaction & Data,1996,2,3
70,Video Interfaces & Editing,Human-AI Interaction & Data,1997,3,11
70,Video Interfaces & Editing,Human-AI Interaction & Data,1998,4,13
70,Video Interfaces & Editing,Human-AI Interaction & Data,1999,1,6
70,Video Interfaces & Editing,Human-AI Interaction & Data,2000,6,29
70,Video Interfaces & Editing,Human-AI Interaction & Data,2001,1,13
70,Video Interfaces & Editing,Human-AI Interaction & Data,2002,4,18
70,Video Interfaces & Editing,Human-AI Interaction & Data,2003,3,11
70,Video Interfaces & Editing,Human-AI Interaction & Data,2004,6,24
70,Video Interfaces & Editing,Human-AI Interaction & Data,2005,2,7
70,Video Interfaces & Editing,Human-AI Interaction & Data,2006,7,36
70,Video Interfaces & Editing,Human-AI Interaction & Data,2007,3,24
70,Video Interfaces & Editing,Human-AI Interaction & Data,2008,9,28
70,Video Interfaces & Editing,Human-AI Interaction & Data,2009,6,24
70,Video Interfaces & Editing,Human-AI Interaction & Data,2010,5,27
70,Video Interfaces & Editing,Human-AI Interaction & Data,2011,5,16
70,Video Interfaces & Editing,Human-AI Interaction & Data,2012,6,40
70,Video Interfaces & Editing,Human-AI Interaction & Data,2013,8,32
70,Video Interfaces & Editing,Human-AI Interaction & Data,2014,9,61
70,Video Interfaces & Editing,Human-AI Interaction & Data,2015,10,48
70,Video Interfaces & Editing,Human-AI Interaction & Data,2016,7,52
70,Video Interfaces & Editing,Human-AI Interaction & Data,2017,7,62
70,Video Interfaces & Editing,Human-AI Interaction & Data,2018,7,60
70,Video Interfaces & Editing,Human-AI Interaction & Data,2019,11,89
70,Video Interfaces & Editing,Human-AI Interaction & Data,2020,11,103
70,Video Interfaces & Editing,Human-AI Interaction & Data,2021,10,129
70,Video Interfaces & Editing,Human-AI Interaction & Data,2022,7,118
70,Video Interfaces & Editing,Human-AI Interaction & Data,2023,9,176
70,Video Interfaces & Editing,Human-AI Interaction & Data,2024,11,178
70,Video Interfaces & Editing,Human-AI Interaction & Data,2025,16,289
70,Video Interfaces & Editing,Human-AI Interaction & Data,2026,13,189
71,Scientific Search & Sensemaking,Human-AI Interaction & Data,1995,1,0
71,Scientific Search & Sensemaking,Human-AI Interaction & Data,1996,1,3
71,Scientific Search & Sensemaking,Human-AI Interaction & Data,1997,2,6
71,Scientific Search & Sensemaking,Human-AI Interaction & Data,1998,1,7
71,Scientific Search & Sensemaking,Human-AI Interaction & Data,1999,0,6
71,Scientific Search & Sensemaking,Human-AI Interaction & Data,2001,2,1
71,Scientific Search & Sensemaking,Human-AI Interaction & Data,2003,0,3
71,Scientific Search & Sensemaking,Human-AI Interaction & Data,2004,1,1
71,Scientific Search & Sensemaking,Human-AI Interaction & Data,2005,0,1
71,Scientific Search & Sensemaking,Human-AI Interaction & Data,2006,1,1
71,Scientific Search & Sensemaking,Human-AI Interaction & Data,2007,3,1
71,Scientific Search & Sensemaking,Human-AI Interaction & Data,2008,7,12
71,Scientific Search & Sensemaking,Human-AI Interaction & Data,2009,5,18
71,Scientific Search & Sensemaking,Human-AI Interaction & Data,2010,3,31
71,Scientific Search & Sensemaking,Human-AI Interaction & Data,2011,6,18
71,Scientific Search & Sensemaking,Human-AI Interaction & Data,2012,7,31
71,Scientific Search & Sensemaking,Human-AI Interaction & Data,2013,4,29
71,Scientific Search & Sensemaking,Human-AI Interaction & Data,2014,6,47
71,Scientific Search & Sensemaking,Human-AI Interaction & Data,2015,2,24
71,Scientific Search & Sensemaking,Human-AI Interaction & Data,2016,1,38
71,Scientific Search & Sensemaking,Human-AI Interaction & Data,2017,0,24
71,Scientific Search & Sensemaking,Human-AI Interaction & Data,2018,8,49
71,Scientific Search & Sensemaking,Human-AI Interaction & Data,2019,4,43
71,Scientific Search & Sensemaking,Human-AI Interaction & Data,2020,4,26
71,Scientific Search & Sensemaking,Human-AI Interaction & Data,2021,9,86
71,Scientific Search & Sensemaking,Human-AI Interaction & Data,2022,19,142
71,Scientific Search & Sensemaking,Human-AI Interaction & Data,2023,9,112
71,Scientific Search & Sensemaking,Human-AI Interaction & Data,2024,16,208
71,Scientific Search & Sensemaking,Human-AI Interaction & Data,2025,19,261
71,Scientific Search & Sensemaking,Human-AI Interaction & Data,2026,7,163
72,Mobile Sensing for Mental Health,Human-AI Interaction & Data,2010,1,0
72,Mobile Sensing for Mental Health,Human-AI Interaction & Data,2011,2,3
72,Mobile Sensing for Mental Health,Human-AI Interaction & Data,2012,1,2
72,Mobile Sensing for Mental Health,Human-AI Interaction & Data,2013,0,4
72,Mobile Sensing for Mental Health,Human-AI Interaction & Data,2014,1,5
72,Mobile Sensing for Mental Health,Human-AI Interaction & Data,2015,2,8
72,Mobile Sensing for Mental Health,Human-AI Interaction & Data,2016,6,16
72,Mobile Sensing for Mental Health,Human-AI Interaction & Data,2017,3,27
72,Mobile Sensing for Mental Health,Human-AI Interaction & Data,2018,8,49
72,Mobile Sensing for Mental Health,Human-AI Interaction & Data,2019,9,64
72,Mobile Sensing for Mental Health,Human-AI Interaction & Data,2020,10,91
72,Mobile Sensing for Mental Health,Human-AI Interaction & Data,2021,11,99
72,Mobile Sensing for Mental Health,Human-AI Interaction & Data,2022,12,135
72,Mobile Sensing for Mental Health,Human-AI Interaction & Data,2023,12,119
72,Mobile Sensing for Mental Health,Human-AI Interaction & Data,2024,14,193
72,Mobile Sensing for Mental Health,Human-AI Interaction & Data,2025,13,134
72,Mobile Sensing for Mental Health,Human-AI Interaction & Data,2026,1,50
73,Language Tools & Deployment,Human-AI Interaction & Data,1988,1,0
73,Language Tools & Deployment,Human-AI Interaction & Data,1989,1,0
73,Language Tools & Deployment,Human-AI Interaction & Data,1993,1,2
73,Language Tools & Deployment,Human-AI Interaction & Data,1994,1,2
73,Language Tools & Deployment,Human-AI Interaction & Data,1997,1,1
73,Language Tools & Deployment,Human-AI Interaction & Data,2001,1,0
73,Language Tools & Deployment,Human-AI Interaction & Data,2002,1,2
73,Language Tools & Deployment,Human-AI Interaction & Data,2003,0,1
73,Language Tools & Deployment,Human-AI Interaction & Data,2006,2,3
73,Language Tools & Deployment,Human-AI Interaction & Data,2009,1,1
73,Language Tools & Deployment,Human-AI Interaction & Data,2011,2,2
73,Language Tools & Deployment,Human-AI Interaction & Data,2012,2,2
73,Language Tools & Deployment,Human-AI Interaction & Data,2013,2,8
73,Language Tools & Deployment,Human-AI Interaction & Data,2014,4,11
73,Language Tools & Deployment,Human-AI Interaction & Data,2015,0,2
73,Language Tools & Deployment,Human-AI Interaction & Data,2016,0,2
73,Language Tools & Deployment,Human-AI Interaction & Data,2017,0,3
73,Language Tools & Deployment,Human-AI Interaction & Data,2018,0,2
73,Language Tools & Deployment,Human-AI Interaction & Data,2019,0,5
73,Language Tools & Deployment,Human-AI Interaction & Data,2020,0,2
73,Language Tools & Deployment,Human-AI Interaction & Data,2022,0,3
73,Language Tools & Deployment,Human-AI Interaction & Data,2023,0,3
73,Language Tools & Deployment,Human-AI Interaction & Data,2025,1,4
73,Language Tools & Deployment,Human-AI Interaction & Data,2026,0,1
74,Recommender Evaluation & Music,Recommender Systems,1982,1,0
74,Recommender Evaluation & Music,Recommender Systems,1992,1,0
74,Recommender Evaluation & Music,Recommender Systems,1993,1,1
74,Recommender Evaluation & Music,Recommender Systems,1995,1,1
74,Recommender Evaluation & Music,Recommender Systems,1999,0,2
74,Recommender Evaluation & Music,Recommender Systems,2001,1,2
74,Recommender Evaluation & Music,Recommender Systems,2002,1,1
74,Recommender Evaluation & Music,Recommender Systems,2003,1,4
74,Recommender Evaluation & Music,Recommender Systems,2004,1,2
74,Recommender Evaluation & Music,Recommender Systems,2005,2,1
74,Recommender Evaluation & Music,Recommender Systems,2006,1,5
74,Recommender Evaluation & Music,Recommender Systems,2007,2,11
74,Recommender Evaluation & Music,Recommender Systems,2008,2,6
74,Recommender Evaluation & Music,Recommender Systems,2009,1,8
74,Recommender Evaluation & Music,Recommender Systems,2010,4,10
74,Recommender Evaluation & Music,Recommender Systems,2011,4,14
74,Recommender Evaluation & Music,Recommender Systems,2012,4,5
74,Recommender Evaluation & Music,Recommender Systems,2013,7,13
74,Recommender Evaluation & Music,Recommender Systems,2014,2,13
74,Recommender Evaluation & Music,Recommender Systems,2015,10,32
74,Recommender Evaluation & Music,Recommender Systems,2016,5,20
74,Recommender Evaluation & Music,Recommender Systems,2017,9,26
74,Recommender Evaluation & Music,Recommender Systems,2018,7,43
74,Recommender Evaluation & Music,Recommender Systems,2019,6,35
74,Recommender Evaluation & Music,Recommender Systems,2020,3,29
74,Recommender Evaluation & Music,Recommender Systems,2021,4,41
74,Recommender Evaluation & Music,Recommender Systems,2022,4,36
74,Recommender Evaluation & Music,Recommender Systems,2023,5,26
74,Recommender Evaluation & Music,Recommender Systems,2024,3,34
74,Recommender Evaluation & Music,Recommender Systems,2025,5,41
74,Recommender Evaluation & Music,Recommender Systems,2026,0,19
75,News & Session-based Recommendation,Recommender Systems,2000,1,0
75,News & Session-based Recommendation,Recommender Systems,2001,1,0
75,News & Session-based Recommendation,Recommender Systems,2003,0,1
75,News & Session-based Recommendation,Recommender Systems,2004,0,1
75,News & Session-based Recommendation,Recommender Systems,2008,0,1
75,News & Session-based Recommendation,Recommender Systems,2009,0,1
75,News & Session-based Recommendation,Recommender Systems,2010,1,0
75,News & Session-based Recommendation,Recommender Systems,2011,1,1
75,News & Session-based Recommendation,Recommender Systems,2012,2,2
75,News & Session-based Recommendation,Recommender Systems,2013,0,2
75,News & Session-based Recommendation,Recommender Systems,2014,0,1
75,News & Session-based Recommendation,Recommender Systems,2015,1,1
75,News & Session-based Recommendation,Recommender Systems,2017,1,1
75,News & Session-based Recommendation,Recommender Systems,2018,1,1
75,News & Session-based Recommendation,Recommender Systems,2019,2,1
75,News & Session-based Recommendation,Recommender Systems,2020,1,0
75,News & Session-based Recommendation,Recommender Systems,2021,0,4
75,News & Session-based Recommendation,Recommender Systems,2022,0,1
75,News & Session-based Recommendation,Recommender Systems,2024,0,4
75,News & Session-based Recommendation,Recommender Systems,2025,0,1
75,News & Session-based Recommendation,Recommender Systems,2026,0,1
76,"Diversity, Novelty & Bias in Recommendation",Recommender Systems,2009,1,0
76,"Diversity, Novelty & Bias in Recommendation",Recommender Systems,2010,1,2
76,"Diversity, Novelty & Bias in Recommendation",Recommender Systems,2012,1,0
76,"Diversity, Novelty & Bias in Recommendation",Recommender Systems,2017,2,1
76,"Diversity, Novelty & Bias in Recommendation",Recommender Systems,2018,1,1
76,"Diversity, Novelty & Bias in Recommendation",Recommender Systems,2020,1,0
76,"Diversity, Novelty & Bias in Recommendation",Recommender Systems,2022,2,4
76,"Diversity, Novelty & Bias in Recommendation",Recommender Systems,2023,0,1
76,"Diversity, Novelty & Bias in Recommendation",Recommender Systems,2024,0,1
76,"Diversity, Novelty & Bias in Recommendation",Recommender Systems,2025,0,3
76,"Diversity, Novelty & Bias in Recommendation",Recommender Systems,2026,0,1
77,Deep Learning for Recommendation,Recommender Systems,2015,1,0
77,Deep Learning for Recommendation,Recommender Systems,2017,0,1
77,Deep Learning for Recommendation,Recommender Systems,2018,1,0
77,Deep Learning for Recommendation,Recommender Systems,2019,1,1
77,Deep Learning for Recommendation,Recommender Systems,2021,1,0
77,Deep Learning for Recommendation,Recommender Systems,2022,0,1
77,Deep Learning for Recommendation,Recommender Systems,2023,0,1
78,Sequential Recommendation & Evaluation,Recommender Systems,2015,1,0
78,Sequential Recommendation & Evaluation,Recommender Systems,2018,1,0
79,Factorization & Context-aware Recommendation,Recommender Systems,2011,4,0
79,Factorization & Context-aware Recommendation,Recommender Systems,2012,1,0
79,Factorization & Context-aware Recommendation,Recommender Systems,2013,1,1
79,Factorization & Context-aware Recommendation,Recommender Systems,2016,1,0
79,Factorization & Context-aware Recommendation,Recommender Systems,2017,2,0
79,Factorization & Context-aware Recommendation,Recommender Systems,2018,0,1
79,Factorization & Context-aware Recommendation,Recommender Systems,2020,1,0
79,Factorization & Context-aware Recommendation,Recommender Systems,2021,0,1
79,Factorization & Context-aware Recommendation,Recommender Systems,2022,1,2
79,Factorization & Context-aware Recommendation,Recommender Systems,2023,0,2
79,Factorization & Context-aware Recommendation,Recommender Systems,2024,0,2
79,Factorization & Context-aware Recommendation,Recommender Systems,2025,0,3
80,Knowledge-aware & LLM Recommendation,Recommender Systems,2010,1,0
80,Knowledge-aware & LLM Recommendation,Recommender Systems,2011,1,3
80,Knowledge-aware & LLM Recommendation,Recommender Systems,2012,0,2
80,Knowledge-aware & LLM Recommendation,Recommender Systems,2013,0,2
80,Knowledge-aware & LLM Recommendation,Recommender Systems,2014,1,1
80,Knowledge-aware & LLM Recommendation,Recommender Systems,2017,1,2
80,Knowledge-aware & LLM Recommendation,Recommender Systems,2021,2,0
80,Knowledge-aware & LLM Recommendation,Recommender Systems,2022,0,1
80,Knowledge-aware & LLM Recommendation,Recommender Systems,2025,1,1
80,Knowledge-aware & LLM Recommendation,Recommender Systems,2026,0,3
81,Collaborative Filtering & Trust,Recommender Systems,1993,2,0
81,Collaborative Filtering & Trust,Recommender Systems,1995,2,0
81,Collaborative Filtering & Trust,Recommender Systems,1996,1,4
81,Collaborative Filtering & Trust,Recommender Systems,1997,1,7
81,Collaborative Filtering & Trust,Recommender Systems,1998,8,17
81,Collaborative Filtering & Trust,Recommender Systems,1999,0,4
81,Collaborative Filtering & Trust,Recommender Systems,2000,5,15
81,Collaborative Filtering & Trust,Recommender Systems,2001,1,9
81,Collaborative Filtering & Trust,Recommender Systems,2002,2,10
81,Collaborative Filtering & Trust,Recommender Systems,2003,6,14
81,Collaborative Filtering & Trust,Recommender Systems,2004,1,8
81,Collaborative Filtering & Trust,Recommender Systems,2005,0,8
81,Collaborative Filtering & Trust,Recommender Systems,2006,3,7
81,Collaborative Filtering & Trust,Recommender Systems,2007,2,6
81,Collaborative Filtering & Trust,Recommender Systems,2008,2,7
81,Collaborative Filtering & Trust,Recommender Systems,2009,2,9
81,Collaborative Filtering & Trust,Recommender Systems,2010,1,13
81,Collaborative Filtering & Trust,Recommender Systems,2011,2,14
81,Collaborative Filtering & Trust,Recommender Systems,2012,5,16
81,Collaborative Filtering & Trust,Recommender Systems,2013,1,7
81,Collaborative Filtering & Trust,Recommender Systems,2014,0,6
81,Collaborative Filtering & Trust,Recommender Systems,2015,0,5
81,Collaborative Filtering & Trust,Recommender Systems,2016,0,4
81,Collaborative Filtering & Trust,Recommender Systems,2017,0,6
81,Collaborative Filtering & Trust,Recommender Systems,2018,0,6
81,Collaborative Filtering & Trust,Recommender Systems,2019,2,11
81,Collaborative Filtering & Trust,Recommender Systems,2020,0,7
81,Collaborative Filtering & Trust,Recommender Systems,2021,1,10
81,Collaborative Filtering & Trust,Recommender Systems,2022,1,12
81,Collaborative Filtering & Trust,Recommender Systems,2023,0,7
81,Collaborative Filtering & Trust,Recommender Systems,2024,0,7
81,Collaborative Filtering & Trust,Recommender Systems,2025,0,11
81,Collaborative Filtering & Trust,Recommender Systems,2026,1,7
82,Collaborative Filtering Methods,Recommender Systems,2009,1,0
82,Collaborative Filtering Methods,Recommender Systems,2010,0,3
82,Collaborative Filtering Methods,Recommender Systems,2011,1,1
82,Collaborative Filtering Methods,Recommender Systems,2012,0,1
82,Collaborative Filtering Methods,Recommender Systems,2016,0,1
82,Collaborative Filtering Methods,Recommender Systems,2021,1,0
82,Collaborative Filtering Methods,Recommender Systems,2024,1,0
83,Recommender Explanations & Critiquing,Recommender Systems,1992,1,0
83,Recommender Explanations & Critiquing,Recommender Systems,1993,1,0
83,Recommender Explanations & Critiquing,Recommender Systems,1994,1,0
83,Recommender Explanations & Critiquing,Recommender Systems,1995,1,0
83,Recommender Explanations & Critiquing,Recommender Systems,1997,1,2
83,Recommender Explanations & Critiquing,Recommender Systems,1998,1,1
83,Recommender Explanations & Critiquing,Recommender Systems,1999,0,1
83,Recommender Explanations & Critiquing,Recommender Systems,2000,2,2
83,Recommender Explanations & Critiquing,Recommender Systems,2001,2,2
83,Recommender Explanations & Critiquing,Recommender Systems,2002,2,5
83,Recommender Explanations & Critiquing,Recommender Systems,2003,0,2
83,Recommender Explanations & Critiquing,Recommender Systems,2004,0,2
83,Recommender Explanations & Critiquing,Recommender Systems,2005,1,4
83,Recommender Explanations & Critiquing,Recommender Systems,2006,2,7
83,Recommender Explanations & Critiquing,Recommender Systems,2007,3,11
83,Recommender Explanations & Critiquing,Recommender Systems,2008,1,4
83,Recommender Explanations & Critiquing,Recommender Systems,2009,2,8
83,Recommender Explanations & Critiquing,Recommender Systems,2010,3,13
83,Recommender Explanations & Critiquing,Recommender Systems,2011,1,14
83,Recommender Explanations & Critiquing,Recommender Systems,2012,1,9
83,Recommender Explanations & Critiquing,Recommender Systems,2013,0,2
83,Recommender Explanations & Critiquing,Recommender Systems,2014,0,1
83,Recommender Explanations & Critiquing,Recommender Systems,2015,1,7
83,Recommender Explanations & Critiquing,Recommender Systems,2016,1,13
83,Recommender Explanations & Critiquing,Recommender Systems,2017,2,13
83,Recommender Explanations & Critiquing,Recommender Systems,2018,1,22
83,Recommender Explanations & Critiquing,Recommender Systems,2019,3,29
83,Recommender Explanations & Critiquing,Recommender Systems,2020,1,13
83,Recommender Explanations & Critiquing,Recommender Systems,2021,1,20
83,Recommender Explanations & Critiquing,Recommender Systems,2022,3,21
83,Recommender Explanations & Critiquing,Recommender Systems,2023,1,16
83,Recommender Explanations & Critiquing,Recommender Systems,2024,2,11
83,Recommender Explanations & Critiquing,Recommender Systems,2025,1,10
83,Recommender Explanations & Critiquing,Recommender Systems,2026,2,9
84,Social Tagging & Group Recommendation,Recommender Systems,1998,2,0
84,Social Tagging & Group Recommendation,Recommender Systems,2000,1,0
84,Social Tagging & Group Recommendation,Recommender Systems,2001,1,1
84,Social Tagging & Group Recommendation,Recommender Systems,2002,2,4
84,Social Tagging & Group Recommendation,Recommender Systems,2003,1,2
84,Social Tagging & Group Recommendation,Recommender Systems,2004,1,1
84,Social Tagging & Group Recommendation,Recommender Systems,2005,1,1
84,Social Tagging & Group Recommendation,Recommender Systems,2006,3,5
84,Social Tagging & Group Recommendation,Recommender Systems,2007,0,1
84,Social Tagging & Group Recommendation,Recommender Systems,2008,1,6
84,Social Tagging & Group Recommendation,Recommender Systems,2009,1,1
84,Social Tagging & Group Recommendation,Recommender Systems,2010,1,2
84,Social Tagging & Group Recommendation,Recommender Systems,2011,1,3
84,Social Tagging & Group Recommendation,Recommender Systems,2012,3,5
84,Social Tagging & Group Recommendation,Recommender Systems,2013,1,3
84,Social Tagging & Group Recommendation,Recommender Systems,2014,0,1
84,Social Tagging & Group Recommendation,Recommender Systems,2015,1,0
84,Social Tagging & Group Recommendation,Recommender Systems,2016,2,0
84,Social Tagging & Group Recommendation,Recommender Systems,2017,1,3
84,Social Tagging & Group Recommendation,Recommender Systems,2018,1,2
84,Social Tagging & Group Recommendation,Recommender Systems,2019,2,3
84,Social Tagging & Group Recommendation,Recommender Systems,2020,1,3
84,Social Tagging & Group Recommendation,Recommender Systems,2021,2,10
84,Social Tagging & Group Recommendation,Recommender Systems,2022,5,16
84,Social Tagging & Group Recommendation,Recommender Systems,2023,1,12
84,Social Tagging & Group Recommendation,Recommender Systems,2024,2,11
84,Social Tagging & Group Recommendation,Recommender Systems,2025,0,15
84,Social Tagging & Group Recommendation,Recommender Systems,2026,2,7
85,Visual Aesthetics & UX,Gamification & Engagement,1983,1,0
85,Visual Aesthetics & UX,Gamification & Engagement,1986,1,0
85,Visual Aesthetics & UX,Gamification & Engagement,1988,1,1
85,Visual Aesthetics & UX,Gamification & Engagement,1992,0,1
85,Visual Aesthetics & UX,Gamification & Engagement,1994,1,2
85,Visual Aesthetics & UX,Gamification & Engagement,1995,0,1
85,Visual Aesthetics & UX,Gamification & Engagement,1997,2,1
85,Visual Aesthetics & UX,Gamification & Engagement,1998,1,1
85,Visual Aesthetics & UX,Gamification & Engagement,2000,4,3
85,Visual Aesthetics & UX,Gamification & Engagement,2001,1,1
85,Visual Aesthetics & UX,Gamification & Engagement,2002,3,5
85,Visual Aesthetics & UX,Gamification & Engagement,2003,0,2
85,Visual Aesthetics & UX,Gamification & Engagement,2004,3,2
85,Visual Aesthetics & UX,Gamification & Engagement,2005,4,5
85,Visual Aesthetics & UX,Gamification & Engagement,2006,6,12
85,Visual Aesthetics & UX,Gamification & Engagement,2007,5,14
85,Visual Aesthetics & UX,Gamification & Engagement,2008,6,27
85,Visual Aesthetics & UX,Gamification & Engagement,2009,7,23
85,Visual Aesthetics & UX,Gamification & Engagement,2010,5,13
85,Visual Aesthetics & UX,Gamification & Engagement,2011,4,45
85,Visual Aesthetics & UX,Gamification & Engagement,2012,8,27
85,Visual Aesthetics & UX,Gamification & Engagement,2013,10,47
85,Visual Aesthetics & UX,Gamification & Engagement,2014,8,59
85,Visual Aesthetics & UX,Gamification & Engagement,2015,5,40
85,Visual Aesthetics & UX,Gamification & Engagement,2016,8,43
85,Visual Aesthetics & UX,Gamification & Engagement,2017,5,56
85,Visual Aesthetics & UX,Gamification & Engagement,2018,3,56
85,Visual Aesthetics & UX,Gamification & Engagement,2019,5,72
85,Visual Aesthetics & UX,Gamification & Engagement,2020,5,78
85,Visual Aesthetics & UX,Gamification & Engagement,2021,4,65
85,Visual Aesthetics & UX,Gamification & Engagement,2022,4,67
85,Visual Aesthetics & UX,Gamification & Engagement,2023,4,73
85,Visual Aesthetics & UX,Gamification & Engagement,2024,5,79
85,Visual Aesthetics & UX,Gamification & Engagement,2025,2,65
85,Visual Aesthetics & UX,Gamification & Engagement,2026,3,56
86,Player Experience & Immersion,Gamification & Engagement,2004,1,0
86,Player Experience & Immersion,Gamification & Engagement,2009,1,0
86,Player Experience & Immersion,Gamification & Engagement,2010,1,1
86,Player Experience & Immersion,Gamification & Engagement,2011,0,2
86,Player Experience & Immersion,Gamification & Engagement,2013,2,0
86,Player Experience & Immersion,Gamification & Engagement,2014,6,7
86,Player Experience & Immersion,Gamification & Engagement,2015,20,10
86,Player Experience & Immersion,Gamification & Engagement,2016,13,26
86,Player Experience & Immersion,Gamification & Engagement,2017,9,44
86,Player Experience & Immersion,Gamification & Engagement,2018,13,48
86,Player Experience & Immersion,Gamification & Engagement,2019,12,54
86,Player Experience & Immersion,Gamification & Engagement,2020,11,168
86,Player Experience & Immersion,Gamification & Engagement,2021,11,121
86,Player Experience & Immersion,Gamification & Engagement,2022,7,111
86,Player Experience & Immersion,Gamification & Engagement,2023,7,105
86,Player Experience & Immersion,Gamification & Engagement,2024,15,203
86,Player Experience & Immersion,Gamification & Engagement,2025,7,116
86,Player Experience & Immersion,Gamification & Engagement,2026,4,99
87,Multiplayer & Location-based Games,Gamification & Engagement,2004,2,0
87,Multiplayer & Location-based Games,Gamification & Engagement,2006,2,5
87,Multiplayer & Location-based Games,Gamification & Engagement,2007,2,6
87,Multiplayer & Location-based Games,Gamification & Engagement,2008,6,20
87,Multiplayer & Location-based Games,Gamification & Engagement,2009,0,10
87,Multiplayer & Location-based Games,Gamification & Engagement,2010,4,13
87,Multiplayer & Location-based Games,Gamification & Engagement,2011,2,21
87,Multiplayer & Location-based Games,Gamification & Engagement,2012,9,44
87,Multiplayer & Location-based Games,Gamification & Engagement,2013,4,13
87,Multiplayer & Location-based Games,Gamification & Engagement,2014,8,49
87,Multiplayer & Location-based Games,Gamification & Engagement,2015,5,28
87,Multiplayer & Location-based Games,Gamification & Engagement,2016,10,74
87,Multiplayer & Location-based Games,Gamification & Engagement,2017,7,60
87,Multiplayer & Location-based Games,Gamification & Engagement,2018,5,78
87,Multiplayer & Location-based Games,Gamification & Engagement,2019,3,69
87,Multiplayer & Location-based Games,Gamification & Engagement,2020,7,120
87,Multiplayer & Location-based Games,Gamification & Engagement,2021,19,194
87,Multiplayer & Location-based Games,Gamification & Engagement,2022,10,107
87,Multiplayer & Location-based Games,Gamification & Engagement,2023,4,83
87,Multiplayer & Location-based Games,Gamification & Engagement,2024,13,254
87,Multiplayer & Location-based Games,Gamification & Engagement,2025,8,156
87,Multiplayer & Location-based Games,Gamification & Engagement,2026,10,157
88,Gamification Elements & User Types,Gamification & Engagement,1982,1,0
88,Gamification Elements & User Types,Gamification & Engagement,1986,0,1
88,Gamification Elements & User Types,Gamification & Engagement,2004,1,0
88,Gamification Elements & User Types,Gamification & Engagement,2006,1,0
88,Gamification Elements & User Types,Gamification & Engagement,2007,1,2
88,Gamification Elements & User Types,Gamification & Engagement,2008,1,2
88,Gamification Elements & User Types,Gamification & Engagement,2010,1,1
88,Gamification Elements & User Types,Gamification & Engagement,2011,0,1
88,Gamification Elements & User Types,Gamification & Engagement,2012,2,4
88,Gamification Elements & User Types,Gamification & Engagement,2013,3,6
88,Gamification Elements & User Types,Gamification & Engagement,2014,2,6
88,Gamification Elements & User Types,Gamification & Engagement,2015,4,11
88,Gamification Elements & User Types,Gamification & Engagement,2016,4,6
88,Gamification Elements & User Types,Gamification & Engagement,2017,7,31
88,Gamification Elements & User Types,Gamification & Engagement,2018,6,17
88,Gamification Elements & User Types,Gamification & Engagement,2019,5,31
88,Gamification Elements & User Types,Gamification & Engagement,2020,7,53
88,Gamification Elements & User Types,Gamification & Engagement,2021,4,44
88,Gamification Elements & User Types,Gamification & Engagement,2022,4,44
88,Gamification Elements & User Types,Gamification & Engagement,2023,7,35
88,Gamification Elements & User Types,Gamification & Engagement,2024,4,44
88,Gamification Elements & User Types,Gamification & Engagement,2025,3,17
88,Gamification Elements & User Types,Gamification & Engagement,2026,1,24
89,Video Game Players & Communities,Gamification & Engagement,1981,1,0
89,Video Game Players & Communities,Gamification & Engagement,1982,4,2
89,Video Game Players & Communities,Gamification & Engagement,1983,3,8
89,Video Game Players & Communities,Gamification & Engagement,1985,3,2
89,Video Game Players & Communities,Gamification & Engagement,1986,4,4
89,Video Game Players & Communities,Gamification & Engagement,1988,1,1
89,Video Game Players & Communities,Gamification & Engagement,1989,2,1
89,Video Game Players & Communities,Gamification & Engagement,1990,1,3
89,Video Game Players & Communities,Gamification & Engagement,1991,0,2
89,Video Game Players & Communities,Gamification & Engagement,1992,0,1
89,Video Game Players & Communities,Gamification & Engagement,1994,0,2
89,Video Game Players & Communities,Gamification & Engagement,1995,1,1
89,Video Game Players & Communities,Gamification & Engagement,1996,1,0
89,Video Game Players & Communities,Gamification & Engagement,1997,1,2
89,Video Game Players & Communities,Gamification & Engagement,1998,3,2
89,Video Game Players & Communities,Gamification & Engagement,1999,1,3
89,Video Game Players & Communities,Gamification & Engagement,2000,2,5
89,Video Game Players & Communities,Gamification & Engagement,2001,1,3
89,Video Game Players & Communities,Gamification & Engagement,2003,0,1
89,Video Game Players & Communities,Gamification & Engagement,2004,5,1
89,Video Game Players & Communities,Gamification & Engagement,2006,3,9
89,Video Game Players & Communities,Gamification & Engagement,2007,3,10
89,Video Game Players & Communities,Gamification & Engagement,2008,5,13
89,Video Game Players & Communities,Gamification & Engagement,2009,1,4
89,Video Game Players & Communities,Gamification & Engagement,2010,5,9
89,Video Game Players & Communities,Gamification & Engagement,2011,10,24
89,Video Game Players & Communities,Gamification & Engagement,2012,15,40
89,Video Game Players & Communities,Gamification & Engagement,2013,13,28
89,Video Game Players & Communities,Gamification & Engagement,2014,32,86
89,Video Game Players & Communities,Gamification & Engagement,2015,38,106
89,Video Game Players & Communities,Gamification & Engagement,2016,31,148
89,Video Game Players & Communities,Gamification & Engagement,2017,32,146
89,Video Game Players & Communities,Gamification & Engagement,2018,21,154
89,Video Game Players & Communities,Gamification & Engagement,2019,25,190
89,Video Game Players & Communities,Gamification & Engagement,2020,32,212
89,Video Game Players & Communities,Gamification & Engagement,2021,38,305
89,Video Game Players & Communities,Gamification & Engagement,2022,24,283
89,Video Game Players & Communities,Gamification & Engagement,2023,30,249
89,Video Game Players & Communities,Gamification & Engagement,2024,36,440
89,Video Game Players & Communities,Gamification & Engagement,2025,38,344
89,Video Game Players & Communities,Gamification & Engagement,2026,25,300
90,Automated Driving,Mobile Life & Sensing,2003,1,0
90,Automated Driving,Mobile Life & Sensing,2005,3,0
90,Automated Driving,Mobile Life & Sensing,2006,1,0
90,Automated Driving,Mobile Life & Sensing,2007,3,1
90,Automated Driving,Mobile Life & Sensing,2008,3,3
90,Automated Driving,Mobile Life & Sensing,2009,4,8
90,Automated Driving,Mobile Life & Sensing,2010,5,7
90,Automated Driving,Mobile Life & Sensing,2011,6,13
90,Automated Driving,Mobile Life & Sensing,2012,5,8
90,Automated Driving,Mobile Life & Sensing,2013,7,16
90,Automated Driving,Mobile Life & Sensing,2014,6,14
90,Automated Driving,Mobile Life & Sensing,2015,6,15
90,Automated Driving,Mobile Life & Sensing,2016,8,14
90,Automated Driving,Mobile Life & Sensing,2017,25,54
90,Automated Driving,Mobile Life & Sensing,2018,14,56
90,Automated Driving,Mobile Life & Sensing,2019,11,52
90,Automated Driving,Mobile Life & Sensing,2020,19,60
90,Automated Driving,Mobile Life & Sensing,2021,15,93
90,Automated Driving,Mobile Life & Sensing,2022,14,131
90,Automated Driving,Mobile Life & Sensing,2023,11,134
90,Automated Driving,Mobile Life & Sensing,2024,18,165
90,Automated Driving,Mobile Life & Sensing,2025,22,206
90,Automated Driving,Mobile Life & Sensing,2026,15,104
91,Email & Web Revisitation,Mobile Life & Sensing,1983,1,1
91,Email & Web Revisitation,Mobile Life & Sensing,1986,5,1
91,Email & Web Revisitation,Mobile Life & Sensing,1988,4,4
91,Email & Web Revisitation,Mobile Life & Sensing,1989,1,3
91,Email & Web Revisitation,Mobile Life & Sensing,1990,0,3
91,Email & Web Revisitation,Mobile Life & Sensing,1991,1,0
91,Email & Web Revisitation,Mobile Life & Sensing,1992,5,2
91,Email & Web Revisitation,Mobile Life & Sensing,1993,0,1
91,Email & Web Revisitation,Mobile Life & Sensing,1994,1,5
91,Email & Web Revisitation,Mobile Life & Sensing,1995,4,10
91,Email & Web Revisitation,Mobile Life & Sensing,1996,9,18
91,Email & Web Revisitation,Mobile Life & Sensing,1997,10,32
91,Email & Web Revisitation,Mobile Life & Sensing,1998,7,29
91,Email & Web Revisitation,Mobile Life & Sensing,1999,7,32
91,Email & Web Revisitation,Mobile Life & Sensing,2000,8,43
91,Email & Web Revisitation,Mobile Life & Sensing,2001,7,31
91,Email & Web Revisitation,Mobile Life & Sensing,2002,11,55
91,Email & Web Revisitation,Mobile Life & Sensing,2003,8,48
91,Email & Web Revisitation,Mobile Life & Sensing,2004,13,76
91,Email & Web Revisitation,Mobile Life & Sensing,2005,9,71
91,Email & Web Revisitation,Mobile Life & Sensing,2006,14,116
91,Email & Web Revisitation,Mobile Life & Sensing,2007,16,87
91,Email & Web Revisitation,Mobile Life & Sensing,2008,14,114
91,Email & Web Revisitation,Mobile Life & Sensing,2009,19,129
91,Email & Web Revisitation,Mobile Life & Sensing,2010,18,114
91,Email & Web Revisitation,Mobile Life & Sensing,2011,17,133
91,Email & Web Revisitation,Mobile Life & Sensing,2012,14,110
91,Email & Web Revisitation,Mobile Life & Sensing,2013,8,90
91,Email & Web Revisitation,Mobile Life & Sensing,2014,8,95
91,Email & Web Revisitation,Mobile Life & Sensing,2015,8,63
91,Email & Web Revisitation,Mobile Life & Sensing,2016,4,78
91,Email & Web Revisitation,Mobile Life & Sensing,2017,5,83
91,Email & Web Revisitation,Mobile Life & Sensing,2018,3,77
91,Email & Web Revisitation,Mobile Life & Sensing,2019,3,78
91,Email & Web Revisitation,Mobile Life & Sensing,2020,3,89
91,Email & Web Revisitation,Mobile Life & Sensing,2021,3,92
91,Email & Web Revisitation,Mobile Life & Sensing,2022,4,87
91,Email & Web Revisitation,Mobile Life & Sensing,2023,3,51
91,Email & Web Revisitation,Mobile Life & Sensing,2024,3,62
91,Email & Web Revisitation,Mobile Life & Sensing,2025,0,67
91,Email & Web Revisitation,Mobile Life & Sensing,2026,2,51
92,Instant Messaging,Mobile Life & Sensing,1986,13,5
92,Instant Messaging,Mobile Life & Sensing,1988,8,15
92,Instant Messaging,Mobile Life & Sensing,1989,2,8
92,Instant Messaging,Mobile Life & Sensing,1990,3,15
92,Instant Messaging,Mobile Life & Sensing,1991,0,1
92,Instant Messaging,Mobile Life & Sensing,1992,5,21
92,Instant Messaging,Mobile Life & Sensing,1993,2,3
92,Instant Messaging,Mobile Life & Sensing,1994,1,11
92,Instant Messaging,Mobile Life & Sensing,1995,1,1
92,Instant Messaging,Mobile Life & Sensing,1996,5,6
92,Instant Messaging,Mobile Life & Sensing,1997,1,6
92,Instant Messaging,Mobile Life & Sensing,1998,1,7
92,Instant Messaging,Mobile Life & Sensing,1999,7,12
92,Instant Messaging,Mobile Life & Sensing,2000,9,36
92,Instant Messaging,Mobile Life & Sensing,2001,3,26
92,Instant Messaging,Mobile Life & Sensing,2002,15,68
92,Instant Messaging,Mobile Life & Sensing,2003,3,27
92,Instant Messaging,Mobile Life & Sensing,2004,16,119
92,Instant Messaging,Mobile Life & Sensing,2005,6,75
92,Instant Messaging,Mobile Life & Sensing,2006,12,114
92,Instant Messaging,Mobile Life & Sensing,2007,6,41
92,Instant Messaging,Mobile Life & Sensing,2008,11,84
92,Instant Messaging,Mobile Life & Sensing,2009,4,46
92,Instant Messaging,Mobile Life & Sensing,2010,7,76
92,Instant Messaging,Mobile Life & Sensing,2011,5,63
92,Instant Messaging,Mobile Life & Sensing,2012,8,84
92,Instant Messaging,Mobile Life & Sensing,2013,6,78
92,Instant Messaging,Mobile Life & Sensing,2014,5,79
92,Instant Messaging,Mobile Life & Sensing,2015,13,111
92,Instant Messaging,Mobile Life & Sensing,2016,15,116
92,Instant Messaging,Mobile Life & Sensing,2017,15,153
92,Instant Messaging,Mobile Life & Sensing,2018,11,135
92,Instant Messaging,Mobile Life & Sensing,2019,11,172
92,Instant Messaging,Mobile Life & Sensing,2020,3,122
92,Instant Messaging,Mobile Life & Sensing,2021,6,162
92,Instant Messaging,Mobile Life & Sensing,2022,8,212
92,Instant Messaging,Mobile Life & Sensing,2023,8,179
92,Instant Messaging,Mobile Life & Sensing,2024,4,164
92,Instant Messaging,Mobile Life & Sensing,2025,7,208
92,Instant Messaging,Mobile Life & Sensing,2026,2,97
93,Notifications & Interruptibility,Mobile Life & Sensing,1996,1,0
93,Notifications & Interruptibility,Mobile Life & Sensing,1998,1,0
93,Notifications & Interruptibility,Mobile Life & Sensing,2000,2,0
93,Notifications & Interruptibility,Mobile Life & Sensing,2001,1,1
93,Notifications & Interruptibility,Mobile Life & Sensing,2002,2,9
93,Notifications & Interruptibility,Mobile Life & Sensing,2003,4,10
93,Notifications & Interruptibility,Mobile Life & Sensing,2004,9,36
93,Notifications & Interruptibility,Mobile Life & Sensing,2005,5,24
93,Notifications & Interruptibility,Mobile Life & Sensing,2006,2,40
93,Notifications & Interruptibility,Mobile Life & Sensing,2007,6,54
93,Notifications & Interruptibility,Mobile Life & Sensing,2008,8,64
93,Notifications & Interruptibility,Mobile Life & Sensing,2009,1,32
93,Notifications & Interruptibility,Mobile Life & Sensing,2010,6,51
93,Notifications & Interruptibility,Mobile Life & Sensing,2011,11,34
93,Notifications & Interruptibility,Mobile Life & Sensing,2012,3,19
93,Notifications & Interruptibility,Mobile Life & Sensing,2013,7,42
93,Notifications & Interruptibility,Mobile Life & Sensing,2014,14,89
93,Notifications & Interruptibility,Mobile Life & Sensing,2015,16,164
93,Notifications & Interruptibility,Mobile Life & Sensing,2016,17,192
93,Notifications & Interruptibility,Mobile Life & Sensing,2017,22,256
93,Notifications & Interruptibility,Mobile Life & Sensing,2018,15,251
93,Notifications & Interruptibility,Mobile Life & Sensing,2019,22,252
93,Notifications & Interruptibility,Mobile Life & Sensing,2020,16,243
93,Notifications & Interruptibility,Mobile Life & Sensing,2021,14,286
93,Notifications & Interruptibility,Mobile Life & Sensing,2022,15,299
93,Notifications & Interruptibility,Mobile Life & Sensing,2023,18,339
93,Notifications & Interruptibility,Mobile Life & Sensing,2024,15,376
93,Notifications & Interruptibility,Mobile Life & Sensing,2025,12,357
93,Notifications & Interruptibility,Mobile Life & Sensing,2026,7,169
94,Urban Mobility Prediction,Mobile Life & Sensing,2003,1,0
94,Urban Mobility Prediction,Mobile Life & Sensing,2004,0,4
94,Urban Mobility Prediction,Mobile Life & Sensing,2005,1,0
94,Urban Mobility Prediction,Mobile Life & Sensing,2006,3,4
94,Urban Mobility Prediction,Mobile Life & Sensing,2007,1,3
94,Urban Mobility Prediction,Mobile Life & Sensing,2008,2,10
94,Urban Mobility Prediction,Mobile Life & Sensing,2009,1,5
94,Urban Mobility Prediction,Mobile Life & Sensing,2010,6,12
94,Urban Mobility Prediction,Mobile Life & Sensing,2011,12,26
94,Urban Mobility Prediction,Mobile Life & Sensing,2012,16,23
94,Urban Mobility Prediction,Mobile Life & Sensing,2013,16,29
94,Urban Mobility Prediction,Mobile Life & Sensing,2014,28,62
94,Urban Mobility Prediction,Mobile Life & Sensing,2015,22,80
94,Urban Mobility Prediction,Mobile Life & Sensing,2016,27,143
94,Urban Mobility Prediction,Mobile Life & Sensing,2017,10,98
94,Urban Mobility Prediction,Mobile Life & Sensing,2018,39,198
94,Urban Mobility Prediction,Mobile Life & Sensing,2019,22,169
94,Urban Mobility Prediction,Mobile Life & Sensing,2020,19,153
94,Urban Mobility Prediction,Mobile Life & Sensing,2021,15,124
94,Urban Mobility Prediction,Mobile Life & Sensing,2022,2,59
94,Urban Mobility Prediction,Mobile Life & Sensing,2023,4,69
94,Urban Mobility Prediction,Mobile Life & Sensing,2024,10,75
94,Urban Mobility Prediction,Mobile Life & Sensing,2025,5,71
94,Urban Mobility Prediction,Mobile Life & Sensing,2026,4,35
95,Pupillometry & Cognitive Load,Mobile Life & Sensing,2004,2,0
95,Pupillometry & Cognitive Load,Mobile Life & Sensing,2006,1,1
95,Pupillometry & Cognitive Load,Mobile Life & Sensing,2007,1,0
95,Pupillometry & Cognitive Load,Mobile Life & Sensing,2008,2,5
95,Pupillometry & Cognitive Load,Mobile Life & Sensing,2009,0,1
95,Pupillometry & Cognitive Load,Mobile Life & Sensing,2010,2,3
95,Pupillometry & Cognitive Load,Mobile Life & Sensing,2011,6,3
95,Pupillometry & Cognitive Load,Mobile Life & Sensing,2012,4,6
95,Pupillometry & Cognitive Load,Mobile Life & Sensing,2013,8,14
95,Pupillometry & Cognitive Load,Mobile Life & Sensing,2014,4,7
95,Pupillometry & Cognitive Load,Mobile Life & Sensing,2015,7,18
95,Pupillometry & Cognitive Load,Mobile Life & Sensing,2016,5,23
95,Pupillometry & Cognitive Load,Mobile Life & Sensing,2017,5,32
95,Pupillometry & Cognitive Load,Mobile Life & Sensing,2018,13,57
95,Pupillometry & Cognitive Load,Mobile Life & Sensing,2019,12,52
95,Pupillometry & Cognitive Load,Mobile Life & Sensing,2020,14,108
95,Pupillometry & Cognitive Load,Mobile Life & Sensing,2021,6,70
95,Pupillometry & Cognitive Load,Mobile Life & Sensing,2022,10,98
95,Pupillometry & Cognitive Load,Mobile Life & Sensing,2023,7,104
95,Pupillometry & Cognitive Load,Mobile Life & Sensing,2024,10,99
95,Pupillometry & Cognitive Load,Mobile Life & Sensing,2025,9,108
95,Pupillometry & Cognitive Load,Mobile Life & Sensing,2026,7,54
96,Enterprise Social Networks,Mobile Life & Sensing,1994,2,0
96,Enterprise Social Networks,Mobile Life & Sensing,1995,0,1
96,Enterprise Social Networks,Mobile Life & Sensing,1996,1,1
96,Enterprise Social Networks,Mobile Life & Sensing,1997,2,3
96,Enterprise Social Networks,Mobile Life & Sensing,1998,5,6
96,Enterprise Social Networks,Mobile Life & Sensing,1999,0,1
96,Enterprise Social Networks,Mobile Life & Sensing,2000,10,14
96,Enterprise Social Networks,Mobile Life & Sensing,2001,3,4
96,Enterprise Social Networks,Mobile Life & Sensing,2002,6,16
96,Enterprise Social Networks,Mobile Life & Sensing,2003,5,19
96,Enterprise Social Networks,Mobile Life & Sensing,2004,3,11
96,Enterprise Social Networks,Mobile Life & Sensing,2005,3,15
96,Enterprise Social Networks,Mobile Life & Sensing,2006,4,8
96,Enterprise Social Networks,Mobile Life & Sensing,2007,4,12
96,Enterprise Social Networks,Mobile Life & Sensing,2008,15,40
96,Enterprise Social Networks,Mobile Life & Sensing,2009,9,41
96,Enterprise Social Networks,Mobile Life & Sensing,2010,5,63
96,Enterprise Social Networks,Mobile Life & Sensing,2011,10,58
96,Enterprise Social Networks,Mobile Life & Sensing,2012,10,70
96,Enterprise Social Networks,Mobile Life & Sensing,2013,5,39
96,Enterprise Social Networks,Mobile Life & Sensing,2014,7,46
96,Enterprise Social Networks,Mobile Life & Sensing,2015,4,38
96,Enterprise Social Networks,Mobile Life & Sensing,2016,3,62
96,Enterprise Social Networks,Mobile Life & Sensing,2017,3,65
96,Enterprise Social Networks,Mobile Life & Sensing,2018,4,47
96,Enterprise Social Networks,Mobile Life & Sensing,2019,2,53
96,Enterprise Social Networks,Mobile Life & Sensing,2020,3,48
96,Enterprise Social Networks,Mobile Life & Sensing,2021,1,49
96,Enterprise Social Networks,Mobile Life & Sensing,2022,2,55
96,Enterprise Social Networks,Mobile Life & Sensing,2023,4,67
96,Enterprise Social Networks,Mobile Life & Sensing,2024,2,59
96,Enterprise Social Networks,Mobile Life & Sensing,2025,1,64
96,Enterprise Social Networks,Mobile Life & Sensing,2026,2,27
97,Physiological & Brain Sensing,Mobile Life & Sensing,1992,1,0
97,Physiological & Brain Sensing,Mobile Life & Sensing,2001,1,1
97,Physiological & Brain Sensing,Mobile Life & Sensing,2003,1,0
97,Physiological & Brain Sensing,Mobile Life & Sensing,2005,0,1
97,Physiological & Brain Sensing,Mobile Life & Sensing,2006,1,1
97,Physiological & Brain Sensing,Mobile Life & Sensing,2007,2,0
97,Physiological & Brain Sensing,Mobile Life & Sensing,2008,2,4
97,Physiological & Brain Sensing,Mobile Life & Sensing,2009,6,7
97,Physiological & Brain Sensing,Mobile Life & Sensing,2010,4,9
97,Physiological & Brain Sensing,Mobile Life & Sensing,2011,4,16
97,Physiological & Brain Sensing,Mobile Life & Sensing,2012,5,16
97,Physiological & Brain Sensing,Mobile Life & Sensing,2013,5,15
97,Physiological & Brain Sensing,Mobile Life & Sensing,2014,10,33
97,Physiological & Brain Sensing,Mobile Life & Sensing,2015,13,47
97,Physiological & Brain Sensing,Mobile Life & Sensing,2016,4,38
97,Physiological & Brain Sensing,Mobile Life & Sensing,2017,6,30
97,Physiological & Brain Sensing,Mobile Life & Sensing,2018,2,32
97,Physiological & Brain Sensing,Mobile Life & Sensing,2019,4,30
97,Physiological & Brain Sensing,Mobile Life & Sensing,2020,7,31
97,Physiological & Brain Sensing,Mobile Life & Sensing,2021,4,20
97,Physiological & Brain Sensing,Mobile Life & Sensing,2022,3,73
97,Physiological & Brain Sensing,Mobile Life & Sensing,2023,3,31
97,Physiological & Brain Sensing,Mobile Life & Sensing,2024,3,17
97,Physiological & Brain Sensing,Mobile Life & Sensing,2025,6,36
97,Physiological & Brain Sensing,Mobile Life & Sensing,2026,2,23
98,Interruptions & Multitasking,Mobile Life & Sensing,1990,1,0
98,Interruptions & Multitasking,Mobile Life & Sensing,1992,2,4
98,Interruptions & Multitasking,Mobile Life & Sensing,1994,0,2
98,Interruptions & Multitasking,Mobile Life & Sensing,1998,1,1
98,Interruptions & Multitasking,Mobile Life & Sensing,2001,1,0
98,Interruptions & Multitasking,Mobile Life & Sensing,2002,0,1
98,Interruptions & Multitasking,Mobile Life & Sensing,2003,0,1
98,Interruptions & Multitasking,Mobile Life & Sensing,2004,3,4
98,Interruptions & Multitasking,Mobile Life & Sensing,2005,3,10
98,Interruptions & Multitasking,Mobile Life & Sensing,2006,2,21
98,Interruptions & Multitasking,Mobile Life & Sensing,2007,1,15
98,Interruptions & Multitasking,Mobile Life & Sensing,2008,6,38
98,Interruptions & Multitasking,Mobile Life & Sensing,2009,2,27
98,Interruptions & Multitasking,Mobile Life & Sensing,2010,3,52
98,Interruptions & Multitasking,Mobile Life & Sensing,2011,5,30
98,Interruptions & Multitasking,Mobile Life & Sensing,2012,3,29
98,Interruptions & Multitasking,Mobile Life & Sensing,2013,2,37
98,Interruptions & Multitasking,Mobile Life & Sensing,2014,7,73
98,Interruptions & Multitasking,Mobile Life & Sensing,2015,7,69
98,Interruptions & Multitasking,Mobile Life & Sensing,2016,10,155
98,Interruptions & Multitasking,Mobile Life & Sensing,2017,5,98
98,Interruptions & Multitasking,Mobile Life & Sensing,2018,9,113
98,Interruptions & Multitasking,Mobile Life & Sensing,2019,11,139
98,Interruptions & Multitasking,Mobile Life & Sensing,2020,11,158
98,Interruptions & Multitasking,Mobile Life & Sensing,2021,6,134
98,Interruptions & Multitasking,Mobile Life & Sensing,2022,5,162
98,Interruptions & Multitasking,Mobile Life & Sensing,2023,11,208
98,Interruptions & Multitasking,Mobile Life & Sensing,2024,12,222
98,Interruptions & Multitasking,Mobile Life & Sensing,2025,8,238
98,Interruptions & Multitasking,Mobile Life & Sensing,2026,6,137
99,Vehicle-Pedestrian Communication,Mobile Life & Sensing,1990,1,0
99,Vehicle-Pedestrian Communication,Mobile Life & Sensing,1991,1,1
99,Vehicle-Pedestrian Communication,Mobile Life & Sensing,1992,4,11
99,Vehicle-Pedestrian Communication,Mobile Life & Sensing,1994,0,1
99,Vehicle-Pedestrian Communication,Mobile Life & Sensing,1996,0,1
99,Vehicle-Pedestrian Communication,Mobile Life & Sensing,2000,1,0
99,Vehicle-Pedestrian Communication,Mobile Life & Sensing,2005,1,0
99,Vehicle-Pedestrian Communication,Mobile Life & Sensing,2007,0,1
99,Vehicle-Pedestrian Communication,Mobile Life & Sensing,2010,0,1
99,Vehicle-Pedestrian Communication,Mobile Life & Sensing,2012,1,0
99,Vehicle-Pedestrian Communication,Mobile Life & Sensing,2013,1,0
99,Vehicle-Pedestrian Communication,Mobile Life & Sensing,2014,1,1
99,Vehicle-Pedestrian Communication,Mobile Life & Sensing,2015,1,4
99,Vehicle-Pedestrian Communication,Mobile Life & Sensing,2016,1,5
99,Vehicle-Pedestrian Communication,Mobile Life & Sensing,2017,0,1
99,Vehicle-Pedestrian Communication,Mobile Life & Sensing,2018,4,8
99,Vehicle-Pedestrian Communication,Mobile Life & Sensing,2019,4,15
99,Vehicle-Pedestrian Communication,Mobile Life & Sensing,2020,10,35
99,Vehicle-Pedestrian Communication,Mobile Life & Sensing,2021,8,59
99,Vehicle-Pedestrian Communication,Mobile Life & Sensing,2022,12,87
99,Vehicle-Pedestrian Communication,Mobile Life & Sensing,2023,10,82
99,Vehicle-Pedestrian Communication,Mobile Life & Sensing,2024,11,158
99,Vehicle-Pedestrian Communication,Mobile Life & Sensing,2025,10,108
99,Vehicle-Pedestrian Communication,Mobile Life & Sensing,2026,7,77
100,Smartphone Use & Wellbeing,Mobile Life & Sensing,2007,1,0
100,Smartphone Use & Wellbeing,Mobile Life & Sensing,2009,1,0
100,Smartphone Use & Wellbeing,Mobile Life & Sensing,2010,1,1
100,Smartphone Use & Wellbeing,Mobile Life & Sensing,2011,0,2
100,Smartphone Use & Wellbeing,Mobile Life & Sensing,2012,2,2
100,Smartphone Use & Wellbeing,Mobile Life & Sensing,2013,5,4
100,Smartphone Use & Wellbeing,Mobile Life & Sensing,2014,3,20
100,Smartphone Use & Wellbeing,Mobile Life & Sensing,2015,4,48
100,Smartphone Use & Wellbeing,Mobile Life & Sensing,2016,6,46
100,Smartphone Use & Wellbeing,Mobile Life & Sensing,2017,4,52
100,Smartphone Use & Wellbeing,Mobile Life & Sensing,2018,11,79
100,Smartphone Use & Wellbeing,Mobile Life & Sensing,2019,12,140
100,Smartphone Use & Wellbeing,Mobile Life & Sensing,2020,5,81
100,Smartphone Use & Wellbeing,Mobile Life & Sensing,2021,12,179
100,Smartphone Use & Wellbeing,Mobile Life & Sensing,2022,12,199
100,Smartphone Use & Wellbeing,Mobile Life & Sensing,2023,13,253
100,Smartphone Use & Wellbeing,Mobile Life & Sensing,2024,16,275
100,Smartphone Use & Wellbeing,Mobile Life & Sensing,2025,12,313
100,Smartphone Use & Wellbeing,Mobile Life & Sensing,2026,11,241
101,Mobile Language Learning,Mobile Life & Sensing,2000,4,0
101,Mobile Language Learning,Mobile Life & Sensing,2001,2,8
101,Mobile Language Learning,Mobile Life & Sensing,2002,4,14
101,Mobile Language Learning,Mobile Life & Sensing,2003,1,2
101,Mobile Language Learning,Mobile Life & Sensing,2004,2,9
101,Mobile Language Learning,Mobile Life & Sensing,2005,2,12
101,Mobile Language Learning,Mobile Life & Sensing,2006,7,13
101,Mobile Language Learning,Mobile Life & Sensing,2007,6,13
101,Mobile Language Learning,Mobile Life & Sensing,2008,9,31
101,Mobile Language Learning,Mobile Life & Sensing,2009,3,23
101,Mobile Language Learning,Mobile Life & Sensing,2010,8,22
101,Mobile Language Learning,Mobile Life & Sensing,2011,5,23
101,Mobile Language Learning,Mobile Life & Sensing,2012,5,27
101,Mobile Language Learning,Mobile Life & Sensing,2013,4,21
101,Mobile Language Learning,Mobile Life & Sensing,2014,1,26
101,Mobile Language Learning,Mobile Life & Sensing,2015,3,31
101,Mobile Language Learning,Mobile Life & Sensing,2016,2,24
101,Mobile Language Learning,Mobile Life & Sensing,2017,7,48
101,Mobile Language Learning,Mobile Life & Sensing,2018,4,37
101,Mobile Language Learning,Mobile Life & Sensing,2019,5,30
101,Mobile Language Learning,Mobile Life & Sensing,2020,2,25
101,Mobile Language Learning,Mobile Life & Sensing,2021,5,41
101,Mobile Language Learning,Mobile Life & Sensing,2022,4,46
101,Mobile Language Learning,Mobile Life & Sensing,2023,4,47
101,Mobile Language Learning,Mobile Life & Sensing,2024,8,74
101,Mobile Language Learning,Mobile Life & Sensing,2025,5,96
101,Mobile Language Learning,Mobile Life & Sensing,2026,1,42
102,Eye Movements & Cognition,Mobile Life & Sensing,1983,1,0
102,Eye Movements & Cognition,Mobile Life & Sensing,1985,1,1
102,Eye Movements & Cognition,Mobile Life & Sensing,1986,1,3
102,Eye Movements & Cognition,Mobile Life & Sensing,1988,0,2
102,Eye Movements & Cognition,Mobile Life & Sensing,1989,0,1
102,Eye Movements & Cognition,Mobile Life & Sensing,1992,2,1
102,Eye Movements & Cognition,Mobile Life & Sensing,1994,2,0
102,Eye Movements & Cognition,Mobile Life & Sensing,1995,4,5
102,Eye Movements & Cognition,Mobile Life & Sensing,1996,2,1
102,Eye Movements & Cognition,Mobile Life & Sensing,1997,5,8
102,Eye Movements & Cognition,Mobile Life & Sensing,1998,2,7
102,Eye Movements & Cognition,Mobile Life & Sensing,2000,0,3
102,Eye Movements & Cognition,Mobile Life & Sensing,2001,1,2
102,Eye Movements & Cognition,Mobile Life & Sensing,2003,0,2
102,Eye Movements & Cognition,Mobile Life & Sensing,2004,0,1
102,Eye Movements & Cognition,Mobile Life & Sensing,2006,0,1
102,Eye Movements & Cognition,Mobile Life & Sensing,2008,3,1
102,Eye Movements & Cognition,Mobile Life & Sensing,2009,1,2
102,Eye Movements & Cognition,Mobile Life & Sensing,2010,2,6
102,Eye Movements & Cognition,Mobile Life & Sensing,2011,0,4
102,Eye Movements & Cognition,Mobile Life & Sensing,2012,2,7
102,Eye Movements & Cognition,Mobile Life & Sensing,2014,2,11
102,Eye Movements & Cognition,Mobile Life & Sensing,2015,0,3
102,Eye Movements & Cognition,Mobile Life & Sensing,2016,1,2
102,Eye Movements & Cognition,Mobile Life & Sensing,2017,2,0
102,Eye Movements & Cognition,Mobile Life & Sensing,2018,1,2
102,Eye Movements & Cognition,Mobile Life & Sensing,2019,0,3
102,Eye Movements & Cognition,Mobile Life & Sensing,2020,0,3
102,Eye Movements & Cognition,Mobile Life & Sensing,2021,2,7
102,Eye Movements & Cognition,Mobile Life & Sensing,2022,1,1
102,Eye Movements & Cognition,Mobile Life & Sensing,2023,0,1
102,Eye Movements & Cognition,Mobile Life & Sensing,2024,1,12
102,Eye Movements & Cognition,Mobile Life & Sensing,2025,0,1
102,Eye Movements & Cognition,Mobile Life & Sensing,2026,0,2
103,Affect Recognition,Affect & Multimodal Recognition,1982,3,0
103,Affect Recognition,Affect & Multimodal Recognition,1983,1,0
103,Affect Recognition,Affect & Multimodal Recognition,1985,1,0
103,Affect Recognition,Affect & Multimodal Recognition,1986,2,5
103,Affect Recognition,Affect & Multimodal Recognition,1989,2,0
103,Affect Recognition,Affect & Multimodal Recognition,1990,1,0
103,Affect Recognition,Affect & Multimodal Recognition,1991,2,0
103,Affect Recognition,Affect & Multimodal Recognition,1992,3,3
103,Affect Recognition,Affect & Multimodal Recognition,1996,3,0
103,Affect Recognition,Affect & Multimodal Recognition,2000,3,0
103,Affect Recognition,Affect & Multimodal Recognition,2001,2,0
103,Affect Recognition,Affect & Multimodal Recognition,2002,3,1
103,Affect Recognition,Affect & Multimodal Recognition,2003,4,3
103,Affect Recognition,Affect & Multimodal Recognition,2004,2,2
103,Affect Recognition,Affect & Multimodal Recognition,2005,2,4
103,Affect Recognition,Affect & Multimodal Recognition,2006,3,2
103,Affect Recognition,Affect & Multimodal Recognition,2007,0,2
103,Affect Recognition,Affect & Multimodal Recognition,2009,4,0
103,Affect Recognition,Affect & Multimodal Recognition,2010,5,2
103,Affect Recognition,Affect & Multimodal Recognition,2011,2,0
103,Affect Recognition,Affect & Multimodal Recognition,2012,3,0
103,Affect Recognition,Affect & Multimodal Recognition,2013,2,2
103,Affect Recognition,Affect & Multimodal Recognition,2014,1,0
103,Affect Recognition,Affect & Multimodal Recognition,2015,3,2
103,Affect Recognition,Affect & Multimodal Recognition,2016,2,1
103,Affect Recognition,Affect & Multimodal Recognition,2017,1,0
103,Affect Recognition,Affect & Multimodal Recognition,2018,3,4
103,Affect Recognition,Affect & Multimodal Recognition,2019,4,1
103,Affect Recognition,Affect & Multimodal Recognition,2020,1,0
103,Affect Recognition,Affect & Multimodal Recognition,2022,2,0
103,Affect Recognition,Affect & Multimodal Recognition,2023,1,0
103,Affect Recognition,Affect & Multimodal Recognition,2024,2,1
103,Affect Recognition,Affect & Multimodal Recognition,2025,1,1
103,Affect Recognition,Affect & Multimodal Recognition,2026,0,1
104,RF & Wi-Fi Sensing,Activity Sensing & Wearables,2014,1,0
104,RF & Wi-Fi Sensing,Activity Sensing & Wearables,2015,2,2
104,RF & Wi-Fi Sensing,Activity Sensing & Wearables,2016,6,3
104,RF & Wi-Fi Sensing,Activity Sensing & Wearables,2017,7,36
104,RF & Wi-Fi Sensing,Activity Sensing & Wearables,2018,19,85
104,RF & Wi-Fi Sensing,Activity Sensing & Wearables,2019,15,112
104,RF & Wi-Fi Sensing,Activity Sensing & Wearables,2020,17,113
104,RF & Wi-Fi Sensing,Activity Sensing & Wearables,2021,23,129
104,RF & Wi-Fi Sensing,Activity Sensing & Wearables,2022,26,198
104,RF & Wi-Fi Sensing,Activity Sensing & Wearables,2023,25,240
104,RF & Wi-Fi Sensing,Activity Sensing & Wearables,2024,18,239
104,RF & Wi-Fi Sensing,Activity Sensing & Wearables,2025,29,304
104,RF & Wi-Fi Sensing,Activity Sensing & Wearables,2026,8,74
105,Wearable Activity Recognition,Activity Sensing & Wearables,2012,3,0
105,Wearable Activity Recognition,Activity Sensing & Wearables,2013,1,1
105,Wearable Activity Recognition,Activity Sensing & Wearables,2014,0,2
105,Wearable Activity Recognition,Activity Sensing & Wearables,2015,3,7
105,Wearable Activity Recognition,Activity Sensing & Wearables,2016,2,9
105,Wearable Activity Recognition,Activity Sensing & Wearables,2017,2,13
105,Wearable Activity Recognition,Activity Sensing & Wearables,2018,13,16
105,Wearable Activity Recognition,Activity Sensing & Wearables,2019,10,33
105,Wearable Activity Recognition,Activity Sensing & Wearables,2020,14,65
105,Wearable Activity Recognition,Activity Sensing & Wearables,2021,12,85
105,Wearable Activity Recognition,Activity Sensing & Wearables,2022,13,114
105,Wearable Activity Recognition,Activity Sensing & Wearables,2023,16,138
105,Wearable Activity Recognition,Activity Sensing & Wearables,2024,16,188
105,Wearable Activity Recognition,Activity Sensing & Wearables,2025,23,210
105,Wearable Activity Recognition,Activity Sensing & Wearables,2026,7,73
106,Activity & Ambient Sensing,Activity Sensing & Wearables,2002,3,0
106,Activity & Ambient Sensing,Activity Sensing & Wearables,2003,2,1
106,Activity & Ambient Sensing,Activity Sensing & Wearables,2004,2,5
106,Activity & Ambient Sensing,Activity Sensing & Wearables,2005,4,4
106,Activity & Ambient Sensing,Activity Sensing & Wearables,2006,2,10
106,Activity & Ambient Sensing,Activity Sensing & Wearables,2007,4,9
106,Activity & Ambient Sensing,Activity Sensing & Wearables,2008,8,20
106,Activity & Ambient Sensing,Activity Sensing & Wearables,2009,4,12
106,Activity & Ambient Sensing,Activity Sensing & Wearables,2010,5,27
106,Activity & Ambient Sensing,Activity Sensing & Wearables,2011,6,26
106,Activity & Ambient Sensing,Activity Sensing & Wearables,2012,24,45
106,Activity & Ambient Sensing,Activity Sensing & Wearables,2013,15,29
106,Activity & Ambient Sensing,Activity Sensing & Wearables,2014,16,44
106,Activity & Ambient Sensing,Activity Sensing & Wearables,2015,23,75
106,Activity & Ambient Sensing,Activity Sensing & Wearables,2016,23,77
106,Activity & Ambient Sensing,Activity Sensing & Wearables,2017,20,86
106,Activity & Ambient Sensing,Activity Sensing & Wearables,2018,37,187
106,Activity & Ambient Sensing,Activity Sensing & Wearables,2019,31,134
106,Activity & Ambient Sensing,Activity Sensing & Wearables,2020,27,162
106,Activity & Ambient Sensing,Activity Sensing & Wearables,2021,27,175
106,Activity & Ambient Sensing,Activity Sensing & Wearables,2022,46,212
106,Activity & Ambient Sensing,Activity Sensing & Wearables,2023,38,274
106,Activity & Ambient Sensing,Activity Sensing & Wearables,2024,40,276
106,Activity & Ambient Sensing,Activity Sensing & Wearables,2025,57,359
106,Activity & Ambient Sensing,Activity Sensing & Wearables,2026,18,104
107,Real-time Rendering & Meshes,"Graphics, Animation & Modelling",1995,1,0
107,Real-time Rendering & Meshes,"Graphics, Animation & Modelling",1996,0,1
107,Real-time Rendering & Meshes,"Graphics, Animation & Modelling",2000,1,0
107,Real-time Rendering & Meshes,"Graphics, Animation & Modelling",2006,2,0
107,Real-time Rendering & Meshes,"Graphics, Animation & Modelling",2008,0,2
107,Real-time Rendering & Meshes,"Graphics, Animation & Modelling",2011,1,0
107,Real-time Rendering & Meshes,"Graphics, Animation & Modelling",2012,1,1
107,Real-time Rendering & Meshes,"Graphics, Animation & Modelling",2020,1,0
107,Real-time Rendering & Meshes,"Graphics, Animation & Modelling",2025,0,1
108,Character Animation & Motion Control,"Graphics, Animation & Modelling",1988,1,0
108,Character Animation & Motion Control,"Graphics, Animation & Modelling",1992,0,1
108,Character Animation & Motion Control,"Graphics, Animation & Modelling",1997,1,0
108,Character Animation & Motion Control,"Graphics, Animation & Modelling",1998,1,1
108,Character Animation & Motion Control,"Graphics, Animation & Modelling",2000,1,0
108,Character Animation & Motion Control,"Graphics, Animation & Modelling",2005,2,1
108,Character Animation & Motion Control,"Graphics, Animation & Modelling",2007,0,1
108,Character Animation & Motion Control,"Graphics, Animation & Modelling",2008,1,0
108,Character Animation & Motion Control,"Graphics, Animation & Modelling",2014,1,0
108,Character Animation & Motion Control,"Graphics, Animation & Modelling",2017,3,0
108,Character Animation & Motion Control,"Graphics, Animation & Modelling",2018,2,2
108,Character Animation & Motion Control,"Graphics, Animation & Modelling",2019,0,3
108,Character Animation & Motion Control,"Graphics, Animation & Modelling",2020,2,3
108,Character Animation & Motion Control,"Graphics, Animation & Modelling",2021,0,4
108,Character Animation & Motion Control,"Graphics, Animation & Modelling",2022,0,3
108,Character Animation & Motion Control,"Graphics, Animation & Modelling",2023,0,4
108,Character Animation & Motion Control,"Graphics, Animation & Modelling",2024,0,2
108,Character Animation & Motion Control,"Graphics, Animation & Modelling",2025,0,1
109,Sketch-based Modelling,"Graphics, Animation & Modelling",1989,1,0
109,Sketch-based Modelling,"Graphics, Animation & Modelling",1994,1,0
109,Sketch-based Modelling,"Graphics, Animation & Modelling",1995,1,0
109,Sketch-based Modelling,"Graphics, Animation & Modelling",1997,0,2
109,Sketch-based Modelling,"Graphics, Animation & Modelling",1999,0,2
109,Sketch-based Modelling,"Graphics, Animation & Modelling",2001,2,1
109,Sketch-based Modelling,"Graphics, Animation & Modelling",2002,1,1
109,Sketch-based Modelling,"Graphics, Animation & Modelling",2003,0,5
109,Sketch-based Modelling,"Graphics, Animation & Modelling",2004,2,4
109,Sketch-based Modelling,"Graphics, Animation & Modelling",2006,1,1
109,Sketch-based Modelling,"Graphics, Animation & Modelling",2008,1,6
109,Sketch-based Modelling,"Graphics, Animation & Modelling",2009,1,5
109,Sketch-based Modelling,"Graphics, Animation & Modelling",2010,1,7
109,Sketch-based Modelling,"Graphics, Animation & Modelling",2011,2,10
109,Sketch-based Modelling,"Graphics, Animation & Modelling",2012,0,8
109,Sketch-based Modelling,"Graphics, Animation & Modelling",2013,0,9
109,Sketch-based Modelling,"Graphics, Animation & Modelling",2014,1,11
109,Sketch-based Modelling,"Graphics, Animation & Modelling",2015,2,7
109,Sketch-based Modelling,"Graphics, Animation & Modelling",2016,1,12
109,Sketch-based Modelling,"Graphics, Animation & Modelling",2017,3,16
109,Sketch-based Modelling,"Graphics, Animation & Modelling",2018,4,27
109,Sketch-based Modelling,"Graphics, Animation & Modelling",2019,3,30
109,Sketch-based Modelling,"Graphics, Animation & Modelling",2020,2,39
109,Sketch-based Modelling,"Graphics, Animation & Modelling",2021,6,54
109,Sketch-based Modelling,"Graphics, Animation & Modelling",2022,1,34
109,Sketch-based Modelling,"Graphics, Animation & Modelling",2023,0,53
109,Sketch-based Modelling,"Graphics, Animation & Modelling",2024,4,70
109,Sketch-based Modelling,"Graphics, Animation & Modelling",2025,8,62
109,Sketch-based Modelling,"Graphics, Animation & Modelling",2026,3,48
110,Reflectance & Illumination,"Graphics, Animation & Modelling",1982,2,0
110,Reflectance & Illumination,"Graphics, Animation & Modelling",2021,2,0
110,Reflectance & Illumination,"Graphics, Animation & Modelling",2022,1,0
110,Reflectance & Illumination,"Graphics, Animation & Modelling",2023,1,0
110,Reflectance & Illumination,"Graphics, Animation & Modelling",2024,1,1
110,Reflectance & Illumination,"Graphics, Animation & Modelling",2025,1,2
110,Reflectance & Illumination,"Graphics, Animation & Modelling",2026,0,1
111,Near-eye & Foveated Displays,"Graphics, Animation & Modelling",1997,1,0
111,Near-eye & Foveated Displays,"Graphics, Animation & Modelling",2000,0,1
111,Near-eye & Foveated Displays,"Graphics, Animation & Modelling",2004,1,0
111,Near-eye & Foveated Displays,"Graphics, Animation & Modelling",2013,1,1
111,Near-eye & Foveated Displays,"Graphics, Animation & Modelling",2014,2,0
111,Near-eye & Foveated Displays,"Graphics, Animation & Modelling",2015,0,1
111,Near-eye & Foveated Displays,"Graphics, Animation & Modelling",2016,3,7
111,Near-eye & Foveated Displays,"Graphics, Animation & Modelling",2017,1,3
111,Near-eye & Foveated Displays,"Graphics, Animation & Modelling",2018,1,3
111,Near-eye & Foveated Displays,"Graphics, Animation & Modelling",2020,1,1
111,Near-eye & Foveated Displays,"Graphics, Animation & Modelling",2021,1,0
111,Near-eye & Foveated Displays,"Graphics, Animation & Modelling",2022,2,2
111,Near-eye & Foveated Displays,"Graphics, Animation & Modelling",2023,1,4
111,Near-eye & Foveated Displays,"Graphics, Animation & Modelling",2024,1,2
111,Near-eye & Foveated Displays,"Graphics, Animation & Modelling",2025,2,4
111,Near-eye & Foveated Displays,"Graphics, Animation & Modelling",2026,2,2
112,Texture & Image Synthesis,"Graphics, Animation & Modelling",1993,1,0
112,Texture & Image Synthesis,"Graphics, Animation & Modelling",1996,1,1
112,Texture & Image Synthesis,"Graphics, Animation & Modelling",1997,0,1
112,Texture & Image Synthesis,"Graphics, Animation & Modelling",1999,1,0
112,Texture & Image Synthesis,"Graphics, Animation & Modelling",2000,0,1
112,Texture & Image Synthesis,"Graphics, Animation & Modelling",2004,1,0
112,Texture & Image Synthesis,"Graphics, Animation & Modelling",2006,1,1
112,Texture & Image Synthesis,"Graphics, Animation & Modelling",2008,1,0
112,Texture & Image Synthesis,"Graphics, Animation & Modelling",2010,1,0
112,Texture & Image Synthesis,"Graphics, Animation & Modelling",2011,0,1
112,Texture & Image Synthesis,"Graphics, Animation & Modelling",2012,2,3
112,Texture & Image Synthesis,"Graphics, Animation & Modelling",2013,0,3
112,Texture & Image Synthesis,"Graphics, Animation & Modelling",2014,1,5
112,Texture & Image Synthesis,"Graphics, Animation & Modelling",2015,2,1
112,Texture & Image Synthesis,"Graphics, Animation & Modelling",2016,2,5
112,Texture & Image Synthesis,"Graphics, Animation & Modelling",2017,1,2
112,Texture & Image Synthesis,"Graphics, Animation & Modelling",2018,0,3
112,Texture & Image Synthesis,"Graphics, Animation & Modelling",2019,3,2
112,Texture & Image Synthesis,"Graphics, Animation & Modelling",2020,1,2
112,Texture & Image Synthesis,"Graphics, Animation & Modelling",2021,0,2
112,Texture & Image Synthesis,"Graphics, Animation & Modelling",2022,1,2
112,Texture & Image Synthesis,"Graphics, Animation & Modelling",2023,2,6
112,Texture & Image Synthesis,"Graphics, Animation & Modelling",2024,1,6
112,Texture & Image Synthesis,"Graphics, Animation & Modelling",2025,1,4
112,Texture & Image Synthesis,"Graphics, Animation & Modelling",2026,0,3
113,Procedural Shape Modelling,"Graphics, Animation & Modelling",2012,1,0
113,Procedural Shape Modelling,"Graphics, Animation & Modelling",2013,0,2
113,Procedural Shape Modelling,"Graphics, Animation & Modelling",2014,1,1
113,Procedural Shape Modelling,"Graphics, Animation & Modelling",2015,1,0
113,Procedural Shape Modelling,"Graphics, Animation & Modelling",2016,2,2
113,Procedural Shape Modelling,"Graphics, Animation & Modelling",2017,1,2
113,Procedural Shape Modelling,"Graphics, Animation & Modelling",2018,1,1
113,Procedural Shape Modelling,"Graphics, Animation & Modelling",2020,1,1
113,Procedural Shape Modelling,"Graphics, Animation & Modelling",2021,2,2
113,Procedural Shape Modelling,"Graphics, Animation & Modelling",2023,0,4
113,Procedural Shape Modelling,"Graphics, Animation & Modelling",2024,0,2
113,Procedural Shape Modelling,"Graphics, Animation & Modelling",2025,0,3
114,Facial Animation & Capture,"Graphics, Animation & Modelling",1986,1,0
114,Facial Animation & Capture,"Graphics, Animation & Modelling",2014,1,0
114,Facial Animation & Capture,"Graphics, Animation & Modelling",2018,1,0
114,Facial Animation & Capture,"Graphics, Animation & Modelling",2019,3,2
114,Facial Animation & Capture,"Graphics, Animation & Modelling",2020,1,1
114,Facial Animation & Capture,"Graphics, Animation & Modelling",2021,0,4
114,Facial Animation & Capture,"Graphics, Animation & Modelling",2022,0,3
114,Facial Animation & Capture,"Graphics, Animation & Modelling",2023,0,4
114,Facial Animation & Capture,"Graphics, Animation & Modelling",2024,0,2
114,Facial Animation & Capture,"Graphics, Animation & Modelling",2025,0,1
114,Facial Animation & Capture,"Graphics, Animation & Modelling",2026,1,0
115,Image-based Rendering & Light Fields,"Graphics, Animation & Modelling",1995,1,0
115,Image-based Rendering & Light Fields,"Graphics, Animation & Modelling",2012,1,0
115,Image-based Rendering & Light Fields,"Graphics, Animation & Modelling",2013,3,2
115,Image-based Rendering & Light Fields,"Graphics, Animation & Modelling",2016,0,1
115,Image-based Rendering & Light Fields,"Graphics, Animation & Modelling",2017,0,4
115,Image-based Rendering & Light Fields,"Graphics, Animation & Modelling",2018,0,1
115,Image-based Rendering & Light Fields,"Graphics, Animation & Modelling",2025,1,0
116,3D Reconstruction & Motion Capture,"Graphics, Animation & Modelling",2009,1,0
116,3D Reconstruction & Motion Capture,"Graphics, Animation & Modelling",2011,1,0
116,3D Reconstruction & Motion Capture,"Graphics, Animation & Modelling",2012,0,10
116,3D Reconstruction & Motion Capture,"Graphics, Animation & Modelling",2013,0,5
116,3D Reconstruction & Motion Capture,"Graphics, Animation & Modelling",2014,1,3
116,3D Reconstruction & Motion Capture,"Graphics, Animation & Modelling",2015,0,1
116,3D Reconstruction & Motion Capture,"Graphics, Animation & Modelling",2016,0,3
116,3D Reconstruction & Motion Capture,"Graphics, Animation & Modelling",2017,0,4
116,3D Reconstruction & Motion Capture,"Graphics, Animation & Modelling",2018,0,3
116,3D Reconstruction & Motion Capture,"Graphics, Animation & Modelling",2019,0,2
116,3D Reconstruction & Motion Capture,"Graphics, Animation & Modelling",2020,0,2
116,3D Reconstruction & Motion Capture,"Graphics, Animation & Modelling",2021,3,5
116,3D Reconstruction & Motion Capture,"Graphics, Animation & Modelling",2022,1,8
116,3D Reconstruction & Motion Capture,"Graphics, Animation & Modelling",2023,4,10
116,3D Reconstruction & Motion Capture,"Graphics, Animation & Modelling",2024,6,29
116,3D Reconstruction & Motion Capture,"Graphics, Animation & Modelling",2025,8,45
116,3D Reconstruction & Motion Capture,"Graphics, Animation & Modelling",2026,0,22
117,Gesture Generation & Simulation,"Graphics, Animation & Modelling",1985,1,0
117,Gesture Generation & Simulation,"Graphics, Animation & Modelling",1986,1,0
117,Gesture Generation & Simulation,"Graphics, Animation & Modelling",1988,1,0
117,Gesture Generation & Simulation,"Graphics, Animation & Modelling",1990,0,1
117,Gesture Generation & Simulation,"Graphics, Animation & Modelling",1992,1,0
117,Gesture Generation & Simulation,"Graphics, Animation & Modelling",1996,1,0
117,Gesture Generation & Simulation,"Graphics, Animation & Modelling",1999,1,0
117,Gesture Generation & Simulation,"Graphics, Animation & Modelling",2003,1,0
117,Gesture Generation & Simulation,"Graphics, Animation & Modelling",2005,1,3
117,Gesture Generation & Simulation,"Graphics, Animation & Modelling",2006,1,1
117,Gesture Generation & Simulation,"Graphics, Animation & Modelling",2008,0,1
117,Gesture Generation & Simulation,"Graphics, Animation & Modelling",2010,2,3
117,Gesture Generation & Simulation,"Graphics, Animation & Modelling",2011,1,0
117,Gesture Generation & Simulation,"Graphics, Animation & Modelling",2012,0,1
117,Gesture Generation & Simulation,"Graphics, Animation & Modelling",2013,0,1
117,Gesture Generation & Simulation,"Graphics, Animation & Modelling",2014,0,4
117,Gesture Generation & Simulation,"Graphics, Animation & Modelling",2015,1,1
117,Gesture Generation & Simulation,"Graphics, Animation & Modelling",2018,1,0
117,Gesture Generation & Simulation,"Graphics, Animation & Modelling",2019,0,2
117,Gesture Generation & Simulation,"Graphics, Animation & Modelling",2021,2,2
117,Gesture Generation & Simulation,"Graphics, Animation & Modelling",2022,1,1
117,Gesture Generation & Simulation,"Graphics, Animation & Modelling",2023,2,3
117,Gesture Generation & Simulation,"Graphics, Animation & Modelling",2024,2,2
117,Gesture Generation & Simulation,"Graphics, Animation & Modelling",2025,1,2
117,Gesture Generation & Simulation,"Graphics, Animation & Modelling",2026,0,4
118,Public & Ambient Displays,3D Pointing & VR Interaction,1982,1,0
118,Public & Ambient Displays,3D Pointing & VR Interaction,1990,1,0
118,Public & Ambient Displays,3D Pointing & VR Interaction,1991,2,1
118,Public & Ambient Displays,3D Pointing & VR Interaction,1992,3,5
118,Public & Ambient Displays,3D Pointing & VR Interaction,1994,1,2
118,Public & Ambient Displays,3D Pointing & VR Interaction,1995,2,2
118,Public & Ambient Displays,3D Pointing & VR Interaction,1996,2,1
118,Public & Ambient Displays,3D Pointing & VR Interaction,1997,5,4
118,Public & Ambient Displays,3D Pointing & VR Interaction,1998,7,13
118,Public & Ambient Displays,3D Pointing & VR Interaction,1999,5,19
118,Public & Ambient Displays,3D Pointing & VR Interaction,2000,6,28
118,Public & Ambient Displays,3D Pointing & VR Interaction,2001,14,50
118,Public & Ambient Displays,3D Pointing & VR Interaction,2002,17,39
118,Public & Ambient Displays,3D Pointing & VR Interaction,2003,14,61
118,Public & Ambient Displays,3D Pointing & VR Interaction,2004,26,157
118,Public & Ambient Displays,3D Pointing & VR Interaction,2005,5,69
118,Public & Ambient Displays,3D Pointing & VR Interaction,2006,15,125
118,Public & Ambient Displays,3D Pointing & VR Interaction,2007,16,84
118,Public & Ambient Displays,3D Pointing & VR Interaction,2008,25,153
118,Public & Ambient Displays,3D Pointing & VR Interaction,2009,21,131
118,Public & Ambient Displays,3D Pointing & VR Interaction,2010,23,157
118,Public & Ambient Displays,3D Pointing & VR Interaction,2011,30,196
118,Public & Ambient Displays,3D Pointing & VR Interaction,2012,33,275
118,Public & Ambient Displays,3D Pointing & VR Interaction,2013,32,264
118,Public & Ambient Displays,3D Pointing & VR Interaction,2014,46,359
118,Public & Ambient Displays,3D Pointing & VR Interaction,2015,36,334
118,Public & Ambient Displays,3D Pointing & VR Interaction,2016,33,396
118,Public & Ambient Displays,3D Pointing & VR Interaction,2017,30,438
118,Public & Ambient Displays,3D Pointing & VR Interaction,2018,32,484
118,Public & Ambient Displays,3D Pointing & VR Interaction,2019,16,426
118,Public & Ambient Displays,3D Pointing & VR Interaction,2020,23,422
118,Public & Ambient Displays,3D Pointing & VR Interaction,2021,15,380
118,Public & Ambient Displays,3D Pointing & VR Interaction,2022,15,418
118,Public & Ambient Displays,3D Pointing & VR Interaction,2023,12,422
118,Public & Ambient Displays,3D Pointing & VR Interaction,2024,6,246
118,Public & Ambient Displays,3D Pointing & VR Interaction,2025,7,279
118,Public & Ambient Displays,3D Pointing & VR Interaction,2026,4,168
119,Telepresence & Remote Collaboration,3D Pointing & VR Interaction,1986,1,0
119,Telepresence & Remote Collaboration,3D Pointing & VR Interaction,1990,1,0
119,Telepresence & Remote Collaboration,3D Pointing & VR Interaction,1991,2,3
119,Telepresence & Remote Collaboration,3D Pointing & VR Interaction,1992,5,18
119,Telepresence & Remote Collaboration,3D Pointing & VR Interaction,1994,2,11
119,Telepresence & Remote Collaboration,3D Pointing & VR Interaction,1995,2,8
119,Telepresence & Remote Collaboration,3D Pointing & VR Interaction,1996,2,14
119,Telepresence & Remote Collaboration,3D Pointing & VR Interaction,1997,0,9
119,Telepresence & Remote Collaboration,3D Pointing & VR Interaction,1998,5,16
119,Telepresence & Remote Collaboration,3D Pointing & VR Interaction,1999,2,7
119,Telepresence & Remote Collaboration,3D Pointing & VR Interaction,2000,6,33
119,Telepresence & Remote Collaboration,3D Pointing & VR Interaction,2001,3,7
119,Telepresence & Remote Collaboration,3D Pointing & VR Interaction,2002,9,19
119,Telepresence & Remote Collaboration,3D Pointing & VR Interaction,2003,3,26
119,Telepresence & Remote Collaboration,3D Pointing & VR Interaction,2004,6,50
119,Telepresence & Remote Collaboration,3D Pointing & VR Interaction,2005,2,26
119,Telepresence & Remote Collaboration,3D Pointing & VR Interaction,2006,10,49
119,Telepresence & Remote Collaboration,3D Pointing & VR Interaction,2007,6,49
119,Telepresence & Remote Collaboration,3D Pointing & VR Interaction,2008,6,32
119,Telepresence & Remote Collaboration,3D Pointing & VR Interaction,2009,4,21
119,Telepresence & Remote Collaboration,3D Pointing & VR Interaction,2010,8,55
119,Telepresence & Remote Collaboration,3D Pointing & VR Interaction,2011,18,97
119,Telepresence & Remote Collaboration,3D Pointing & VR Interaction,2012,16,97
119,Telepresence & Remote Collaboration,3D Pointing & VR Interaction,2013,11,115
119,Telepresence & Remote Collaboration,3D Pointing & VR Interaction,2014,15,138
119,Telepresence & Remote Collaboration,3D Pointing & VR Interaction,2015,14,139
119,Telepresence & Remote Collaboration,3D Pointing & VR Interaction,2016,21,190
119,Telepresence & Remote Collaboration,3D Pointing & VR Interaction,2017,28,295
119,Telepresence & Remote Collaboration,3D Pointing & VR Interaction,2018,21,302
119,Telepresence & Remote Collaboration,3D Pointing & VR Interaction,2019,23,254
119,Telepresence & Remote Collaboration,3D Pointing & VR Interaction,2020,14,199
119,Telepresence & Remote Collaboration,3D Pointing & VR Interaction,2021,25,419
119,Telepresence & Remote Collaboration,3D Pointing & VR Interaction,2022,24,427
119,Telepresence & Remote Collaboration,3D Pointing & VR Interaction,2023,34,562
119,Telepresence & Remote Collaboration,3D Pointing & VR Interaction,2024,36,588
119,Telepresence & Remote Collaboration,3D Pointing & VR Interaction,2025,35,685
119,Telepresence & Remote Collaboration,3D Pointing & VR Interaction,2026,17,354
120,Real-time Groupware,3D Pointing & VR Interaction,1982,2,0
120,Real-time Groupware,3D Pointing & VR Interaction,1983,1,1
120,Real-time Groupware,3D Pointing & VR Interaction,1985,1,1
120,Real-time Groupware,3D Pointing & VR Interaction,1986,10,2
120,Real-time Groupware,3D Pointing & VR Interaction,1988,13,9
120,Real-time Groupware,3D Pointing & VR Interaction,1989,4,7
120,Real-time Groupware,3D Pointing & VR Interaction,1990,19,55
120,Real-time Groupware,3D Pointing & VR Interaction,1991,15,35
120,Real-time Groupware,3D Pointing & VR Interaction,1992,37,148
120,Real-time Groupware,3D Pointing & VR Interaction,1993,3,16
120,Real-time Groupware,3D Pointing & VR Interaction,1994,26,122
120,Real-time Groupware,3D Pointing & VR Interaction,1995,17,71
120,Real-time Groupware,3D Pointing & VR Interaction,1996,31,202
120,Real-time Groupware,3D Pointing & VR Interaction,1997,17,88
120,Real-time Groupware,3D Pointing & VR Interaction,1998,31,209
120,Real-time Groupware,3D Pointing & VR Interaction,1999,4,76
120,Real-time Groupware,3D Pointing & VR Interaction,2000,26,151
120,Real-time Groupware,3D Pointing & VR Interaction,2001,6,44
120,Real-time Groupware,3D Pointing & VR Interaction,2002,15,140
120,Real-time Groupware,3D Pointing & VR Interaction,2003,6,47
120,Real-time Groupware,3D Pointing & VR Interaction,2004,20,195
120,Real-time Groupware,3D Pointing & VR Interaction,2005,5,71
120,Real-time Groupware,3D Pointing & VR Interaction,2006,20,172
120,Real-time Groupware,3D Pointing & VR Interaction,2007,5,43
120,Real-time Groupware,3D Pointing & VR Interaction,2008,8,102
120,Real-time Groupware,3D Pointing & VR Interaction,2009,9,53
120,Real-time Groupware,3D Pointing & VR Interaction,2010,10,83
120,Real-time Groupware,3D Pointing & VR Interaction,2011,16,121
120,Real-time Groupware,3D Pointing & VR Interaction,2012,26,177
120,Real-time Groupware,3D Pointing & VR Interaction,2013,9,98
120,Real-time Groupware,3D Pointing & VR Interaction,2014,12,124
120,Real-time Groupware,3D Pointing & VR Interaction,2015,4,100
120,Real-time Groupware,3D Pointing & VR Interaction,2016,6,108
120,Real-time Groupware,3D Pointing & VR Interaction,2017,9,159
120,Real-time Groupware,3D Pointing & VR Interaction,2018,4,134
120,Real-time Groupware,3D Pointing & VR Interaction,2019,3,119
120,Real-time Groupware,3D Pointing & VR Interaction,2020,2,113
120,Real-time Groupware,3D Pointing & VR Interaction,2021,2,120
120,Real-time Groupware,3D Pointing & VR Interaction,2022,5,168
120,Real-time Groupware,3D Pointing & VR Interaction,2023,9,154
120,Real-time Groupware,3D Pointing & VR Interaction,2024,5,132
120,Real-time Groupware,3D Pointing & VR Interaction,2025,3,183
120,Real-time Groupware,3D Pointing & VR Interaction,2026,4,57
121,VR Locomotion,3D Pointing & VR Interaction,1983,2,0
121,VR Locomotion,3D Pointing & VR Interaction,1986,1,1
121,VR Locomotion,3D Pointing & VR Interaction,1993,1,0
121,VR Locomotion,3D Pointing & VR Interaction,1995,2,1
121,VR Locomotion,3D Pointing & VR Interaction,1996,1,4
121,VR Locomotion,3D Pointing & VR Interaction,1997,2,4
121,VR Locomotion,3D Pointing & VR Interaction,1998,1,7
121,VR Locomotion,3D Pointing & VR Interaction,1999,1,2
121,VR Locomotion,3D Pointing & VR Interaction,2000,0,3
121,VR Locomotion,3D Pointing & VR Interaction,2001,1,7
121,VR Locomotion,3D Pointing & VR Interaction,2002,2,13
121,VR Locomotion,3D Pointing & VR Interaction,2003,0,2
121,VR Locomotion,3D Pointing & VR Interaction,2004,3,5
121,VR Locomotion,3D Pointing & VR Interaction,2005,0,1
121,VR Locomotion,3D Pointing & VR Interaction,2006,1,5
121,VR Locomotion,3D Pointing & VR Interaction,2007,0,2
121,VR Locomotion,3D Pointing & VR Interaction,2008,1,4
121,VR Locomotion,3D Pointing & VR Interaction,2009,1,3
121,VR Locomotion,3D Pointing & VR Interaction,2010,1,4
121,VR Locomotion,3D Pointing & VR Interaction,2011,2,6
121,VR Locomotion,3D Pointing & VR Interaction,2012,0,2
121,VR Locomotion,3D Pointing & VR Interaction,2013,0,3
121,VR Locomotion,3D Pointing & VR Interaction,2014,3,5
121,VR Locomotion,3D Pointing & VR Interaction,2015,3,10
121,VR Locomotion,3D Pointing & VR Interaction,2016,5,14
121,VR Locomotion,3D Pointing & VR Interaction,2017,4,28
121,VR Locomotion,3D Pointing & VR Interaction,2018,11,70
121,VR Locomotion,3D Pointing & VR Interaction,2019,14,80
121,VR Locomotion,3D Pointing & VR Interaction,2020,7,99
121,VR Locomotion,3D Pointing & VR Interaction,2021,7,86
121,VR Locomotion,3D Pointing & VR Interaction,2022,9,134
121,VR Locomotion,3D Pointing & VR Interaction,2023,16,145
121,VR Locomotion,3D Pointing & VR Interaction,2024,14,174
121,VR Locomotion,3D Pointing & VR Interaction,2025,13,201
121,VR Locomotion,3D Pointing & VR Interaction,2026,8,96
122,AR Authoring & Prototyping,3D Pointing & VR Interaction,1993,1,0
122,AR Authoring & Prototyping,3D Pointing & VR Interaction,1995,1,0
122,AR Authoring & Prototyping,3D Pointing & VR Interaction,1997,1,0
122,AR Authoring & Prototyping,3D Pointing & VR Interaction,1998,5,2
122,AR Authoring & Prototyping,3D Pointing & VR Interaction,2000,2,0
122,AR Authoring & Prototyping,3D Pointing & VR Interaction,2001,2,2
122,AR Authoring & Prototyping,3D Pointing & VR Interaction,2002,4,6
122,AR Authoring & Prototyping,3D Pointing & VR Interaction,2003,1,2
122,AR Authoring & Prototyping,3D Pointing & VR Interaction,2004,3,4
122,AR Authoring & Prototyping,3D Pointing & VR Interaction,2005,0,5
122,AR Authoring & Prototyping,3D Pointing & VR Interaction,2006,2,8
122,AR Authoring & Prototyping,3D Pointing & VR Interaction,2007,1,7
122,AR Authoring & Prototyping,3D Pointing & VR Interaction,2008,3,12
122,AR Authoring & Prototyping,3D Pointing & VR Interaction,2009,0,4
122,AR Authoring & Prototyping,3D Pointing & VR Interaction,2010,4,8
122,AR Authoring & Prototyping,3D Pointing & VR Interaction,2011,2,8
122,AR Authoring & Prototyping,3D Pointing & VR Interaction,2012,8,11
122,AR Authoring & Prototyping,3D Pointing & VR Interaction,2013,3,19
122,AR Authoring & Prototyping,3D Pointing & VR Interaction,2014,4,13
122,AR Authoring & Prototyping,3D Pointing & VR Interaction,2015,7,21
122,AR Authoring & Prototyping,3D Pointing & VR Interaction,2016,11,56
122,AR Authoring & Prototyping,3D Pointing & VR Interaction,2017,6,38
122,AR Authoring & Prototyping,3D Pointing & VR Interaction,2018,17,76
122,AR Authoring & Prototyping,3D Pointing & VR Interaction,2019,16,101
122,AR Authoring & Prototyping,3D Pointing & VR Interaction,2020,22,143
122,AR Authoring & Prototyping,3D Pointing & VR Interaction,2021,21,213
122,AR Authoring & Prototyping,3D Pointing & VR Interaction,2022,18,299
122,AR Authoring & Prototyping,3D Pointing & VR Interaction,2023,28,392
122,AR Authoring & Prototyping,3D Pointing & VR Interaction,2024,38,440
122,AR Authoring & Prototyping,3D Pointing & VR Interaction,2025,43,630
122,AR Authoring & Prototyping,3D Pointing & VR Interaction,2026,26,398
123,VR Presence & Avatars,3D Pointing & VR Interaction,2011,1,0
123,VR Presence & Avatars,3D Pointing & VR Interaction,2012,1,5
123,VR Presence & Avatars,3D Pointing & VR Interaction,2013,2,7
123,VR Presence & Avatars,3D Pointing & VR Interaction,2014,0,7
123,VR Presence & Avatars,3D Pointing & VR Interaction,2015,2,6
123,VR Presence & Avatars,3D Pointing & VR Interaction,2016,0,13
123,VR Presence & Avatars,3D Pointing & VR Interaction,2017,5,28
123,VR Presence & Avatars,3D Pointing & VR Interaction,2018,6,27
123,VR Presence & Avatars,3D Pointing & VR Interaction,2019,9,51
123,VR Presence & Avatars,3D Pointing & VR Interaction,2020,10,104
123,VR Presence & Avatars,3D Pointing & VR Interaction,2021,13,101
123,VR Presence & Avatars,3D Pointing & VR Interaction,2022,3,119
123,VR Presence & Avatars,3D Pointing & VR Interaction,2023,18,151
123,VR Presence & Avatars,3D Pointing & VR Interaction,2024,22,207
123,VR Presence & Avatars,3D Pointing & VR Interaction,2025,16,218
123,VR Presence & Avatars,3D Pointing & VR Interaction,2026,16,207
124,Avatars & Social VR,3D Pointing & VR Interaction,1995,1,0
124,Avatars & Social VR,3D Pointing & VR Interaction,1996,0,2
124,Avatars & Social VR,3D Pointing & VR Interaction,1997,0,1
124,Avatars & Social VR,3D Pointing & VR Interaction,1998,0,1
124,Avatars & Social VR,3D Pointing & VR Interaction,1999,0,3
124,Avatars & Social VR,3D Pointing & VR Interaction,2000,1,0
124,Avatars & Social VR,3D Pointing & VR Interaction,2002,0,2
124,Avatars & Social VR,3D Pointing & VR Interaction,2003,1,1
124,Avatars & Social VR,3D Pointing & VR Interaction,2004,0,3
124,Avatars & Social VR,3D Pointing & VR Interaction,2005,0,1
124,Avatars & Social VR,3D Pointing & VR Interaction,2006,1,3
124,Avatars & Social VR,3D Pointing & VR Interaction,2007,2,3
124,Avatars & Social VR,3D Pointing & VR Interaction,2008,1,6
124,Avatars & Social VR,3D Pointing & VR Interaction,2009,1,0
124,Avatars & Social VR,3D Pointing & VR Interaction,2010,1,3
124,Avatars & Social VR,3D Pointing & VR Interaction,2011,2,4
124,Avatars & Social VR,3D Pointing & VR Interaction,2012,0,6
124,Avatars & Social VR,3D Pointing & VR Interaction,2013,1,2
124,Avatars & Social VR,3D Pointing & VR Interaction,2014,1,14
124,Avatars & Social VR,3D Pointing & VR Interaction,2015,4,9
124,Avatars & Social VR,3D Pointing & VR Interaction,2016,1,11
124,Avatars & Social VR,3D Pointing & VR Interaction,2017,6,22
124,Avatars & Social VR,3D Pointing & VR Interaction,2018,7,22
124,Avatars & Social VR,3D Pointing & VR Interaction,2019,8,40
124,Avatars & Social VR,3D Pointing & VR Interaction,2020,10,55
124,Avatars & Social VR,3D Pointing & VR Interaction,2021,16,93
124,Avatars & Social VR,3D Pointing & VR Interaction,2022,17,137
124,Avatars & Social VR,3D Pointing & VR Interaction,2023,25,306
124,Avatars & Social VR,3D Pointing & VR Interaction,2024,26,361
124,Avatars & Social VR,3D Pointing & VR Interaction,2025,42,681
124,Avatars & Social VR,3D Pointing & VR Interaction,2026,26,365
125,Immersive Mixed Reality,3D Pointing & VR Interaction,1991,1,0
125,Immersive Mixed Reality,3D Pointing & VR Interaction,1993,1,1
125,Immersive Mixed Reality,3D Pointing & VR Interaction,1994,1,2
125,Immersive Mixed Reality,3D Pointing & VR Interaction,1995,0,2
125,Immersive Mixed Reality,3D Pointing & VR Interaction,1996,1,2
125,Immersive Mixed Reality,3D Pointing & VR Interaction,1997,0,2
125,Immersive Mixed Reality,3D Pointing & VR Interaction,1998,0,1
125,Immersive Mixed Reality,3D Pointing & VR Interaction,1999,0,2
125,Immersive Mixed Reality,3D Pointing & VR Interaction,2000,0,1
125,Immersive Mixed Reality,3D Pointing & VR Interaction,2001,1,5
125,Immersive Mixed Reality,3D Pointing & VR Interaction,2002,0,3
125,Immersive Mixed Reality,3D Pointing & VR Interaction,2004,0,1
125,Immersive Mixed Reality,3D Pointing & VR Interaction,2005,1,0
125,Immersive Mixed Reality,3D Pointing & VR Interaction,2006,0,2
125,Immersive Mixed Reality,3D Pointing & VR Interaction,2007,2,5
125,Immersive Mixed Reality,3D Pointing & VR Interaction,2008,0,2
125,Immersive Mixed Reality,3D Pointing & VR Interaction,2009,2,0
125,Immersive Mixed Reality,3D Pointing & VR Interaction,2010,0,2
125,Immersive Mixed Reality,3D Pointing & VR Interaction,2011,1,2
125,Immersive Mixed Reality,3D Pointing & VR Interaction,2012,1,3
125,Immersive Mixed Reality,3D Pointing & VR Interaction,2013,2,1
125,Immersive Mixed Reality,3D Pointing & VR Interaction,2014,2,6
125,Immersive Mixed Reality,3D Pointing & VR Interaction,2015,4,12
125,Immersive Mixed Reality,3D Pointing & VR Interaction,2016,2,7
125,Immersive Mixed Reality,3D Pointing & VR Interaction,2017,4,12
125,Immersive Mixed Reality,3D Pointing & VR Interaction,2018,4,22
125,Immersive Mixed Reality,3D Pointing & VR Interaction,2019,7,22
125,Immersive Mixed Reality,3D Pointing & VR Interaction,2020,12,32
125,Immersive Mixed Reality,3D Pointing & VR Interaction,2021,14,76
125,Immersive Mixed Reality,3D Pointing & VR Interaction,2022,10,134
125,Immersive Mixed Reality,3D Pointing & VR Interaction,2023,19,230
125,Immersive Mixed Reality,3D Pointing & VR Interaction,2024,22,278
125,Immersive Mixed Reality,3D Pointing & VR Interaction,2025,18,247
125,Immersive Mixed Reality,3D Pointing & VR Interaction,2026,14,210
126,Asymmetric Mixed Reality,3D Pointing & VR Interaction,1997,1,0
126,Asymmetric Mixed Reality,3D Pointing & VR Interaction,2000,1,0
126,Asymmetric Mixed Reality,3D Pointing & VR Interaction,2001,0,1
126,Asymmetric Mixed Reality,3D Pointing & VR Interaction,2002,0,1
126,Asymmetric Mixed Reality,3D Pointing & VR Interaction,2003,1,1
126,Asymmetric Mixed Reality,3D Pointing & VR Interaction,2004,0,5
126,Asymmetric Mixed Reality,3D Pointing & VR Interaction,2005,0,2
126,Asymmetric Mixed Reality,3D Pointing & VR Interaction,2006,0,4
126,Asymmetric Mixed Reality,3D Pointing & VR Interaction,2007,1,1
126,Asymmetric Mixed Reality,3D Pointing & VR Interaction,2008,1,5
126,Asymmetric Mixed Reality,3D Pointing & VR Interaction,2009,0,4
126,Asymmetric Mixed Reality,3D Pointing & VR Interaction,2010,1,2
126,Asymmetric Mixed Reality,3D Pointing & VR Interaction,2011,1,3
126,Asymmetric Mixed Reality,3D Pointing & VR Interaction,2012,3,3
126,Asymmetric Mixed Reality,3D Pointing & VR Interaction,2013,0,6
126,Asymmetric Mixed Reality,3D Pointing & VR Interaction,2014,5,17
126,Asymmetric Mixed Reality,3D Pointing & VR Interaction,2015,4,16
126,Asymmetric Mixed Reality,3D Pointing & VR Interaction,2016,6,32
126,Asymmetric Mixed Reality,3D Pointing & VR Interaction,2017,7,35
126,Asymmetric Mixed Reality,3D Pointing & VR Interaction,2018,9,47
126,Asymmetric Mixed Reality,3D Pointing & VR Interaction,2019,6,50
126,Asymmetric Mixed Reality,3D Pointing & VR Interaction,2020,7,80
126,Asymmetric Mixed Reality,3D Pointing & VR Interaction,2021,11,97
126,Asymmetric Mixed Reality,3D Pointing & VR Interaction,2022,8,117
126,Asymmetric Mixed Reality,3D Pointing & VR Interaction,2023,9,147
126,Asymmetric Mixed Reality,3D Pointing & VR Interaction,2024,14,177
126,Asymmetric Mixed Reality,3D Pointing & VR Interaction,2025,17,270
126,Asymmetric Mixed Reality,3D Pointing & VR Interaction,2026,9,144
127,AR Depth Perception,3D Pointing & VR Interaction,1992,1,0
127,AR Depth Perception,3D Pointing & VR Interaction,1995,1,0
127,AR Depth Perception,3D Pointing & VR Interaction,1997,1,0
127,AR Depth Perception,3D Pointing & VR Interaction,1999,1,1
127,AR Depth Perception,3D Pointing & VR Interaction,2000,1,1
127,AR Depth Perception,3D Pointing & VR Interaction,2001,3,2
127,AR Depth Perception,3D Pointing & VR Interaction,2002,4,4
127,AR Depth Perception,3D Pointing & VR Interaction,2003,5,6
127,AR Depth Perception,3D Pointing & VR Interaction,2004,3,11
127,AR Depth Perception,3D Pointing & VR Interaction,2005,5,11
127,AR Depth Perception,3D Pointing & VR Interaction,2006,2,4
127,AR Depth Perception,3D Pointing & VR Interaction,2007,1,4
127,AR Depth Perception,3D Pointing & VR Interaction,2008,3,5
127,AR Depth Perception,3D Pointing & VR Interaction,2009,1,2
127,AR Depth Perception,3D Pointing & VR Interaction,2010,1,4
127,AR Depth Perception,3D Pointing & VR Interaction,2011,3,13
127,AR Depth Perception,3D Pointing & VR Interaction,2012,5,9
127,AR Depth Perception,3D Pointing & VR Interaction,2013,2,8
127,AR Depth Perception,3D Pointing & VR Interaction,2014,3,16
127,AR Depth Perception,3D Pointing & VR Interaction,2015,1,13
127,AR Depth Perception,3D Pointing & VR Interaction,2016,1,7
127,AR Depth Perception,3D Pointing & VR Interaction,2017,2,13
127,AR Depth Perception,3D Pointing & VR Interaction,2018,2,10
127,AR Depth Perception,3D Pointing & VR Interaction,2019,4,10
127,AR Depth Perception,3D Pointing & VR Interaction,2020,4,18
127,AR Depth Perception,3D Pointing & VR Interaction,2021,5,10
127,AR Depth Perception,3D Pointing & VR Interaction,2022,1,13
127,AR Depth Perception,3D Pointing & VR Interaction,2023,0,6
127,AR Depth Perception,3D Pointing & VR Interaction,2024,0,9
127,AR Depth Perception,3D Pointing & VR Interaction,2025,1,9
127,AR Depth Perception,3D Pointing & VR Interaction,2026,1,1
128,In-car & Video AR,3D Pointing & VR Interaction,2000,1,0
128,In-car & Video AR,3D Pointing & VR Interaction,2005,1,0
128,In-car & Video AR,3D Pointing & VR Interaction,2006,1,0
128,In-car & Video AR,3D Pointing & VR Interaction,2007,1,0
128,In-car & Video AR,3D Pointing & VR Interaction,2009,2,1
128,In-car & Video AR,3D Pointing & VR Interaction,2010,1,0
128,In-car & Video AR,3D Pointing & VR Interaction,2011,1,1
128,In-car & Video AR,3D Pointing & VR Interaction,2012,3,2
128,In-car & Video AR,3D Pointing & VR Interaction,2013,2,5
128,In-car & Video AR,3D Pointing & VR Interaction,2014,0,4
128,In-car & Video AR,3D Pointing & VR Interaction,2015,0,5
128,In-car & Video AR,3D Pointing & VR Interaction,2016,1,7
128,In-car & Video AR,3D Pointing & VR Interaction,2017,9,17
128,In-car & Video AR,3D Pointing & VR Interaction,2018,4,23
128,In-car & Video AR,3D Pointing & VR Interaction,2019,3,30
128,In-car & Video AR,3D Pointing & VR Interaction,2020,4,28
128,In-car & Video AR,3D Pointing & VR Interaction,2021,2,47
128,In-car & Video AR,3D Pointing & VR Interaction,2022,4,34
128,In-car & Video AR,3D Pointing & VR Interaction,2023,4,40
128,In-car & Video AR,3D Pointing & VR Interaction,2024,7,48
128,In-car & Video AR,3D Pointing & VR Interaction,2025,8,70
128,In-car & Video AR,3D Pointing & VR Interaction,2026,3,23
129,Neural Scene Reconstruction,3D Pointing & VR Interaction,2007,1,0
129,Neural Scene Reconstruction,3D Pointing & VR Interaction,2015,1,0
129,Neural Scene Reconstruction,3D Pointing & VR Interaction,2016,1,1
129,Neural Scene Reconstruction,3D Pointing & VR Interaction,2017,2,2
129,Neural Scene Reconstruction,3D Pointing & VR Interaction,2018,0,1
129,Neural Scene Reconstruction,3D Pointing & VR Interaction,2019,0,3
129,Neural Scene Reconstruction,3D Pointing & VR Interaction,2022,0,1
129,Neural Scene Reconstruction,3D Pointing & VR Interaction,2024,0,2
129,Neural Scene Reconstruction,3D Pointing & VR Interaction,2025,3,2
129,Neural Scene Reconstruction,3D Pointing & VR Interaction,2026,0,3
130,Haptics & Touch Feedback (haptic),Haptics & Touch Feedback,1997,1,0
130,Haptics & Touch Feedback (haptic),Haptics & Touch Feedback,1998,1,1
130,Haptics & Touch Feedback (haptic),Haptics & Touch Feedback,2000,2,1
130,Haptics & Touch Feedback (haptic),Haptics & Touch Feedback,2002,2,1
130,Haptics & Touch Feedback (haptic),Haptics & Touch Feedback,2003,2,8
130,Haptics & Touch Feedback (haptic),Haptics & Touch Feedback,2004,1,4
130,Haptics & Touch Feedback (haptic),Haptics & Touch Feedback,2005,0,5
130,Haptics & Touch Feedback (haptic),Haptics & Touch Feedback,2006,1,7
130,Haptics & Touch Feedback (haptic),Haptics & Touch Feedback,2007,1,9
130,Haptics & Touch Feedback (haptic),Haptics & Touch Feedback,2008,3,16
130,Haptics & Touch Feedback (haptic),Haptics & Touch Feedback,2009,3,26
130,Haptics & Touch Feedback (haptic),Haptics & Touch Feedback,2010,3,23
130,Haptics & Touch Feedback (haptic),Haptics & Touch Feedback,2011,6,28
130,Haptics & Touch Feedback (haptic),Haptics & Touch Feedback,2012,2,20
130,Haptics & Touch Feedback (haptic),Haptics & Touch Feedback,2013,6,38
130,Haptics & Touch Feedback (haptic),Haptics & Touch Feedback,2014,2,22
130,Haptics & Touch Feedback (haptic),Haptics & Touch Feedback,2015,3,35
130,Haptics & Touch Feedback (haptic),Haptics & Touch Feedback,2016,5,47
130,Haptics & Touch Feedback (haptic),Haptics & Touch Feedback,2017,8,59
130,Haptics & Touch Feedback (haptic),Haptics & Touch Feedback,2018,1,31
130,Haptics & Touch Feedback (haptic),Haptics & Touch Feedback,2019,5,72
130,Haptics & Touch Feedback (haptic),Haptics & Touch Feedback,2020,6,59
130,Haptics & Touch Feedback (haptic),Haptics & Touch Feedback,2021,3,52
130,Haptics & Touch Feedback (haptic),Haptics & Touch Feedback,2022,5,64
130,Haptics & Touch Feedback (haptic),Haptics & Touch Feedback,2023,4,56
130,Haptics & Touch Feedback (haptic),Haptics & Touch Feedback,2024,8,76
130,Haptics & Touch Feedback (haptic),Haptics & Touch Feedback,2025,5,98
130,Haptics & Touch Feedback (haptic),Haptics & Touch Feedback,2026,4,53
131,Force Feedback Devices,Haptics & Touch Feedback,2009,2,0
131,Force Feedback Devices,Haptics & Touch Feedback,2012,2,0
131,Force Feedback Devices,Haptics & Touch Feedback,2013,0,2
131,Force Feedback Devices,Haptics & Touch Feedback,2014,1,1
131,Force Feedback Devices,Haptics & Touch Feedback,2015,1,8
131,Force Feedback Devices,Haptics & Touch Feedback,2016,5,5
131,Force Feedback Devices,Haptics & Touch Feedback,2017,4,24
131,Force Feedback Devices,Haptics & Touch Feedback,2018,13,74
131,Force Feedback Devices,Haptics & Touch Feedback,2019,17,166
131,Force Feedback Devices,Haptics & Touch Feedback,2020,12,243
131,Force Feedback Devices,Haptics & Touch Feedback,2021,14,202
131,Force Feedback Devices,Haptics & Touch Feedback,2022,11,227
131,Force Feedback Devices,Haptics & Touch Feedback,2023,12,220
131,Force Feedback Devices,Haptics & Touch Feedback,2024,18,296
131,Force Feedback Devices,Haptics & Touch Feedback,2025,14,305
131,Force Feedback Devices,Haptics & Touch Feedback,2026,9,193
132,Vibrotactile Feedback,Haptics & Touch Feedback,2001,2,0
132,Vibrotactile Feedback,Haptics & Touch Feedback,2002,1,1
132,Vibrotactile Feedback,Haptics & Touch Feedback,2003,0,2
132,Vibrotactile Feedback,Haptics & Touch Feedback,2004,4,1
132,Vibrotactile Feedback,Haptics & Touch Feedback,2005,1,2
132,Vibrotactile Feedback,Haptics & Touch Feedback,2006,0,1
132,Vibrotactile Feedback,Haptics & Touch Feedback,2007,3,3
132,Vibrotactile Feedback,Haptics & Touch Feedback,2008,1,6
132,Vibrotactile Feedback,Haptics & Touch Feedback,2009,4,5
132,Vibrotactile Feedback,Haptics & Touch Feedback,2010,5,21
132,Vibrotactile Feedback,Haptics & Touch Feedback,2011,7,10
132,Vibrotactile Feedback,Haptics & Touch Feedback,2012,6,17
132,Vibrotactile Feedback,Haptics & Touch Feedback,2013,7,28
132,Vibrotactile Feedback,Haptics & Touch Feedback,2014,5,23
132,Vibrotactile Feedback,Haptics & Touch Feedback,2015,11,52
132,Vibrotactile Feedback,Haptics & Touch Feedback,2016,9,79
132,Vibrotactile Feedback,Haptics & Touch Feedback,2017,9,98
132,Vibrotactile Feedback,Haptics & Touch Feedback,2018,16,111
132,Vibrotactile Feedback,Haptics & Touch Feedback,2019,11,126
132,Vibrotactile Feedback,Haptics & Touch Feedback,2020,12,128
132,Vibrotactile Feedback,Haptics & Touch Feedback,2021,12,132
132,Vibrotactile Feedback,Haptics & Touch Feedback,2022,2,87
132,Vibrotactile Feedback,Haptics & Touch Feedback,2023,5,108
132,Vibrotactile Feedback,Haptics & Touch Feedback,2024,5,104
132,Vibrotactile Feedback,Haptics & Touch Feedback,2025,6,118
132,Vibrotactile Feedback,Haptics & Touch Feedback,2026,5,70
133,Affective & Social Touch,Haptics & Touch Feedback,1998,1,1
133,Affective & Social Touch,Haptics & Touch Feedback,1999,1,1
133,Affective & Social Touch,Haptics & Touch Feedback,2000,1,2
133,Affective & Social Touch,Haptics & Touch Feedback,2001,0,1
133,Affective & Social Touch,Haptics & Touch Feedback,2002,1,2
133,Affective & Social Touch,Haptics & Touch Feedback,2004,0,6
133,Affective & Social Touch,Haptics & Touch Feedback,2006,0,3
133,Affective & Social Touch,Haptics & Touch Feedback,2007,0,2
133,Affective & Social Touch,Haptics & Touch Feedback,2008,1,6
133,Affective & Social Touch,Haptics & Touch Feedback,2009,2,2
133,Affective & Social Touch,Haptics & Touch Feedback,2010,1,4
133,Affective & Social Touch,Haptics & Touch Feedback,2011,0,2
133,Affective & Social Touch,Haptics & Touch Feedback,2012,5,16
133,Affective & Social Touch,Haptics & Touch Feedback,2013,3,13
133,Affective & Social Touch,Haptics & Touch Feedback,2014,3,19
133,Affective & Social Touch,Haptics & Touch Feedback,2015,2,26
133,Affective & Social Touch,Haptics & Touch Feedback,2016,0,17
133,Affective & Social Touch,Haptics & Touch Feedback,2017,7,45
133,Affective & Social Touch,Haptics & Touch Feedback,2018,6,32
133,Affective & Social Touch,Haptics & Touch Feedback,2019,3,46
133,Affective & Social Touch,Haptics & Touch Feedback,2020,9,44
133,Affective & Social Touch,Haptics & Touch Feedback,2021,4,99
133,Affective & Social Touch,Haptics & Touch Feedback,2022,12,109
133,Affective & Social Touch,Haptics & Touch Feedback,2023,5,104
133,Affective & Social Touch,Haptics & Touch Feedback,2024,6,118
133,Affective & Social Touch,Haptics & Touch Feedback,2025,9,156
133,Affective & Social Touch,Haptics & Touch Feedback,2026,9,139
134,Haptic Redirection in VR,Haptics & Touch Feedback,2004,1,0
134,Haptic Redirection in VR,Haptics & Touch Feedback,2005,0,2
134,Haptic Redirection in VR,Haptics & Touch Feedback,2007,0,1
134,Haptic Redirection in VR,Haptics & Touch Feedback,2008,0,2
134,Haptic Redirection in VR,Haptics & Touch Feedback,2011,0,1
134,Haptic Redirection in VR,Haptics & Touch Feedback,2013,1,0
134,Haptic Redirection in VR,Haptics & Touch Feedback,2014,0,1
134,Haptic Redirection in VR,Haptics & Touch Feedback,2015,1,0
134,Haptic Redirection in VR,Haptics & Touch Feedback,2016,2,9
134,Haptic Redirection in VR,Haptics & Touch Feedback,2017,3,18
134,Haptic Redirection in VR,Haptics & Touch Feedback,2018,7,48
134,Haptic Redirection in VR,Haptics & Touch Feedback,2019,8,80
134,Haptic Redirection in VR,Haptics & Touch Feedback,2020,6,118
134,Haptic Redirection in VR,Haptics & Touch Feedback,2021,4,89
134,Haptic Redirection in VR,Haptics & Touch Feedback,2022,4,94
134,Haptic Redirection in VR,Haptics & Touch Feedback,2023,10,153
134,Haptic Redirection in VR,Haptics & Touch Feedback,2024,10,159
134,Haptic Redirection in VR,Haptics & Touch Feedback,2025,12,228
134,Haptic Redirection in VR,Haptics & Touch Feedback,2026,3,79
135,Mid-air Ultrasound Haptics,Haptics & Touch Feedback,2011,1,0
135,Mid-air Ultrasound Haptics,Haptics & Touch Feedback,2012,1,1
135,Mid-air Ultrasound Haptics,Haptics & Touch Feedback,2013,3,11
135,Mid-air Ultrasound Haptics,Haptics & Touch Feedback,2014,4,30
135,Mid-air Ultrasound Haptics,Haptics & Touch Feedback,2015,3,22
135,Mid-air Ultrasound Haptics,Haptics & Touch Feedback,2016,7,40
135,Mid-air Ultrasound Haptics,Haptics & Touch Feedback,2017,5,32
135,Mid-air Ultrasound Haptics,Haptics & Touch Feedback,2018,4,37
135,Mid-air Ultrasound Haptics,Haptics & Touch Feedback,2019,7,48
135,Mid-air Ultrasound Haptics,Haptics & Touch Feedback,2020,5,35
135,Mid-air Ultrasound Haptics,Haptics & Touch Feedback,2021,4,58
135,Mid-air Ultrasound Haptics,Haptics & Touch Feedback,2022,4,45
135,Mid-air Ultrasound Haptics,Haptics & Touch Feedback,2023,10,82
135,Mid-air Ultrasound Haptics,Haptics & Touch Feedback,2024,8,104
135,Mid-air Ultrasound Haptics,Haptics & Touch Feedback,2025,8,100
135,Mid-air Ultrasound Haptics,Haptics & Touch Feedback,2026,6,66
136,Electrical Muscle Stimulation,Haptics & Touch Feedback,2010,4,0
136,Electrical Muscle Stimulation,Haptics & Touch Feedback,2011,2,4
136,Electrical Muscle Stimulation,Haptics & Touch Feedback,2012,1,2
136,Electrical Muscle Stimulation,Haptics & Touch Feedback,2013,2,2
136,Electrical Muscle Stimulation,Haptics & Touch Feedback,2014,1,1
136,Electrical Muscle Stimulation,Haptics & Touch Feedback,2015,4,10
136,Electrical Muscle Stimulation,Haptics & Touch Feedback,2016,7,35
136,Electrical Muscle Stimulation,Haptics & Touch Feedback,2017,10,63
136,Electrical Muscle Stimulation,Haptics & Touch Feedback,2018,11,100
136,Electrical Muscle Stimulation,Haptics & Touch Feedback,2019,8,79
136,Electrical Muscle Stimulation,Haptics & Touch Feedback,2020,2,54
136,Electrical Muscle Stimulation,Haptics & Touch Feedback,2021,8,128
136,Electrical Muscle Stimulation,Haptics & Touch Feedback,2022,7,109
136,Electrical Muscle Stimulation,Haptics & Touch Feedback,2023,9,149
136,Electrical Muscle Stimulation,Haptics & Touch Feedback,2024,13,208
136,Electrical Muscle Stimulation,Haptics & Touch Feedback,2025,11,188
136,Electrical Muscle Stimulation,Haptics & Touch Feedback,2026,8,156
137,Thermal & Olfactory Displays,Haptics & Touch Feedback,2010,1,0
137,Thermal & Olfactory Displays,Haptics & Touch Feedback,2011,1,0
137,Thermal & Olfactory Displays,Haptics & Touch Feedback,2012,1,1
137,Thermal & Olfactory Displays,Haptics & Touch Feedback,2013,0,1
137,Thermal & Olfactory Displays,Haptics & Touch Feedback,2014,1,1
137,Thermal & Olfactory Displays,Haptics & Touch Feedback,2015,3,2
137,Thermal & Olfactory Displays,Haptics & Touch Feedback,2016,7,15
137,Thermal & Olfactory Displays,Haptics & Touch Feedback,2017,7,29
137,Thermal & Olfactory Displays,Haptics & Touch Feedback,2018,1,17
137,Thermal & Olfactory Displays,Haptics & Touch Feedback,2019,5,26
137,Thermal & Olfactory Displays,Haptics & Touch Feedback,2020,5,75
137,Thermal & Olfactory Displays,Haptics & Touch Feedback,2021,3,55
137,Thermal & Olfactory Displays,Haptics & Touch Feedback,2022,0,40
137,Thermal & Olfactory Displays,Haptics & Touch Feedback,2023,3,72
137,Thermal & Olfactory Displays,Haptics & Touch Feedback,2024,19,162
137,Thermal & Olfactory Displays,Haptics & Touch Feedback,2025,6,111
137,Thermal & Olfactory Displays,Haptics & Touch Feedback,2026,10,135
138,Tactile Texture Rendering,Haptics & Touch Feedback,2008,2,0
138,Tactile Texture Rendering,Haptics & Touch Feedback,2010,1,0
138,Tactile Texture Rendering,Haptics & Touch Feedback,2012,3,4
138,Tactile Texture Rendering,Haptics & Touch Feedback,2013,3,2
138,Tactile Texture Rendering,Haptics & Touch Feedback,2014,1,1
138,Tactile Texture Rendering,Haptics & Touch Feedback,2015,3,12
138,Tactile Texture Rendering,Haptics & Touch Feedback,2016,4,8
138,Tactile Texture Rendering,Haptics & Touch Feedback,2017,3,11
138,Tactile Texture Rendering,Haptics & Touch Feedback,2018,2,9
138,Tactile Texture Rendering,Haptics & Touch Feedback,2019,2,13
138,Tactile Texture Rendering,Haptics & Touch Feedback,2020,3,10
138,Tactile Texture Rendering,Haptics & Touch Feedback,2021,5,19
138,Tactile Texture Rendering,Haptics & Touch Feedback,2022,2,28
138,Tactile Texture Rendering,Haptics & Touch Feedback,2023,7,55
138,Tactile Texture Rendering,Haptics & Touch Feedback,2024,2,34
138,Tactile Texture Rendering,Haptics & Touch Feedback,2025,5,75
138,Tactile Texture Rendering,Haptics & Touch Feedback,2026,7,59
139,Haptic Rendering & Olfaction,Haptics & Touch Feedback,1994,2,0
139,Haptic Rendering & Olfaction,Haptics & Touch Feedback,1995,0,1
139,Haptic Rendering & Olfaction,Haptics & Touch Feedback,1996,5,3
139,Haptic Rendering & Olfaction,Haptics & Touch Feedback,1997,2,6
139,Haptic Rendering & Olfaction,Haptics & Touch Feedback,1998,2,2
139,Haptic Rendering & Olfaction,Haptics & Touch Feedback,2000,1,3
139,Haptic Rendering & Olfaction,Haptics & Touch Feedback,2002,1,3
139,Haptic Rendering & Olfaction,Haptics & Touch Feedback,2003,2,0
139,Haptic Rendering & Olfaction,Haptics & Touch Feedback,2004,1,1
139,Haptic Rendering & Olfaction,Haptics & Touch Feedback,2005,3,4
139,Haptic Rendering & Olfaction,Haptics & Touch Feedback,2006,2,1
139,Haptic Rendering & Olfaction,Haptics & Touch Feedback,2007,2,7
139,Haptic Rendering & Olfaction,Haptics & Touch Feedback,2008,0,2
139,Haptic Rendering & Olfaction,Haptics & Touch Feedback,2010,1,3
139,Haptic Rendering & Olfaction,Haptics & Touch Feedback,2011,1,2
139,Haptic Rendering & Olfaction,Haptics & Touch Feedback,2013,1,4
139,Haptic Rendering & Olfaction,Haptics & Touch Feedback,2014,2,7
139,Haptic Rendering & Olfaction,Haptics & Touch Feedback,2015,0,10
139,Haptic Rendering & Olfaction,Haptics & Touch Feedback,2016,4,6
139,Haptic Rendering & Olfaction,Haptics & Touch Feedback,2017,2,11
139,Haptic Rendering & Olfaction,Haptics & Touch Feedback,2018,3,12
139,Haptic Rendering & Olfaction,Haptics & Touch Feedback,2019,5,23
139,Haptic Rendering & Olfaction,Haptics & Touch Feedback,2020,8,31
139,Haptic Rendering & Olfaction,Haptics & Touch Feedback,2021,4,39
139,Haptic Rendering & Olfaction,Haptics & Touch Feedback,2022,2,42
139,Haptic Rendering & Olfaction,Haptics & Touch Feedback,2023,4,55
139,Haptic Rendering & Olfaction,Haptics & Touch Feedback,2024,5,76
139,Haptic Rendering & Olfaction,Haptics & Touch Feedback,2025,1,48
139,Haptic Rendering & Olfaction,Haptics & Touch Feedback,2026,8,80
140,Tangibles for Learning,Tangible Interaction & Fabrication,1982,1,0
140,Tangibles for Learning,Tangible Interaction & Fabrication,1986,1,0
140,Tangibles for Learning,Tangible Interaction & Fabrication,1991,1,0
140,Tangibles for Learning,Tangible Interaction & Fabrication,1992,1,2
140,Tangibles for Learning,Tangible Interaction & Fabrication,1994,1,1
140,Tangibles for Learning,Tangible Interaction & Fabrication,1995,5,7
140,Tangibles for Learning,Tangible Interaction & Fabrication,1996,3,6
140,Tangibles for Learning,Tangible Interaction & Fabrication,1997,11,31
140,Tangibles for Learning,Tangible Interaction & Fabrication,1998,8,40
140,Tangibles for Learning,Tangible Interaction & Fabrication,1999,15,69
140,Tangibles for Learning,Tangible Interaction & Fabrication,2000,11,54
140,Tangibles for Learning,Tangible Interaction & Fabrication,2001,10,69
140,Tangibles for Learning,Tangible Interaction & Fabrication,2002,21,100
140,Tangibles for Learning,Tangible Interaction & Fabrication,2003,6,56
140,Tangibles for Learning,Tangible Interaction & Fabrication,2004,18,109
140,Tangibles for Learning,Tangible Interaction & Fabrication,2005,9,74
140,Tangibles for Learning,Tangible Interaction & Fabrication,2006,13,109
140,Tangibles for Learning,Tangible Interaction & Fabrication,2007,28,110
140,Tangibles for Learning,Tangible Interaction & Fabrication,2008,39,231
140,Tangibles for Learning,Tangible Interaction & Fabrication,2009,39,251
140,Tangibles for Learning,Tangible Interaction & Fabrication,2010,59,303
140,Tangibles for Learning,Tangible Interaction & Fabrication,2011,23,163
140,Tangibles for Learning,Tangible Interaction & Fabrication,2012,44,292
140,Tangibles for Learning,Tangible Interaction & Fabrication,2013,26,219
140,Tangibles for Learning,Tangible Interaction & Fabrication,2014,30,239
140,Tangibles for Learning,Tangible Interaction & Fabrication,2015,39,266
140,Tangibles for Learning,Tangible Interaction & Fabrication,2016,42,297
140,Tangibles for Learning,Tangible Interaction & Fabrication,2017,36,361
140,Tangibles for Learning,Tangible Interaction & Fabrication,2018,37,367
140,Tangibles for Learning,Tangible Interaction & Fabrication,2019,24,329
140,Tangibles for Learning,Tangible Interaction & Fabrication,2020,28,343
140,Tangibles for Learning,Tangible Interaction & Fabrication,2021,19,377
140,Tangibles for Learning,Tangible Interaction & Fabrication,2022,15,483
140,Tangibles for Learning,Tangible Interaction & Fabrication,2023,13,311
140,Tangibles for Learning,Tangible Interaction & Fabrication,2024,16,315
140,Tangibles for Learning,Tangible Interaction & Fabrication,2025,25,376
140,Tangibles for Learning,Tangible Interaction & Fabrication,2026,20,318
141,Shape-changing Interfaces,Tangible Interaction & Fabrication,1991,1,0
141,Shape-changing Interfaces,Tangible Interaction & Fabrication,1994,0,1
141,Shape-changing Interfaces,Tangible Interaction & Fabrication,1995,1,2
141,Shape-changing Interfaces,Tangible Interaction & Fabrication,1997,1,3
141,Shape-changing Interfaces,Tangible Interaction & Fabrication,1998,1,2
141,Shape-changing Interfaces,Tangible Interaction & Fabrication,2000,0,2
141,Shape-changing Interfaces,Tangible Interaction & Fabrication,2001,0,1
141,Shape-changing Interfaces,Tangible Interaction & Fabrication,2002,1,3
141,Shape-changing Interfaces,Tangible Interaction & Fabrication,2003,0,1
141,Shape-changing Interfaces,Tangible Interaction & Fabrication,2004,0,2
141,Shape-changing Interfaces,Tangible Interaction & Fabrication,2005,0,2
141,Shape-changing Interfaces,Tangible Interaction & Fabrication,2006,1,1
141,Shape-changing Interfaces,Tangible Interaction & Fabrication,2007,6,10
141,Shape-changing Interfaces,Tangible Interaction & Fabrication,2008,3,7
141,Shape-changing Interfaces,Tangible Interaction & Fabrication,2009,10,15
141,Shape-changing Interfaces,Tangible Interaction & Fabrication,2010,15,35
141,Shape-changing Interfaces,Tangible Interaction & Fabrication,2011,6,40
141,Shape-changing Interfaces,Tangible Interaction & Fabrication,2012,11,52
141,Shape-changing Interfaces,Tangible Interaction & Fabrication,2013,16,104
141,Shape-changing Interfaces,Tangible Interaction & Fabrication,2014,16,104
141,Shape-changing Interfaces,Tangible Interaction & Fabrication,2015,20,150
141,Shape-changing Interfaces,Tangible Interaction & Fabrication,2016,38,328
141,Shape-changing Interfaces,Tangible Interaction & Fabrication,2017,34,330
141,Shape-changing Interfaces,Tangible Interaction & Fabrication,2018,34,436
141,Shape-changing Interfaces,Tangible Interaction & Fabrication,2019,38,469
141,Shape-changing Interfaces,Tangible Interaction & Fabrication,2020,31,461
141,Shape-changing Interfaces,Tangible Interaction & Fabrication,2021,32,575
141,Shape-changing Interfaces,Tangible Interaction & Fabrication,2022,34,765
141,Shape-changing Interfaces,Tangible Interaction & Fabrication,2023,31,766
141,Shape-changing Interfaces,Tangible Interaction & Fabrication,2024,46,894
141,Shape-changing Interfaces,Tangible Interaction & Fabrication,2025,53,987
141,Shape-changing Interfaces,Tangible Interaction & Fabrication,2026,31,641
142,Textiles & Cloth Simulation,Tangible Interaction & Fabrication,2003,1,0
142,Textiles & Cloth Simulation,Tangible Interaction & Fabrication,2006,1,0
142,Textiles & Cloth Simulation,Tangible Interaction & Fabrication,2007,1,0
142,Textiles & Cloth Simulation,Tangible Interaction & Fabrication,2008,1,0
142,Textiles & Cloth Simulation,Tangible Interaction & Fabrication,2009,3,3
142,Textiles & Cloth Simulation,Tangible Interaction & Fabrication,2010,13,13
142,Textiles & Cloth Simulation,Tangible Interaction & Fabrication,2011,6,10
142,Textiles & Cloth Simulation,Tangible Interaction & Fabrication,2012,9,29
142,Textiles & Cloth Simulation,Tangible Interaction & Fabrication,2013,9,40
142,Textiles & Cloth Simulation,Tangible Interaction & Fabrication,2014,8,50
142,Textiles & Cloth Simulation,Tangible Interaction & Fabrication,2015,18,74
142,Textiles & Cloth Simulation,Tangible Interaction & Fabrication,2016,19,128
142,Textiles & Cloth Simulation,Tangible Interaction & Fabrication,2017,21,189
142,Textiles & Cloth Simulation,Tangible Interaction & Fabrication,2018,40,311
142,Textiles & Cloth Simulation,Tangible Interaction & Fabrication,2019,38,390
142,Textiles & Cloth Simulation,Tangible Interaction & Fabrication,2020,39,461
142,Textiles & Cloth Simulation,Tangible Interaction & Fabrication,2021,47,659
142,Textiles & Cloth Simulation,Tangible Interaction & Fabrication,2022,34,704
142,Textiles & Cloth Simulation,Tangible Interaction & Fabrication,2023,41,836
142,Textiles & Cloth Simulation,Tangible Interaction & Fabrication,2024,49,1050
142,Textiles & Cloth Simulation,Tangible Interaction & Fabrication,2025,36,959
142,Textiles & Cloth Simulation,Tangible Interaction & Fabrication,2026,14,519
143,Tangible & Tabletop Sensing,Tangible Interaction & Fabrication,1985,1,0
143,Tangible & Tabletop Sensing,Tangible Interaction & Fabrication,1989,0,1
143,Tangible & Tabletop Sensing,Tangible Interaction & Fabrication,1992,1,0
143,Tangible & Tabletop Sensing,Tangible Interaction & Fabrication,1994,0,1
143,Tangible & Tabletop Sensing,Tangible Interaction & Fabrication,1995,1,2
143,Tangible & Tabletop Sensing,Tangible Interaction & Fabrication,1996,0,1
143,Tangible & Tabletop Sensing,Tangible Interaction & Fabrication,1997,1,3
143,Tangible & Tabletop Sensing,Tangible Interaction & Fabrication,1998,0,4
143,Tangible & Tabletop Sensing,Tangible Interaction & Fabrication,1999,1,4
143,Tangible & Tabletop Sensing,Tangible Interaction & Fabrication,2001,2,2
143,Tangible & Tabletop Sensing,Tangible Interaction & Fabrication,2002,3,8
143,Tangible & Tabletop Sensing,Tangible Interaction & Fabrication,2003,1,5
143,Tangible & Tabletop Sensing,Tangible Interaction & Fabrication,2004,4,10
143,Tangible & Tabletop Sensing,Tangible Interaction & Fabrication,2005,3,20
143,Tangible & Tabletop Sensing,Tangible Interaction & Fabrication,2006,2,16
143,Tangible & Tabletop Sensing,Tangible Interaction & Fabrication,2007,7,29
143,Tangible & Tabletop Sensing,Tangible Interaction & Fabrication,2008,8,44
143,Tangible & Tabletop Sensing,Tangible Interaction & Fabrication,2009,17,105
143,Tangible & Tabletop Sensing,Tangible Interaction & Fabrication,2010,20,114
143,Tangible & Tabletop Sensing,Tangible Interaction & Fabrication,2011,20,183
143,Tangible & Tabletop Sensing,Tangible Interaction & Fabrication,2012,15,188
143,Tangible & Tabletop Sensing,Tangible Interaction & Fabrication,2013,18,151
143,Tangible & Tabletop Sensing,Tangible Interaction & Fabrication,2014,13,187
143,Tangible & Tabletop Sensing,Tangible Interaction & Fabrication,2015,20,137
143,Tangible & Tabletop Sensing,Tangible Interaction & Fabrication,2016,14,143
143,Tangible & Tabletop Sensing,Tangible Interaction & Fabrication,2017,8,193
143,Tangible & Tabletop Sensing,Tangible Interaction & Fabrication,2018,11,221
143,Tangible & Tabletop Sensing,Tangible Interaction & Fabrication,2019,10,170
143,Tangible & Tabletop Sensing,Tangible Interaction & Fabrication,2020,6,201
143,Tangible & Tabletop Sensing,Tangible Interaction & Fabrication,2021,13,211
143,Tangible & Tabletop Sensing,Tangible Interaction & Fabrication,2022,11,197
143,Tangible & Tabletop Sensing,Tangible Interaction & Fabrication,2023,5,146
143,Tangible & Tabletop Sensing,Tangible Interaction & Fabrication,2024,10,169
143,Tangible & Tabletop Sensing,Tangible Interaction & Fabrication,2025,5,128
143,Tangible & Tabletop Sensing,Tangible Interaction & Fabrication,2026,3,73
144,Digital Fabrication,Tangible Interaction & Fabrication,2000,1,0
144,Digital Fabrication,Tangible Interaction & Fabrication,2002,1,0
144,Digital Fabrication,Tangible Interaction & Fabrication,2003,2,1
144,Digital Fabrication,Tangible Interaction & Fabrication,2004,0,1
144,Digital Fabrication,Tangible Interaction & Fabrication,2006,2,0
144,Digital Fabrication,Tangible Interaction & Fabrication,2008,0,2
144,Digital Fabrication,Tangible Interaction & Fabrication,2009,2,4
144,Digital Fabrication,Tangible Interaction & Fabrication,2010,5,10
144,Digital Fabrication,Tangible Interaction & Fabrication,2011,0,7
144,Digital Fabrication,Tangible Interaction & Fabrication,2012,9,24
144,Digital Fabrication,Tangible Interaction & Fabrication,2013,9,35
144,Digital Fabrication,Tangible Interaction & Fabrication,2014,9,59
144,Digital Fabrication,Tangible Interaction & Fabrication,2015,19,108
144,Digital Fabrication,Tangible Interaction & Fabrication,2016,24,171
144,Digital Fabrication,Tangible Interaction & Fabrication,2017,20,189
144,Digital Fabrication,Tangible Interaction & Fabrication,2018,17,211
144,Digital Fabrication,Tangible Interaction & Fabrication,2019,17,314
144,Digital Fabrication,Tangible Interaction & Fabrication,2020,14,235
144,Digital Fabrication,Tangible Interaction & Fabrication,2021,18,324
144,Digital Fabrication,Tangible Interaction & Fabrication,2022,20,337
144,Digital Fabrication,Tangible Interaction & Fabrication,2023,20,512
144,Digital Fabrication,Tangible Interaction & Fabrication,2024,37,622
144,Digital Fabrication,Tangible Interaction & Fabrication,2025,16,487
144,Digital Fabrication,Tangible Interaction & Fabrication,2026,23,508
145,"Knitting, Cloth & Printed Objects",Tangible Interaction & Fabrication,2002,1,0
145,"Knitting, Cloth & Printed Objects",Tangible Interaction & Fabrication,2009,1,0
145,"Knitting, Cloth & Printed Objects",Tangible Interaction & Fabrication,2010,3,2
145,"Knitting, Cloth & Printed Objects",Tangible Interaction & Fabrication,2011,0,2
145,"Knitting, Cloth & Printed Objects",Tangible Interaction & Fabrication,2012,2,4
145,"Knitting, Cloth & Printed Objects",Tangible Interaction & Fabrication,2013,4,8
145,"Knitting, Cloth & Printed Objects",Tangible Interaction & Fabrication,2014,5,19
145,"Knitting, Cloth & Printed Objects",Tangible Interaction & Fabrication,2015,8,58
145,"Knitting, Cloth & Printed Objects",Tangible Interaction & Fabrication,2016,12,106
145,"Knitting, Cloth & Printed Objects",Tangible Interaction & Fabrication,2017,9,121
145,"Knitting, Cloth & Printed Objects",Tangible Interaction & Fabrication,2018,10,172
145,"Knitting, Cloth & Printed Objects",Tangible Interaction & Fabrication,2019,14,199
145,"Knitting, Cloth & Printed Objects",Tangible Interaction & Fabrication,2020,8,190
145,"Knitting, Cloth & Printed Objects",Tangible Interaction & Fabrication,2021,16,268
145,"Knitting, Cloth & Printed Objects",Tangible Interaction & Fabrication,2022,14,246
145,"Knitting, Cloth & Printed Objects",Tangible Interaction & Fabrication,2023,18,377
145,"Knitting, Cloth & Printed Objects",Tangible Interaction & Fabrication,2024,22,426
145,"Knitting, Cloth & Printed Objects",Tangible Interaction & Fabrication,2025,24,428
145,"Knitting, Cloth & Printed Objects",Tangible Interaction & Fabrication,2026,11,322
146,Computational Fabrication,Tangible Interaction & Fabrication,2011,1,0
146,Computational Fabrication,Tangible Interaction & Fabrication,2013,0,2
146,Computational Fabrication,Tangible Interaction & Fabrication,2015,1,0
146,Computational Fabrication,Tangible Interaction & Fabrication,2016,5,8
146,Computational Fabrication,Tangible Interaction & Fabrication,2017,3,6
146,Computational Fabrication,Tangible Interaction & Fabrication,2018,3,7
146,Computational Fabrication,Tangible Interaction & Fabrication,2019,2,9
146,Computational Fabrication,Tangible Interaction & Fabrication,2020,2,25
146,Computational Fabrication,Tangible Interaction & Fabrication,2021,3,24
146,Computational Fabrication,Tangible Interaction & Fabrication,2022,3,35
146,Computational Fabrication,Tangible Interaction & Fabrication,2023,3,43
146,Computational Fabrication,Tangible Interaction & Fabrication,2024,3,33
146,Computational Fabrication,Tangible Interaction & Fabrication,2025,1,32
146,Computational Fabrication,Tangible Interaction & Fabrication,2026,2,24
147,Paper Circuits & Electronics Prototyping,Tangible Interaction & Fabrication,1986,1,0
147,Paper Circuits & Electronics Prototyping,Tangible Interaction & Fabrication,2000,1,0
147,Paper Circuits & Electronics Prototyping,Tangible Interaction & Fabrication,2001,1,0
147,Paper Circuits & Electronics Prototyping,Tangible Interaction & Fabrication,2002,2,2
147,Paper Circuits & Electronics Prototyping,Tangible Interaction & Fabrication,2003,2,3
147,Paper Circuits & Electronics Prototyping,Tangible Interaction & Fabrication,2004,2,17
147,Paper Circuits & Electronics Prototyping,Tangible Interaction & Fabrication,2005,0,5
147,Paper Circuits & Electronics Prototyping,Tangible Interaction & Fabrication,2006,2,18
147,Paper Circuits & Electronics Prototyping,Tangible Interaction & Fabrication,2007,7,35
147,Paper Circuits & Electronics Prototyping,Tangible Interaction & Fabrication,2008,3,35
147,Paper Circuits & Electronics Prototyping,Tangible Interaction & Fabrication,2009,9,41
147,Paper Circuits & Electronics Prototyping,Tangible Interaction & Fabrication,2010,18,53
147,Paper Circuits & Electronics Prototyping,Tangible Interaction & Fabrication,2011,3,19
147,Paper Circuits & Electronics Prototyping,Tangible Interaction & Fabrication,2012,8,63
147,Paper Circuits & Electronics Prototyping,Tangible Interaction & Fabrication,2013,7,61
147,Paper Circuits & Electronics Prototyping,Tangible Interaction & Fabrication,2014,10,90
147,Paper Circuits & Electronics Prototyping,Tangible Interaction & Fabrication,2015,9,111
147,Paper Circuits & Electronics Prototyping,Tangible Interaction & Fabrication,2016,8,125
147,Paper Circuits & Electronics Prototyping,Tangible Interaction & Fabrication,2017,15,159
147,Paper Circuits & Electronics Prototyping,Tangible Interaction & Fabrication,2018,7,164
147,Paper Circuits & Electronics Prototyping,Tangible Interaction & Fabrication,2019,9,216
147,Paper Circuits & Electronics Prototyping,Tangible Interaction & Fabrication,2020,8,186
147,Paper Circuits & Electronics Prototyping,Tangible Interaction & Fabrication,2021,11,248
147,Paper Circuits & Electronics Prototyping,Tangible Interaction & Fabrication,2022,6,167
147,Paper Circuits & Electronics Prototyping,Tangible Interaction & Fabrication,2023,4,159
147,Paper Circuits & Electronics Prototyping,Tangible Interaction & Fabrication,2024,9,161
147,Paper Circuits & Electronics Prototyping,Tangible Interaction & Fabrication,2025,5,151
147,Paper Circuits & Electronics Prototyping,Tangible Interaction & Fabrication,2026,6,104
148,Deformable Surfaces & Projection Mapping,Tangible Interaction & Fabrication,1992,1,0
148,Deformable Surfaces & Projection Mapping,Tangible Interaction & Fabrication,2000,1,0
148,Deformable Surfaces & Projection Mapping,Tangible Interaction & Fabrication,2004,1,0
148,Deformable Surfaces & Projection Mapping,Tangible Interaction & Fabrication,2005,2,1
148,Deformable Surfaces & Projection Mapping,Tangible Interaction & Fabrication,2006,0,2
148,Deformable Surfaces & Projection Mapping,Tangible Interaction & Fabrication,2007,1,3
148,Deformable Surfaces & Projection Mapping,Tangible Interaction & Fabrication,2008,3,8
148,Deformable Surfaces & Projection Mapping,Tangible Interaction & Fabrication,2009,1,6
148,Deformable Surfaces & Projection Mapping,Tangible Interaction & Fabrication,2010,3,16
148,Deformable Surfaces & Projection Mapping,Tangible Interaction & Fabrication,2011,4,29
148,Deformable Surfaces & Projection Mapping,Tangible Interaction & Fabrication,2012,7,41
148,Deformable Surfaces & Projection Mapping,Tangible Interaction & Fabrication,2013,5,62
148,Deformable Surfaces & Projection Mapping,Tangible Interaction & Fabrication,2014,6,62
148,Deformable Surfaces & Projection Mapping,Tangible Interaction & Fabrication,2015,7,57
148,Deformable Surfaces & Projection Mapping,Tangible Interaction & Fabrication,2016,7,79
148,Deformable Surfaces & Projection Mapping,Tangible Interaction & Fabrication,2017,8,118
148,Deformable Surfaces & Projection Mapping,Tangible Interaction & Fabrication,2018,3,77
148,Deformable Surfaces & Projection Mapping,Tangible Interaction & Fabrication,2019,5,104
148,Deformable Surfaces & Projection Mapping,Tangible Interaction & Fabrication,2020,4,64
148,Deformable Surfaces & Projection Mapping,Tangible Interaction & Fabrication,2021,1,45
148,Deformable Surfaces & Projection Mapping,Tangible Interaction & Fabrication,2022,3,89
148,Deformable Surfaces & Projection Mapping,Tangible Interaction & Fabrication,2023,1,58
148,Deformable Surfaces & Projection Mapping,Tangible Interaction & Fabrication,2024,1,35
148,Deformable Surfaces & Projection Mapping,Tangible Interaction & Fabrication,2025,4,66
148,Deformable Surfaces & Projection Mapping,Tangible Interaction & Fabrication,2026,1,24
149,Battery-free & Wireless Devices,Tangible Interaction & Fabrication,2001,1,0
149,Battery-free & Wireless Devices,Tangible Interaction & Fabrication,2002,0,1
149,Battery-free & Wireless Devices,Tangible Interaction & Fabrication,2006,1,1
149,Battery-free & Wireless Devices,Tangible Interaction & Fabrication,2008,1,0
149,Battery-free & Wireless Devices,Tangible Interaction & Fabrication,2009,0,1
149,Battery-free & Wireless Devices,Tangible Interaction & Fabrication,2010,2,2
149,Battery-free & Wireless Devices,Tangible Interaction & Fabrication,2011,2,1
149,Battery-free & Wireless Devices,Tangible Interaction & Fabrication,2012,0,5
149,Battery-free & Wireless Devices,Tangible Interaction & Fabrication,2013,3,3
149,Battery-free & Wireless Devices,Tangible Interaction & Fabrication,2014,2,4
149,Battery-free & Wireless Devices,Tangible Interaction & Fabrication,2015,0,6
149,Battery-free & Wireless Devices,Tangible Interaction & Fabrication,2016,4,1
149,Battery-free & Wireless Devices,Tangible Interaction & Fabrication,2017,4,13
149,Battery-free & Wireless Devices,Tangible Interaction & Fabrication,2018,10,29
149,Battery-free & Wireless Devices,Tangible Interaction & Fabrication,2019,5,31
149,Battery-free & Wireless Devices,Tangible Interaction & Fabrication,2020,8,55
149,Battery-free & Wireless Devices,Tangible Interaction & Fabrication,2021,7,69
149,Battery-free & Wireless Devices,Tangible Interaction & Fabrication,2022,11,86
149,Battery-free & Wireless Devices,Tangible Interaction & Fabrication,2023,7,90
149,Battery-free & Wireless Devices,Tangible Interaction & Fabrication,2024,9,97
149,Battery-free & Wireless Devices,Tangible Interaction & Fabrication,2025,9,137
149,Battery-free & Wireless Devices,Tangible Interaction & Fabrication,2026,3,52
150,Gaze-based Interaction,Sensing & Input Techniques,1982,1,0
150,Gaze-based Interaction,Sensing & Input Techniques,1983,1,0
150,Gaze-based Interaction,Sensing & Input Techniques,1986,2,1
150,Gaze-based Interaction,Sensing & Input Techniques,1990,3,6
150,Gaze-based Interaction,Sensing & Input Techniques,1991,0,2
150,Gaze-based Interaction,Sensing & Input Techniques,1992,0,6
150,Gaze-based Interaction,Sensing & Input Techniques,1994,3,1
150,Gaze-based Interaction,Sensing & Input Techniques,1995,0,5
150,Gaze-based Interaction,Sensing & Input Techniques,1996,4,7
150,Gaze-based Interaction,Sensing & Input Techniques,1997,1,6
150,Gaze-based Interaction,Sensing & Input Techniques,1998,3,4
150,Gaze-based Interaction,Sensing & Input Techniques,1999,2,5
150,Gaze-based Interaction,Sensing & Input Techniques,2000,6,22
150,Gaze-based Interaction,Sensing & Input Techniques,2001,2,9
150,Gaze-based Interaction,Sensing & Input Techniques,2002,4,15
150,Gaze-based Interaction,Sensing & Input Techniques,2003,3,15
150,Gaze-based Interaction,Sensing & Input Techniques,2004,7,12
150,Gaze-based Interaction,Sensing & Input Techniques,2005,8,52
150,Gaze-based Interaction,Sensing & Input Techniques,2006,6,36
150,Gaze-based Interaction,Sensing & Input Techniques,2007,5,27
150,Gaze-based Interaction,Sensing & Input Techniques,2008,5,45
150,Gaze-based Interaction,Sensing & Input Techniques,2009,9,34
150,Gaze-based Interaction,Sensing & Input Techniques,2010,6,48
150,Gaze-based Interaction,Sensing & Input Techniques,2011,11,57
150,Gaze-based Interaction,Sensing & Input Techniques,2012,23,76
150,Gaze-based Interaction,Sensing & Input Techniques,2013,13,80
150,Gaze-based Interaction,Sensing & Input Techniques,2014,15,77
150,Gaze-based Interaction,Sensing & Input Techniques,2015,28,145
150,Gaze-based Interaction,Sensing & Input Techniques,2016,22,167
150,Gaze-based Interaction,Sensing & Input Techniques,2017,26,236
150,Gaze-based Interaction,Sensing & Input Techniques,2018,29,258
150,Gaze-based Interaction,Sensing & Input Techniques,2019,32,348
150,Gaze-based Interaction,Sensing & Input Techniques,2020,25,313
150,Gaze-based Interaction,Sensing & Input Techniques,2021,27,317
150,Gaze-based Interaction,Sensing & Input Techniques,2022,29,404
150,Gaze-based Interaction,Sensing & Input Techniques,2023,27,374
150,Gaze-based Interaction,Sensing & Input Techniques,2024,35,501
150,Gaze-based Interaction,Sensing & Input Techniques,2025,37,511
150,Gaze-based Interaction,Sensing & Input Techniques,2026,30,338
151,Hand Sensing & Input,Sensing & Input Techniques,1986,1,0
151,Hand Sensing & Input,Sensing & Input Techniques,1988,1,0
151,Hand Sensing & Input,Sensing & Input Techniques,1995,1,0
151,Hand Sensing & Input,Sensing & Input Techniques,1997,2,0
151,Hand Sensing & Input,Sensing & Input Techniques,1998,2,2
151,Hand Sensing & Input,Sensing & Input Techniques,1999,1,5
151,Hand Sensing & Input,Sensing & Input Techniques,2000,1,4
151,Hand Sensing & Input,Sensing & Input Techniques,2001,2,3
151,Hand Sensing & Input,Sensing & Input Techniques,2002,1,1
151,Hand Sensing & Input,Sensing & Input Techniques,2003,5,1
151,Hand Sensing & Input,Sensing & Input Techniques,2004,2,4
151,Hand Sensing & Input,Sensing & Input Techniques,2005,1,6
151,Hand Sensing & Input,Sensing & Input Techniques,2006,3,8
151,Hand Sensing & Input,Sensing & Input Techniques,2007,2,4
151,Hand Sensing & Input,Sensing & Input Techniques,2008,10,10
151,Hand Sensing & Input,Sensing & Input Techniques,2009,10,21
151,Hand Sensing & Input,Sensing & Input Techniques,2010,12,35
151,Hand Sensing & Input,Sensing & Input Techniques,2011,14,79
151,Hand Sensing & Input,Sensing & Input Techniques,2012,25,103
151,Hand Sensing & Input,Sensing & Input Techniques,2013,18,163
151,Hand Sensing & Input,Sensing & Input Techniques,2014,37,245
151,Hand Sensing & Input,Sensing & Input Techniques,2015,40,406
151,Hand Sensing & Input,Sensing & Input Techniques,2016,46,500
151,Hand Sensing & Input,Sensing & Input Techniques,2017,44,569
151,Hand Sensing & Input,Sensing & Input Techniques,2018,59,699
151,Hand Sensing & Input,Sensing & Input Techniques,2019,53,739
151,Hand Sensing & Input,Sensing & Input Techniques,2020,49,733
151,Hand Sensing & Input,Sensing & Input Techniques,2021,61,923
151,Hand Sensing & Input,Sensing & Input Techniques,2022,59,1017
151,Hand Sensing & Input,Sensing & Input Techniques,2023,70,1290
151,Hand Sensing & Input,Sensing & Input Techniques,2024,76,1131
151,Hand Sensing & Input,Sensing & Input Techniques,2025,61,1327
151,Hand Sensing & Input,Sensing & Input Techniques,2026,35,577
152,Task Models & UI Engineering,Sensing & Input Techniques,1981,4,0
152,Task Models & UI Engineering,Sensing & Input Techniques,1982,7,2
152,Task Models & UI Engineering,Sensing & Input Techniques,1983,10,7
152,Task Models & UI Engineering,Sensing & Input Techniques,1985,9,5
152,Task Models & UI Engineering,Sensing & Input Techniques,1986,19,16
152,Task Models & UI Engineering,Sensing & Input Techniques,1988,20,20
152,Task Models & UI Engineering,Sensing & Input Techniques,1989,30,52
152,Task Models & UI Engineering,Sensing & Input Techniques,1990,25,70
152,Task Models & UI Engineering,Sensing & Input Techniques,1991,22,84
152,Task Models & UI Engineering,Sensing & Input Techniques,1992,29,85
152,Task Models & UI Engineering,Sensing & Input Techniques,1993,12,48
152,Task Models & UI Engineering,Sensing & Input Techniques,1994,13,51
152,Task Models & UI Engineering,Sensing & Input Techniques,1995,22,111
152,Task Models & UI Engineering,Sensing & Input Techniques,1996,11,61
152,Task Models & UI Engineering,Sensing & Input Techniques,1997,15,57
152,Task Models & UI Engineering,Sensing & Input Techniques,1998,7,22
152,Task Models & UI Engineering,Sensing & Input Techniques,1999,8,39
152,Task Models & UI Engineering,Sensing & Input Techniques,2000,10,60
152,Task Models & UI Engineering,Sensing & Input Techniques,2001,6,31
152,Task Models & UI Engineering,Sensing & Input Techniques,2002,5,43
152,Task Models & UI Engineering,Sensing & Input Techniques,2003,5,27
152,Task Models & UI Engineering,Sensing & Input Techniques,2004,13,55
152,Task Models & UI Engineering,Sensing & Input Techniques,2005,6,38
152,Task Models & UI Engineering,Sensing & Input Techniques,2006,8,44
152,Task Models & UI Engineering,Sensing & Input Techniques,2007,5,44
152,Task Models & UI Engineering,Sensing & Input Techniques,2008,4,36
152,Task Models & UI Engineering,Sensing & Input Techniques,2009,9,53
152,Task Models & UI Engineering,Sensing & Input Techniques,2010,1,30
152,Task Models & UI Engineering,Sensing & Input Techniques,2011,2,22
152,Task Models & UI Engineering,Sensing & Input Techniques,2012,5,29
152,Task Models & UI Engineering,Sensing & Input Techniques,2013,3,26
152,Task Models & UI Engineering,Sensing & Input Techniques,2014,7,49
152,Task Models & UI Engineering,Sensing & Input Techniques,2015,3,31
152,Task Models & UI Engineering,Sensing & Input Techniques,2016,2,28
152,Task Models & UI Engineering,Sensing & Input Techniques,2017,0,28
152,Task Models & UI Engineering,Sensing & Input Techniques,2018,5,41
152,Task Models & UI Engineering,Sensing & Input Techniques,2019,5,72
152,Task Models & UI Engineering,Sensing & Input Techniques,2020,6,50
152,Task Models & UI Engineering,Sensing & Input Techniques,2021,4,55
152,Task Models & UI Engineering,Sensing & Input Techniques,2022,3,21
152,Task Models & UI Engineering,Sensing & Input Techniques,2023,2,39
152,Task Models & UI Engineering,Sensing & Input Techniques,2024,3,49
152,Task Models & UI Engineering,Sensing & Input Techniques,2025,3,39
152,Task Models & UI Engineering,Sensing & Input Techniques,2026,3,33
153,Information Navigation,Sensing & Input Techniques,1985,2,0
153,Information Navigation,Sensing & Input Techniques,1986,2,0
153,Information Navigation,Sensing & Input Techniques,1988,1,0
153,Information Navigation,Sensing & Input Techniques,1989,7,5
153,Information Navigation,Sensing & Input Techniques,1990,5,7
153,Information Navigation,Sensing & Input Techniques,1991,13,26
153,Information Navigation,Sensing & Input Techniques,1992,14,33
153,Information Navigation,Sensing & Input Techniques,1993,7,27
153,Information Navigation,Sensing & Input Techniques,1994,17,51
153,Information Navigation,Sensing & Input Techniques,1995,19,94
153,Information Navigation,Sensing & Input Techniques,1996,18,62
153,Information Navigation,Sensing & Input Techniques,1997,12,49
153,Information Navigation,Sensing & Input Techniques,1998,20,78
153,Information Navigation,Sensing & Input Techniques,1999,11,83
153,Information Navigation,Sensing & Input Techniques,2000,15,89
153,Information Navigation,Sensing & Input Techniques,2001,12,80
153,Information Navigation,Sensing & Input Techniques,2002,13,96
153,Information Navigation,Sensing & Input Techniques,2003,9,72
153,Information Navigation,Sensing & Input Techniques,2004,16,95
153,Information Navigation,Sensing & Input Techniques,2005,11,111
153,Information Navigation,Sensing & Input Techniques,2006,13,161
153,Information Navigation,Sensing & Input Techniques,2007,13,127
153,Information Navigation,Sensing & Input Techniques,2008,20,173
153,Information Navigation,Sensing & Input Techniques,2009,10,102
153,Information Navigation,Sensing & Input Techniques,2010,9,87
153,Information Navigation,Sensing & Input Techniques,2011,10,120
153,Information Navigation,Sensing & Input Techniques,2012,14,128
153,Information Navigation,Sensing & Input Techniques,2013,12,128
153,Information Navigation,Sensing & Input Techniques,2014,15,168
153,Information Navigation,Sensing & Input Techniques,2015,10,120
153,Information Navigation,Sensing & Input Techniques,2016,8,125
153,Information Navigation,Sensing & Input Techniques,2017,9,144
153,Information Navigation,Sensing & Input Techniques,2018,4,132
153,Information Navigation,Sensing & Input Techniques,2019,2,116
153,Information Navigation,Sensing & Input Techniques,2020,4,89
153,Information Navigation,Sensing & Input Techniques,2021,1,96
153,Information Navigation,Sensing & Input Techniques,2022,3,101
153,Information Navigation,Sensing & Input Techniques,2023,5,119
153,Information Navigation,Sensing & Input Techniques,2024,0,76
153,Information Navigation,Sensing & Input Techniques,2025,2,79
153,Information Navigation,Sensing & Input Techniques,2026,1,56
154,Pointing & Target Selection,Sensing & Input Techniques,1983,1,0
154,Pointing & Target Selection,Sensing & Input Techniques,1985,1,0
154,Pointing & Target Selection,Sensing & Input Techniques,1988,2,0
154,Pointing & Target Selection,Sensing & Input Techniques,1990,2,1
154,Pointing & Target Selection,Sensing & Input Techniques,1991,1,1
154,Pointing & Target Selection,Sensing & Input Techniques,1992,4,4
154,Pointing & Target Selection,Sensing & Input Techniques,1994,0,6
154,Pointing & Target Selection,Sensing & Input Techniques,1995,1,4
154,Pointing & Target Selection,Sensing & Input Techniques,1996,3,5
154,Pointing & Target Selection,Sensing & Input Techniques,1997,3,4
154,Pointing & Target Selection,Sensing & Input Techniques,1998,5,18
154,Pointing & Target Selection,Sensing & Input Techniques,1999,2,12
154,Pointing & Target Selection,Sensing & Input Techniques,2000,3,16
154,Pointing & Target Selection,Sensing & Input Techniques,2001,2,14
154,Pointing & Target Selection,Sensing & Input Techniques,2002,4,17
154,Pointing & Target Selection,Sensing & Input Techniques,2003,8,36
154,Pointing & Target Selection,Sensing & Input Techniques,2004,6,36
154,Pointing & Target Selection,Sensing & Input Techniques,2005,10,72
154,Pointing & Target Selection,Sensing & Input Techniques,2006,7,76
154,Pointing & Target Selection,Sensing & Input Techniques,2007,11,132
154,Pointing & Target Selection,Sensing & Input Techniques,2008,18,137
154,Pointing & Target Selection,Sensing & Input Techniques,2009,16,151
154,Pointing & Target Selection,Sensing & Input Techniques,2010,16,194
154,Pointing & Target Selection,Sensing & Input Techniques,2011,28,283
154,Pointing & Target Selection,Sensing & Input Techniques,2012,14,188
154,Pointing & Target Selection,Sensing & Input Techniques,2013,15,182
154,Pointing & Target Selection,Sensing & Input Techniques,2014,17,256
154,Pointing & Target Selection,Sensing & Input Techniques,2015,17,184
154,Pointing & Target Selection,Sensing & Input Techniques,2016,14,223
154,Pointing & Target Selection,Sensing & Input Techniques,2017,14,212
154,Pointing & Target Selection,Sensing & Input Techniques,2018,19,312
154,Pointing & Target Selection,Sensing & Input Techniques,2019,20,308
154,Pointing & Target Selection,Sensing & Input Techniques,2020,18,350
154,Pointing & Target Selection,Sensing & Input Techniques,2021,20,394
154,Pointing & Target Selection,Sensing & Input Techniques,2022,21,442
154,Pointing & Target Selection,Sensing & Input Techniques,2023,16,372
154,Pointing & Target Selection,Sensing & Input Techniques,2024,22,447
154,Pointing & Target Selection,Sensing & Input Techniques,2025,17,336
154,Pointing & Target Selection,Sensing & Input Techniques,2026,11,236
155,Gesture Elicitation & Recognition,Sensing & Input Techniques,1985,1,0
155,Gesture Elicitation & Recognition,Sensing & Input Techniques,1989,2,0
155,Gesture Elicitation & Recognition,Sensing & Input Techniques,1991,1,0
155,Gesture Elicitation & Recognition,Sensing & Input Techniques,1992,2,4
155,Gesture Elicitation & Recognition,Sensing & Input Techniques,1994,1,6
155,Gesture Elicitation & Recognition,Sensing & Input Techniques,1995,1,3
155,Gesture Elicitation & Recognition,Sensing & Input Techniques,1996,1,3
155,Gesture Elicitation & Recognition,Sensing & Input Techniques,1997,0,5
155,Gesture Elicitation & Recognition,Sensing & Input Techniques,1998,2,2
155,Gesture Elicitation & Recognition,Sensing & Input Techniques,1999,1,3
155,Gesture Elicitation & Recognition,Sensing & Input Techniques,2000,2,10
155,Gesture Elicitation & Recognition,Sensing & Input Techniques,2001,3,3
155,Gesture Elicitation & Recognition,Sensing & Input Techniques,2002,2,7
155,Gesture Elicitation & Recognition,Sensing & Input Techniques,2003,2,6
155,Gesture Elicitation & Recognition,Sensing & Input Techniques,2004,3,16
155,Gesture Elicitation & Recognition,Sensing & Input Techniques,2005,3,4
155,Gesture Elicitation & Recognition,Sensing & Input Techniques,2006,2,3
155,Gesture Elicitation & Recognition,Sensing & Input Techniques,2007,2,9
155,Gesture Elicitation & Recognition,Sensing & Input Techniques,2008,2,14
155,Gesture Elicitation & Recognition,Sensing & Input Techniques,2009,3,22
155,Gesture Elicitation & Recognition,Sensing & Input Techniques,2010,14,26
155,Gesture Elicitation & Recognition,Sensing & Input Techniques,2011,11,43
155,Gesture Elicitation & Recognition,Sensing & Input Techniques,2012,23,98
155,Gesture Elicitation & Recognition,Sensing & Input Techniques,2013,15,119
155,Gesture Elicitation & Recognition,Sensing & Input Techniques,2014,13,110
155,Gesture Elicitation & Recognition,Sensing & Input Techniques,2015,10,91
155,Gesture Elicitation & Recognition,Sensing & Input Techniques,2016,13,109
155,Gesture Elicitation & Recognition,Sensing & Input Techniques,2017,13,156
155,Gesture Elicitation & Recognition,Sensing & Input Techniques,2018,18,203
155,Gesture Elicitation & Recognition,Sensing & Input Techniques,2019,11,204
155,Gesture Elicitation & Recognition,Sensing & Input Techniques,2020,12,174
155,Gesture Elicitation & Recognition,Sensing & Input Techniques,2021,11,179
155,Gesture Elicitation & Recognition,Sensing & Input Techniques,2022,16,336
155,Gesture Elicitation & Recognition,Sensing & Input Techniques,2023,12,253
155,Gesture Elicitation & Recognition,Sensing & Input Techniques,2024,5,171
155,Gesture Elicitation & Recognition,Sensing & Input Techniques,2025,10,225
155,Gesture Elicitation & Recognition,Sensing & Input Techniques,2026,5,146
156,Text Entry,Sensing & Input Techniques,1982,1,0
156,Text Entry,Sensing & Input Techniques,1991,1,0
156,Text Entry,Sensing & Input Techniques,1994,1,0
156,Text Entry,Sensing & Input Techniques,1995,1,0
156,Text Entry,Sensing & Input Techniques,1996,2,0
156,Text Entry,Sensing & Input Techniques,1997,2,2
156,Text Entry,Sensing & Input Techniques,1998,4,1
156,Text Entry,Sensing & Input Techniques,1999,3,3
156,Text Entry,Sensing & Input Techniques,2000,5,13
156,Text Entry,Sensing & Input Techniques,2001,5,14
156,Text Entry,Sensing & Input Techniques,2002,4,18
156,Text Entry,Sensing & Input Techniques,2003,6,22
156,Text Entry,Sensing & Input Techniques,2004,6,35
156,Text Entry,Sensing & Input Techniques,2005,5,23
156,Text Entry,Sensing & Input Techniques,2006,11,53
156,Text Entry,Sensing & Input Techniques,2007,8,45
156,Text Entry,Sensing & Input Techniques,2008,10,51
156,Text Entry,Sensing & Input Techniques,2009,6,37
156,Text Entry,Sensing & Input Techniques,2010,10,66
156,Text Entry,Sensing & Input Techniques,2011,10,70
156,Text Entry,Sensing & Input Techniques,2012,14,93
156,Text Entry,Sensing & Input Techniques,2013,15,127
156,Text Entry,Sensing & Input Techniques,2014,23,162
156,Text Entry,Sensing & Input Techniques,2015,19,188
156,Text Entry,Sensing & Input Techniques,2016,21,233
156,Text Entry,Sensing & Input Techniques,2017,15,246
156,Text Entry,Sensing & Input Techniques,2018,22,345
156,Text Entry,Sensing & Input Techniques,2019,25,423
156,Text Entry,Sensing & Input Techniques,2020,18,414
156,Text Entry,Sensing & Input Techniques,2021,19,440
156,Text Entry,Sensing & Input Techniques,2022,15,464
156,Text Entry,Sensing & Input Techniques,2023,23,498
156,Text Entry,Sensing & Input Techniques,2024,13,367
156,Text Entry,Sensing & Input Techniques,2025,19,518
156,Text Entry,Sensing & Input Techniques,2026,6,169
157,Pen & Bimanual Input,Sensing & Input Techniques,1986,4,2
157,Pen & Bimanual Input,Sensing & Input Techniques,1988,1,0
157,Pen & Bimanual Input,Sensing & Input Techniques,1990,3,1
157,Pen & Bimanual Input,Sensing & Input Techniques,1991,3,1
157,Pen & Bimanual Input,Sensing & Input Techniques,1992,3,6
157,Pen & Bimanual Input,Sensing & Input Techniques,1993,3,1
157,Pen & Bimanual Input,Sensing & Input Techniques,1994,7,5
157,Pen & Bimanual Input,Sensing & Input Techniques,1995,4,13
157,Pen & Bimanual Input,Sensing & Input Techniques,1996,6,21
157,Pen & Bimanual Input,Sensing & Input Techniques,1997,10,29
157,Pen & Bimanual Input,Sensing & Input Techniques,1998,13,78
157,Pen & Bimanual Input,Sensing & Input Techniques,1999,10,64
157,Pen & Bimanual Input,Sensing & Input Techniques,2000,11,115
157,Pen & Bimanual Input,Sensing & Input Techniques,2001,7,59
157,Pen & Bimanual Input,Sensing & Input Techniques,2002,3,65
157,Pen & Bimanual Input,Sensing & Input Techniques,2003,8,61
157,Pen & Bimanual Input,Sensing & Input Techniques,2004,9,92
157,Pen & Bimanual Input,Sensing & Input Techniques,2005,10,75
157,Pen & Bimanual Input,Sensing & Input Techniques,2006,14,103
157,Pen & Bimanual Input,Sensing & Input Techniques,2007,8,85
157,Pen & Bimanual Input,Sensing & Input Techniques,2008,14,171
157,Pen & Bimanual Input,Sensing & Input Techniques,2009,3,82
157,Pen & Bimanual Input,Sensing & Input Techniques,2010,7,115
157,Pen & Bimanual Input,Sensing & Input Techniques,2011,10,130
157,Pen & Bimanual Input,Sensing & Input Techniques,2012,15,176
157,Pen & Bimanual Input,Sensing & Input Techniques,2013,10,103
157,Pen & Bimanual Input,Sensing & Input Techniques,2014,11,119
157,Pen & Bimanual Input,Sensing & Input Techniques,2015,6,105
157,Pen & Bimanual Input,Sensing & Input Techniques,2016,2,123
157,Pen & Bimanual Input,Sensing & Input Techniques,2017,9,156
157,Pen & Bimanual Input,Sensing & Input Techniques,2018,3,120
157,Pen & Bimanual Input,Sensing & Input Techniques,2019,10,150
157,Pen & Bimanual Input,Sensing & Input Techniques,2020,7,162
157,Pen & Bimanual Input,Sensing & Input Techniques,2021,5,162
157,Pen & Bimanual Input,Sensing & Input Techniques,2022,10,173
157,Pen & Bimanual Input,Sensing & Input Techniques,2023,3,126
157,Pen & Bimanual Input,Sensing & Input Techniques,2024,5,143
157,Pen & Bimanual Input,Sensing & Input Techniques,2025,6,185
157,Pen & Bimanual Input,Sensing & Input Techniques,2026,2,73
158,Touch & Multi-touch Input,Sensing & Input Techniques,1982,1,0
158,Touch & Multi-touch Input,Sensing & Input Techniques,1986,1,0
158,Touch & Multi-touch Input,Sensing & Input Techniques,1989,1,0
158,Touch & Multi-touch Input,Sensing & Input Techniques,1990,0,1
158,Touch & Multi-touch Input,Sensing & Input Techniques,1996,1,0
158,Touch & Multi-touch Input,Sensing & Input Techniques,1997,1,0
158,Touch & Multi-touch Input,Sensing & Input Techniques,1998,3,2
158,Touch & Multi-touch Input,Sensing & Input Techniques,1999,2,4
158,Touch & Multi-touch Input,Sensing & Input Techniques,2000,8,14
158,Touch & Multi-touch Input,Sensing & Input Techniques,2001,2,4
158,Touch & Multi-touch Input,Sensing & Input Techniques,2002,3,22
158,Touch & Multi-touch Input,Sensing & Input Techniques,2003,3,23
158,Touch & Multi-touch Input,Sensing & Input Techniques,2004,1,17
158,Touch & Multi-touch Input,Sensing & Input Techniques,2005,2,26
158,Touch & Multi-touch Input,Sensing & Input Techniques,2006,5,26
158,Touch & Multi-touch Input,Sensing & Input Techniques,2007,4,33
158,Touch & Multi-touch Input,Sensing & Input Techniques,2008,5,45
158,Touch & Multi-touch Input,Sensing & Input Techniques,2009,9,51
158,Touch & Multi-touch Input,Sensing & Input Techniques,2010,9,86
158,Touch & Multi-touch Input,Sensing & Input Techniques,2011,12,100
158,Touch & Multi-touch Input,Sensing & Input Techniques,2012,14,121
158,Touch & Multi-touch Input,Sensing & Input Techniques,2013,16,159
158,Touch & Multi-touch Input,Sensing & Input Techniques,2014,27,224
158,Touch & Multi-touch Input,Sensing & Input Techniques,2015,16,163
158,Touch & Multi-touch Input,Sensing & Input Techniques,2016,16,193
158,Touch & Multi-touch Input,Sensing & Input Techniques,2017,19,248
158,Touch & Multi-touch Input,Sensing & Input Techniques,2018,15,321
158,Touch & Multi-touch Input,Sensing & Input Techniques,2019,11,257
158,Touch & Multi-touch Input,Sensing & Input Techniques,2020,8,235
158,Touch & Multi-touch Input,Sensing & Input Techniques,2021,10,238
158,Touch & Multi-touch Input,Sensing & Input Techniques,2022,6,177
158,Touch & Multi-touch Input,Sensing & Input Techniques,2023,9,207
158,Touch & Multi-touch Input,Sensing & Input Techniques,2024,9,189
158,Touch & Multi-touch Input,Sensing & Input Techniques,2025,8,210
158,Touch & Multi-touch Input,Sensing & Input Techniques,2026,3,81
159,Scanpaths & Visual Search,Sensing & Input Techniques,1991,1,0
159,Scanpaths & Visual Search,Sensing & Input Techniques,1992,1,0
159,Scanpaths & Visual Search,Sensing & Input Techniques,2005,1,0
159,Scanpaths & Visual Search,Sensing & Input Techniques,2006,0,1
159,Scanpaths & Visual Search,Sensing & Input Techniques,2008,0,1
159,Scanpaths & Visual Search,Sensing & Input Techniques,2009,0,1
159,Scanpaths & Visual Search,Sensing & Input Techniques,2010,0,1
159,Scanpaths & Visual Search,Sensing & Input Techniques,2012,0,1
159,Scanpaths & Visual Search,Sensing & Input Techniques,2013,0,1
159,Scanpaths & Visual Search,Sensing & Input Techniques,2014,1,1
159,Scanpaths & Visual Search,Sensing & Input Techniques,2015,1,0
159,Scanpaths & Visual Search,Sensing & Input Techniques,2016,0,1
159,Scanpaths & Visual Search,Sensing & Input Techniques,2019,0,1
159,Scanpaths & Visual Search,Sensing & Input Techniques,2020,2,0
159,Scanpaths & Visual Search,Sensing & Input Techniques,2021,2,2
159,Scanpaths & Visual Search,Sensing & Input Techniques,2022,2,2
159,Scanpaths & Visual Search,Sensing & Input Techniques,2023,5,4
159,Scanpaths & Visual Search,Sensing & Input Techniques,2024,5,8
159,Scanpaths & Visual Search,Sensing & Input Techniques,2025,2,11
159,Scanpaths & Visual Search,Sensing & Input Techniques,2026,1,9
160,Menus & Command Selection,Sensing & Input Techniques,1982,3,0
160,Menus & Command Selection,Sensing & Input Techniques,1983,4,2
160,Menus & Command Selection,Sensing & Input Techniques,1985,1,1
160,Menus & Command Selection,Sensing & Input Techniques,1986,1,1
160,Menus & Command Selection,Sensing & Input Techniques,1988,5,5
160,Menus & Command Selection,Sensing & Input Techniques,1989,1,1
160,Menus & Command Selection,Sensing & Input Techniques,1990,1,1
160,Menus & Command Selection,Sensing & Input Techniques,1991,1,1
160,Menus & Command Selection,Sensing & Input Techniques,1992,1,3
160,Menus & Command Selection,Sensing & Input Techniques,1993,0,1
160,Menus & Command Selection,Sensing & Input Techniques,1994,2,12
160,Menus & Command Selection,Sensing & Input Techniques,1995,2,7
160,Menus & Command Selection,Sensing & Input Techniques,1996,0,5
160,Menus & Command Selection,Sensing & Input Techniques,1997,2,1
160,Menus & Command Selection,Sensing & Input Techniques,1998,1,8
160,Menus & Command Selection,Sensing & Input Techniques,1999,3,7
160,Menus & Command Selection,Sensing & Input Techniques,2000,1,18
160,Menus & Command Selection,Sensing & Input Techniques,2001,1,6
160,Menus & Command Selection,Sensing & Input Techniques,2002,3,8
160,Menus & Command Selection,Sensing & Input Techniques,2003,2,14
160,Menus & Command Selection,Sensing & Input Techniques,2004,2,16
160,Menus & Command Selection,Sensing & Input Techniques,2005,1,19
160,Menus & Command Selection,Sensing & Input Techniques,2006,2,23
160,Menus & Command Selection,Sensing & Input Techniques,2007,6,54
160,Menus & Command Selection,Sensing & Input Techniques,2008,4,41
160,Menus & Command Selection,Sensing & Input Techniques,2009,6,35
160,Menus & Command Selection,Sensing & Input Techniques,2010,4,44
160,Menus & Command Selection,Sensing & Input Techniques,2011,7,35
160,Menus & Command Selection,Sensing & Input Techniques,2012,5,56
160,Menus & Command Selection,Sensing & Input Techniques,2013,11,104
160,Menus & Command Selection,Sensing & Input Techniques,2014,5,71
160,Menus & Command Selection,Sensing & Input Techniques,2015,4,60
160,Menus & Command Selection,Sensing & Input Techniques,2016,6,75
160,Menus & Command Selection,Sensing & Input Techniques,2017,6,108
160,Menus & Command Selection,Sensing & Input Techniques,2018,9,138
160,Menus & Command Selection,Sensing & Input Techniques,2019,6,104
160,Menus & Command Selection,Sensing & Input Techniques,2020,9,166
160,Menus & Command Selection,Sensing & Input Techniques,2021,5,120
160,Menus & Command Selection,Sensing & Input Techniques,2022,4,125
160,Menus & Command Selection,Sensing & Input Techniques,2023,0,56
160,Menus & Command Selection,Sensing & Input Techniques,2024,3,78
160,Menus & Command Selection,Sensing & Input Techniques,2025,2,45
160,Menus & Command Selection,Sensing & Input Techniques,2026,2,50
161,Authentication & Biometrics,Sensing & Input Techniques,2003,1,0
161,Authentication & Biometrics,Sensing & Input Techniques,2007,0,1
161,Authentication & Biometrics,Sensing & Input Techniques,2008,1,0
161,Authentication & Biometrics,Sensing & Input Techniques,2009,1,2
161,Authentication & Biometrics,Sensing & Input Techniques,2010,6,6
161,Authentication & Biometrics,Sensing & Input Techniques,2011,1,0
161,Authentication & Biometrics,Sensing & Input Techniques,2012,5,8
161,Authentication & Biometrics,Sensing & Input Techniques,2013,5,20
161,Authentication & Biometrics,Sensing & Input Techniques,2014,8,34
161,Authentication & Biometrics,Sensing & Input Techniques,2015,7,41
161,Authentication & Biometrics,Sensing & Input Techniques,2016,10,55
161,Authentication & Biometrics,Sensing & Input Techniques,2017,7,67
161,Authentication & Biometrics,Sensing & Input Techniques,2018,7,53
161,Authentication & Biometrics,Sensing & Input Techniques,2019,8,61
161,Authentication & Biometrics,Sensing & Input Techniques,2020,6,45
161,Authentication & Biometrics,Sensing & Input Techniques,2021,8,109
161,Authentication & Biometrics,Sensing & Input Techniques,2022,6,54
161,Authentication & Biometrics,Sensing & Input Techniques,2023,4,45
161,Authentication & Biometrics,Sensing & Input Techniques,2024,8,64
161,Authentication & Biometrics,Sensing & Input Techniques,2025,2,45
161,Authentication & Biometrics,Sensing & Input Techniques,2026,4,46
162,Multimodal Fusion Architectures,Sensing & Input Techniques,1992,1,0
162,Multimodal Fusion Architectures,Sensing & Input Techniques,1995,1,1
162,Multimodal Fusion Architectures,Sensing & Input Techniques,1996,1,0
162,Multimodal Fusion Architectures,Sensing & Input Techniques,1997,3,2
162,Multimodal Fusion Architectures,Sensing & Input Techniques,1998,1,3
162,Multimodal Fusion Architectures,Sensing & Input Techniques,1999,1,1
162,Multimodal Fusion Architectures,Sensing & Input Techniques,2000,1,8
162,Multimodal Fusion Architectures,Sensing & Input Techniques,2001,0,4
162,Multimodal Fusion Architectures,Sensing & Input Techniques,2002,0,3
162,Multimodal Fusion Architectures,Sensing & Input Techniques,2003,1,1
162,Multimodal Fusion Architectures,Sensing & Input Techniques,2004,3,7
162,Multimodal Fusion Architectures,Sensing & Input Techniques,2005,6,21
162,Multimodal Fusion Architectures,Sensing & Input Techniques,2006,5,10
162,Multimodal Fusion Architectures,Sensing & Input Techniques,2007,2,11
162,Multimodal Fusion Architectures,Sensing & Input Techniques,2008,2,7
162,Multimodal Fusion Architectures,Sensing & Input Techniques,2009,2,1
162,Multimodal Fusion Architectures,Sensing & Input Techniques,2010,2,6
162,Multimodal Fusion Architectures,Sensing & Input Techniques,2011,2,6
162,Multimodal Fusion Architectures,Sensing & Input Techniques,2012,2,3
162,Multimodal Fusion Architectures,Sensing & Input Techniques,2013,2,3
162,Multimodal Fusion Architectures,Sensing & Input Techniques,2014,0,2
162,Multimodal Fusion Architectures,Sensing & Input Techniques,2015,0,1
162,Multimodal Fusion Architectures,Sensing & Input Techniques,2016,0,1
162,Multimodal Fusion Architectures,Sensing & Input Techniques,2017,0,2
162,Multimodal Fusion Architectures,Sensing & Input Techniques,2018,0,1
162,Multimodal Fusion Architectures,Sensing & Input Techniques,2019,0,4
162,Multimodal Fusion Architectures,Sensing & Input Techniques,2020,0,8
162,Multimodal Fusion Architectures,Sensing & Input Techniques,2021,0,4
162,Multimodal Fusion Architectures,Sensing & Input Techniques,2022,1,6
162,Multimodal Fusion Architectures,Sensing & Input Techniques,2023,1,2
162,Multimodal Fusion Architectures,Sensing & Input Techniques,2024,0,3
162,Multimodal Fusion Architectures,Sensing & Input Techniques,2025,2,12
162,Multimodal Fusion Architectures,Sensing & Input Techniques,2026,0,4
163,Latency & Input Quality,Sensing & Input Techniques,1986,1,0
163,Latency & Input Quality,Sensing & Input Techniques,1991,1,0
163,Latency & Input Quality,Sensing & Input Techniques,1992,1,4
163,Latency & Input Quality,Sensing & Input Techniques,1993,0,1
163,Latency & Input Quality,Sensing & Input Techniques,1994,1,5
163,Latency & Input Quality,Sensing & Input Techniques,1995,1,2
163,Latency & Input Quality,Sensing & Input Techniques,1996,3,0
163,Latency & Input Quality,Sensing & Input Techniques,1997,1,1
163,Latency & Input Quality,Sensing & Input Techniques,1998,2,3
163,Latency & Input Quality,Sensing & Input Techniques,1999,0,2
163,Latency & Input Quality,Sensing & Input Techniques,2000,3,4
163,Latency & Input Quality,Sensing & Input Techniques,2001,3,3
163,Latency & Input Quality,Sensing & Input Techniques,2002,3,7
163,Latency & Input Quality,Sensing & Input Techniques,2003,2,7
163,Latency & Input Quality,Sensing & Input Techniques,2004,3,8
163,Latency & Input Quality,Sensing & Input Techniques,2005,2,13
163,Latency & Input Quality,Sensing & Input Techniques,2006,3,11
163,Latency & Input Quality,Sensing & Input Techniques,2007,3,14
163,Latency & Input Quality,Sensing & Input Techniques,2008,4,21
163,Latency & Input Quality,Sensing & Input Techniques,2009,3,14
163,Latency & Input Quality,Sensing & Input Techniques,2010,2,6
163,Latency & Input Quality,Sensing & Input Techniques,2011,2,11
163,Latency & Input Quality,Sensing & Input Techniques,2012,1,1
163,Latency & Input Quality,Sensing & Input Techniques,2013,4,19
163,Latency & Input Quality,Sensing & Input Techniques,2014,7,20
163,Latency & Input Quality,Sensing & Input Techniques,2015,4,18
163,Latency & Input Quality,Sensing & Input Techniques,2016,3,29
163,Latency & Input Quality,Sensing & Input Techniques,2017,4,46
163,Latency & Input Quality,Sensing & Input Techniques,2018,3,33
163,Latency & Input Quality,Sensing & Input Techniques,2019,2,40
163,Latency & Input Quality,Sensing & Input Techniques,2020,2,38
163,Latency & Input Quality,Sensing & Input Techniques,2021,3,39
163,Latency & Input Quality,Sensing & Input Techniques,2022,8,68
163,Latency & Input Quality,Sensing & Input Techniques,2023,4,62
163,Latency & Input Quality,Sensing & Input Techniques,2024,1,43
163,Latency & Input Quality,Sensing & Input Techniques,2025,4,41
163,Latency & Input Quality,Sensing & Input Techniques,2026,3,42
